<?xml version='1.0' encoding='UTF-8'?>
<gpx version="1.1" creator="https://www.komoot.de" xmlns="http://www.topografix.com/GPX/1/1" xmlns:xsi="http://www.w3.org/2001/XMLSchema-instance" xsi:schemaLocation="http://www.topografix.com/GPX/1/1 http://www.topografix.com/GPX/1/1/gpx.xsd">
  <metadata>
    <name>La cañada - Sakia - Alamos</name>
    <author>
      <link href="https://www.komoot.de">
        <text>komoot</text>
        <type>text/html</type>
      </link>
    </author>
  </metadata>
  <trk>
    <name>La cañada - Sakia - Alamos</name>
    <type>touring_bicycle</type>
    <trkseg>
      <trkpt lat="20.606279" lon="-100.380864">
        <ele>1840.576201</ele>
        <time>2026-10-03T18:17:43.831Z</time>
      </trkpt>
      <trkpt lat="20.606279" lon="-100.380864">
        <ele>1840.576201</ele>
        <time>2026-10-03T18:17:43.835Z</time>
      </trkpt>
      <trkpt lat="20.606295" lon="-100.380879">
        <ele>1840.576201</ele>
        <time>2026-10-03T18:17:44.385Z</time>
      </trkpt>
      <trkpt lat="20.606294" lon="-100.380879">
        <ele>1840.576201</ele>
        <time>2026-10-03T18:17:44.411Z</time>
      </trkpt>
      <trkpt lat="20.606293" lon="-100.380879">
        <ele>1840.576201</ele>
        <time>2026-10-03T18:17:44.437Z</time>
      </trkpt>
      <trkpt lat="20.606291" lon="-100.380879">
        <ele>1840.576201</ele>
        <time>2026-10-03T18:17:44.489Z</time>
      </trkpt>
      <trkpt lat="20.606290" lon="-100.380883">
        <ele>1840.576201</ele>
        <time>2026-10-03T18:17:44.589Z</time>
      </trkpt>
      <trkpt lat="20.606291" lon="-100.380891">
        <ele>1840.576201</ele>
        <time>2026-10-03T18:17:44.784Z</time>
      </trkpt>
      <trkpt lat="20.606293" lon="-100.380901">
        <ele>1840.576201</ele>
        <time>2026-10-03T18:17:45.032Z</time>
      </trkpt>
      <trkpt lat="20.606295" lon="-100.380913">
        <ele>1840.576201</ele>
        <time>2026-10-03T18:17:45.327Z</time>
      </trkpt>
      <trkpt lat="20.606297" lon="-100.380925">
        <ele>1840.576201</ele>
        <time>2026-10-03T18:17:45.622Z</time>
      </trkpt>
      <trkpt lat="20.606302" lon="-100.380937">
        <ele>1840.576201</ele>
        <time>2026-10-03T18:17:45.940Z</time>
      </trkpt>
      <trkpt lat="20.606309" lon="-100.380946">
        <ele>1840.576201</ele>
        <time>2026-10-03T18:17:46.223Z</time>
      </trkpt>
      <trkpt lat="20.606318" lon="-100.380954">
        <ele>1840.576201</ele>
        <time>2026-10-03T18:17:46.526Z</time>
      </trkpt>
      <trkpt lat="20.606326" lon="-100.380964">
        <ele>1840.576201</ele>
        <time>2026-10-03T18:17:46.844Z</time>
      </trkpt>
      <trkpt lat="20.606330" lon="-100.380974">
        <ele>1840.576201</ele>
        <time>2026-10-03T18:17:47.107Z</time>
      </trkpt>
      <trkpt lat="20.606332" lon="-100.380985">
        <ele>1840.576201</ele>
        <time>2026-10-03T18:17:47.378Z</time>
      </trkpt>
      <trkpt lat="20.606333" lon="-100.380998">
        <ele>1840.576201</ele>
        <time>2026-10-03T18:17:47.694Z</time>
      </trkpt>
      <trkpt lat="20.606334" lon="-100.381011">
        <ele>1840.576201</ele>
        <time>2026-10-03T18:17:48.010Z</time>
      </trkpt>
      <trkpt lat="20.606336" lon="-100.381026">
        <ele>1840.576201</ele>
        <time>2026-10-03T18:17:48.377Z</time>
      </trkpt>
      <trkpt lat="20.606341" lon="-100.381042">
        <ele>1840.576201</ele>
        <time>2026-10-03T18:17:48.785Z</time>
      </trkpt>
      <trkpt lat="20.606348" lon="-100.381057">
        <ele>1840.576201</ele>
        <time>2026-10-03T18:17:49.191Z</time>
      </trkpt>
      <trkpt lat="20.606357" lon="-100.381073">
        <ele>1840.576201</ele>
        <time>2026-10-03T18:17:49.642Z</time>
      </trkpt>
      <trkpt lat="20.606369" lon="-100.381091">
        <ele>1840.576201</ele>
        <time>2026-10-03T18:17:50.177Z</time>
      </trkpt>
      <trkpt lat="20.606385" lon="-100.381107">
        <ele>1840.576201</ele>
        <time>2026-10-03T18:17:50.744Z</time>
      </trkpt>
      <trkpt lat="20.606406" lon="-100.381123">
        <ele>1840.576201</ele>
        <time>2026-10-03T18:17:51.411Z</time>
      </trkpt>
      <trkpt lat="20.606428" lon="-100.381139">
        <ele>1840.576201</ele>
        <time>2026-10-03T18:17:52.099Z</time>
      </trkpt>
      <trkpt lat="20.606450" lon="-100.381156">
        <ele>1840.576201</ele>
        <time>2026-10-03T18:17:52.801Z</time>
      </trkpt>
      <trkpt lat="20.606469" lon="-100.381173">
        <ele>1840.576201</ele>
        <time>2026-10-03T18:17:53.442Z</time>
      </trkpt>
      <trkpt lat="20.606488" lon="-100.381191">
        <ele>1840.576201</ele>
        <time>2026-10-03T18:17:54.099Z</time>
      </trkpt>
      <trkpt lat="20.606506" lon="-100.381209">
        <ele>1840.576201</ele>
        <time>2026-10-03T18:17:54.737Z</time>
      </trkpt>
      <trkpt lat="20.606524" lon="-100.381226">
        <ele>1840.576201</ele>
        <time>2026-10-03T18:17:55.358Z</time>
      </trkpt>
      <trkpt lat="20.606543" lon="-100.381244">
        <ele>1840.576201</ele>
        <time>2026-10-03T18:17:56.014Z</time>
      </trkpt>
      <trkpt lat="20.606562" lon="-100.381262">
        <ele>1840.576201</ele>
        <time>2026-10-03T18:17:56.671Z</time>
      </trkpt>
      <trkpt lat="20.606581" lon="-100.381280">
        <ele>1840.576201</ele>
        <time>2026-10-03T18:17:57.328Z</time>
      </trkpt>
      <trkpt lat="20.606599" lon="-100.381299">
        <ele>1840.576201</ele>
        <time>2026-10-03T18:17:57.982Z</time>
      </trkpt>
      <trkpt lat="20.606615" lon="-100.381318">
        <ele>1840.576201</ele>
        <time>2026-10-03T18:17:58.601Z</time>
      </trkpt>
      <trkpt lat="20.606630" lon="-100.381339">
        <ele>1840.576201</ele>
        <time>2026-10-03T18:17:59.240Z</time>
      </trkpt>
      <trkpt lat="20.606645" lon="-100.381360">
        <ele>1840.576201</ele>
        <time>2026-10-03T18:17:59.880Z</time>
      </trkpt>
      <trkpt lat="20.606661" lon="-100.381383">
        <ele>1840.576201</ele>
        <time>2026-10-03T18:18:00.573Z</time>
      </trkpt>
      <trkpt lat="20.606677" lon="-100.381405">
        <ele>1840.576201</ele>
        <time>2026-10-03T18:18:01.248Z</time>
      </trkpt>
      <trkpt lat="20.606694" lon="-100.381426">
        <ele>1840.576201</ele>
        <time>2026-10-03T18:18:01.920Z</time>
      </trkpt>
      <trkpt lat="20.606713" lon="-100.381448">
        <ele>1840.576201</ele>
        <time>2026-10-03T18:18:02.644Z</time>
      </trkpt>
      <trkpt lat="20.606732" lon="-100.381469">
        <ele>1840.576201</ele>
        <time>2026-10-03T18:18:03.351Z</time>
      </trkpt>
      <trkpt lat="20.606751" lon="-100.381491">
        <ele>1840.576201</ele>
        <time>2026-10-03T18:18:04.076Z</time>
      </trkpt>
      <trkpt lat="20.606770" lon="-100.381513">
        <ele>1840.576201</ele>
        <time>2026-10-03T18:18:04.800Z</time>
      </trkpt>
      <trkpt lat="20.606788" lon="-100.381535">
        <ele>1840.576201</ele>
        <time>2026-10-03T18:18:05.507Z</time>
      </trkpt>
      <trkpt lat="20.606805" lon="-100.381556">
        <ele>1840.576201</ele>
        <time>2026-10-03T18:18:06.179Z</time>
      </trkpt>
      <trkpt lat="20.606818" lon="-100.381579">
        <ele>1840.576201</ele>
        <time>2026-10-03T18:18:06.830Z</time>
      </trkpt>
      <trkpt lat="20.606827" lon="-100.381604">
        <ele>1840.571549</ele>
        <time>2026-10-03T18:18:07.478Z</time>
      </trkpt>
      <trkpt lat="20.606832" lon="-100.381631">
        <ele>1840.563554</ele>
        <time>2026-10-03T18:18:08.144Z</time>
      </trkpt>
      <trkpt lat="20.606829" lon="-100.381658">
        <ele>1840.555656</ele>
        <time>2026-10-03T18:18:08.802Z</time>
      </trkpt>
      <trkpt lat="20.606816" lon="-100.381683">
        <ele>1840.547348</ele>
        <time>2026-10-03T18:18:09.495Z</time>
      </trkpt>
      <trkpt lat="20.606793" lon="-100.381697">
        <ele>1840.539133</ele>
        <time>2026-10-03T18:18:10.179Z</time>
      </trkpt>
      <trkpt lat="20.606762" lon="-100.381699">
        <ele>1840.529495</ele>
        <time>2026-10-03T18:18:10.982Z</time>
      </trkpt>
      <trkpt lat="20.606728" lon="-100.381690">
        <ele>1840.518624</ele>
        <time>2026-10-03T18:18:11.888Z</time>
      </trkpt>
      <trkpt lat="20.606697" lon="-100.381676">
        <ele>1840.508180</ele>
        <time>2026-10-03T18:18:12.758Z</time>
      </trkpt>
      <trkpt lat="20.606668" lon="-100.381660">
        <ele>1840.498051</ele>
        <time>2026-10-03T18:18:13.602Z</time>
      </trkpt>
      <trkpt lat="20.606643" lon="-100.381648">
        <ele>1840.489545</ele>
        <time>2026-10-03T18:18:14.311Z</time>
      </trkpt>
      <trkpt lat="20.606623" lon="-100.381639">
        <ele>1840.482810</ele>
        <time>2026-10-03T18:18:14.872Z</time>
      </trkpt>
      <trkpt lat="20.606606" lon="-100.381634">
        <ele>1840.477338</ele>
        <time>2026-10-03T18:18:15.328Z</time>
      </trkpt>
      <trkpt lat="20.606594" lon="-100.381627">
        <ele>1840.473095</ele>
        <time>2026-10-03T18:18:15.682Z</time>
      </trkpt>
      <trkpt lat="20.606588" lon="-100.381618">
        <ele>1840.469885</ele>
        <time>2026-10-03T18:18:15.949Z</time>
      </trkpt>
      <trkpt lat="20.606588" lon="-100.381603">
        <ele>1840.465528</ele>
        <time>2026-10-03T18:18:16.312Z</time>
      </trkpt>
      <trkpt lat="20.606590" lon="-100.381585">
        <ele>1840.460262</ele>
        <time>2026-10-03T18:18:16.751Z</time>
      </trkpt>
      <trkpt lat="20.606592" lon="-100.381567">
        <ele>1840.454997</ele>
        <time>2026-10-03T18:18:17.190Z</time>
      </trkpt>
      <trkpt lat="20.606589" lon="-100.381548">
        <ele>1840.449400</ele>
        <time>2026-10-03T18:18:17.656Z</time>
      </trkpt>
      <trkpt lat="20.606584" lon="-100.381529">
        <ele>1840.443667</ele>
        <time>2026-10-03T18:18:18.134Z</time>
      </trkpt>
      <trkpt lat="20.606575" lon="-100.381512">
        <ele>1840.437993</ele>
        <time>2026-10-03T18:18:18.607Z</time>
      </trkpt>
      <trkpt lat="20.606563" lon="-100.381496">
        <ele>1840.432037</ele>
        <time>2026-10-03T18:18:19.103Z</time>
      </trkpt>
      <trkpt lat="20.606549" lon="-100.381480">
        <ele>1840.425675</ele>
        <time>2026-10-03T18:18:19.633Z</time>
      </trkpt>
      <trkpt lat="20.606519" lon="-100.381479">
        <ele>1840.416360</ele>
        <time>2026-10-03T18:18:20.415Z</time>
      </trkpt>
      <trkpt lat="20.606395" lon="-100.381321">
        <ele>1840.356466</ele>
        <time>2026-10-03T18:18:24.942Z</time>
      </trkpt>
      <trkpt lat="20.606393" lon="-100.381259">
        <ele>1840.338445</ele>
        <time>2026-10-03T18:18:26.248Z</time>
      </trkpt>
      <trkpt lat="20.606433" lon="-100.381209">
        <ele>1840.319338</ele>
        <time>2026-10-03T18:18:27.690Z</time>
      </trkpt>
      <trkpt lat="20.606489" lon="-100.381207">
        <ele>1840.301950</ele>
        <time>2026-10-03T18:18:29.106Z</time>
      </trkpt>
      <trkpt lat="20.606489" lon="-100.381207">
        <ele>1840.301950</ele>
        <time>2026-10-03T18:18:29.114Z</time>
      </trkpt>
      <trkpt lat="20.606515" lon="-100.381167">
        <ele>1840.287803</ele>
        <time>2026-10-03T18:18:30.293Z</time>
      </trkpt>
      <trkpt lat="20.606498" lon="-100.381142">
        <ele>1840.278827</ele>
        <time>2026-10-03T18:18:31.041Z</time>
      </trkpt>
      <trkpt lat="20.606477" lon="-100.381115">
        <ele>1840.268630</ele>
        <time>2026-10-03T18:18:31.890Z</time>
      </trkpt>
      <trkpt lat="20.606455" lon="-100.381091">
        <ele>1840.258872</ele>
        <time>2026-10-03T18:18:32.704Z</time>
      </trkpt>
      <trkpt lat="20.606435" lon="-100.381069">
        <ele>1840.249963</ele>
        <time>2026-10-03T18:18:33.446Z</time>
      </trkpt>
      <trkpt lat="20.606413" lon="-100.381047">
        <ele>1840.240611</ele>
        <time>2026-10-03T18:18:34.225Z</time>
      </trkpt>
      <trkpt lat="20.606394" lon="-100.381026">
        <ele>1840.232127</ele>
        <time>2026-10-03T18:18:34.932Z</time>
      </trkpt>
      <trkpt lat="20.606376" lon="-100.381006">
        <ele>1840.224067</ele>
        <time>2026-10-03T18:18:35.604Z</time>
      </trkpt>
      <trkpt lat="20.606362" lon="-100.380989">
        <ele>1840.217490</ele>
        <time>2026-10-03T18:18:36.152Z</time>
      </trkpt>
      <trkpt lat="20.606350" lon="-100.380977">
        <ele>1840.212389</ele>
        <time>2026-10-03T18:18:36.577Z</time>
      </trkpt>
      <trkpt lat="20.606337" lon="-100.380974">
        <ele>1840.208261</ele>
        <time>2026-10-03T18:18:36.921Z</time>
      </trkpt>
      <trkpt lat="20.606325" lon="-100.380979">
        <ele>1840.204264</ele>
        <time>2026-10-03T18:18:37.254Z</time>
      </trkpt>
      <trkpt lat="20.606320" lon="-100.380991">
        <ele>1840.200448</ele>
        <time>2026-10-03T18:18:37.572Z</time>
      </trkpt>
      <trkpt lat="20.606325" lon="-100.381014">
        <ele>1840.193589</ele>
        <time>2026-10-03T18:18:38.143Z</time>
      </trkpt>
      <trkpt lat="20.606337" lon="-100.381038">
        <ele>1840.185685</ele>
        <time>2026-10-03T18:18:38.802Z</time>
      </trkpt>
      <trkpt lat="20.606353" lon="-100.381064">
        <ele>1840.176647</ele>
        <time>2026-10-03T18:18:39.555Z</time>
      </trkpt>
      <trkpt lat="20.606373" lon="-100.381087">
        <ele>1840.167527</ele>
        <time>2026-10-03T18:18:40.315Z</time>
      </trkpt>
      <trkpt lat="20.606395" lon="-100.381109">
        <ele>1840.158176</ele>
        <time>2026-10-03T18:18:41.094Z</time>
      </trkpt>
      <trkpt lat="20.606417" lon="-100.381130">
        <ele>1840.149020</ele>
        <time>2026-10-03T18:18:41.857Z</time>
      </trkpt>
      <trkpt lat="20.606441" lon="-100.381151">
        <ele>1840.139392</ele>
        <time>2026-10-03T18:18:42.659Z</time>
      </trkpt>
      <trkpt lat="20.606464" lon="-100.381172">
        <ele>1840.130003</ele>
        <time>2026-10-03T18:18:43.442Z</time>
      </trkpt>
      <trkpt lat="20.606487" lon="-100.381197">
        <ele>1840.119820</ele>
        <time>2026-10-03T18:18:44.290Z</time>
      </trkpt>
      <trkpt lat="20.606508" lon="-100.381221">
        <ele>1840.110277</ele>
        <time>2026-10-03T18:18:45.085Z</time>
      </trkpt>
      <trkpt lat="20.606529" lon="-100.381244">
        <ele>1840.100944</ele>
        <time>2026-10-03T18:18:45.863Z</time>
      </trkpt>
      <trkpt lat="20.606549" lon="-100.381266">
        <ele>1840.092035</ele>
        <time>2026-10-03T18:18:46.606Z</time>
      </trkpt>
      <trkpt lat="20.606568" lon="-100.381286">
        <ele>1840.083757</ele>
        <time>2026-10-03T18:18:47.295Z</time>
      </trkpt>
      <trkpt lat="20.606587" lon="-100.381305">
        <ele>1840.075681</ele>
        <time>2026-10-03T18:18:47.968Z</time>
      </trkpt>
      <trkpt lat="20.606620" lon="-100.381342">
        <ele>1840.060835</ele>
        <time>2026-10-03T18:18:49.206Z</time>
      </trkpt>
      <trkpt lat="20.606677" lon="-100.381407">
        <ele>1840.034961</ele>
        <time>2026-10-03T18:18:50.819Z</time>
      </trkpt>
      <trkpt lat="20.606731" lon="-100.381476">
        <ele>1839.984442</ele>
        <time>2026-10-03T18:18:52.720Z</time>
      </trkpt>
      <trkpt lat="20.606742" lon="-100.381551">
        <ele>1839.903752</ele>
        <time>2026-10-03T18:18:54.099Z</time>
      </trkpt>
      <trkpt lat="20.606705" lon="-100.381607">
        <ele>1839.830894</ele>
        <time>2026-10-03T18:18:55.677Z</time>
      </trkpt>
      <trkpt lat="20.606645" lon="-100.381617">
        <ele>1839.761936</ele>
        <time>2026-10-03T18:18:56.807Z</time>
      </trkpt>
      <trkpt lat="20.606574" lon="-100.381535">
        <ele>1839.643206</ele>
        <time>2026-10-03T18:18:59.069Z</time>
      </trkpt>
      <trkpt lat="20.606092" lon="-100.382121">
        <ele>1838.814025</ele>
        <time>2026-10-03T18:19:13.460Z</time>
      </trkpt>
      <trkpt lat="20.606092" lon="-100.382121">
        <ele>1838.814025</ele>
        <time>2026-10-03T18:19:13.476Z</time>
      </trkpt>
      <trkpt lat="20.606092" lon="-100.382121">
        <ele>1838.814025</ele>
        <time>2026-10-03T18:19:13.476Z</time>
      </trkpt>
      <trkpt lat="20.606094" lon="-100.382123">
        <ele>1838.810915</ele>
        <time>2026-10-03T18:19:13.547Z</time>
      </trkpt>
      <trkpt lat="20.606086" lon="-100.382145">
        <ele>1838.785828</ele>
        <time>2026-10-03T18:19:14.119Z</time>
      </trkpt>
      <trkpt lat="20.606081" lon="-100.382160">
        <ele>1838.768903</ele>
        <time>2026-10-03T18:19:14.504Z</time>
      </trkpt>
      <trkpt lat="20.606078" lon="-100.382166">
        <ele>1838.761673</ele>
        <time>2026-10-03T18:19:14.669Z</time>
      </trkpt>
      <trkpt lat="20.606073" lon="-100.382163">
        <ele>1838.755161</ele>
        <time>2026-10-03T18:19:14.817Z</time>
      </trkpt>
      <trkpt lat="20.606068" lon="-100.382155">
        <ele>1838.744937</ele>
        <time>2026-10-03T18:19:15.050Z</time>
      </trkpt>
      <trkpt lat="20.606062" lon="-100.382141">
        <ele>1838.728570</ele>
        <time>2026-10-03T18:19:15.423Z</time>
      </trkpt>
      <trkpt lat="20.606055" lon="-100.382126">
        <ele>1838.710755</ele>
        <time>2026-10-03T18:19:15.829Z</time>
      </trkpt>
      <trkpt lat="20.606045" lon="-100.382111">
        <ele>1838.691181</ele>
        <time>2026-10-03T18:19:16.275Z</time>
      </trkpt>
      <trkpt lat="20.606034" lon="-100.382093">
        <ele>1838.668332</ele>
        <time>2026-10-03T18:19:16.795Z</time>
      </trkpt>
      <trkpt lat="20.606022" lon="-100.382073">
        <ele>1838.643081</ele>
        <time>2026-10-03T18:19:17.370Z</time>
      </trkpt>
      <trkpt lat="20.606007" lon="-100.382051">
        <ele>1838.614151</ele>
        <time>2026-10-03T18:19:18.029Z</time>
      </trkpt>
      <trkpt lat="20.605989" lon="-100.382028">
        <ele>1838.582285</ele>
        <time>2026-10-03T18:19:18.755Z</time>
      </trkpt>
      <trkpt lat="20.605970" lon="-100.382007">
        <ele>1838.551241</ele>
        <time>2026-10-03T18:19:19.462Z</time>
      </trkpt>
      <trkpt lat="20.605950" lon="-100.381986">
        <ele>1838.519397</ele>
        <time>2026-10-03T18:19:20.187Z</time>
      </trkpt>
      <trkpt lat="20.605933" lon="-100.381966">
        <ele>1838.490681</ele>
        <time>2026-10-03T18:19:20.841Z</time>
      </trkpt>
      <trkpt lat="20.605921" lon="-100.381950">
        <ele>1838.468889</ele>
        <time>2026-10-03T18:19:21.338Z</time>
      </trkpt>
      <trkpt lat="20.605913" lon="-100.381940">
        <ele>1838.454907</ele>
        <time>2026-10-03T18:19:21.656Z</time>
      </trkpt>
      <trkpt lat="20.605908" lon="-100.381935">
        <ele>1838.447130</ele>
        <time>2026-10-03T18:19:21.834Z</time>
      </trkpt>
      <trkpt lat="20.605907" lon="-100.381932">
        <ele>1838.443745</ele>
        <time>2026-10-03T18:19:21.911Z</time>
      </trkpt>
      <trkpt lat="20.605908" lon="-100.381934">
        <ele>1838.441335</ele>
        <time>2026-10-03T18:19:21.966Z</time>
      </trkpt>
      <trkpt lat="20.605909" lon="-100.381937">
        <ele>1838.437950</ele>
        <time>2026-10-03T18:19:22.043Z</time>
      </trkpt>
      <trkpt lat="20.605911" lon="-100.381940">
        <ele>1838.434035</ele>
        <time>2026-10-03T18:19:22.132Z</time>
      </trkpt>
      <trkpt lat="20.605913" lon="-100.381942">
        <ele>1838.430924</ele>
        <time>2026-10-03T18:19:22.203Z</time>
      </trkpt>
      <trkpt lat="20.605914" lon="-100.381944">
        <ele>1838.428514</ele>
        <time>2026-10-03T18:19:22.258Z</time>
      </trkpt>
      <trkpt lat="20.605915" lon="-100.381945">
        <ele>1838.426959</ele>
        <time>2026-10-03T18:19:22.293Z</time>
      </trkpt>
      <trkpt lat="20.605913" lon="-100.381941">
        <ele>1838.422138</ele>
        <time>2026-10-03T18:19:22.403Z</time>
      </trkpt>
      <trkpt lat="20.605908" lon="-100.381933">
        <ele>1838.411914</ele>
        <time>2026-10-03T18:19:22.636Z</time>
      </trkpt>
      <trkpt lat="20.605898" lon="-100.381922">
        <ele>1838.395615</ele>
        <time>2026-10-03T18:19:23.007Z</time>
      </trkpt>
      <trkpt lat="20.605886" lon="-100.381907">
        <ele>1838.374641</ele>
        <time>2026-10-03T18:19:23.485Z</time>
      </trkpt>
      <trkpt lat="20.605871" lon="-100.381888">
        <ele>1838.348222</ele>
        <time>2026-10-03T18:19:24.087Z</time>
      </trkpt>
      <trkpt lat="20.605855" lon="-100.381867">
        <ele>1838.319441</ele>
        <time>2026-10-03T18:19:24.742Z</time>
      </trkpt>
      <trkpt lat="20.605842" lon="-100.381844">
        <ele>1838.290883</ele>
        <time>2026-10-03T18:19:25.393Z</time>
      </trkpt>
      <trkpt lat="20.605829" lon="-100.381821">
        <ele>1838.262324</ele>
        <time>2026-10-03T18:19:26.043Z</time>
      </trkpt>
      <trkpt lat="20.605816" lon="-100.381795">
        <ele>1838.230993</ele>
        <time>2026-10-03T18:19:26.757Z</time>
      </trkpt>
      <trkpt lat="20.605804" lon="-100.381768">
        <ele>1838.199223</ele>
        <time>2026-10-03T18:19:27.481Z</time>
      </trkpt>
      <trkpt lat="20.605792" lon="-100.381741">
        <ele>1838.167454</ele>
        <time>2026-10-03T18:19:28.204Z</time>
      </trkpt>
      <trkpt lat="20.605779" lon="-100.381713">
        <ele>1838.134232</ele>
        <time>2026-10-03T18:19:28.961Z</time>
      </trkpt>
      <trkpt lat="20.605765" lon="-100.381686">
        <ele>1838.101425</ele>
        <time>2026-10-03T18:19:29.708Z</time>
      </trkpt>
      <trkpt lat="20.605750" lon="-100.381659">
        <ele>1838.068052</ele>
        <time>2026-10-03T18:19:30.468Z</time>
      </trkpt>
      <trkpt lat="20.605735" lon="-100.381633">
        <ele>1838.035588</ele>
        <time>2026-10-03T18:19:31.208Z</time>
      </trkpt>
      <trkpt lat="20.605719" lon="-100.381607">
        <ele>1838.002515</ele>
        <time>2026-10-03T18:19:31.961Z</time>
      </trkpt>
      <trkpt lat="20.605706" lon="-100.381581">
        <ele>1837.969598</ele>
        <time>2026-10-03T18:19:32.674Z</time>
      </trkpt>
      <trkpt lat="20.605694" lon="-100.381556">
        <ele>1837.928867</ele>
        <time>2026-10-03T18:19:33.355Z</time>
      </trkpt>
      <trkpt lat="20.605683" lon="-100.381530">
        <ele>1837.887502</ele>
        <time>2026-10-03T18:19:34.045Z</time>
      </trkpt>
      <trkpt lat="20.605672" lon="-100.381506">
        <ele>1837.848761</ele>
        <time>2026-10-03T18:19:34.692Z</time>
      </trkpt>
      <trkpt lat="20.605660" lon="-100.381487">
        <ele>1837.815532</ele>
        <time>2026-10-03T18:19:35.247Z</time>
      </trkpt>
      <trkpt lat="20.605649" lon="-100.381472">
        <ele>1837.787907</ele>
        <time>2026-10-03T18:19:35.709Z</time>
      </trkpt>
      <trkpt lat="20.605639" lon="-100.381459">
        <ele>1837.763512</ele>
        <time>2026-10-03T18:19:36.116Z</time>
      </trkpt>
      <trkpt lat="20.605626" lon="-100.381449">
        <ele>1837.738701</ele>
        <time>2026-10-03T18:19:36.530Z</time>
      </trkpt>
      <trkpt lat="20.605611" lon="-100.381443">
        <ele>1837.713894</ele>
        <time>2026-10-03T18:19:36.944Z</time>
      </trkpt>
      <trkpt lat="20.605593" lon="-100.381441">
        <ele>1837.685865</ele>
        <time>2026-10-03T18:19:37.413Z</time>
      </trkpt>
      <trkpt lat="20.605572" lon="-100.381445">
        <ele>1837.652826</ele>
        <time>2026-10-03T18:19:37.964Z</time>
      </trkpt>
      <trkpt lat="20.605549" lon="-100.381451">
        <ele>1837.616157</ele>
        <time>2026-10-03T18:19:38.577Z</time>
      </trkpt>
      <trkpt lat="20.605524" lon="-100.381462">
        <ele>1837.574281</ele>
        <time>2026-10-03T18:19:39.276Z</time>
      </trkpt>
      <trkpt lat="20.605498" lon="-100.381479">
        <ele>1837.527068</ele>
        <time>2026-10-03T18:19:40.065Z</time>
      </trkpt>
      <trkpt lat="20.605474" lon="-100.381499">
        <ele>1837.479925</ele>
        <time>2026-10-03T18:19:40.852Z</time>
      </trkpt>
      <trkpt lat="20.605453" lon="-100.381521">
        <ele>1837.434371</ele>
        <time>2026-10-03T18:19:41.613Z</time>
      </trkpt>
      <trkpt lat="20.605438" lon="-100.381542">
        <ele>1837.396075</ele>
        <time>2026-10-03T18:19:42.252Z</time>
      </trkpt>
      <trkpt lat="20.605429" lon="-100.381562">
        <ele>1837.363903</ele>
        <time>2026-10-03T18:19:42.790Z</time>
      </trkpt>
      <trkpt lat="20.605426" lon="-100.381579">
        <ele>1837.338824</ele>
        <time>2026-10-03T18:19:43.208Z</time>
      </trkpt>
      <trkpt lat="20.605425" lon="-100.381591">
        <ele>1837.321358</ele>
        <time>2026-10-03T18:19:43.500Z</time>
      </trkpt>
      <trkpt lat="20.605426" lon="-100.381603">
        <ele>1837.303892</ele>
        <time>2026-10-03T18:19:43.792Z</time>
      </trkpt>
      <trkpt lat="20.605433" lon="-100.381620">
        <ele>1837.276967</ele>
        <time>2026-10-03T18:19:44.241Z</time>
      </trkpt>
      <trkpt lat="20.605443" lon="-100.381640">
        <ele>1837.244095</ele>
        <time>2026-10-03T18:19:44.790Z</time>
      </trkpt>
      <trkpt lat="20.605456" lon="-100.381665">
        <ele>1837.202634</ele>
        <time>2026-10-03T18:19:45.483Z</time>
      </trkpt>
      <trkpt lat="20.605472" lon="-100.381691">
        <ele>1837.157524</ele>
        <time>2026-10-03T18:19:46.236Z</time>
      </trkpt>
      <trkpt lat="20.605487" lon="-100.381718">
        <ele>1837.112006</ele>
        <time>2026-10-03T18:19:46.996Z</time>
      </trkpt>
      <trkpt lat="20.605501" lon="-100.381746">
        <ele>1837.065985</ele>
        <time>2026-10-03T18:19:47.765Z</time>
      </trkpt>
      <trkpt lat="20.605515" lon="-100.381775">
        <ele>1837.018680</ele>
        <time>2026-10-03T18:19:48.554Z</time>
      </trkpt>
      <trkpt lat="20.605529" lon="-100.381806">
        <ele>1836.968780</ele>
        <time>2026-10-03T18:19:49.388Z</time>
      </trkpt>
      <trkpt lat="20.605543" lon="-100.381839">
        <ele>1836.916254</ele>
        <time>2026-10-03T18:19:50.265Z</time>
      </trkpt>
      <trkpt lat="20.605557" lon="-100.381872">
        <ele>1836.863728</ele>
        <time>2026-10-03T18:19:51.142Z</time>
      </trkpt>
      <trkpt lat="20.605572" lon="-100.381905">
        <ele>1836.810544</ele>
        <time>2026-10-03T18:19:52.030Z</time>
      </trkpt>
      <trkpt lat="20.605589" lon="-100.381940">
        <ele>1836.753379</ele>
        <time>2026-10-03T18:19:52.985Z</time>
      </trkpt>
      <trkpt lat="20.605604" lon="-100.381976">
        <ele>1836.696251</ele>
        <time>2026-10-03T18:19:53.939Z</time>
      </trkpt>
      <trkpt lat="20.605619" lon="-100.382011">
        <ele>1836.640444</ele>
        <time>2026-10-03T18:19:54.870Z</time>
      </trkpt>
      <trkpt lat="20.605635" lon="-100.382047">
        <ele>1836.582669</ele>
        <time>2026-10-03T18:19:55.835Z</time>
      </trkpt>
      <trkpt lat="20.605651" lon="-100.382081">
        <ele>1836.527499</ele>
        <time>2026-10-03T18:19:56.757Z</time>
      </trkpt>
      <trkpt lat="20.605667" lon="-100.382114">
        <ele>1836.473620</ele>
        <time>2026-10-03T18:19:57.656Z</time>
      </trkpt>
      <trkpt lat="20.605685" lon="-100.382146">
        <ele>1836.419496</ele>
        <time>2026-10-03T18:19:58.560Z</time>
      </trkpt>
      <trkpt lat="20.605703" lon="-100.382173">
        <ele>1836.371440</ele>
        <time>2026-10-03T18:19:59.363Z</time>
      </trkpt>
      <trkpt lat="20.605722" lon="-100.382199">
        <ele>1836.323619</ele>
        <time>2026-10-03T18:20:00.161Z</time>
      </trkpt>
      <trkpt lat="20.605742" lon="-100.382225">
        <ele>1836.274831</ele>
        <time>2026-10-03T18:20:00.976Z</time>
      </trkpt>
      <trkpt lat="20.605762" lon="-100.382248">
        <ele>1836.229318</ele>
        <time>2026-10-03T18:20:01.736Z</time>
      </trkpt>
      <trkpt lat="20.605780" lon="-100.382270">
        <ele>1836.186957</ele>
        <time>2026-10-03T18:20:02.444Z</time>
      </trkpt>
      <trkpt lat="20.605796" lon="-100.382286">
        <ele>1836.153014</ele>
        <time>2026-10-03T18:20:03.010Z</time>
      </trkpt>
      <trkpt lat="20.605808" lon="-100.382298">
        <ele>1836.127556</ele>
        <time>2026-10-03T18:20:03.436Z</time>
      </trkpt>
      <trkpt lat="20.605816" lon="-100.382306">
        <ele>1836.110585</ele>
        <time>2026-10-03T18:20:03.719Z</time>
      </trkpt>
      <trkpt lat="20.605822" lon="-100.382315">
        <ele>1836.094566</ele>
        <time>2026-10-03T18:20:03.987Z</time>
      </trkpt>
      <trkpt lat="20.605824" lon="-100.382329">
        <ele>1836.074034</ele>
        <time>2026-10-03T18:20:04.330Z</time>
      </trkpt>
      <trkpt lat="20.605820" lon="-100.382350">
        <ele>1836.042966</ele>
        <time>2026-10-03T18:20:04.848Z</time>
      </trkpt>
      <trkpt lat="20.605807" lon="-100.382377">
        <ele>1835.998948</ele>
        <time>2026-10-03T18:20:05.583Z</time>
      </trkpt>
      <trkpt lat="20.605787" lon="-100.382405">
        <ele>1835.947886</ele>
        <time>2026-10-03T18:20:06.436Z</time>
      </trkpt>
      <trkpt lat="20.605759" lon="-100.382431">
        <ele>1835.890428</ele>
        <time>2026-10-03T18:20:07.396Z</time>
      </trkpt>
      <trkpt lat="20.605756" lon="-100.382424">
        <ele>1835.879266</ele>
        <time>2026-10-03T18:20:07.587Z</time>
      </trkpt>
      <trkpt lat="20.604919" lon="-100.382888">
        <ele>1834.070720</ele>
        <time>2026-10-03T18:20:23.940Z</time>
      </trkpt>
      <trkpt lat="20.604731" lon="-100.382906">
        <ele>1833.646402</ele>
        <time>2026-10-03T18:20:27.115Z</time>
      </trkpt>
      <trkpt lat="20.604721" lon="-100.382906">
        <ele>1833.623922</ele>
        <time>2026-10-03T18:20:27.278Z</time>
      </trkpt>
      <trkpt lat="20.604579" lon="-100.382909">
        <ele>1833.304643</ele>
        <time>2026-10-03T18:20:29.652Z</time>
      </trkpt>
      <trkpt lat="20.604467" lon="-100.382910">
        <ele>1833.052858</ele>
        <time>2026-10-03T18:20:31.539Z</time>
      </trkpt>
      <trkpt lat="20.604377" lon="-100.382946">
        <ele>1832.836822</ele>
        <time>2026-10-03T18:20:33.181Z</time>
      </trkpt>
      <trkpt lat="20.604052" lon="-100.383171">
        <ele>1831.966231</ele>
        <time>2026-10-03T18:20:39.857Z</time>
      </trkpt>
      <trkpt lat="20.603915" lon="-100.383234">
        <ele>1831.630935</ele>
        <time>2026-10-03T18:20:42.469Z</time>
      </trkpt>
      <trkpt lat="20.603810" lon="-100.383213">
        <ele>1831.390795</ele>
        <time>2026-10-03T18:20:44.345Z</time>
      </trkpt>
      <trkpt lat="20.603733" lon="-100.383151">
        <ele>1831.174040</ele>
        <time>2026-10-03T18:20:46.058Z</time>
      </trkpt>
      <trkpt lat="20.603523" lon="-100.382856">
        <ele>1830.582063</ele>
        <time>2026-10-03T18:20:52.240Z</time>
      </trkpt>
      <trkpt lat="20.603471" lon="-100.382829">
        <ele>1830.484555</ele>
        <time>2026-10-03T18:20:53.270Z</time>
      </trkpt>
      <trkpt lat="20.603213" lon="-100.382803">
        <ele>1830.047502</ele>
        <time>2026-10-03T18:20:57.895Z</time>
      </trkpt>
      <trkpt lat="20.603067" lon="-100.382808">
        <ele>1829.801145</ele>
        <time>2026-10-03T18:21:00.446Z</time>
      </trkpt>
      <trkpt lat="20.602637" lon="-100.382871">
        <ele>1829.069155</ele>
        <time>2026-10-03T18:21:08.509Z</time>
      </trkpt>
      <trkpt lat="20.602286" lon="-100.382961">
        <ele>1828.460376</ele>
        <time>2026-10-03T18:21:15.040Z</time>
      </trkpt>
      <trkpt lat="20.602018" lon="-100.383123">
        <ele>1827.998064</ele>
        <time>2026-10-03T18:21:20.626Z</time>
      </trkpt>
      <trkpt lat="20.601992" lon="-100.383126">
        <ele>1827.968587</ele>
        <time>2026-10-03T18:21:21.095Z</time>
      </trkpt>
      <trkpt lat="20.601992" lon="-100.383126">
        <ele>1827.968587</ele>
        <time>2026-10-03T18:21:21.120Z</time>
      </trkpt>
      <trkpt lat="20.601992" lon="-100.383126">
        <ele>1827.968587</ele>
        <time>2026-10-03T18:21:21.120Z</time>
      </trkpt>
      <trkpt lat="20.601991" lon="-100.383118">
        <ele>1827.960071</ele>
        <time>2026-10-03T18:21:21.316Z</time>
      </trkpt>
      <trkpt lat="20.601931" lon="-100.383138">
        <ele>1827.889223</ele>
        <time>2026-10-03T18:21:22.941Z</time>
      </trkpt>
      <trkpt lat="20.601866" lon="-100.383150">
        <ele>1827.814869</ele>
        <time>2026-10-03T18:21:24.647Z</time>
      </trkpt>
      <trkpt lat="20.601800" lon="-100.383156">
        <ele>1827.740205</ele>
        <time>2026-10-03T18:21:26.360Z</time>
      </trkpt>
      <trkpt lat="20.601729" lon="-100.383159">
        <ele>1827.660111</ele>
        <time>2026-10-03T18:21:28.198Z</time>
      </trkpt>
      <trkpt lat="20.601656" lon="-100.383164">
        <ele>1827.577656</ele>
        <time>2026-10-03T18:21:30.090Z</time>
      </trkpt>
      <trkpt lat="20.601582" lon="-100.383169">
        <ele>1827.494076</ele>
        <time>2026-10-03T18:21:32.008Z</time>
      </trkpt>
      <trkpt lat="20.601511" lon="-100.383176">
        <ele>1827.413705</ele>
        <time>2026-10-03T18:21:33.852Z</time>
      </trkpt>
      <trkpt lat="20.601446" lon="-100.383181">
        <ele>1827.340247</ele>
        <time>2026-10-03T18:21:35.537Z</time>
      </trkpt>
      <trkpt lat="20.601392" lon="-100.383187">
        <ele>1827.279050</ele>
        <time>2026-10-03T18:21:36.941Z</time>
      </trkpt>
      <trkpt lat="20.601350" lon="-100.383198">
        <ele>1827.230305</ele>
        <time>2026-10-03T18:21:38.060Z</time>
      </trkpt>
      <trkpt lat="20.601323" lon="-100.383215">
        <ele>1827.194978</ele>
        <time>2026-10-03T18:21:38.870Z</time>
      </trkpt>
      <trkpt lat="20.601314" lon="-100.383238">
        <ele>1827.168675</ele>
        <time>2026-10-03T18:21:39.474Z</time>
      </trkpt>
      <trkpt lat="20.601317" lon="-100.383267">
        <ele>1827.137890</ele>
        <time>2026-10-03T18:21:40.180Z</time>
      </trkpt>
      <trkpt lat="20.601325" lon="-100.383299">
        <ele>1827.102943</ele>
        <time>2026-10-03T18:21:40.982Z</time>
      </trkpt>
      <trkpt lat="20.601336" lon="-100.383335">
        <ele>1827.062986</ele>
        <time>2026-10-03T18:21:41.899Z</time>
      </trkpt>
      <trkpt lat="20.601346" lon="-100.383371">
        <ele>1827.023365</ele>
        <time>2026-10-03T18:21:42.808Z</time>
      </trkpt>
      <trkpt lat="20.601355" lon="-100.383409">
        <ele>1826.982007</ele>
        <time>2026-10-03T18:21:43.757Z</time>
      </trkpt>
      <trkpt lat="20.601361" lon="-100.383448">
        <ele>1826.940305</ele>
        <time>2026-10-03T18:21:44.714Z</time>
      </trkpt>
      <trkpt lat="20.601365" lon="-100.383487">
        <ele>1826.898909</ele>
        <time>2026-10-03T18:21:45.664Z</time>
      </trkpt>
      <trkpt lat="20.601366" lon="-100.383527">
        <ele>1826.856689</ele>
        <time>2026-10-03T18:21:46.633Z</time>
      </trkpt>
      <trkpt lat="20.601366" lon="-100.383568">
        <ele>1826.813429</ele>
        <time>2026-10-03T18:21:47.626Z</time>
      </trkpt>
      <trkpt lat="20.601364" lon="-100.383607">
        <ele>1826.772218</ele>
        <time>2026-10-03T18:21:48.571Z</time>
      </trkpt>
      <trkpt lat="20.601361" lon="-100.383646">
        <ele>1826.730930</ele>
        <time>2026-10-03T18:21:49.519Z</time>
      </trkpt>
      <trkpt lat="20.601359" lon="-100.383687">
        <ele>1826.687611</ele>
        <time>2026-10-03T18:21:50.513Z</time>
      </trkpt>
      <trkpt lat="20.601355" lon="-100.383727">
        <ele>1826.645166</ele>
        <time>2026-10-03T18:21:51.487Z</time>
      </trkpt>
      <trkpt lat="20.601351" lon="-100.383768">
        <ele>1826.601672</ele>
        <time>2026-10-03T18:21:52.485Z</time>
      </trkpt>
      <trkpt lat="20.601346" lon="-100.383807">
        <ele>1826.560138</ele>
        <time>2026-10-03T18:21:53.437Z</time>
      </trkpt>
      <trkpt lat="20.601339" lon="-100.383846">
        <ele>1826.518239</ele>
        <time>2026-10-03T18:21:54.399Z</time>
      </trkpt>
      <trkpt lat="20.601331" lon="-100.383882">
        <ele>1826.479198</ele>
        <time>2026-10-03T18:21:55.295Z</time>
      </trkpt>
      <trkpt lat="20.601317" lon="-100.383910">
        <ele>1826.445705</ele>
        <time>2026-10-03T18:21:56.063Z</time>
      </trkpt>
      <trkpt lat="20.601300" lon="-100.383925">
        <ele>1826.420851</ele>
        <time>2026-10-03T18:21:56.633Z</time>
      </trkpt>
      <trkpt lat="20.601281" lon="-100.383927">
        <ele>1826.399331</ele>
        <time>2026-10-03T18:21:57.127Z</time>
      </trkpt>
      <trkpt lat="20.601261" lon="-100.383921">
        <ele>1826.375915</ele>
        <time>2026-10-03T18:21:57.664Z</time>
      </trkpt>
      <trkpt lat="20.601241" lon="-100.383911">
        <ele>1826.351024</ele>
        <time>2026-10-03T18:21:58.235Z</time>
      </trkpt>
      <trkpt lat="20.601223" lon="-100.383899">
        <ele>1826.327107</ele>
        <time>2026-10-03T18:21:58.784Z</time>
      </trkpt>
      <trkpt lat="20.601204" lon="-100.383888">
        <ele>1826.302748</ele>
        <time>2026-10-03T18:21:59.343Z</time>
      </trkpt>
      <trkpt lat="20.601185" lon="-100.383875">
        <ele>1826.277315</ele>
        <time>2026-10-03T18:21:59.926Z</time>
      </trkpt>
      <trkpt lat="20.601164" lon="-100.383862">
        <ele>1826.249957</ele>
        <time>2026-10-03T18:22:00.554Z</time>
      </trkpt>
      <trkpt lat="20.601143" lon="-100.383846">
        <ele>1826.220882</ele>
        <time>2026-10-03T18:22:01.221Z</time>
      </trkpt>
      <trkpt lat="20.601127" lon="-100.383825">
        <ele>1826.192313</ele>
        <time>2026-10-03T18:22:01.877Z</time>
      </trkpt>
      <trkpt lat="20.601117" lon="-100.383802">
        <ele>1826.165555</ele>
        <time>2026-10-03T18:22:02.490Z</time>
      </trkpt>
      <trkpt lat="20.601112" lon="-100.383777">
        <ele>1826.138581</ele>
        <time>2026-10-03T18:22:03.109Z</time>
      </trkpt>
      <trkpt lat="20.601112" lon="-100.383751">
        <ele>1826.111148</ele>
        <time>2026-10-03T18:22:03.739Z</time>
      </trkpt>
      <trkpt lat="20.601116" lon="-100.383726">
        <ele>1826.085852</ele>
        <time>2026-10-03T18:22:04.353Z</time>
      </trkpt>
      <trkpt lat="20.601120" lon="-100.383700">
        <ele>1826.093855</ele>
        <time>2026-10-03T18:22:04.991Z</time>
      </trkpt>
      <trkpt lat="20.601126" lon="-100.383673">
        <ele>1826.102284</ele>
        <time>2026-10-03T18:22:05.662Z</time>
      </trkpt>
      <trkpt lat="20.601131" lon="-100.383647">
        <ele>1826.110346</ele>
        <time>2026-10-03T18:22:06.305Z</time>
      </trkpt>
      <trkpt lat="20.601137" lon="-100.383621">
        <ele>1826.118480</ele>
        <time>2026-10-03T18:22:06.953Z</time>
      </trkpt>
      <trkpt lat="20.601142" lon="-100.383594">
        <ele>1826.126840</ele>
        <time>2026-10-03T18:22:07.619Z</time>
      </trkpt>
      <trkpt lat="20.601146" lon="-100.383567">
        <ele>1826.135143</ele>
        <time>2026-10-03T18:22:08.281Z</time>
      </trkpt>
      <trkpt lat="20.601150" lon="-100.383537">
        <ele>1826.144347</ele>
        <time>2026-10-03T18:22:09.015Z</time>
      </trkpt>
      <trkpt lat="20.601153" lon="-100.383504">
        <ele>1826.154418</ele>
        <time>2026-10-03T18:22:09.817Z</time>
      </trkpt>
      <trkpt lat="20.601155" lon="-100.383471">
        <ele>1826.164462</ele>
        <time>2026-10-03T18:22:10.618Z</time>
      </trkpt>
      <trkpt lat="20.601156" lon="-100.383438">
        <ele>1826.174491</ele>
        <time>2026-10-03T18:22:11.417Z</time>
      </trkpt>
      <trkpt lat="20.601154" lon="-100.383403">
        <ele>1826.185142</ele>
        <time>2026-10-03T18:22:12.266Z</time>
      </trkpt>
      <trkpt lat="20.601152" lon="-100.383369">
        <ele>1826.195489</ele>
        <time>2026-10-03T18:22:13.090Z</time>
      </trkpt>
      <trkpt lat="20.601151" lon="-100.383335">
        <ele>1826.205822</ele>
        <time>2026-10-03T18:22:13.914Z</time>
      </trkpt>
      <trkpt lat="20.601150" lon="-100.383300">
        <ele>1826.216457</ele>
        <time>2026-10-03T18:22:14.761Z</time>
      </trkpt>
      <trkpt lat="20.601164" lon="-100.383300">
        <ele>1826.221000</ele>
        <time>2026-10-03T18:22:15.132Z</time>
      </trkpt>
      <trkpt lat="20.601164" lon="-100.383262">
        <ele>1826.232543</ele>
        <time>2026-10-03T18:22:17.584Z</time>
      </trkpt>
      <trkpt lat="20.601130" lon="-100.383001">
        <ele>1826.312583</ele>
        <time>2026-10-03T18:22:34.764Z</time>
      </trkpt>
      <trkpt lat="20.600822" lon="-100.381856">
        <ele>1826.685568</ele>
        <time>2026-10-03T18:23:52.253Z</time>
      </trkpt>
      <trkpt lat="20.600781" lon="-100.381703">
        <ele>1826.835879</ele>
        <time>2026-10-03T18:24:02.638Z</time>
      </trkpt>
      <trkpt lat="20.600714" lon="-100.381254">
        <ele>1827.265308</ele>
        <time>2026-10-03T18:24:32.187Z</time>
      </trkpt>
      <trkpt lat="20.600716" lon="-100.381037">
        <ele>1827.470272</ele>
        <time>2026-10-03T18:24:46.325Z</time>
      </trkpt>
      <trkpt lat="20.600655" lon="-100.381040">
        <ele>1827.531886</ele>
        <time>2026-10-03T18:24:50.597Z</time>
      </trkpt>
      <trkpt lat="20.600656" lon="-100.380912">
        <ele>1827.652785</ele>
        <time>2026-10-03T18:24:53.860Z</time>
      </trkpt>
      <trkpt lat="20.600658" lon="-100.380790">
        <ele>1827.768030</ele>
        <time>2026-10-03T18:24:56.981Z</time>
      </trkpt>
      <trkpt lat="20.600660" lon="-100.380708">
        <ele>1827.845504</ele>
        <time>2026-10-03T18:24:59.100Z</time>
      </trkpt>
      <trkpt lat="20.600696" lon="-100.380712">
        <ele>1827.882024</ele>
        <time>2026-10-03T18:25:00.581Z</time>
      </trkpt>
      <trkpt lat="20.600714" lon="-100.380714">
        <ele>1827.900284</ele>
        <time>2026-10-03T18:25:01.887Z</time>
      </trkpt>
      <trkpt lat="20.600725" lon="-100.380237">
        <ele>1828.350941</ele>
        <time>2026-10-03T18:25:32.888Z</time>
      </trkpt>
      <trkpt lat="20.600410" lon="-100.378867">
        <ele>1829.340597</ele>
        <time>2026-10-03T18:27:04.690Z</time>
      </trkpt>
      <trkpt lat="20.600376" lon="-100.377921">
        <ele>1830.009515</ele>
        <time>2026-10-03T18:28:06.291Z</time>
      </trkpt>
      <trkpt lat="20.600306" lon="-100.377548">
        <ele>1830.305218</ele>
        <time>2026-10-03T18:28:31.019Z</time>
      </trkpt>
      <trkpt lat="20.600206" lon="-100.377011">
        <ele>1830.730809</ele>
        <time>2026-10-03T18:29:06.617Z</time>
      </trkpt>
      <trkpt lat="20.600210" lon="-100.376815">
        <ele>1830.883196</ele>
        <time>2026-10-03T18:29:19.398Z</time>
      </trkpt>
      <trkpt lat="20.600210" lon="-100.376815">
        <ele>1830.883196</ele>
        <time>2026-10-03T18:29:19.416Z</time>
      </trkpt>
      <trkpt lat="20.600210" lon="-100.376815">
        <ele>1830.883196</ele>
        <time>2026-10-03T18:29:19.416Z</time>
      </trkpt>
      <trkpt lat="20.600167" lon="-100.376814">
        <ele>1830.918912</ele>
        <time>2026-10-03T18:29:20.528Z</time>
      </trkpt>
      <trkpt lat="20.600171" lon="-100.376779">
        <ele>1830.946319</ele>
        <time>2026-10-03T18:29:21.382Z</time>
      </trkpt>
      <trkpt lat="20.600174" lon="-100.376744">
        <ele>1830.973639</ele>
        <time>2026-10-03T18:29:22.233Z</time>
      </trkpt>
      <trkpt lat="20.600178" lon="-100.376711">
        <ele>1830.999504</ele>
        <time>2026-10-03T18:29:23.039Z</time>
      </trkpt>
      <trkpt lat="20.600182" lon="-100.376676">
        <ele>1831.026911</ele>
        <time>2026-10-03T18:29:23.892Z</time>
      </trkpt>
      <trkpt lat="20.600186" lon="-100.376644">
        <ele>1831.052006</ele>
        <time>2026-10-03T18:29:24.674Z</time>
      </trkpt>
      <trkpt lat="20.600189" lon="-100.376615">
        <ele>1831.074685</ele>
        <time>2026-10-03T18:29:25.380Z</time>
      </trkpt>
      <trkpt lat="20.600191" lon="-100.376589">
        <ele>1831.094963</ele>
        <time>2026-10-03T18:29:26.012Z</time>
      </trkpt>
      <trkpt lat="20.600195" lon="-100.376566">
        <ele>1831.113147</ele>
        <time>2026-10-03T18:29:26.578Z</time>
      </trkpt>
      <trkpt lat="20.600199" lon="-100.376545">
        <ele>1831.129805</ele>
        <time>2026-10-03T18:29:27.097Z</time>
      </trkpt>
      <trkpt lat="20.600203" lon="-100.376525">
        <ele>1831.145701</ele>
        <time>2026-10-03T18:29:27.593Z</time>
      </trkpt>
      <trkpt lat="20.600209" lon="-100.376504">
        <ele>1831.162768</ele>
        <time>2026-10-03T18:29:28.124Z</time>
      </trkpt>
      <trkpt lat="20.600213" lon="-100.376486">
        <ele>1831.177149</ele>
        <time>2026-10-03T18:29:28.572Z</time>
      </trkpt>
      <trkpt lat="20.600217" lon="-100.376470">
        <ele>1831.190021</ele>
        <time>2026-10-03T18:29:28.973Z</time>
      </trkpt>
      <trkpt lat="20.600219" lon="-100.376454">
        <ele>1831.202569</ele>
        <time>2026-10-03T18:29:29.364Z</time>
      </trkpt>
      <trkpt lat="20.600226" lon="-100.376438">
        <ele>1831.216297</ele>
        <time>2026-10-03T18:29:29.792Z</time>
      </trkpt>
      <trkpt lat="20.600235" lon="-100.376419">
        <ele>1831.232849</ele>
        <time>2026-10-03T18:29:30.307Z</time>
      </trkpt>
      <trkpt lat="20.600248" lon="-100.376399">
        <ele>1831.251775</ele>
        <time>2026-10-03T18:29:30.897Z</time>
      </trkpt>
      <trkpt lat="20.600261" lon="-100.376378">
        <ele>1831.271345</ele>
        <time>2026-10-03T18:29:31.507Z</time>
      </trkpt>
      <trkpt lat="20.600272" lon="-100.376358">
        <ele>1831.279214</ele>
        <time>2026-10-03T18:29:32.068Z</time>
      </trkpt>
      <trkpt lat="20.600282" lon="-100.376334">
        <ele>1831.286319</ele>
        <time>2026-10-03T18:29:32.704Z</time>
      </trkpt>
      <trkpt lat="20.600294" lon="-100.376305">
        <ele>1831.294895</ele>
        <time>2026-10-03T18:29:33.472Z</time>
      </trkpt>
      <trkpt lat="20.600309" lon="-100.376272">
        <ele>1831.304818</ele>
        <time>2026-10-03T18:29:34.360Z</time>
      </trkpt>
      <trkpt lat="20.600329" lon="-100.376240">
        <ele>1831.315225</ele>
        <time>2026-10-03T18:29:35.292Z</time>
      </trkpt>
      <trkpt lat="20.600354" lon="-100.376209">
        <ele>1831.326292</ele>
        <time>2026-10-03T18:29:36.282Z</time>
      </trkpt>
      <trkpt lat="20.600375" lon="-100.376179">
        <ele>1831.336424</ele>
        <time>2026-10-03T18:29:37.189Z</time>
      </trkpt>
      <trkpt lat="20.600385" lon="-100.376150">
        <ele>1831.344783</ele>
        <time>2026-10-03T18:29:37.937Z</time>
      </trkpt>
      <trkpt lat="20.600381" lon="-100.376131">
        <ele>1831.350050</ele>
        <time>2026-10-03T18:29:38.409Z</time>
      </trkpt>
      <trkpt lat="20.600363" lon="-100.376119">
        <ele>1831.356181</ele>
        <time>2026-10-03T18:29:38.957Z</time>
      </trkpt>
      <trkpt lat="20.600337" lon="-100.376111">
        <ele>1831.363999</ele>
        <time>2026-10-03T18:29:39.658Z</time>
      </trkpt>
      <trkpt lat="20.600312" lon="-100.376104">
        <ele>1831.371467</ele>
        <time>2026-10-03T18:29:40.326Z</time>
      </trkpt>
      <trkpt lat="20.600293" lon="-100.376092">
        <ele>1831.377845</ele>
        <time>2026-10-03T18:29:40.897Z</time>
      </trkpt>
      <trkpt lat="20.600279" lon="-100.376078">
        <ele>1831.383386</ele>
        <time>2026-10-03T18:29:41.393Z</time>
      </trkpt>
      <trkpt lat="20.600268" lon="-100.376064">
        <ele>1831.388330</ele>
        <time>2026-10-03T18:29:41.836Z</time>
      </trkpt>
      <trkpt lat="20.600261" lon="-100.376049">
        <ele>1831.392863</ele>
        <time>2026-10-03T18:29:42.241Z</time>
      </trkpt>
      <trkpt lat="20.600257" lon="-100.376032">
        <ele>1831.397604</ele>
        <time>2026-10-03T18:29:42.666Z</time>
      </trkpt>
      <trkpt lat="20.600258" lon="-100.376007">
        <ele>1831.404372</ele>
        <time>2026-10-03T18:29:43.272Z</time>
      </trkpt>
      <trkpt lat="20.600259" lon="-100.375976">
        <ele>1831.412762</ele>
        <time>2026-10-03T18:29:44.023Z</time>
      </trkpt>
      <trkpt lat="20.600261" lon="-100.375941">
        <ele>1831.422246</ele>
        <time>2026-10-03T18:29:44.872Z</time>
      </trkpt>
      <trkpt lat="20.600265" lon="-100.375903">
        <ele>1831.432589</ele>
        <time>2026-10-03T18:29:45.797Z</time>
      </trkpt>
      <trkpt lat="20.600271" lon="-100.375865">
        <ele>1831.443012</ele>
        <time>2026-10-03T18:29:46.730Z</time>
      </trkpt>
      <trkpt lat="20.600279" lon="-100.375825">
        <ele>1831.454075</ele>
        <time>2026-10-03T18:29:47.721Z</time>
      </trkpt>
      <trkpt lat="20.600285" lon="-100.375785">
        <ele>1831.465032</ele>
        <time>2026-10-03T18:29:48.702Z</time>
      </trkpt>
      <trkpt lat="20.600289" lon="-100.375746">
        <ele>1831.475643</ele>
        <time>2026-10-03T18:29:49.651Z</time>
      </trkpt>
      <trkpt lat="20.600291" lon="-100.375710">
        <ele>1831.485398</ele>
        <time>2026-10-03T18:29:50.524Z</time>
      </trkpt>
      <trkpt lat="20.600293" lon="-100.375681">
        <ele>1831.493263</ele>
        <time>2026-10-03T18:29:51.228Z</time>
      </trkpt>
      <trkpt lat="20.600296" lon="-100.375659">
        <ele>1831.499276</ele>
        <time>2026-10-03T18:29:51.767Z</time>
      </trkpt>
      <trkpt lat="20.600300" lon="-100.375638">
        <ele>1831.505072</ele>
        <time>2026-10-03T18:29:52.285Z</time>
      </trkpt>
      <trkpt lat="20.600302" lon="-100.375614">
        <ele>1831.511589</ele>
        <time>2026-10-03T18:29:52.869Z</time>
      </trkpt>
      <trkpt lat="20.600304" lon="-100.375588">
        <ele>1831.518645</ele>
        <time>2026-10-03T18:29:53.500Z</time>
      </trkpt>
      <trkpt lat="20.600307" lon="-100.375560">
        <ele>1831.526268</ele>
        <time>2026-10-03T18:29:54.183Z</time>
      </trkpt>
      <trkpt lat="20.600309" lon="-100.375531">
        <ele>1831.534133</ele>
        <time>2026-10-03T18:29:54.886Z</time>
      </trkpt>
      <trkpt lat="20.600311" lon="-100.375500">
        <ele>1831.542537</ele>
        <time>2026-10-03T18:29:55.639Z</time>
      </trkpt>
      <trkpt lat="20.600314" lon="-100.375470">
        <ele>1831.550698</ele>
        <time>2026-10-03T18:29:56.369Z</time>
      </trkpt>
      <trkpt lat="20.600314" lon="-100.375461">
        <ele>1831.553132</ele>
        <time>2026-10-03T18:29:56.578Z</time>
      </trkpt>
      <trkpt lat="20.600322" lon="-100.375240">
        <ele>1831.612951</ele>
        <time>2026-10-03T18:30:02.822Z</time>
      </trkpt>
      <trkpt lat="20.600320" lon="-100.374765">
        <ele>1831.741428</ele>
        <time>2026-10-03T18:30:16.375Z</time>
      </trkpt>
      <trkpt lat="20.600322" lon="-100.374692">
        <ele>1831.761181</ele>
        <time>2026-10-03T18:30:18.360Z</time>
      </trkpt>
      <trkpt lat="20.600344" lon="-100.373961">
        <ele>1832.156656</ele>
        <time>2026-10-03T18:30:39.775Z</time>
      </trkpt>
      <trkpt lat="20.600426" lon="-100.373137">
        <ele>1832.648470</ele>
        <time>2026-10-03T18:31:04.272Z</time>
      </trkpt>
      <trkpt lat="20.600428" lon="-100.373109">
        <ele>1832.665137</ele>
        <time>2026-10-03T18:31:04.921Z</time>
      </trkpt>
      <trkpt lat="20.600431" lon="-100.373067">
        <ele>1832.690137</ele>
        <time>2026-10-03T18:31:05.943Z</time>
      </trkpt>
      <trkpt lat="20.600464" lon="-100.372774">
        <ele>1832.865292</ele>
        <time>2026-10-03T18:31:13.104Z</time>
      </trkpt>
      <trkpt lat="20.600528" lon="-100.372214">
        <ele>1833.822636</ele>
        <time>2026-10-03T18:31:26.974Z</time>
      </trkpt>
      <trkpt lat="20.600602" lon="-100.371748">
        <ele>1834.759253</ele>
        <time>2026-10-03T18:31:38.791Z</time>
      </trkpt>
      <trkpt lat="20.600607" lon="-100.371594">
        <ele>1835.064602</ele>
        <time>2026-10-03T18:31:42.806Z</time>
      </trkpt>
      <trkpt lat="20.600595" lon="-100.370050">
        <ele>1838.481272</ele>
        <time>2026-10-03T18:32:34.903Z</time>
      </trkpt>
      <trkpt lat="20.600247" lon="-100.369880">
        <ele>1839.500489</ele>
        <time>2026-10-03T18:32:48.237Z</time>
      </trkpt>
      <trkpt lat="20.600119" lon="-100.369823">
        <ele>1839.869854</ele>
        <time>2026-10-03T18:32:52.556Z</time>
      </trkpt>
      <trkpt lat="20.599951" lon="-100.369748">
        <ele>1840.354826</ele>
        <time>2026-10-03T18:32:58.252Z</time>
      </trkpt>
      <trkpt lat="20.600251" lon="-100.369440">
        <ele>1841.463060</ele>
        <time>2026-10-03T18:33:10.992Z</time>
      </trkpt>
      <trkpt lat="20.600385" lon="-100.369271">
        <ele>1841.630468</ele>
        <time>2026-10-03T18:33:17.112Z</time>
      </trkpt>
      <trkpt lat="20.600576" lon="-100.369031">
        <ele>1841.790047</ele>
        <time>2026-10-03T18:33:24.409Z</time>
      </trkpt>
      <trkpt lat="20.600597" lon="-100.368991">
        <ele>1841.813280</ele>
        <time>2026-10-03T18:33:25.264Z</time>
      </trkpt>
      <trkpt lat="20.600629" lon="-100.368926">
        <ele>1841.850483</ele>
        <time>2026-10-03T18:33:26.604Z</time>
      </trkpt>
      <trkpt lat="20.600694" lon="-100.368806">
        <ele>1841.920716</ele>
        <time>2026-10-03T18:33:28.980Z</time>
      </trkpt>
      <trkpt lat="20.601230" lon="-100.367818">
        <ele>1842.499193</ele>
        <time>2026-10-03T18:33:53.401Z</time>
      </trkpt>
      <trkpt lat="20.601555" lon="-100.367220">
        <ele>1843.534078</ele>
        <time>2026-10-03T18:34:11.206Z</time>
      </trkpt>
      <trkpt lat="20.601780" lon="-100.366692">
        <ele>1844.413253</ele>
        <time>2026-10-03T18:34:26.926Z</time>
      </trkpt>
      <trkpt lat="20.601787" lon="-100.366262">
        <ele>1845.064996</ele>
        <time>2026-10-03T18:34:38.628Z</time>
      </trkpt>
      <trkpt lat="20.601774" lon="-100.365990">
        <ele>1845.520808</ele>
        <time>2026-10-03T18:34:46.422Z</time>
      </trkpt>
      <trkpt lat="20.601764" lon="-100.365753">
        <ele>1846.138360</ele>
        <time>2026-10-03T18:34:53.958Z</time>
      </trkpt>
      <trkpt lat="20.601751" lon="-100.365540">
        <ele>1846.693990</ele>
        <time>2026-10-03T18:35:01.094Z</time>
      </trkpt>
      <trkpt lat="20.601722" lon="-100.365033">
        <ele>1848.016205</ele>
        <time>2026-10-03T18:35:18.377Z</time>
      </trkpt>
      <trkpt lat="20.601685" lon="-100.364553">
        <ele>1849.269906</ele>
        <time>2026-10-03T18:35:33.676Z</time>
      </trkpt>
      <trkpt lat="20.601585" lon="-100.363925">
        <ele>1850.379906</ele>
        <time>2026-10-03T18:35:53.133Z</time>
      </trkpt>
      <trkpt lat="20.601459" lon="-100.363521">
        <ele>1850.293430</ele>
        <time>2026-10-03T18:36:05.220Z</time>
      </trkpt>
      <trkpt lat="20.600961" lon="-100.362499">
        <ele>1850.059451</ele>
        <time>2026-10-03T18:36:26.398Z</time>
      </trkpt>
      <trkpt lat="20.600865" lon="-100.362004">
        <ele>1849.040308</ele>
        <time>2026-10-03T18:36:33.997Z</time>
      </trkpt>
      <trkpt lat="20.600805" lon="-100.361380">
        <ele>1847.304244</ele>
        <time>2026-10-03T18:36:43.195Z</time>
      </trkpt>
      <trkpt lat="20.600704" lon="-100.361047">
        <ele>1846.335463</ele>
        <time>2026-10-03T18:36:48.393Z</time>
      </trkpt>
      <trkpt lat="20.600666" lon="-100.360881">
        <ele>1845.862504</ele>
        <time>2026-10-03T18:36:50.987Z</time>
      </trkpt>
      <trkpt lat="20.600579" lon="-100.360649">
        <ele>1845.170813</ele>
        <time>2026-10-03T18:36:56.308Z</time>
      </trkpt>
      <trkpt lat="20.600354" lon="-100.360056">
        <ele>1844.716763</ele>
        <time>2026-10-03T18:37:11.471Z</time>
      </trkpt>
      <trkpt lat="20.599947" lon="-100.359002">
        <ele>1844.729667</ele>
        <time>2026-10-03T18:37:46.302Z</time>
      </trkpt>
      <trkpt lat="20.599888" lon="-100.358848">
        <ele>1844.731550</ele>
        <time>2026-10-03T18:37:51.450Z</time>
      </trkpt>
      <trkpt lat="20.599648" lon="-100.358206">
        <ele>1844.612094</ele>
        <time>2026-10-03T18:38:11.576Z</time>
      </trkpt>
      <trkpt lat="20.599499" lon="-100.357810">
        <ele>1844.518197</ele>
        <time>2026-10-03T18:38:22.641Z</time>
      </trkpt>
      <trkpt lat="20.599619" lon="-100.357605">
        <ele>1844.465004</ele>
        <time>2026-10-03T18:38:27.434Z</time>
      </trkpt>
      <trkpt lat="20.599681" lon="-100.357489">
        <ele>1844.435616</ele>
        <time>2026-10-03T18:38:30.153Z</time>
      </trkpt>
      <trkpt lat="20.599702" lon="-100.357366">
        <ele>1844.408109</ele>
        <time>2026-10-03T18:38:32.739Z</time>
      </trkpt>
      <trkpt lat="20.599699" lon="-100.357137">
        <ele>1844.357723</ele>
        <time>2026-10-03T18:38:37.087Z</time>
      </trkpt>
      <trkpt lat="20.599747" lon="-100.357135">
        <ele>1844.346433</ele>
        <time>2026-10-03T18:38:38.023Z</time>
      </trkpt>
      <trkpt lat="20.599850" lon="-100.357126">
        <ele>1844.322144</ele>
        <time>2026-10-03T18:38:39.947Z</time>
      </trkpt>
      <trkpt lat="20.599950" lon="-100.357127">
        <ele>1844.321133</ele>
        <time>2026-10-03T18:38:41.802Z</time>
      </trkpt>
      <trkpt lat="20.599962" lon="-100.357053">
        <ele>1844.336194</ele>
        <time>2026-10-03T18:38:43.093Z</time>
      </trkpt>
      <trkpt lat="20.599981" lon="-100.356932">
        <ele>1844.360797</ele>
        <time>2026-10-03T18:38:45.220Z</time>
      </trkpt>
      <trkpt lat="20.599999" lon="-100.356818">
        <ele>1844.383981</ele>
        <time>2026-10-03T18:38:47.207Z</time>
      </trkpt>
      <trkpt lat="20.600055" lon="-100.356457">
        <ele>1844.457360</ele>
        <time>2026-10-03T18:38:53.955Z</time>
      </trkpt>
      <trkpt lat="20.600432" lon="-100.356535">
        <ele>1844.539625</ele>
        <time>2026-10-03T18:39:02.747Z</time>
      </trkpt>
      <trkpt lat="20.600473" lon="-100.356544">
        <ele>1844.548592</ele>
        <time>2026-10-03T18:39:03.918Z</time>
      </trkpt>
      <trkpt lat="20.600623" lon="-100.356575">
        <ele>1844.581322</ele>
        <time>2026-10-03T18:39:08.331Z</time>
      </trkpt>
      <trkpt lat="20.601111" lon="-100.356677">
        <ele>1844.687849</ele>
        <time>2026-10-03T18:39:22.012Z</time>
      </trkpt>
      <trkpt lat="20.601256" lon="-100.356707">
        <ele>1844.807000</ele>
        <time>2026-10-03T18:39:25.821Z</time>
      </trkpt>
      <trkpt lat="20.601420" lon="-100.356741">
        <ele>1844.974609</ele>
        <time>2026-10-03T18:39:30.368Z</time>
      </trkpt>
      <trkpt lat="20.601612" lon="-100.356781">
        <ele>1845.170870</ele>
        <time>2026-10-03T18:39:36.046Z</time>
      </trkpt>
      <trkpt lat="20.601565" lon="-100.356048">
        <ele>1845.860867</ele>
        <time>2026-10-03T18:39:55.406Z</time>
      </trkpt>
      <trkpt lat="20.601561" lon="-100.355445">
        <ele>1846.427178</ele>
        <time>2026-10-03T18:40:09.637Z</time>
      </trkpt>
      <trkpt lat="20.601602" lon="-100.355152">
        <ele>1846.523350</ele>
        <time>2026-10-03T18:40:16.189Z</time>
      </trkpt>
      <trkpt lat="20.601870" lon="-100.354428">
        <ele>1846.605534</ele>
        <time>2026-10-03T18:40:32.305Z</time>
      </trkpt>
      <trkpt lat="20.601902" lon="-100.354339">
        <ele>1846.615598</ele>
        <time>2026-10-03T18:40:34.314Z</time>
      </trkpt>
      <trkpt lat="20.602106" lon="-100.353787">
        <ele>1846.678244</ele>
        <time>2026-10-03T18:40:46.586Z</time>
      </trkpt>
      <trkpt lat="20.602601" lon="-100.352886">
        <ele>1847.061977</ele>
        <time>2026-10-03T18:41:08.262Z</time>
      </trkpt>
      <trkpt lat="20.602878" lon="-100.352404">
        <ele>1847.312868</ele>
        <time>2026-10-03T18:41:21.605Z</time>
      </trkpt>
      <trkpt lat="20.603699" lon="-100.350673">
        <ele>1848.640435</ele>
        <time>2026-10-03T18:42:09.405Z</time>
      </trkpt>
      <trkpt lat="20.604053" lon="-100.350083">
        <ele>1849.185004</ele>
        <time>2026-10-03T18:42:24.634Z</time>
      </trkpt>
      <trkpt lat="20.604154" lon="-100.349916">
        <ele>1849.338609</ele>
        <time>2026-10-03T18:42:28.990Z</time>
      </trkpt>
      <trkpt lat="20.604977" lon="-100.348488">
        <ele>1850.667744</ele>
        <time>2026-10-03T18:43:09.933Z</time>
      </trkpt>
      <trkpt lat="20.605579" lon="-100.346903">
        <ele>1852.441334</ele>
        <time>2026-10-03T18:43:53.562Z</time>
      </trkpt>
      <trkpt lat="20.605745" lon="-100.346086">
        <ele>1852.524916</ele>
        <time>2026-10-03T18:44:12.820Z</time>
      </trkpt>
      <trkpt lat="20.605767" lon="-100.345973">
        <ele>1852.524374</ele>
        <time>2026-10-03T18:44:15.219Z</time>
      </trkpt>
      <trkpt lat="20.605856" lon="-100.345350">
        <ele>1852.521416</ele>
        <time>2026-10-03T18:44:27.750Z</time>
      </trkpt>
      <trkpt lat="20.605853" lon="-100.344831">
        <ele>1852.462407</ele>
        <time>2026-10-03T18:44:37.320Z</time>
      </trkpt>
      <trkpt lat="20.605987" lon="-100.344169">
        <ele>1852.056220</ele>
        <time>2026-10-03T18:44:49.492Z</time>
      </trkpt>
      <trkpt lat="20.606267" lon="-100.343571">
        <ele>1851.655225</ele>
        <time>2026-10-03T18:45:02.237Z</time>
      </trkpt>
      <trkpt lat="20.606650" lon="-100.342999">
        <ele>1851.415701</ele>
        <time>2026-10-03T18:45:15.951Z</time>
      </trkpt>
      <trkpt lat="20.606967" lon="-100.342526">
        <ele>1851.542822</ele>
        <time>2026-10-03T18:45:27.939Z</time>
      </trkpt>
      <trkpt lat="20.607260" lon="-100.342153">
        <ele>1851.649229</ele>
        <time>2026-10-03T18:45:38.609Z</time>
      </trkpt>
      <trkpt lat="20.608410" lon="-100.340569">
        <ele>1852.544104</ele>
        <time>2026-10-03T18:46:26.090Z</time>
      </trkpt>
      <trkpt lat="20.609015" lon="-100.339215">
        <ele>1853.500553</ele>
        <time>2026-10-03T18:46:58.314Z</time>
      </trkpt>
      <trkpt lat="20.609273" lon="-100.338426">
        <ele>1854.074870</ele>
        <time>2026-10-03T18:47:19.053Z</time>
      </trkpt>
      <trkpt lat="20.609458" lon="-100.337771">
        <ele>1854.820211</ele>
        <time>2026-10-03T18:47:37.575Z</time>
      </trkpt>
      <trkpt lat="20.609558" lon="-100.337330">
        <ele>1855.358428</ele>
        <time>2026-10-03T18:47:49.675Z</time>
      </trkpt>
      <trkpt lat="20.609604" lon="-100.337110">
        <ele>1855.625810</ele>
        <time>2026-10-03T18:47:55.567Z</time>
      </trkpt>
      <trkpt lat="20.609657" lon="-100.336238">
        <ele>1856.509090</ele>
        <time>2026-10-03T18:48:16.929Z</time>
      </trkpt>
      <trkpt lat="20.609629" lon="-100.335994">
        <ele>1856.594781</ele>
        <time>2026-10-03T18:48:22.629Z</time>
      </trkpt>
      <trkpt lat="20.609344" lon="-100.334841">
        <ele>1857.010473</ele>
        <time>2026-10-03T18:48:49.452Z</time>
      </trkpt>
      <trkpt lat="20.609280" lon="-100.334238">
        <ele>1856.971824</ele>
        <time>2026-10-03T18:49:01.440Z</time>
      </trkpt>
      <trkpt lat="20.609205" lon="-100.333349">
        <ele>1856.554395</ele>
        <time>2026-10-03T18:49:18.072Z</time>
      </trkpt>
      <trkpt lat="20.609219" lon="-100.333090">
        <ele>1856.433070</ele>
        <time>2026-10-03T18:49:22.773Z</time>
      </trkpt>
      <trkpt lat="20.609271" lon="-100.332128">
        <ele>1856.294681</ele>
        <time>2026-10-03T18:49:41.720Z</time>
      </trkpt>
      <trkpt lat="20.609265" lon="-100.331326">
        <ele>1856.419930</ele>
        <time>2026-10-03T18:49:59.339Z</time>
      </trkpt>
      <trkpt lat="20.609326" lon="-100.330861">
        <ele>1856.493258</ele>
        <time>2026-10-03T18:50:10.234Z</time>
      </trkpt>
      <trkpt lat="20.609340" lon="-100.330807">
        <ele>1856.502008</ele>
        <time>2026-10-03T18:50:11.541Z</time>
      </trkpt>
      <trkpt lat="20.609438" lon="-100.330426">
        <ele>1856.612998</ele>
        <time>2026-10-03T18:50:20.345Z</time>
      </trkpt>
      <trkpt lat="20.609599" lon="-100.329976">
        <ele>1856.766946</ele>
        <time>2026-10-03T18:50:31.026Z</time>
      </trkpt>
      <trkpt lat="20.609830" lon="-100.329546">
        <ele>1856.925379</ele>
        <time>2026-10-03T18:50:42.037Z</time>
      </trkpt>
      <trkpt lat="20.609991" lon="-100.329282">
        <ele>1857.026069</ele>
        <time>2026-10-03T18:50:48.834Z</time>
      </trkpt>
      <trkpt lat="20.610161" lon="-100.329085">
        <ele>1857.111693</ele>
        <time>2026-10-03T18:50:54.551Z</time>
      </trkpt>
      <trkpt lat="20.610747" lon="-100.328533">
        <ele>1857.373591</ele>
        <time>2026-10-03T18:51:12.740Z</time>
      </trkpt>
      <trkpt lat="20.612939" lon="-100.326800">
        <ele>1858.467005</ele>
        <time>2026-10-03T18:52:17.833Z</time>
      </trkpt>
      <trkpt lat="20.613081" lon="-100.326687">
        <ele>1858.552035</ele>
        <time>2026-10-03T18:52:22.233Z</time>
      </trkpt>
      <trkpt lat="20.613905" lon="-100.326027">
        <ele>1859.214033</ele>
        <time>2026-10-03T18:52:47.711Z</time>
      </trkpt>
      <trkpt lat="20.614068" lon="-100.325897">
        <ele>1859.344785</ele>
        <time>2026-10-03T18:52:52.687Z</time>
      </trkpt>
      <trkpt lat="20.614286" lon="-100.325654">
        <ele>1859.547301</ele>
        <time>2026-10-03T18:53:00.456Z</time>
      </trkpt>
      <trkpt lat="20.614604" lon="-100.325297">
        <ele>1859.905487</ele>
        <time>2026-10-03T18:53:12.114Z</time>
      </trkpt>
      <trkpt lat="20.614753" lon="-100.325129">
        <ele>1860.099660</ele>
        <time>2026-10-03T18:53:17.695Z</time>
      </trkpt>
      <trkpt lat="20.615530" lon="-100.324242">
        <ele>1861.118894</ele>
        <time>2026-10-03T18:53:47.462Z</time>
      </trkpt>
      <trkpt lat="20.615844" lon="-100.323794">
        <ele>1861.589741</ele>
        <time>2026-10-03T18:54:00.744Z</time>
      </trkpt>
      <trkpt lat="20.616019" lon="-100.323462">
        <ele>1861.910837</ele>
        <time>2026-10-03T18:54:09.710Z</time>
      </trkpt>
      <trkpt lat="20.616161" lon="-100.323119">
        <ele>1862.226898</ele>
        <time>2026-10-03T18:54:18.509Z</time>
      </trkpt>
      <trkpt lat="20.616251" lon="-100.322707">
        <ele>1862.583423</ele>
        <time>2026-10-03T18:54:28.324Z</time>
      </trkpt>
      <trkpt lat="20.616279" lon="-100.322428">
        <ele>1862.819886</ele>
        <time>2026-10-03T18:54:34.743Z</time>
      </trkpt>
      <trkpt lat="20.616286" lon="-100.322322">
        <ele>1862.909434</ele>
        <time>2026-10-03T18:54:37.289Z</time>
      </trkpt>
      <trkpt lat="20.616427" lon="-100.321271">
        <ele>1866.401409</ele>
        <time>2026-10-03T18:55:08.539Z</time>
      </trkpt>
      <trkpt lat="20.617658" lon="-100.321766">
        <ele>1871.794795</ele>
        <time>2026-10-03T18:56:07.665Z</time>
      </trkpt>
      <trkpt lat="20.617710" lon="-100.321777">
        <ele>1872.060445</ele>
        <time>2026-10-03T18:56:10.320Z</time>
      </trkpt>
      <trkpt lat="20.617783" lon="-100.321732">
        <ele>1872.482797</ele>
        <time>2026-10-03T18:56:14.149Z</time>
      </trkpt>
      <trkpt lat="20.617869" lon="-100.321740">
        <ele>1872.915405</ele>
        <time>2026-10-03T18:56:18.422Z</time>
      </trkpt>
      <trkpt lat="20.617911" lon="-100.321702">
        <ele>1873.191211</ele>
        <time>2026-10-03T18:56:20.689Z</time>
      </trkpt>
      <trkpt lat="20.617940" lon="-100.321628">
        <ele>1873.567497</ele>
        <time>2026-10-03T18:56:24.316Z</time>
      </trkpt>
      <trkpt lat="20.617939" lon="-100.321295">
        <ele>1875.129405</ele>
        <time>2026-10-03T18:56:38.286Z</time>
      </trkpt>
      <trkpt lat="20.618126" lon="-100.320981">
        <ele>1876.875054</ele>
        <time>2026-10-03T18:56:53.080Z</time>
      </trkpt>
      <trkpt lat="20.618126" lon="-100.320981">
        <ele>1876.875054</ele>
        <time>2026-10-03T18:56:53.100Z</time>
      </trkpt>
      <trkpt lat="20.618126" lon="-100.320981">
        <ele>1876.875054</ele>
        <time>2026-10-03T18:56:53.100Z</time>
      </trkpt>
      <trkpt lat="20.618168" lon="-100.321010">
        <ele>1877.125659</ele>
        <time>2026-10-03T18:56:54.394Z</time>
      </trkpt>
      <trkpt lat="20.618171" lon="-100.321035">
        <ele>1877.243878</ele>
        <time>2026-10-03T18:56:55.005Z</time>
      </trkpt>
      <trkpt lat="20.618180" lon="-100.321056">
        <ele>1877.352211</ele>
        <time>2026-10-03T18:56:55.565Z</time>
      </trkpt>
      <trkpt lat="20.618191" lon="-100.321073">
        <ele>1877.449148</ele>
        <time>2026-10-03T18:56:56.065Z</time>
      </trkpt>
      <trkpt lat="20.618202" lon="-100.321087">
        <ele>1877.534884</ele>
        <time>2026-10-03T18:56:56.508Z</time>
      </trkpt>
      <trkpt lat="20.618213" lon="-100.321102">
        <ele>1877.624264</ele>
        <time>2026-10-03T18:56:56.970Z</time>
      </trkpt>
      <trkpt lat="20.618221" lon="-100.321116">
        <ele>1877.701200</ele>
        <time>2026-10-03T18:56:57.367Z</time>
      </trkpt>
      <trkpt lat="20.618227" lon="-100.321131">
        <ele>1877.777712</ele>
        <time>2026-10-03T18:56:57.762Z</time>
      </trkpt>
      <trkpt lat="20.618230" lon="-100.321148">
        <ele>1877.858853</ele>
        <time>2026-10-03T18:56:58.182Z</time>
      </trkpt>
      <trkpt lat="20.618229" lon="-100.321165">
        <ele>1877.938747</ele>
        <time>2026-10-03T18:56:58.594Z</time>
      </trkpt>
      <trkpt lat="20.618229" lon="-100.321183">
        <ele>1878.023174</ele>
        <time>2026-10-03T18:56:59.030Z</time>
      </trkpt>
      <trkpt lat="20.618228" lon="-100.321202">
        <ele>1878.112432</ele>
        <time>2026-10-03T18:56:59.491Z</time>
      </trkpt>
      <trkpt lat="20.618225" lon="-100.321220">
        <ele>1878.198187</ele>
        <time>2026-10-03T18:56:59.934Z</time>
      </trkpt>
      <trkpt lat="20.618221" lon="-100.321237">
        <ele>1878.280404</ele>
        <time>2026-10-03T18:57:00.359Z</time>
      </trkpt>
      <trkpt lat="20.618214" lon="-100.321255">
        <ele>1878.341971</ele>
        <time>2026-10-03T18:57:00.831Z</time>
      </trkpt>
      <trkpt lat="20.618208" lon="-100.321272">
        <ele>1878.389378</ele>
        <time>2026-10-03T18:57:01.271Z</time>
      </trkpt>
      <trkpt lat="20.618202" lon="-100.321289">
        <ele>1878.436785</ele>
        <time>2026-10-03T18:57:01.711Z</time>
      </trkpt>
      <trkpt lat="20.618196" lon="-100.321306">
        <ele>1878.484191</ele>
        <time>2026-10-03T18:57:02.151Z</time>
      </trkpt>
      <trkpt lat="20.618190" lon="-100.321322">
        <ele>1878.529166</ele>
        <time>2026-10-03T18:57:02.569Z</time>
      </trkpt>
      <trkpt lat="20.618186" lon="-100.321339">
        <ele>1878.574904</ele>
        <time>2026-10-03T18:57:02.994Z</time>
      </trkpt>
      <trkpt lat="20.618183" lon="-100.321355">
        <ele>1878.617482</ele>
        <time>2026-10-03T18:57:03.389Z</time>
      </trkpt>
      <trkpt lat="20.618182" lon="-100.321373">
        <ele>1878.664532</ele>
        <time>2026-10-03T18:57:03.826Z</time>
      </trkpt>
      <trkpt lat="20.618183" lon="-100.321391">
        <ele>1878.711582</ele>
        <time>2026-10-03T18:57:04.263Z</time>
      </trkpt>
      <trkpt lat="20.618185" lon="-100.321409">
        <ele>1878.758878</ele>
        <time>2026-10-03T18:57:04.702Z</time>
      </trkpt>
      <trkpt lat="20.618187" lon="-100.321427">
        <ele>1878.806175</ele>
        <time>2026-10-03T18:57:05.141Z</time>
      </trkpt>
      <trkpt lat="20.618190" lon="-100.321445">
        <ele>1878.853881</ele>
        <time>2026-10-03T18:57:05.584Z</time>
      </trkpt>
      <trkpt lat="20.618196" lon="-100.321461">
        <ele>1878.898856</ele>
        <time>2026-10-03T18:57:06.001Z</time>
      </trkpt>
      <trkpt lat="20.618203" lon="-100.321477">
        <ele>1878.944940</ele>
        <time>2026-10-03T18:57:06.429Z</time>
      </trkpt>
      <trkpt lat="20.618211" lon="-100.321492">
        <ele>1878.989988</ele>
        <time>2026-10-03T18:57:06.847Z</time>
      </trkpt>
      <trkpt lat="20.618220" lon="-100.321506">
        <ele>1879.034304</ele>
        <time>2026-10-03T18:57:07.259Z</time>
      </trkpt>
      <trkpt lat="20.618231" lon="-100.321521">
        <ele>1879.084027</ele>
        <time>2026-10-03T18:57:07.720Z</time>
      </trkpt>
      <trkpt lat="20.618242" lon="-100.321535">
        <ele>1879.131722</ele>
        <time>2026-10-03T18:57:08.163Z</time>
      </trkpt>
      <trkpt lat="20.618253" lon="-100.321549">
        <ele>1879.179417</ele>
        <time>2026-10-03T18:57:08.606Z</time>
      </trkpt>
      <trkpt lat="20.618265" lon="-100.321564">
        <ele>1879.230906</ele>
        <time>2026-10-03T18:57:09.084Z</time>
      </trkpt>
      <trkpt lat="20.618278" lon="-100.321581">
        <ele>1879.288187</ele>
        <time>2026-10-03T18:57:09.615Z</time>
      </trkpt>
      <trkpt lat="20.618294" lon="-100.321599">
        <ele>1879.352960</ele>
        <time>2026-10-03T18:57:10.217Z</time>
      </trkpt>
      <trkpt lat="20.618313" lon="-100.321615">
        <ele>1879.420403</ele>
        <time>2026-10-03T18:57:10.843Z</time>
      </trkpt>
      <trkpt lat="20.618332" lon="-100.321630">
        <ele>1879.486264</ele>
        <time>2026-10-03T18:57:11.454Z</time>
      </trkpt>
      <trkpt lat="20.618351" lon="-100.321642">
        <ele>1879.547795</ele>
        <time>2026-10-03T18:57:12.025Z</time>
      </trkpt>
      <trkpt lat="20.618368" lon="-100.321651">
        <ele>1879.600688</ele>
        <time>2026-10-03T18:57:12.516Z</time>
      </trkpt>
      <trkpt lat="20.618384" lon="-100.321659">
        <ele>1879.649936</ele>
        <time>2026-10-03T18:57:12.974Z</time>
      </trkpt>
      <trkpt lat="20.618398" lon="-100.321664">
        <ele>1879.691088</ele>
        <time>2026-10-03T18:57:13.356Z</time>
      </trkpt>
      <trkpt lat="20.618415" lon="-100.321668">
        <ele>1879.739617</ele>
        <time>2026-10-03T18:57:13.806Z</time>
      </trkpt>
      <trkpt lat="20.618433" lon="-100.321672">
        <ele>1879.790873</ele>
        <time>2026-10-03T18:57:14.282Z</time>
      </trkpt>
      <trkpt lat="20.618452" lon="-100.321675">
        <ele>1879.844417</ele>
        <time>2026-10-03T18:57:14.779Z</time>
      </trkpt>
      <trkpt lat="20.618473" lon="-100.321680">
        <ele>1879.904398</ele>
        <time>2026-10-03T18:57:15.336Z</time>
      </trkpt>
      <trkpt lat="20.618494" lon="-100.321685">
        <ele>1879.964379</ele>
        <time>2026-10-03T18:57:15.892Z</time>
      </trkpt>
      <trkpt lat="20.618513" lon="-100.321692">
        <ele>1880.020408</ele>
        <time>2026-10-03T18:57:16.412Z</time>
      </trkpt>
      <trkpt lat="20.618530" lon="-100.321700">
        <ele>1880.072195</ele>
        <time>2026-10-03T18:57:16.893Z</time>
      </trkpt>
      <trkpt lat="20.618546" lon="-100.321709">
        <ele>1880.122605</ele>
        <time>2026-10-03T18:57:17.361Z</time>
      </trkpt>
      <trkpt lat="20.618560" lon="-100.321718">
        <ele>1880.168155</ele>
        <time>2026-10-03T18:57:17.784Z</time>
      </trkpt>
      <trkpt lat="20.618571" lon="-100.321725">
        <ele>1880.203848</ele>
        <time>2026-10-03T18:57:18.115Z</time>
      </trkpt>
      <trkpt lat="20.618579" lon="-100.321728">
        <ele>1880.227485</ele>
        <time>2026-10-03T18:57:18.335Z</time>
      </trkpt>
      <trkpt lat="20.618583" lon="-100.321728">
        <ele>1880.238636</ele>
        <time>2026-10-03T18:57:18.438Z</time>
      </trkpt>
      <trkpt lat="20.618584" lon="-100.321728">
        <ele>1880.241424</ele>
        <time>2026-10-03T18:57:18.464Z</time>
      </trkpt>
      <trkpt lat="20.618584" lon="-100.321727">
        <ele>1880.244033</ele>
        <time>2026-10-03T18:57:18.488Z</time>
      </trkpt>
      <trkpt lat="20.618582" lon="-100.321726">
        <ele>1880.250189</ele>
        <time>2026-10-03T18:57:18.545Z</time>
      </trkpt>
      <trkpt lat="20.618580" lon="-100.321725">
        <ele>1880.256345</ele>
        <time>2026-10-03T18:57:18.602Z</time>
      </trkpt>
      <trkpt lat="20.618586" lon="-100.321727">
        <ele>1880.273867</ele>
        <time>2026-10-03T18:57:18.765Z</time>
      </trkpt>
      <trkpt lat="20.618593" lon="-100.321731">
        <ele>1880.295998</ele>
        <time>2026-10-03T18:57:18.970Z</time>
      </trkpt>
      <trkpt lat="20.618604" lon="-100.321734">
        <ele>1880.327648</ele>
        <time>2026-10-03T18:57:19.264Z</time>
      </trkpt>
      <trkpt lat="20.618618" lon="-100.321736">
        <ele>1880.367025</ele>
        <time>2026-10-03T18:57:19.630Z</time>
      </trkpt>
      <trkpt lat="20.618634" lon="-100.321735">
        <ele>1880.411707</ele>
        <time>2026-10-03T18:57:20.045Z</time>
      </trkpt>
      <trkpt lat="20.618653" lon="-100.321731">
        <ele>1880.465694</ele>
        <time>2026-10-03T18:57:20.545Z</time>
      </trkpt>
      <trkpt lat="20.618673" lon="-100.321725">
        <ele>1880.523607</ele>
        <time>2026-10-03T18:57:21.083Z</time>
      </trkpt>
      <trkpt lat="20.618694" lon="-100.321717">
        <ele>1880.585762</ele>
        <time>2026-10-03T18:57:21.660Z</time>
      </trkpt>
      <trkpt lat="20.618713" lon="-100.321706">
        <ele>1880.646008</ele>
        <time>2026-10-03T18:57:22.219Z</time>
      </trkpt>
      <trkpt lat="20.618730" lon="-100.321692">
        <ele>1880.705845</ele>
        <time>2026-10-03T18:57:22.774Z</time>
      </trkpt>
      <trkpt lat="20.618742" lon="-100.321676">
        <ele>1880.759344</ele>
        <time>2026-10-03T18:57:23.271Z</time>
      </trkpt>
      <trkpt lat="20.618750" lon="-100.321660">
        <ele>1880.806676</ele>
        <time>2026-10-03T18:57:23.710Z</time>
      </trkpt>
      <trkpt lat="20.618756" lon="-100.321642">
        <ele>1880.856533</ele>
        <time>2026-10-03T18:57:24.173Z</time>
      </trkpt>
      <trkpt lat="20.618757" lon="-100.321625">
        <ele>1880.900978</ele>
        <time>2026-10-03T18:57:24.585Z</time>
      </trkpt>
      <trkpt lat="20.618757" lon="-100.321607">
        <ele>1880.947945</ele>
        <time>2026-10-03T18:57:25.021Z</time>
      </trkpt>
      <trkpt lat="20.618757" lon="-100.321590">
        <ele>1880.992302</ele>
        <time>2026-10-03T18:57:25.433Z</time>
      </trkpt>
      <trkpt lat="20.618756" lon="-100.321574">
        <ele>1881.034143</ele>
        <time>2026-10-03T18:57:25.821Z</time>
      </trkpt>
      <trkpt lat="20.618757" lon="-100.321556">
        <ele>1881.081193</ele>
        <time>2026-10-03T18:57:26.258Z</time>
      </trkpt>
      <trkpt lat="20.618757" lon="-100.321538">
        <ele>1881.128160</ele>
        <time>2026-10-03T18:57:26.693Z</time>
      </trkpt>
      <trkpt lat="20.618759" lon="-100.321519">
        <ele>1881.178048</ele>
        <time>2026-10-03T18:57:27.157Z</time>
      </trkpt>
      <trkpt lat="20.618762" lon="-100.321501">
        <ele>1881.225754</ele>
        <time>2026-10-03T18:57:27.599Z</time>
      </trkpt>
      <trkpt lat="20.618765" lon="-100.321482">
        <ele>1881.276031</ele>
        <time>2026-10-03T18:57:28.066Z</time>
      </trkpt>
      <trkpt lat="20.618769" lon="-100.321464">
        <ele>1881.324303</ele>
        <time>2026-10-03T18:57:28.514Z</time>
      </trkpt>
      <trkpt lat="20.618772" lon="-100.321445">
        <ele>1881.374580</ele>
        <time>2026-10-03T18:57:28.980Z</time>
      </trkpt>
      <trkpt lat="20.618776" lon="-100.321426">
        <ele>1881.425395</ele>
        <time>2026-10-03T18:57:29.452Z</time>
      </trkpt>
      <trkpt lat="20.618780" lon="-100.321406">
        <ele>1881.478758</ele>
        <time>2026-10-03T18:57:29.947Z</time>
      </trkpt>
      <trkpt lat="20.618784" lon="-100.321386">
        <ele>1881.532122</ele>
        <time>2026-10-03T18:57:30.442Z</time>
      </trkpt>
      <trkpt lat="20.618790" lon="-100.321368">
        <ele>1881.581978</ele>
        <time>2026-10-03T18:57:30.905Z</time>
      </trkpt>
      <trkpt lat="20.618796" lon="-100.321349">
        <ele>1881.634300</ele>
        <time>2026-10-03T18:57:31.390Z</time>
      </trkpt>
      <trkpt lat="20.618803" lon="-100.321331">
        <ele>1881.685160</ele>
        <time>2026-10-03T18:57:31.862Z</time>
      </trkpt>
      <trkpt lat="20.618810" lon="-100.321313">
        <ele>1881.736020</ele>
        <time>2026-10-03T18:57:32.334Z</time>
      </trkpt>
      <trkpt lat="20.618817" lon="-100.321295">
        <ele>1881.786879</ele>
        <time>2026-10-03T18:57:32.806Z</time>
      </trkpt>
      <trkpt lat="20.618824" lon="-100.321276">
        <ele>1881.840158</ele>
        <time>2026-10-03T18:57:33.300Z</time>
      </trkpt>
      <trkpt lat="20.618831" lon="-100.321259">
        <ele>1881.888619</ele>
        <time>2026-10-03T18:57:33.750Z</time>
      </trkpt>
      <trkpt lat="20.618839" lon="-100.321243">
        <ele>1881.935951</ele>
        <time>2026-10-03T18:57:34.189Z</time>
      </trkpt>
      <trkpt lat="20.618845" lon="-100.321227">
        <ele>1881.980925</ele>
        <time>2026-10-03T18:57:34.606Z</time>
      </trkpt>
      <trkpt lat="20.618848" lon="-100.321211">
        <ele>1882.023503</ele>
        <time>2026-10-03T18:57:35.002Z</time>
      </trkpt>
      <trkpt lat="20.618852" lon="-100.321194">
        <ele>1882.069241</ele>
        <time>2026-10-03T18:57:35.426Z</time>
      </trkpt>
      <trkpt lat="20.618856" lon="-100.321176">
        <ele>1882.117513</ele>
        <time>2026-10-03T18:57:35.874Z</time>
      </trkpt>
      <trkpt lat="20.618859" lon="-100.321157">
        <ele>1882.167790</ele>
        <time>2026-10-03T18:57:36.340Z</time>
      </trkpt>
      <trkpt lat="20.618862" lon="-100.321138">
        <ele>1882.218067</ele>
        <time>2026-10-03T18:57:36.807Z</time>
      </trkpt>
      <trkpt lat="20.618866" lon="-100.321119">
        <ele>1882.268881</ele>
        <time>2026-10-03T18:57:37.278Z</time>
      </trkpt>
      <trkpt lat="20.618872" lon="-100.321100">
        <ele>1882.321203</ele>
        <time>2026-10-03T18:57:37.764Z</time>
      </trkpt>
      <trkpt lat="20.618878" lon="-100.321083">
        <ele>1882.368610</ele>
        <time>2026-10-03T18:57:38.204Z</time>
      </trkpt>
      <trkpt lat="20.618887" lon="-100.321066">
        <ele>1882.419572</ele>
        <time>2026-10-03T18:57:38.676Z</time>
      </trkpt>
      <trkpt lat="20.618896" lon="-100.321050">
        <ele>1882.468280</ele>
        <time>2026-10-03T18:57:39.128Z</time>
      </trkpt>
      <trkpt lat="20.618908" lon="-100.321034">
        <ele>1882.521778</ele>
        <time>2026-10-03T18:57:39.625Z</time>
      </trkpt>
      <trkpt lat="20.618919" lon="-100.321018">
        <ele>1882.573579</ele>
        <time>2026-10-03T18:57:40.106Z</time>
      </trkpt>
      <trkpt lat="20.618929" lon="-100.321001">
        <ele>1882.625970</ele>
        <time>2026-10-03T18:57:40.592Z</time>
      </trkpt>
      <trkpt lat="20.618940" lon="-100.320984">
        <ele>1882.679896</ele>
        <time>2026-10-03T18:57:41.092Z</time>
      </trkpt>
      <trkpt lat="20.618950" lon="-100.320967">
        <ele>1882.732287</ele>
        <time>2026-10-03T18:57:41.578Z</time>
      </trkpt>
      <trkpt lat="20.618960" lon="-100.320950">
        <ele>1882.784678</ele>
        <time>2026-10-03T18:57:42.064Z</time>
      </trkpt>
      <trkpt lat="20.618970" lon="-100.320932">
        <ele>1882.839295</ele>
        <time>2026-10-03T18:57:42.571Z</time>
      </trkpt>
      <trkpt lat="20.618978" lon="-100.320914">
        <ele>1882.891288</ele>
        <time>2026-10-03T18:57:43.053Z</time>
      </trkpt>
      <trkpt lat="20.618985" lon="-100.320896">
        <ele>1882.942148</ele>
        <time>2026-10-03T18:57:43.525Z</time>
      </trkpt>
      <trkpt lat="20.618992" lon="-100.320877">
        <ele>1882.995427</ele>
        <time>2026-10-03T18:57:44.019Z</time>
      </trkpt>
      <trkpt lat="20.618999" lon="-100.320857">
        <ele>1883.051142</ele>
        <time>2026-10-03T18:57:44.536Z</time>
      </trkpt>
      <trkpt lat="20.619007" lon="-100.320838">
        <ele>1883.105503</ele>
        <time>2026-10-03T18:57:45.041Z</time>
      </trkpt>
      <trkpt lat="20.619015" lon="-100.320821">
        <ele>1883.155152</ele>
        <time>2026-10-03T18:57:45.501Z</time>
      </trkpt>
      <trkpt lat="20.619023" lon="-100.320804">
        <ele>1883.204801</ele>
        <time>2026-10-03T18:57:45.962Z</time>
      </trkpt>
      <trkpt lat="20.619032" lon="-100.320789">
        <ele>1883.251292</ele>
        <time>2026-10-03T18:57:46.393Z</time>
      </trkpt>
      <trkpt lat="20.619042" lon="-100.320773">
        <ele>1883.301492</ele>
        <time>2026-10-03T18:57:46.859Z</time>
      </trkpt>
      <trkpt lat="20.619051" lon="-100.320757">
        <ele>1883.336593</ele>
        <time>2026-10-03T18:57:47.311Z</time>
      </trkpt>
      <trkpt lat="20.619061" lon="-100.320740">
        <ele>1883.366225</ele>
        <time>2026-10-03T18:57:47.797Z</time>
      </trkpt>
      <trkpt lat="20.619069" lon="-100.320722">
        <ele>1883.395632</ele>
        <time>2026-10-03T18:57:48.279Z</time>
      </trkpt>
      <trkpt lat="20.619076" lon="-100.320704">
        <ele>1883.424399</ele>
        <time>2026-10-03T18:57:48.751Z</time>
      </trkpt>
      <trkpt lat="20.619082" lon="-100.320687">
        <ele>1883.451212</ele>
        <time>2026-10-03T18:57:49.191Z</time>
      </trkpt>
      <trkpt lat="20.619089" lon="-100.320670">
        <ele>1883.478621</ele>
        <time>2026-10-03T18:57:49.641Z</time>
      </trkpt>
      <trkpt lat="20.619096" lon="-100.320654">
        <ele>1883.504687</ele>
        <time>2026-10-03T18:57:50.068Z</time>
      </trkpt>
      <trkpt lat="20.619101" lon="-100.320637">
        <ele>1883.530985</ele>
        <time>2026-10-03T18:57:50.499Z</time>
      </trkpt>
      <trkpt lat="20.619107" lon="-100.320619">
        <ele>1883.559184</ele>
        <time>2026-10-03T18:57:50.962Z</time>
      </trkpt>
      <trkpt lat="20.619114" lon="-100.320600">
        <ele>1883.589318</ele>
        <time>2026-10-03T18:57:51.456Z</time>
      </trkpt>
      <trkpt lat="20.619122" lon="-100.320580">
        <ele>1883.621417</ele>
        <time>2026-10-03T18:57:51.983Z</time>
      </trkpt>
      <trkpt lat="20.619130" lon="-100.320559">
        <ele>1883.654878</ele>
        <time>2026-10-03T18:57:52.532Z</time>
      </trkpt>
      <trkpt lat="20.619138" lon="-100.320538">
        <ele>1883.688338</ele>
        <time>2026-10-03T18:57:53.080Z</time>
      </trkpt>
      <trkpt lat="20.619148" lon="-100.320518">
        <ele>1883.721802</ele>
        <time>2026-10-03T18:57:53.629Z</time>
      </trkpt>
      <trkpt lat="20.619157" lon="-100.320498">
        <ele>1883.754553</ele>
        <time>2026-10-03T18:57:54.167Z</time>
      </trkpt>
      <trkpt lat="20.619166" lon="-100.320478">
        <ele>1883.787303</ele>
        <time>2026-10-03T18:57:54.704Z</time>
      </trkpt>
      <trkpt lat="20.619177" lon="-100.320460">
        <ele>1883.819029</ele>
        <time>2026-10-03T18:57:55.224Z</time>
      </trkpt>
      <trkpt lat="20.619188" lon="-100.320443">
        <ele>1883.849529</ele>
        <time>2026-10-03T18:57:55.725Z</time>
      </trkpt>
      <trkpt lat="20.619200" lon="-100.320426">
        <ele>1883.880953</ele>
        <time>2026-10-03T18:57:56.240Z</time>
      </trkpt>
      <trkpt lat="20.619212" lon="-100.320410">
        <ele>1883.911212</ele>
        <time>2026-10-03T18:57:56.736Z</time>
      </trkpt>
      <trkpt lat="20.619224" lon="-100.320393">
        <ele>1883.942636</ele>
        <time>2026-10-03T18:57:57.252Z</time>
      </trkpt>
      <trkpt lat="20.619236" lon="-100.320375">
        <ele>1883.975251</ele>
        <time>2026-10-03T18:57:57.787Z</time>
      </trkpt>
      <trkpt lat="20.619248" lon="-100.320359">
        <ele>1884.005510</ele>
        <time>2026-10-03T18:57:58.283Z</time>
      </trkpt>
      <trkpt lat="20.619260" lon="-100.320344">
        <ele>1884.034631</ele>
        <time>2026-10-03T18:57:58.761Z</time>
      </trkpt>
      <trkpt lat="20.619272" lon="-100.320327">
        <ele>1884.066055</ele>
        <time>2026-10-03T18:57:59.276Z</time>
      </trkpt>
      <trkpt lat="20.619283" lon="-100.320310">
        <ele>1884.096556</ele>
        <time>2026-10-03T18:57:59.776Z</time>
      </trkpt>
      <trkpt lat="20.619293" lon="-100.320293">
        <ele>1884.126188</ele>
        <time>2026-10-03T18:58:00.262Z</time>
      </trkpt>
      <trkpt lat="20.619302" lon="-100.320274">
        <ele>1884.157615</ele>
        <time>2026-10-03T18:58:00.778Z</time>
      </trkpt>
      <trkpt lat="20.619312" lon="-100.320255">
        <ele>1884.189785</ele>
        <time>2026-10-03T18:58:01.305Z</time>
      </trkpt>
      <trkpt lat="20.619322" lon="-100.320239">
        <ele>1884.218178</ele>
        <time>2026-10-03T18:58:01.771Z</time>
      </trkpt>
      <trkpt lat="20.619331" lon="-100.320222">
        <ele>1884.247003</ele>
        <time>2026-10-03T18:58:02.244Z</time>
      </trkpt>
      <trkpt lat="20.619340" lon="-100.320204">
        <ele>1884.277120</ele>
        <time>2026-10-03T18:58:02.738Z</time>
      </trkpt>
      <trkpt lat="20.619351" lon="-100.320186">
        <ele>1884.308846</ele>
        <time>2026-10-03T18:58:03.258Z</time>
      </trkpt>
      <trkpt lat="20.619361" lon="-100.320166">
        <ele>1884.342309</ele>
        <time>2026-10-03T18:58:03.807Z</time>
      </trkpt>
      <trkpt lat="20.619371" lon="-100.320147">
        <ele>1884.374479</ele>
        <time>2026-10-03T18:58:04.335Z</time>
      </trkpt>
      <trkpt lat="20.619381" lon="-100.320128">
        <ele>1884.406649</ele>
        <time>2026-10-03T18:58:04.862Z</time>
      </trkpt>
      <trkpt lat="20.619392" lon="-100.320107">
        <ele>1884.442164</ele>
        <time>2026-10-03T18:58:05.445Z</time>
      </trkpt>
      <trkpt lat="20.619403" lon="-100.320085">
        <ele>1884.478974</ele>
        <time>2026-10-03T18:58:06.049Z</time>
      </trkpt>
      <trkpt lat="20.619415" lon="-100.320063">
        <ele>1884.516553</ele>
        <time>2026-10-03T18:58:06.665Z</time>
      </trkpt>
      <trkpt lat="20.619430" lon="-100.320040">
        <ele>1884.557924</ele>
        <time>2026-10-03T18:58:07.344Z</time>
      </trkpt>
      <trkpt lat="20.619443" lon="-100.320018">
        <ele>1884.596322</ele>
        <time>2026-10-03T18:58:07.973Z</time>
      </trkpt>
      <trkpt lat="20.619456" lon="-100.319996">
        <ele>1884.634719</ele>
        <time>2026-10-03T18:58:08.603Z</time>
      </trkpt>
      <trkpt lat="20.619468" lon="-100.319976">
        <ele>1884.669779</ele>
        <time>2026-10-03T18:58:09.178Z</time>
      </trkpt>
      <trkpt lat="20.619479" lon="-100.319955">
        <ele>1884.705294</ele>
        <time>2026-10-03T18:58:09.761Z</time>
      </trkpt>
      <trkpt lat="20.619491" lon="-100.319934">
        <ele>1884.741606</ele>
        <time>2026-10-03T18:58:10.356Z</time>
      </trkpt>
      <trkpt lat="20.619506" lon="-100.319913">
        <ele>1884.780592</ele>
        <time>2026-10-03T18:58:10.996Z</time>
      </trkpt>
      <trkpt lat="20.619522" lon="-100.319894">
        <ele>1884.818311</ele>
        <time>2026-10-03T18:58:11.614Z</time>
      </trkpt>
      <trkpt lat="20.619537" lon="-100.319874">
        <ele>1884.856135</ele>
        <time>2026-10-03T18:58:12.235Z</time>
      </trkpt>
      <trkpt lat="20.619551" lon="-100.319855">
        <ele>1884.891822</ele>
        <time>2026-10-03T18:58:12.820Z</time>
      </trkpt>
      <trkpt lat="20.619565" lon="-100.319836">
        <ele>1884.927509</ele>
        <time>2026-10-03T18:58:13.405Z</time>
      </trkpt>
      <trkpt lat="20.619580" lon="-100.319817">
        <ele>1884.964192</ele>
        <time>2026-10-03T18:58:14.007Z</time>
      </trkpt>
      <trkpt lat="20.619597" lon="-100.319797">
        <ele>1885.004064</ele>
        <time>2026-10-03T18:58:14.661Z</time>
      </trkpt>
      <trkpt lat="20.619614" lon="-100.319777">
        <ele>1885.043936</ele>
        <time>2026-10-03T18:58:15.315Z</time>
      </trkpt>
      <trkpt lat="20.619633" lon="-100.319754">
        <ele>1885.089209</ele>
        <time>2026-10-03T18:58:16.057Z</time>
      </trkpt>
      <trkpt lat="20.619651" lon="-100.319729">
        <ele>1885.135758</ele>
        <time>2026-10-03T18:58:16.821Z</time>
      </trkpt>
      <trkpt lat="20.619670" lon="-100.319702">
        <ele>1885.185611</ele>
        <time>2026-10-03T18:58:17.639Z</time>
      </trkpt>
      <trkpt lat="20.619690" lon="-100.319673">
        <ele>1885.238773</ele>
        <time>2026-10-03T18:58:18.510Z</time>
      </trkpt>
      <trkpt lat="20.619709" lon="-100.319644">
        <ele>1885.291016</ele>
        <time>2026-10-03T18:58:19.367Z</time>
      </trkpt>
      <trkpt lat="20.619727" lon="-100.319616">
        <ele>1885.341146</ele>
        <time>2026-10-03T18:58:20.190Z</time>
      </trkpt>
      <trkpt lat="20.619744" lon="-100.319590">
        <ele>1885.387953</ele>
        <time>2026-10-03T18:58:20.957Z</time>
      </trkpt>
      <trkpt lat="20.619760" lon="-100.319567">
        <ele>1885.430246</ele>
        <time>2026-10-03T18:58:21.651Z</time>
      </trkpt>
      <trkpt lat="20.619775" lon="-100.319543">
        <ele>1885.472836</ele>
        <time>2026-10-03T18:58:22.349Z</time>
      </trkpt>
      <trkpt lat="20.619791" lon="-100.319518">
        <ele>1885.517532</ele>
        <time>2026-10-03T18:58:23.082Z</time>
      </trkpt>
      <trkpt lat="20.619808" lon="-100.319492">
        <ele>1885.564339</ele>
        <time>2026-10-03T18:58:23.850Z</time>
      </trkpt>
      <trkpt lat="20.619826" lon="-100.319466">
        <ele>1885.612066</ele>
        <time>2026-10-03T18:58:24.633Z</time>
      </trkpt>
      <trkpt lat="20.619846" lon="-100.319440">
        <ele>1885.661733</ele>
        <time>2026-10-03T18:58:25.447Z</time>
      </trkpt>
      <trkpt lat="20.619864" lon="-100.319415">
        <ele>1885.708282</ele>
        <time>2026-10-03T18:58:26.211Z</time>
      </trkpt>
      <trkpt lat="20.619879" lon="-100.319392">
        <ele>1885.749653</ele>
        <time>2026-10-03T18:58:26.889Z</time>
      </trkpt>
      <trkpt lat="20.619894" lon="-100.319369">
        <ele>1885.791024</ele>
        <time>2026-10-03T18:58:27.568Z</time>
      </trkpt>
      <trkpt lat="20.619908" lon="-100.319348">
        <ele>1885.829074</ele>
        <time>2026-10-03T18:58:28.192Z</time>
      </trkpt>
      <trkpt lat="20.619921" lon="-100.319326">
        <ele>1885.867471</ele>
        <time>2026-10-03T18:58:28.822Z</time>
      </trkpt>
      <trkpt lat="20.619934" lon="-100.319302">
        <ele>1885.908394</ele>
        <time>2026-10-03T18:58:29.493Z</time>
      </trkpt>
      <trkpt lat="20.619947" lon="-100.319279">
        <ele>1885.948047</ele>
        <time>2026-10-03T18:58:30.143Z</time>
      </trkpt>
      <trkpt lat="20.619961" lon="-100.319255">
        <ele>1885.989782</ele>
        <time>2026-10-03T18:58:30.828Z</time>
      </trkpt>
      <trkpt lat="20.619978" lon="-100.319232">
        <ele>1886.033034</ele>
        <time>2026-10-03T18:58:31.537Z</time>
      </trkpt>
      <trkpt lat="20.619998" lon="-100.319208">
        <ele>1886.080458</ele>
        <time>2026-10-03T18:58:32.315Z</time>
      </trkpt>
      <trkpt lat="20.620017" lon="-100.319184">
        <ele>1886.126849</ele>
        <time>2026-10-03T18:58:33.076Z</time>
      </trkpt>
      <trkpt lat="20.620037" lon="-100.319160">
        <ele>1886.173497</ele>
        <time>2026-10-03T18:58:33.854Z</time>
      </trkpt>
      <trkpt lat="20.620057" lon="-100.319136">
        <ele>1886.219012</ele>
        <time>2026-10-03T18:58:34.631Z</time>
      </trkpt>
      <trkpt lat="20.620078" lon="-100.319112">
        <ele>1886.265548</ele>
        <time>2026-10-03T18:58:35.427Z</time>
      </trkpt>
      <trkpt lat="20.620099" lon="-100.319089">
        <ele>1886.311059</ele>
        <time>2026-10-03T18:58:36.204Z</time>
      </trkpt>
      <trkpt lat="20.620118" lon="-100.319064">
        <ele>1886.356673</ele>
        <time>2026-10-03T18:58:36.984Z</time>
      </trkpt>
      <trkpt lat="20.620138" lon="-100.319038">
        <ele>1886.404342</ele>
        <time>2026-10-03T18:58:37.798Z</time>
      </trkpt>
      <trkpt lat="20.620160" lon="-100.319009">
        <ele>1886.457216</ele>
        <time>2026-10-03T18:58:38.702Z</time>
      </trkpt>
      <trkpt lat="20.620185" lon="-100.318976">
        <ele>1886.517350</ele>
        <time>2026-10-03T18:58:39.729Z</time>
      </trkpt>
      <trkpt lat="20.620213" lon="-100.318939">
        <ele>1886.584745</ele>
        <time>2026-10-03T18:58:40.881Z</time>
      </trkpt>
      <trkpt lat="20.620244" lon="-100.318896">
        <ele>1886.661624</ele>
        <time>2026-10-03T18:58:42.195Z</time>
      </trkpt>
      <trkpt lat="20.620278" lon="-100.318850">
        <ele>1886.744645</ele>
        <time>2026-10-03T18:58:43.614Z</time>
      </trkpt>
      <trkpt lat="20.620314" lon="-100.318801">
        <ele>1886.832878</ele>
        <time>2026-10-03T18:58:45.121Z</time>
      </trkpt>
      <trkpt lat="20.620353" lon="-100.318753">
        <ele>1886.922910</ele>
        <time>2026-10-03T18:58:46.660Z</time>
      </trkpt>
      <trkpt lat="20.620397" lon="-100.318707">
        <ele>1887.016071</ele>
        <time>2026-10-03T18:58:48.252Z</time>
      </trkpt>
      <trkpt lat="20.620447" lon="-100.318666">
        <ele>1887.111454</ele>
        <time>2026-10-03T18:58:49.882Z</time>
      </trkpt>
      <trkpt lat="20.620501" lon="-100.318625">
        <ele>1887.211707</ele>
        <time>2026-10-03T18:58:51.595Z</time>
      </trkpt>
      <trkpt lat="20.620553" lon="-100.318582">
        <ele>1887.311217</ele>
        <time>2026-10-03T18:58:53.295Z</time>
      </trkpt>
      <trkpt lat="20.620601" lon="-100.318535">
        <ele>1887.409748</ele>
        <time>2026-10-03T18:58:54.979Z</time>
      </trkpt>
      <trkpt lat="20.620648" lon="-100.318487">
        <ele>1887.508142</ele>
        <time>2026-10-03T18:58:56.661Z</time>
      </trkpt>
      <trkpt lat="20.620696" lon="-100.318442">
        <ele>1887.604782</ele>
        <time>2026-10-03T18:58:58.312Z</time>
      </trkpt>
      <trkpt lat="20.620750" lon="-100.318400">
        <ele>1887.705862</ele>
        <time>2026-10-03T18:59:00.039Z</time>
      </trkpt>
      <trkpt lat="20.620807" lon="-100.318359">
        <ele>1887.809850</ele>
        <time>2026-10-03T18:59:01.816Z</time>
      </trkpt>
      <trkpt lat="20.620861" lon="-100.318314">
        <ele>1887.913488</ele>
        <time>2026-10-03T18:59:03.588Z</time>
      </trkpt>
      <trkpt lat="20.620910" lon="-100.318267">
        <ele>1888.013139</ele>
        <time>2026-10-03T18:59:05.291Z</time>
      </trkpt>
      <trkpt lat="20.620953" lon="-100.318219">
        <ele>1888.107250</ele>
        <time>2026-10-03T18:59:06.899Z</time>
      </trkpt>
      <trkpt lat="20.620993" lon="-100.318169">
        <ele>1888.200416</ele>
        <time>2026-10-03T18:59:08.491Z</time>
      </trkpt>
      <trkpt lat="20.621030" lon="-100.318120">
        <ele>1888.289591</ele>
        <time>2026-10-03T18:59:10.015Z</time>
      </trkpt>
      <trkpt lat="20.621065" lon="-100.318074">
        <ele>1888.373558</ele>
        <time>2026-10-03T18:59:11.450Z</time>
      </trkpt>
      <trkpt lat="20.621100" lon="-100.318034">
        <ele>1888.451118</ele>
        <time>2026-10-03T18:59:12.775Z</time>
      </trkpt>
      <trkpt lat="20.621139" lon="-100.318003">
        <ele>1888.524680</ele>
        <time>2026-10-03T18:59:14.032Z</time>
      </trkpt>
      <trkpt lat="20.621181" lon="-100.317976">
        <ele>1888.598858</ele>
        <time>2026-10-03T18:59:15.300Z</time>
      </trkpt>
      <trkpt lat="20.621224" lon="-100.317948">
        <ele>1888.675065</ele>
        <time>2026-10-03T18:59:16.602Z</time>
      </trkpt>
      <trkpt lat="20.621266" lon="-100.317921">
        <ele>1888.749244</ele>
        <time>2026-10-03T18:59:17.870Z</time>
      </trkpt>
      <trkpt lat="20.621309" lon="-100.317894">
        <ele>1888.824723</ele>
        <time>2026-10-03T18:59:19.160Z</time>
      </trkpt>
      <trkpt lat="20.621349" lon="-100.317864">
        <ele>1888.913149</ele>
        <time>2026-10-03T18:59:20.424Z</time>
      </trkpt>
      <trkpt lat="20.621390" lon="-100.317837">
        <ele>1889.034616</ele>
        <time>2026-10-03T18:59:21.670Z</time>
      </trkpt>
      <trkpt lat="20.621432" lon="-100.317810">
        <ele>1889.158236</ele>
        <time>2026-10-03T18:59:22.937Z</time>
      </trkpt>
      <trkpt lat="20.621476" lon="-100.317784">
        <ele>1889.285046</ele>
        <time>2026-10-03T18:59:24.238Z</time>
      </trkpt>
      <trkpt lat="20.621521" lon="-100.317758">
        <ele>1889.414069</ele>
        <time>2026-10-03T18:59:25.561Z</time>
      </trkpt>
      <trkpt lat="20.621566" lon="-100.317732">
        <ele>1889.543091</ele>
        <time>2026-10-03T18:59:26.884Z</time>
      </trkpt>
      <trkpt lat="20.621612" lon="-100.317706">
        <ele>1889.674338</ele>
        <time>2026-10-03T18:59:28.230Z</time>
      </trkpt>
      <trkpt lat="20.621655" lon="-100.317677">
        <ele>1889.802583</ele>
        <time>2026-10-03T18:59:29.545Z</time>
      </trkpt>
      <trkpt lat="20.621696" lon="-100.317644">
        <ele>1889.932042</ele>
        <time>2026-10-03T18:59:30.873Z</time>
      </trkpt>
      <trkpt lat="20.621738" lon="-100.317612">
        <ele>1890.062141</ele>
        <time>2026-10-03T18:59:32.207Z</time>
      </trkpt>
      <trkpt lat="20.621781" lon="-100.317583">
        <ele>1890.190386</ele>
        <time>2026-10-03T18:59:33.522Z</time>
      </trkpt>
      <trkpt lat="20.621825" lon="-100.317560">
        <ele>1890.313924</ele>
        <time>2026-10-03T18:59:34.789Z</time>
      </trkpt>
      <trkpt lat="20.621871" lon="-100.317544">
        <ele>1890.435930</ele>
        <time>2026-10-03T18:59:36.041Z</time>
      </trkpt>
      <trkpt lat="20.621915" lon="-100.317530">
        <ele>1890.551716</ele>
        <time>2026-10-03T18:59:37.228Z</time>
      </trkpt>
      <trkpt lat="20.621951" lon="-100.317512">
        <ele>1890.651959</ele>
        <time>2026-10-03T18:59:38.256Z</time>
      </trkpt>
      <trkpt lat="20.621980" lon="-100.317492">
        <ele>1890.739010</ele>
        <time>2026-10-03T18:59:39.149Z</time>
      </trkpt>
      <trkpt lat="20.622005" lon="-100.317471">
        <ele>1890.819214</ele>
        <time>2026-10-03T18:59:39.972Z</time>
      </trkpt>
      <trkpt lat="20.622027" lon="-100.317450">
        <ele>1890.893616</ele>
        <time>2026-10-03T18:59:40.735Z</time>
      </trkpt>
      <trkpt lat="20.622049" lon="-100.317429">
        <ele>1890.968018</ele>
        <time>2026-10-03T18:59:41.498Z</time>
      </trkpt>
      <trkpt lat="20.622072" lon="-100.317411">
        <ele>1891.039921</ele>
        <time>2026-10-03T18:59:42.235Z</time>
      </trkpt>
      <trkpt lat="20.622097" lon="-100.317395">
        <ele>1891.113417</ele>
        <time>2026-10-03T18:59:42.989Z</time>
      </trkpt>
      <trkpt lat="20.622124" lon="-100.317379">
        <ele>1891.191284</ele>
        <time>2026-10-03T18:59:43.788Z</time>
      </trkpt>
      <trkpt lat="20.622151" lon="-100.317364">
        <ele>1891.268034</ele>
        <time>2026-10-03T18:59:44.575Z</time>
      </trkpt>
      <trkpt lat="20.622179" lon="-100.317350">
        <ele>1891.346001</ele>
        <time>2026-10-03T18:59:45.374Z</time>
      </trkpt>
      <trkpt lat="20.622207" lon="-100.317338">
        <ele>1891.422087</ele>
        <time>2026-10-03T18:59:46.155Z</time>
      </trkpt>
      <trkpt lat="20.622236" lon="-100.317328">
        <ele>1891.498941</ele>
        <time>2026-10-03T18:59:46.943Z</time>
      </trkpt>
      <trkpt lat="20.622262" lon="-100.317318">
        <ele>1891.568633</ele>
        <time>2026-10-03T18:59:47.658Z</time>
      </trkpt>
      <trkpt lat="20.622288" lon="-100.317307">
        <ele>1891.639159</ele>
        <time>2026-10-03T18:59:48.381Z</time>
      </trkpt>
      <trkpt lat="20.622312" lon="-100.317295">
        <ele>1891.705988</ele>
        <time>2026-10-03T18:59:49.067Z</time>
      </trkpt>
      <trkpt lat="20.622337" lon="-100.317281">
        <ele>1891.777174</ele>
        <time>2026-10-03T18:59:49.797Z</time>
      </trkpt>
      <trkpt lat="20.622361" lon="-100.317270">
        <ele>1891.843037</ele>
        <time>2026-10-03T18:59:50.472Z</time>
      </trkpt>
      <trkpt lat="20.622385" lon="-100.317262">
        <ele>1891.906443</ele>
        <time>2026-10-03T18:59:51.123Z</time>
      </trkpt>
      <trkpt lat="20.622408" lon="-100.317256">
        <ele>1891.966154</ele>
        <time>2026-10-03T18:59:51.735Z</time>
      </trkpt>
      <trkpt lat="20.622431" lon="-100.317251">
        <ele>1892.025349</ele>
        <time>2026-10-03T18:59:52.342Z</time>
      </trkpt>
      <trkpt lat="20.622455" lon="-100.317245">
        <ele>1892.087513</ele>
        <time>2026-10-03T18:59:52.980Z</time>
      </trkpt>
      <trkpt lat="20.622478" lon="-100.317238">
        <ele>1892.147827</ele>
        <time>2026-10-03T18:59:53.598Z</time>
      </trkpt>
      <trkpt lat="20.622502" lon="-100.317230">
        <ele>1892.211233</ele>
        <time>2026-10-03T18:59:54.249Z</time>
      </trkpt>
      <trkpt lat="20.622527" lon="-100.317221">
        <ele>1892.277767</ele>
        <time>2026-10-03T18:59:54.931Z</time>
      </trkpt>
      <trkpt lat="20.622552" lon="-100.317212">
        <ele>1892.344301</ele>
        <time>2026-10-03T18:59:55.613Z</time>
      </trkpt>
      <trkpt lat="20.622577" lon="-100.317202">
        <ele>1892.411625</ele>
        <time>2026-10-03T18:59:56.304Z</time>
      </trkpt>
      <trkpt lat="20.622603" lon="-100.317194">
        <ele>1892.479863</ele>
        <time>2026-10-03T18:59:57.004Z</time>
      </trkpt>
      <trkpt lat="20.622628" lon="-100.317187">
        <ele>1892.545043</ele>
        <time>2026-10-03T18:59:57.673Z</time>
      </trkpt>
      <trkpt lat="20.622652" lon="-100.317180">
        <ele>1892.607786</ele>
        <time>2026-10-03T18:59:58.316Z</time>
      </trkpt>
      <trkpt lat="20.622675" lon="-100.317171">
        <ele>1892.669561</ele>
        <time>2026-10-03T18:59:58.950Z</time>
      </trkpt>
      <trkpt lat="20.622698" lon="-100.317162">
        <ele>1892.731336</ele>
        <time>2026-10-03T18:59:59.583Z</time>
      </trkpt>
      <trkpt lat="20.622720" lon="-100.317154">
        <ele>1892.789946</ele>
        <time>2026-10-03T19:00:00.184Z</time>
      </trkpt>
      <trkpt lat="20.622741" lon="-100.317148">
        <ele>1892.844769</ele>
        <time>2026-10-03T19:00:00.747Z</time>
      </trkpt>
      <trkpt lat="20.622763" lon="-100.317143">
        <ele>1892.901496</ele>
        <time>2026-10-03T19:00:01.329Z</time>
      </trkpt>
      <trkpt lat="20.622784" lon="-100.317139">
        <ele>1892.955293</ele>
        <time>2026-10-03T19:00:01.881Z</time>
      </trkpt>
      <trkpt lat="20.622805" lon="-100.317135">
        <ele>1893.009091</ele>
        <time>2026-10-03T19:00:02.432Z</time>
      </trkpt>
      <trkpt lat="20.622829" lon="-100.317131">
        <ele>1893.070352</ele>
        <time>2026-10-03T19:00:03.061Z</time>
      </trkpt>
      <trkpt lat="20.622852" lon="-100.317127">
        <ele>1893.129122</ele>
        <time>2026-10-03T19:00:03.663Z</time>
      </trkpt>
      <trkpt lat="20.622876" lon="-100.317124">
        <ele>1893.190064</ele>
        <time>2026-10-03T19:00:04.289Z</time>
      </trkpt>
      <trkpt lat="20.622900" lon="-100.317120">
        <ele>1893.251325</ele>
        <time>2026-10-03T19:00:04.917Z</time>
      </trkpt>
      <trkpt lat="20.622923" lon="-100.317116">
        <ele>1893.310095</ele>
        <time>2026-10-03T19:00:05.520Z</time>
      </trkpt>
      <trkpt lat="20.622946" lon="-100.317113">
        <ele>1893.368533</ele>
        <time>2026-10-03T19:00:06.119Z</time>
      </trkpt>
      <trkpt lat="20.622965" lon="-100.317109">
        <ele>1893.417506</ele>
        <time>2026-10-03T19:00:06.620Z</time>
      </trkpt>
      <trkpt lat="20.622983" lon="-100.317104">
        <ele>1893.465922</ele>
        <time>2026-10-03T19:00:07.101Z</time>
      </trkpt>
      <trkpt lat="20.623000" lon="-100.317099">
        <ele>1893.511823</ele>
        <time>2026-10-03T19:00:07.557Z</time>
      </trkpt>
      <trkpt lat="20.623019" lon="-100.317093">
        <ele>1893.563399</ele>
        <time>2026-10-03T19:00:08.070Z</time>
      </trkpt>
      <trkpt lat="20.623037" lon="-100.317088">
        <ele>1893.611815</ele>
        <time>2026-10-03T19:00:08.551Z</time>
      </trkpt>
      <trkpt lat="20.623054" lon="-100.317083">
        <ele>1893.657716</ele>
        <time>2026-10-03T19:00:09.007Z</time>
      </trkpt>
      <trkpt lat="20.623072" lon="-100.317079">
        <ele>1893.705576</ele>
        <time>2026-10-03T19:00:09.483Z</time>
      </trkpt>
      <trkpt lat="20.623088" lon="-100.317076">
        <ele>1893.747865</ele>
        <time>2026-10-03T19:00:09.903Z</time>
      </trkpt>
      <trkpt lat="20.623101" lon="-100.317072">
        <ele>1893.783082</ele>
        <time>2026-10-03T19:00:10.253Z</time>
      </trkpt>
      <trkpt lat="20.623113" lon="-100.317069">
        <ele>1893.815164</ele>
        <time>2026-10-03T19:00:10.572Z</time>
      </trkpt>
      <trkpt lat="20.623125" lon="-100.317066">
        <ele>1893.847247</ele>
        <time>2026-10-03T19:00:10.890Z</time>
      </trkpt>
      <trkpt lat="20.623137" lon="-100.317065">
        <ele>1893.878580</ele>
        <time>2026-10-03T19:00:11.202Z</time>
      </trkpt>
      <trkpt lat="20.623149" lon="-100.317063">
        <ele>1893.910197</ele>
        <time>2026-10-03T19:00:11.516Z</time>
      </trkpt>
      <trkpt lat="20.623162" lon="-100.317063">
        <ele>1893.944038</ele>
        <time>2026-10-03T19:00:11.852Z</time>
      </trkpt>
      <trkpt lat="20.623173" lon="-100.317062">
        <ele>1893.972777</ele>
        <time>2026-10-03T19:00:12.138Z</time>
      </trkpt>
      <trkpt lat="20.623184" lon="-100.317060">
        <ele>1894.001824</ele>
        <time>2026-10-03T19:00:12.427Z</time>
      </trkpt>
      <trkpt lat="20.623195" lon="-100.317058">
        <ele>1894.030872</ele>
        <time>2026-10-03T19:00:12.715Z</time>
      </trkpt>
      <trkpt lat="20.623208" lon="-100.317056">
        <ele>1894.065062</ele>
        <time>2026-10-03T19:00:13.055Z</time>
      </trkpt>
      <trkpt lat="20.623221" lon="-100.317055">
        <ele>1894.098992</ele>
        <time>2026-10-03T19:00:13.392Z</time>
      </trkpt>
      <trkpt lat="20.623233" lon="-100.317053">
        <ele>1894.130608</ele>
        <time>2026-10-03T19:00:13.706Z</time>
      </trkpt>
      <trkpt lat="20.623246" lon="-100.317052">
        <ele>1894.164538</ele>
        <time>2026-10-03T19:00:14.044Z</time>
      </trkpt>
      <trkpt lat="20.623259" lon="-100.317050">
        <ele>1894.198729</ele>
        <time>2026-10-03T19:00:14.383Z</time>
      </trkpt>
      <trkpt lat="20.623274" lon="-100.317049">
        <ele>1894.237853</ele>
        <time>2026-10-03T19:00:14.772Z</time>
      </trkpt>
      <trkpt lat="20.623287" lon="-100.317048">
        <ele>1894.271783</ele>
        <time>2026-10-03T19:00:15.109Z</time>
      </trkpt>
      <trkpt lat="20.623299" lon="-100.317048">
        <ele>1894.303021</ele>
        <time>2026-10-03T19:00:15.420Z</time>
      </trkpt>
      <trkpt lat="20.623310" lon="-100.317047">
        <ele>1894.331760</ele>
        <time>2026-10-03T19:00:15.705Z</time>
      </trkpt>
      <trkpt lat="20.623322" lon="-100.317048">
        <ele>1894.363094</ele>
        <time>2026-10-03T19:00:16.017Z</time>
      </trkpt>
      <trkpt lat="20.623334" lon="-100.317050">
        <ele>1894.394710</ele>
        <time>2026-10-03T19:00:16.331Z</time>
      </trkpt>
      <trkpt lat="20.623348" lon="-100.317053">
        <ele>1894.431881</ele>
        <time>2026-10-03T19:00:16.700Z</time>
      </trkpt>
      <trkpt lat="20.623363" lon="-100.317055">
        <ele>1894.471232</ele>
        <time>2026-10-03T19:00:17.091Z</time>
      </trkpt>
      <trkpt lat="20.623377" lon="-100.317055">
        <ele>1894.507677</ele>
        <time>2026-10-03T19:00:17.453Z</time>
      </trkpt>
      <trkpt lat="20.623390" lon="-100.317057">
        <ele>1894.541868</ele>
        <time>2026-10-03T19:00:17.793Z</time>
      </trkpt>
      <trkpt lat="20.623403" lon="-100.317058">
        <ele>1894.575798</ele>
        <time>2026-10-03T19:00:18.130Z</time>
      </trkpt>
      <trkpt lat="20.623415" lon="-100.317059">
        <ele>1894.607131</ele>
        <time>2026-10-03T19:00:18.442Z</time>
      </trkpt>
      <trkpt lat="20.623426" lon="-100.317058">
        <ele>1894.635870</ele>
        <time>2026-10-03T19:00:18.727Z</time>
      </trkpt>
      <trkpt lat="20.623438" lon="-100.317056">
        <ele>1894.667487</ele>
        <time>2026-10-03T19:00:19.042Z</time>
      </trkpt>
      <trkpt lat="20.623449" lon="-100.317054">
        <ele>1894.696534</ele>
        <time>2026-10-03T19:00:19.330Z</time>
      </trkpt>
      <trkpt lat="20.623461" lon="-100.317051">
        <ele>1894.728616</ele>
        <time>2026-10-03T19:00:19.649Z</time>
      </trkpt>
      <trkpt lat="20.623473" lon="-100.317051">
        <ele>1894.759855</ele>
        <time>2026-10-03T19:00:19.959Z</time>
      </trkpt>
      <trkpt lat="20.623487" lon="-100.317051">
        <ele>1894.796300</ele>
        <time>2026-10-03T19:00:20.322Z</time>
      </trkpt>
      <trkpt lat="20.623501" lon="-100.317050">
        <ele>1894.832827</ele>
        <time>2026-10-03T19:00:20.684Z</time>
      </trkpt>
      <trkpt lat="20.623515" lon="-100.317049">
        <ele>1894.869353</ele>
        <time>2026-10-03T19:00:21.048Z</time>
      </trkpt>
      <trkpt lat="20.623527" lon="-100.317048">
        <ele>1894.900687</ele>
        <time>2026-10-03T19:00:21.359Z</time>
      </trkpt>
      <trkpt lat="20.623539" lon="-100.317046">
        <ele>1894.932303</ele>
        <time>2026-10-03T19:00:21.673Z</time>
      </trkpt>
      <trkpt lat="20.623551" lon="-100.317042">
        <ele>1894.965027</ele>
        <time>2026-10-03T19:00:21.998Z</time>
      </trkpt>
      <trkpt lat="20.623563" lon="-100.317037">
        <ele>1894.998557</ele>
        <time>2026-10-03T19:00:22.331Z</time>
      </trkpt>
      <trkpt lat="20.623575" lon="-100.317032">
        <ele>1895.032086</ele>
        <time>2026-10-03T19:00:22.665Z</time>
      </trkpt>
      <trkpt lat="20.623588" lon="-100.317028">
        <ele>1895.067304</ele>
        <time>2026-10-03T19:00:23.015Z</time>
      </trkpt>
      <trkpt lat="20.623600" lon="-100.317026">
        <ele>1895.098920</ele>
        <time>2026-10-03T19:00:23.329Z</time>
      </trkpt>
      <trkpt lat="20.623612" lon="-100.317024">
        <ele>1895.130537</ele>
        <time>2026-10-03T19:00:23.643Z</time>
      </trkpt>
      <trkpt lat="20.623624" lon="-100.317020">
        <ele>1895.163260</ele>
        <time>2026-10-03T19:00:23.968Z</time>
      </trkpt>
      <trkpt lat="20.623634" lon="-100.317016">
        <ele>1895.191057</ele>
        <time>2026-10-03T19:00:24.244Z</time>
      </trkpt>
      <trkpt lat="20.623644" lon="-100.317012">
        <ele>1895.218853</ele>
        <time>2026-10-03T19:00:24.521Z</time>
      </trkpt>
      <trkpt lat="20.623654" lon="-100.317009">
        <ele>1895.245892</ele>
        <time>2026-10-03T19:00:24.789Z</time>
      </trkpt>
      <trkpt lat="20.623665" lon="-100.317006">
        <ele>1895.275446</ele>
        <time>2026-10-03T19:00:25.083Z</time>
      </trkpt>
      <trkpt lat="20.623676" lon="-100.317004">
        <ele>1895.304493</ele>
        <time>2026-10-03T19:00:25.372Z</time>
      </trkpt>
      <trkpt lat="20.623688" lon="-100.317001">
        <ele>1895.336575</ele>
        <time>2026-10-03T19:00:25.691Z</time>
      </trkpt>
      <trkpt lat="20.623700" lon="-100.316999">
        <ele>1895.368192</ele>
        <time>2026-10-03T19:00:26.005Z</time>
      </trkpt>
      <trkpt lat="20.623714" lon="-100.316996">
        <ele>1895.405363</ele>
        <time>2026-10-03T19:00:26.374Z</time>
      </trkpt>
      <trkpt lat="20.623729" lon="-100.316993">
        <ele>1895.445089</ele>
        <time>2026-10-03T19:00:26.769Z</time>
      </trkpt>
      <trkpt lat="20.623744" lon="-100.316991">
        <ele>1895.484440</ele>
        <time>2026-10-03T19:00:27.160Z</time>
      </trkpt>
      <trkpt lat="20.623756" lon="-100.316989">
        <ele>1895.516057</ele>
        <time>2026-10-03T19:00:27.474Z</time>
      </trkpt>
      <trkpt lat="20.623768" lon="-100.316988">
        <ele>1895.547390</ele>
        <time>2026-10-03T19:00:27.785Z</time>
      </trkpt>
      <trkpt lat="20.623777" lon="-100.316987">
        <ele>1895.570946</ele>
        <time>2026-10-03T19:00:28.019Z</time>
      </trkpt>
      <trkpt lat="20.623786" lon="-100.316988">
        <ele>1895.594501</ele>
        <time>2026-10-03T19:00:28.254Z</time>
      </trkpt>
      <trkpt lat="20.623795" lon="-100.316987">
        <ele>1895.618056</ele>
        <time>2026-10-03T19:00:28.488Z</time>
      </trkpt>
      <trkpt lat="20.623802" lon="-100.316985">
        <ele>1895.636919</ele>
        <time>2026-10-03T19:00:28.675Z</time>
      </trkpt>
      <trkpt lat="20.623810" lon="-100.316983">
        <ele>1895.658308</ele>
        <time>2026-10-03T19:00:28.888Z</time>
      </trkpt>
      <trkpt lat="20.623818" lon="-100.316980">
        <ele>1895.680379</ele>
        <time>2026-10-03T19:00:29.107Z</time>
      </trkpt>
      <trkpt lat="20.623827" lon="-100.316974">
        <ele>1895.707994</ele>
        <time>2026-10-03T19:00:29.381Z</time>
      </trkpt>
      <trkpt lat="20.623837" lon="-100.316970">
        <ele>1895.735791</ele>
        <time>2026-10-03T19:00:29.658Z</time>
      </trkpt>
      <trkpt lat="20.623847" lon="-100.316971">
        <ele>1895.761937</ele>
        <time>2026-10-03T19:00:29.917Z</time>
      </trkpt>
      <trkpt lat="20.623858" lon="-100.316973">
        <ele>1895.790984</ele>
        <time>2026-10-03T19:00:30.206Z</time>
      </trkpt>
      <trkpt lat="20.623870" lon="-100.316973">
        <ele>1895.822223</ele>
        <time>2026-10-03T19:00:30.516Z</time>
      </trkpt>
      <trkpt lat="20.623881" lon="-100.316969">
        <ele>1895.852471</ele>
        <time>2026-10-03T19:00:30.817Z</time>
      </trkpt>
      <trkpt lat="20.623892" lon="-100.316966">
        <ele>1895.882025</ele>
        <time>2026-10-03T19:00:31.111Z</time>
      </trkpt>
      <trkpt lat="20.623903" lon="-100.316964">
        <ele>1895.911072</ele>
        <time>2026-10-03T19:00:31.399Z</time>
      </trkpt>
      <trkpt lat="20.623915" lon="-100.316963">
        <ele>1895.942405</ele>
        <time>2026-10-03T19:00:31.711Z</time>
      </trkpt>
      <trkpt lat="20.623926" lon="-100.316961">
        <ele>1895.971452</ele>
        <time>2026-10-03T19:00:31.999Z</time>
      </trkpt>
      <trkpt lat="20.623936" lon="-100.316960">
        <ele>1895.997598</ele>
        <time>2026-10-03T19:00:32.259Z</time>
      </trkpt>
      <trkpt lat="20.623946" lon="-100.316958">
        <ele>1896.024083</ele>
        <time>2026-10-03T19:00:32.522Z</time>
      </trkpt>
      <trkpt lat="20.623956" lon="-100.316956">
        <ele>1896.050567</ele>
        <time>2026-10-03T19:00:32.785Z</time>
      </trkpt>
      <trkpt lat="20.623965" lon="-100.316955">
        <ele>1896.074122</ele>
        <time>2026-10-03T19:00:33.020Z</time>
      </trkpt>
      <trkpt lat="20.623976" lon="-100.316955">
        <ele>1896.102758</ele>
        <time>2026-10-03T19:00:33.304Z</time>
      </trkpt>
      <trkpt lat="20.623986" lon="-100.316955">
        <ele>1896.128790</ele>
        <time>2026-10-03T19:00:33.563Z</time>
      </trkpt>
      <trkpt lat="20.623997" lon="-100.316953">
        <ele>1896.157837</ele>
        <time>2026-10-03T19:00:33.851Z</time>
      </trkpt>
      <trkpt lat="20.624005" lon="-100.316948">
        <ele>1896.181964</ele>
        <time>2026-10-03T19:00:34.091Z</time>
      </trkpt>
      <trkpt lat="20.624013" lon="-100.316940">
        <ele>1896.210488</ele>
        <time>2026-10-03T19:00:34.375Z</time>
      </trkpt>
      <trkpt lat="20.624020" lon="-100.316931">
        <ele>1896.238999</ele>
        <time>2026-10-03T19:00:34.658Z</time>
      </trkpt>
      <trkpt lat="20.624028" lon="-100.316923">
        <ele>1896.267523</ele>
        <time>2026-10-03T19:00:34.941Z</time>
      </trkpt>
      <trkpt lat="20.624038" lon="-100.316914">
        <ele>1896.301560</ele>
        <time>2026-10-03T19:00:35.279Z</time>
      </trkpt>
      <trkpt lat="20.624047" lon="-100.316904">
        <ele>1896.335361</ele>
        <time>2026-10-03T19:00:35.615Z</time>
      </trkpt>
      <trkpt lat="20.624056" lon="-100.316894">
        <ele>1896.369162</ele>
        <time>2026-10-03T19:00:35.951Z</time>
      </trkpt>
      <trkpt lat="20.624067" lon="-100.316885">
        <ele>1896.405229</ele>
        <time>2026-10-03T19:00:36.310Z</time>
      </trkpt>
      <trkpt lat="20.624078" lon="-100.316878">
        <ele>1896.438558</ele>
        <time>2026-10-03T19:00:36.641Z</time>
      </trkpt>
      <trkpt lat="20.624089" lon="-100.316874">
        <ele>1896.468807</ele>
        <time>2026-10-03T19:00:36.941Z</time>
      </trkpt>
      <trkpt lat="20.624101" lon="-100.316873">
        <ele>1896.500140</ele>
        <time>2026-10-03T19:00:37.253Z</time>
      </trkpt>
      <trkpt lat="20.624112" lon="-100.316873">
        <ele>1896.528776</ele>
        <time>2026-10-03T19:00:37.537Z</time>
      </trkpt>
      <trkpt lat="20.624124" lon="-100.316874">
        <ele>1896.560109</ele>
        <time>2026-10-03T19:00:37.849Z</time>
      </trkpt>
      <trkpt lat="20.624135" lon="-100.316878">
        <ele>1896.590358</ele>
        <time>2026-10-03T19:00:38.149Z</time>
      </trkpt>
      <trkpt lat="20.624146" lon="-100.316883">
        <ele>1896.621477</ele>
        <time>2026-10-03T19:00:38.458Z</time>
      </trkpt>
      <trkpt lat="20.624158" lon="-100.316889">
        <ele>1896.655966</ele>
        <time>2026-10-03T19:00:38.801Z</time>
      </trkpt>
      <trkpt lat="20.624168" lon="-100.316895">
        <ele>1896.685822</ele>
        <time>2026-10-03T19:00:39.098Z</time>
      </trkpt>
      <trkpt lat="20.624174" lon="-100.316903">
        <ele>1896.710800</ele>
        <time>2026-10-03T19:00:39.346Z</time>
      </trkpt>
      <trkpt lat="20.624179" lon="-100.316912">
        <ele>1896.736299</ele>
        <time>2026-10-03T19:00:39.599Z</time>
      </trkpt>
      <trkpt lat="20.624184" lon="-100.316922">
        <ele>1896.763922</ele>
        <time>2026-10-03T19:00:39.874Z</time>
      </trkpt>
      <trkpt lat="20.624188" lon="-100.316932">
        <ele>1896.790418</ele>
        <time>2026-10-03T19:00:40.137Z</time>
      </trkpt>
      <trkpt lat="20.624190" lon="-100.316945">
        <ele>1896.822516</ele>
        <time>2026-10-03T19:00:40.456Z</time>
      </trkpt>
      <trkpt lat="20.624191" lon="-100.316957">
        <ele>1896.851868</ele>
        <time>2026-10-03T19:00:40.748Z</time>
      </trkpt>
      <trkpt lat="20.624192" lon="-100.316970">
        <ele>1896.883648</ele>
        <time>2026-10-03T19:00:41.063Z</time>
      </trkpt>
      <trkpt lat="20.624194" lon="-100.316982">
        <ele>1896.913345</ele>
        <time>2026-10-03T19:00:41.359Z</time>
      </trkpt>
      <trkpt lat="20.624198" lon="-100.316991">
        <ele>1896.937619</ele>
        <time>2026-10-03T19:00:41.600Z</time>
      </trkpt>
      <trkpt lat="20.624206" lon="-100.317000">
        <ele>1896.967860</ele>
        <time>2026-10-03T19:00:41.900Z</time>
      </trkpt>
      <trkpt lat="20.624213" lon="-100.317010">
        <ele>1896.998285</ele>
        <time>2026-10-03T19:00:42.202Z</time>
      </trkpt>
      <trkpt lat="20.624219" lon="-100.317019">
        <ele>1897.025206</ele>
        <time>2026-10-03T19:00:42.470Z</time>
      </trkpt>
      <trkpt lat="20.624225" lon="-100.317027">
        <ele>1897.050184</ele>
        <time>2026-10-03T19:00:42.718Z</time>
      </trkpt>
      <trkpt lat="20.624230" lon="-100.317036">
        <ele>1897.075683</ele>
        <time>2026-10-03T19:00:42.972Z</time>
      </trkpt>
      <trkpt lat="20.624237" lon="-100.317044">
        <ele>1897.102366</ele>
        <time>2026-10-03T19:00:43.237Z</time>
      </trkpt>
      <trkpt lat="20.624243" lon="-100.317052">
        <ele>1897.127343</ele>
        <time>2026-10-03T19:00:43.485Z</time>
      </trkpt>
      <trkpt lat="20.624248" lon="-100.317063">
        <ele>1897.157137</ele>
        <time>2026-10-03T19:00:43.781Z</time>
      </trkpt>
      <trkpt lat="20.624252" lon="-100.317074">
        <ele>1897.185889</ele>
        <time>2026-10-03T19:00:44.067Z</time>
      </trkpt>
      <trkpt lat="20.624256" lon="-100.317086">
        <ele>1897.216925</ele>
        <time>2026-10-03T19:00:44.375Z</time>
      </trkpt>
      <trkpt lat="20.624259" lon="-100.317097">
        <ele>1897.244840</ele>
        <time>2026-10-03T19:00:44.652Z</time>
      </trkpt>
      <trkpt lat="20.624262" lon="-100.317107">
        <ele>1897.270425</ele>
        <time>2026-10-03T19:00:44.906Z</time>
      </trkpt>
      <trkpt lat="20.624263" lon="-100.317117">
        <ele>1897.294927</ele>
        <time>2026-10-03T19:00:45.150Z</time>
      </trkpt>
      <trkpt lat="20.624265" lon="-100.317128">
        <ele>1897.322228</ele>
        <time>2026-10-03T19:00:45.421Z</time>
      </trkpt>
      <trkpt lat="20.624268" lon="-100.317137">
        <ele>1897.345505</ele>
        <time>2026-10-03T19:00:45.652Z</time>
      </trkpt>
      <trkpt lat="20.624273" lon="-100.317144">
        <ele>1897.366959</ele>
        <time>2026-10-03T19:00:45.866Z</time>
      </trkpt>
      <trkpt lat="20.624281" lon="-100.317152">
        <ele>1897.395483</ele>
        <time>2026-10-03T19:00:46.149Z</time>
      </trkpt>
      <trkpt lat="20.624291" lon="-100.317159">
        <ele>1897.426605</ele>
        <time>2026-10-03T19:00:46.458Z</time>
      </trkpt>
      <trkpt lat="20.624301" lon="-100.317166">
        <ele>1897.457726</ele>
        <time>2026-10-03T19:00:46.768Z</time>
      </trkpt>
      <trkpt lat="20.624314" lon="-100.317172">
        <ele>1897.494590</ele>
        <time>2026-10-03T19:00:47.134Z</time>
      </trkpt>
      <trkpt lat="20.624328" lon="-100.317175">
        <ele>1897.531761</ele>
        <time>2026-10-03T19:00:47.503Z</time>
      </trkpt>
      <trkpt lat="20.624345" lon="-100.317176">
        <ele>1897.576083</ele>
        <time>2026-10-03T19:00:47.943Z</time>
      </trkpt>
      <trkpt lat="20.624362" lon="-100.317175">
        <ele>1897.620405</ele>
        <time>2026-10-03T19:00:48.384Z</time>
      </trkpt>
      <trkpt lat="20.624379" lon="-100.317172">
        <ele>1897.665259</ele>
        <time>2026-10-03T19:00:48.830Z</time>
      </trkpt>
      <trkpt lat="20.624393" lon="-100.317166">
        <ele>1897.704527</ele>
        <time>2026-10-03T19:00:49.220Z</time>
      </trkpt>
      <trkpt lat="20.624408" lon="-100.317158">
        <ele>1897.748169</ele>
        <time>2026-10-03T19:00:49.653Z</time>
      </trkpt>
      <trkpt lat="20.624422" lon="-100.317149">
        <ele>1897.790702</ele>
        <time>2026-10-03T19:00:50.076Z</time>
      </trkpt>
      <trkpt lat="20.624436" lon="-100.317142">
        <ele>1897.830940</ele>
        <time>2026-10-03T19:00:50.476Z</time>
      </trkpt>
      <trkpt lat="20.624448" lon="-100.317134">
        <ele>1897.867761</ele>
        <time>2026-10-03T19:00:50.841Z</time>
      </trkpt>
      <trkpt lat="20.624461" lon="-100.317127">
        <ele>1897.905657</ele>
        <time>2026-10-03T19:00:51.218Z</time>
      </trkpt>
      <trkpt lat="20.624474" lon="-100.317120">
        <ele>1897.943554</ele>
        <time>2026-10-03T19:00:51.594Z</time>
      </trkpt>
      <trkpt lat="20.624487" lon="-100.317114">
        <ele>1897.980418</ele>
        <time>2026-10-03T19:00:51.961Z</time>
      </trkpt>
      <trkpt lat="20.624501" lon="-100.317107">
        <ele>1898.020656</ele>
        <time>2026-10-03T19:00:52.360Z</time>
      </trkpt>
      <trkpt lat="20.624515" lon="-100.317100">
        <ele>1898.060894</ele>
        <time>2026-10-03T19:00:52.760Z</time>
      </trkpt>
      <trkpt lat="20.624530" lon="-100.317093">
        <ele>1898.097518</ele>
        <time>2026-10-03T19:00:53.184Z</time>
      </trkpt>
      <trkpt lat="20.624546" lon="-100.317086">
        <ele>1898.108888</ele>
        <time>2026-10-03T19:00:53.631Z</time>
      </trkpt>
      <trkpt lat="20.624561" lon="-100.317078">
        <ele>1898.119913</ele>
        <time>2026-10-03T19:00:54.064Z</time>
      </trkpt>
      <trkpt lat="20.624575" lon="-100.317069">
        <ele>1898.130658</ele>
        <time>2026-10-03T19:00:54.487Z</time>
      </trkpt>
      <trkpt lat="20.624589" lon="-100.317061">
        <ele>1898.141099</ele>
        <time>2026-10-03T19:00:54.898Z</time>
      </trkpt>
      <trkpt lat="20.624601" lon="-100.317051">
        <ele>1898.151108</ele>
        <time>2026-10-03T19:00:55.291Z</time>
      </trkpt>
      <trkpt lat="20.624611" lon="-100.317043">
        <ele>1898.159323</ele>
        <time>2026-10-03T19:00:55.614Z</time>
      </trkpt>
      <trkpt lat="20.624620" lon="-100.317036">
        <ele>1898.166644</ele>
        <time>2026-10-03T19:00:55.902Z</time>
      </trkpt>
      <trkpt lat="20.624628" lon="-100.317031">
        <ele>1898.172739</ele>
        <time>2026-10-03T19:00:56.142Z</time>
      </trkpt>
      <trkpt lat="20.624636" lon="-100.317028">
        <ele>1898.178315</ele>
        <time>2026-10-03T19:00:56.361Z</time>
      </trkpt>
      <trkpt lat="20.624643" lon="-100.317027">
        <ele>1898.182960</ele>
        <time>2026-10-03T19:00:56.544Z</time>
      </trkpt>
      <trkpt lat="20.624653" lon="-100.317025">
        <ele>1898.189650</ele>
        <time>2026-10-03T19:00:56.807Z</time>
      </trkpt>
      <trkpt lat="20.624661" lon="-100.317022">
        <ele>1898.195226</ele>
        <time>2026-10-03T19:00:57.026Z</time>
      </trkpt>
      <trkpt lat="20.624670" lon="-100.317016">
        <ele>1898.202202</ele>
        <time>2026-10-03T19:00:57.301Z</time>
      </trkpt>
      <trkpt lat="20.624679" lon="-100.317007">
        <ele>1898.210309</ele>
        <time>2026-10-03T19:00:57.619Z</time>
      </trkpt>
      <trkpt lat="20.624689" lon="-100.316997">
        <ele>1898.219317</ele>
        <time>2026-10-03T19:00:57.974Z</time>
      </trkpt>
      <trkpt lat="20.624701" lon="-100.316986">
        <ele>1898.229715</ele>
        <time>2026-10-03T19:00:58.383Z</time>
      </trkpt>
      <trkpt lat="20.624717" lon="-100.316974">
        <ele>1898.242570</ele>
        <time>2026-10-03T19:00:58.888Z</time>
      </trkpt>
      <trkpt lat="20.624734" lon="-100.316960">
        <ele>1898.256686</ele>
        <time>2026-10-03T19:00:59.443Z</time>
      </trkpt>
      <trkpt lat="20.624755" lon="-100.316946">
        <ele>1898.272964</ele>
        <time>2026-10-03T19:01:00.083Z</time>
      </trkpt>
      <trkpt lat="20.624777" lon="-100.316931">
        <ele>1898.290127</ele>
        <time>2026-10-03T19:01:00.758Z</time>
      </trkpt>
      <trkpt lat="20.624803" lon="-100.316916">
        <ele>1898.309559</ele>
        <time>2026-10-03T19:01:01.523Z</time>
      </trkpt>
      <trkpt lat="20.624832" lon="-100.316899">
        <ele>1898.331313</ele>
        <time>2026-10-03T19:01:02.378Z</time>
      </trkpt>
      <trkpt lat="20.624864" lon="-100.316885">
        <ele>1898.354053</ele>
        <time>2026-10-03T19:01:03.272Z</time>
      </trkpt>
      <trkpt lat="20.624899" lon="-100.316874">
        <ele>1898.378046</ele>
        <time>2026-10-03T19:01:04.216Z</time>
      </trkpt>
      <trkpt lat="20.624934" lon="-100.316863">
        <ele>1898.402039</ele>
        <time>2026-10-03T19:01:05.159Z</time>
      </trkpt>
      <trkpt lat="20.624969" lon="-100.316850">
        <ele>1898.426408</ele>
        <time>2026-10-03T19:01:06.118Z</time>
      </trkpt>
      <trkpt lat="20.625005" lon="-100.316837">
        <ele>1898.451399</ele>
        <time>2026-10-03T19:01:07.100Z</time>
      </trkpt>
      <trkpt lat="20.625040" lon="-100.316825">
        <ele>1898.475572</ele>
        <time>2026-10-03T19:01:08.051Z</time>
      </trkpt>
      <trkpt lat="20.625074" lon="-100.316815">
        <ele>1898.498764</ele>
        <time>2026-10-03T19:01:08.963Z</time>
      </trkpt>
      <trkpt lat="20.625104" lon="-100.316805">
        <ele>1898.519431</ele>
        <time>2026-10-03T19:01:09.776Z</time>
      </trkpt>
      <trkpt lat="20.625132" lon="-100.316794">
        <ele>1898.539051</ele>
        <time>2026-10-03T19:01:10.547Z</time>
      </trkpt>
      <trkpt lat="20.625160" lon="-100.316784">
        <ele>1898.558466</ele>
        <time>2026-10-03T19:01:11.310Z</time>
      </trkpt>
      <trkpt lat="20.625187" lon="-100.316773">
        <ele>1898.577470</ele>
        <time>2026-10-03T19:01:12.058Z</time>
      </trkpt>
      <trkpt lat="20.625213" lon="-100.316760">
        <ele>1898.596348</ele>
        <time>2026-10-03T19:01:12.800Z</time>
      </trkpt>
      <trkpt lat="20.625238" lon="-100.316748">
        <ele>1898.614372</ele>
        <time>2026-10-03T19:01:13.509Z</time>
      </trkpt>
      <trkpt lat="20.625263" lon="-100.316736">
        <ele>1898.632396</ele>
        <time>2026-10-03T19:01:14.218Z</time>
      </trkpt>
      <trkpt lat="20.625290" lon="-100.316725">
        <ele>1898.651399</ele>
        <time>2026-10-03T19:01:14.965Z</time>
      </trkpt>
      <trkpt lat="20.625317" lon="-100.316712">
        <ele>1898.670875</ele>
        <time>2026-10-03T19:01:15.731Z</time>
      </trkpt>
      <trkpt lat="20.625345" lon="-100.316699">
        <ele>1898.690953</ele>
        <time>2026-10-03T19:01:16.520Z</time>
      </trkpt>
      <trkpt lat="20.625373" lon="-100.316685">
        <ele>1898.711283</ele>
        <time>2026-10-03T19:01:17.320Z</time>
      </trkpt>
      <trkpt lat="20.625401" lon="-100.316671">
        <ele>1898.731614</ele>
        <time>2026-10-03T19:01:18.119Z</time>
      </trkpt>
      <trkpt lat="20.625428" lon="-100.316656">
        <ele>1898.751627</ele>
        <time>2026-10-03T19:01:18.906Z</time>
      </trkpt>
      <trkpt lat="20.625455" lon="-100.316644">
        <ele>1898.770859</ele>
        <time>2026-10-03T19:01:19.662Z</time>
      </trkpt>
      <trkpt lat="20.625481" lon="-100.316632">
        <ele>1898.789484</ele>
        <time>2026-10-03T19:01:20.395Z</time>
      </trkpt>
      <trkpt lat="20.625507" lon="-100.316620">
        <ele>1898.808110</ele>
        <time>2026-10-03T19:01:21.127Z</time>
      </trkpt>
      <trkpt lat="20.625533" lon="-100.316609">
        <ele>1898.826501</ele>
        <time>2026-10-03T19:01:21.850Z</time>
      </trkpt>
      <trkpt lat="20.625556" lon="-100.316596">
        <ele>1898.843613</ele>
        <time>2026-10-03T19:01:22.523Z</time>
      </trkpt>
      <trkpt lat="20.625578" lon="-100.316581">
        <ele>1898.860776</ele>
        <time>2026-10-03T19:01:23.198Z</time>
      </trkpt>
      <trkpt lat="20.625602" lon="-100.316565">
        <ele>1898.879379</ele>
        <time>2026-10-03T19:01:23.929Z</time>
      </trkpt>
      <trkpt lat="20.625628" lon="-100.316551">
        <ele>1898.898527</ele>
        <time>2026-10-03T19:01:24.682Z</time>
      </trkpt>
      <trkpt lat="20.625656" lon="-100.316535">
        <ele>1898.919409</ele>
        <time>2026-10-03T19:01:25.503Z</time>
      </trkpt>
      <trkpt lat="20.625685" lon="-100.316515">
        <ele>1898.942108</ele>
        <time>2026-10-03T19:01:26.396Z</time>
      </trkpt>
      <trkpt lat="20.625715" lon="-100.316492">
        <ele>1898.966391</ele>
        <time>2026-10-03T19:01:27.351Z</time>
      </trkpt>
      <trkpt lat="20.625747" lon="-100.316468">
        <ele>1898.992103</ele>
        <time>2026-10-03T19:01:28.362Z</time>
      </trkpt>
      <trkpt lat="20.625780" lon="-100.316445">
        <ele>1899.018014</ele>
        <time>2026-10-03T19:01:29.381Z</time>
      </trkpt>
      <trkpt lat="20.625816" lon="-100.316426">
        <ele>1899.044420</ele>
        <time>2026-10-03T19:01:30.419Z</time>
      </trkpt>
      <trkpt lat="20.625851" lon="-100.316410">
        <ele>1899.069456</ele>
        <time>2026-10-03T19:01:31.403Z</time>
      </trkpt>
      <trkpt lat="20.625888" lon="-100.316394">
        <ele>1899.095706</ele>
        <time>2026-10-03T19:01:32.436Z</time>
      </trkpt>
      <trkpt lat="20.625924" lon="-100.316383">
        <ele>1899.120330</ele>
        <time>2026-10-03T19:01:33.404Z</time>
      </trkpt>
      <trkpt lat="20.625961" lon="-100.316374">
        <ele>1899.145286</ele>
        <time>2026-10-03T19:01:34.385Z</time>
      </trkpt>
      <trkpt lat="20.625996" lon="-100.316368">
        <ele>1899.168598</ele>
        <time>2026-10-03T19:01:35.302Z</time>
      </trkpt>
      <trkpt lat="20.626031" lon="-100.316362">
        <ele>1899.191910</ele>
        <time>2026-10-03T19:01:36.218Z</time>
      </trkpt>
      <trkpt lat="20.626064" lon="-100.316354">
        <ele>1899.214164</ele>
        <time>2026-10-03T19:01:37.093Z</time>
      </trkpt>
      <trkpt lat="20.626095" lon="-100.316342">
        <ele>1899.235848</ele>
        <time>2026-10-03T19:01:37.946Z</time>
      </trkpt>
      <trkpt lat="20.626123" lon="-100.316323">
        <ele>1899.257661</ele>
        <time>2026-10-03T19:01:38.804Z</time>
      </trkpt>
      <trkpt lat="20.626147" lon="-100.316297">
        <ele>1899.274157</ele>
        <time>2026-10-03T19:01:39.688Z</time>
      </trkpt>
      <trkpt lat="20.626166" lon="-100.316264">
        <ele>1899.217460</ele>
        <time>2026-10-03T19:01:40.625Z</time>
      </trkpt>
      <trkpt lat="20.626182" lon="-100.316225">
        <ele>1899.155147</ele>
        <time>2026-10-03T19:01:41.656Z</time>
      </trkpt>
      <trkpt lat="20.626198" lon="-100.316187">
        <ele>1899.094171</ele>
        <time>2026-10-03T19:01:42.664Z</time>
      </trkpt>
      <trkpt lat="20.626216" lon="-100.316154">
        <ele>1899.038278</ele>
        <time>2026-10-03T19:01:43.589Z</time>
      </trkpt>
      <trkpt lat="20.626241" lon="-100.316131">
        <ele>1898.986695</ele>
        <time>2026-10-03T19:01:44.442Z</time>
      </trkpt>
      <trkpt lat="20.626272" lon="-100.316117">
        <ele>1898.934072</ele>
        <time>2026-10-03T19:01:45.312Z</time>
      </trkpt>
      <trkpt lat="20.626310" lon="-100.316105">
        <ele>1898.872115</ele>
        <time>2026-10-03T19:01:46.337Z</time>
      </trkpt>
      <trkpt lat="20.626352" lon="-100.316093">
        <ele>1898.804138</ele>
        <time>2026-10-03T19:01:47.461Z</time>
      </trkpt>
      <trkpt lat="20.626398" lon="-100.316080">
        <ele>1898.729740</ele>
        <time>2026-10-03T19:01:48.692Z</time>
      </trkpt>
      <trkpt lat="20.626447" lon="-100.316063">
        <ele>1898.649186</ele>
        <time>2026-10-03T19:01:50.024Z</time>
      </trkpt>
      <trkpt lat="20.626499" lon="-100.316044">
        <ele>1898.563258</ele>
        <time>2026-10-03T19:01:51.445Z</time>
      </trkpt>
      <trkpt lat="20.626550" lon="-100.316025">
        <ele>1898.478807</ele>
        <time>2026-10-03T19:01:52.842Z</time>
      </trkpt>
      <trkpt lat="20.626597" lon="-100.316006">
        <ele>1898.400235</ele>
        <time>2026-10-03T19:01:54.142Z</time>
      </trkpt>
      <trkpt lat="20.626638" lon="-100.315987">
        <ele>1898.330358</ele>
        <time>2026-10-03T19:01:55.297Z</time>
      </trkpt>
      <trkpt lat="20.626673" lon="-100.315975">
        <ele>1898.272885</ele>
        <time>2026-10-03T19:01:56.248Z</time>
      </trkpt>
      <trkpt lat="20.626702" lon="-100.315974">
        <ele>1898.227517</ele>
        <time>2026-10-03T19:01:56.998Z</time>
      </trkpt>
      <trkpt lat="20.626725" lon="-100.315982">
        <ele>1898.189697</ele>
        <time>2026-10-03T19:01:57.624Z</time>
      </trkpt>
      <trkpt lat="20.626744" lon="-100.315997">
        <ele>1898.152760</ele>
        <time>2026-10-03T19:01:58.235Z</time>
      </trkpt>
      <trkpt lat="20.626763" lon="-100.316019">
        <ele>1898.108953</ele>
        <time>2026-10-03T19:01:58.960Z</time>
      </trkpt>
      <trkpt lat="20.626783" lon="-100.316044">
        <ele>1898.060826</ele>
        <time>2026-10-03T19:01:59.756Z</time>
      </trkpt>
      <trkpt lat="20.626804" lon="-100.316076">
        <ele>1898.003634</ele>
        <time>2026-10-03T19:02:00.702Z</time>
      </trkpt>
      <trkpt lat="20.626827" lon="-100.316111">
        <ele>1897.941052</ele>
        <time>2026-10-03T19:02:01.737Z</time>
      </trkpt>
      <trkpt lat="20.626856" lon="-100.316143">
        <ele>1897.875869</ele>
        <time>2026-10-03T19:02:02.815Z</time>
      </trkpt>
      <trkpt lat="20.626889" lon="-100.316170">
        <ele>1897.810881</ele>
        <time>2026-10-03T19:02:03.890Z</time>
      </trkpt>
      <trkpt lat="20.626921" lon="-100.316194">
        <ele>1897.749750</ele>
        <time>2026-10-03T19:02:04.901Z</time>
      </trkpt>
      <trkpt lat="20.626943" lon="-100.316218">
        <ele>1897.700590</ele>
        <time>2026-10-03T19:02:05.714Z</time>
      </trkpt>
      <trkpt lat="20.626957" lon="-100.316242">
        <ele>1897.659207</ele>
        <time>2026-10-03T19:02:06.399Z</time>
      </trkpt>
      <trkpt lat="20.626967" lon="-100.316269">
        <ele>1897.616715</ele>
        <time>2026-10-03T19:02:07.101Z</time>
      </trkpt>
      <trkpt lat="20.626976" lon="-100.316293">
        <ele>1897.578880</ele>
        <time>2026-10-03T19:02:07.727Z</time>
      </trkpt>
      <trkpt lat="20.626991" lon="-100.316314">
        <ele>1897.540222</ele>
        <time>2026-10-03T19:02:08.367Z</time>
      </trkpt>
      <trkpt lat="20.627009" lon="-100.316333">
        <ele>1897.500660</ele>
        <time>2026-10-03T19:02:09.021Z</time>
      </trkpt>
      <trkpt lat="20.627026" lon="-100.316351">
        <ele>1897.463239</ele>
        <time>2026-10-03T19:02:09.640Z</time>
      </trkpt>
      <trkpt lat="20.627046" lon="-100.316371">
        <ele>1897.420408</ele>
        <time>2026-10-03T19:02:10.349Z</time>
      </trkpt>
      <trkpt lat="20.627064" lon="-100.316395">
        <ele>1897.375402</ele>
        <time>2026-10-03T19:02:11.093Z</time>
      </trkpt>
      <trkpt lat="20.627083" lon="-100.316417">
        <ele>1897.331596</ele>
        <time>2026-10-03T19:02:11.818Z</time>
      </trkpt>
      <trkpt lat="20.627104" lon="-100.316434">
        <ele>1897.290401</ele>
        <time>2026-10-03T19:02:12.499Z</time>
      </trkpt>
      <trkpt lat="20.627124" lon="-100.316450">
        <ele>1897.251336</ele>
        <time>2026-10-03T19:02:13.145Z</time>
      </trkpt>
      <trkpt lat="20.627144" lon="-100.316465">
        <ele>1897.213130</ele>
        <time>2026-10-03T19:02:13.777Z</time>
      </trkpt>
      <trkpt lat="20.627163" lon="-100.316479">
        <ele>1897.177042</ele>
        <time>2026-10-03T19:02:14.374Z</time>
      </trkpt>
      <trkpt lat="20.627182" lon="-100.316492">
        <ele>1897.141766</ele>
        <time>2026-10-03T19:02:14.958Z</time>
      </trkpt>
      <trkpt lat="20.627202" lon="-100.316508">
        <ele>1897.102700</ele>
        <time>2026-10-03T19:02:15.604Z</time>
      </trkpt>
      <trkpt lat="20.627223" lon="-100.316527">
        <ele>1897.059675</ele>
        <time>2026-10-03T19:02:16.316Z</time>
      </trkpt>
      <trkpt lat="20.627243" lon="-100.316548">
        <ele>1897.015831</ele>
        <time>2026-10-03T19:02:17.041Z</time>
      </trkpt>
      <trkpt lat="20.627262" lon="-100.316570">
        <ele>1896.972025</ele>
        <time>2026-10-03T19:02:17.765Z</time>
      </trkpt>
      <trkpt lat="20.627281" lon="-100.316594">
        <ele>1896.926025</ele>
        <time>2026-10-03T19:02:18.526Z</time>
      </trkpt>
      <trkpt lat="20.627298" lon="-100.316620">
        <ele>1896.879612</ele>
        <time>2026-10-03T19:02:19.294Z</time>
      </trkpt>
      <trkpt lat="20.627311" lon="-100.316647">
        <ele>1896.835180</ele>
        <time>2026-10-03T19:02:20.029Z</time>
      </trkpt>
      <trkpt lat="20.627320" lon="-100.316676">
        <ele>1896.790471</ele>
        <time>2026-10-03T19:02:20.769Z</time>
      </trkpt>
      <trkpt lat="20.627328" lon="-100.316703">
        <ele>1896.749028</ele>
        <time>2026-10-03T19:02:21.454Z</time>
      </trkpt>
      <trkpt lat="20.627336" lon="-100.316730">
        <ele>1896.707585</ele>
        <time>2026-10-03T19:02:22.140Z</time>
      </trkpt>
      <trkpt lat="20.627346" lon="-100.316751">
        <ele>1896.673105</ele>
        <time>2026-10-03T19:02:22.710Z</time>
      </trkpt>
      <trkpt lat="20.627360" lon="-100.316760">
        <ele>1896.647559</ele>
        <time>2026-10-03T19:02:23.133Z</time>
      </trkpt>
      <trkpt lat="20.627374" lon="-100.316755">
        <ele>1896.624478</ele>
        <time>2026-10-03T19:02:23.514Z</time>
      </trkpt>
      <trkpt lat="20.627383" lon="-100.316737">
        <ele>1896.594615</ele>
        <time>2026-10-03T19:02:24.008Z</time>
      </trkpt>
      <trkpt lat="20.627385" lon="-100.316711">
        <ele>1896.556439</ele>
        <time>2026-10-03T19:02:24.640Z</time>
      </trkpt>
      <trkpt lat="20.627383" lon="-100.316683">
        <ele>1896.515347</ele>
        <time>2026-10-03T19:02:25.320Z</time>
      </trkpt>
      <trkpt lat="20.627379" lon="-100.316653">
        <ele>1896.471003</ele>
        <time>2026-10-03T19:02:26.053Z</time>
      </trkpt>
      <trkpt lat="20.627377" lon="-100.316621">
        <ele>1896.414113</ele>
        <time>2026-10-03T19:02:26.830Z</time>
      </trkpt>
      <trkpt lat="20.627380" lon="-100.316585">
        <ele>1896.348675</ele>
        <time>2026-10-03T19:02:27.704Z</time>
      </trkpt>
      <trkpt lat="20.627382" lon="-100.316544">
        <ele>1896.274341</ele>
        <time>2026-10-03T19:02:28.698Z</time>
      </trkpt>
      <trkpt lat="20.627382" lon="-100.316497">
        <ele>1896.189245</ele>
        <time>2026-10-03T19:02:29.836Z</time>
      </trkpt>
      <trkpt lat="20.627377" lon="-100.316444">
        <ele>1896.092799</ele>
        <time>2026-10-03T19:02:31.125Z</time>
      </trkpt>
      <trkpt lat="20.627366" lon="-100.316387">
        <ele>1895.987425</ele>
        <time>2026-10-03T19:02:32.534Z</time>
      </trkpt>
      <trkpt lat="20.627348" lon="-100.316329">
        <ele>1895.876790</ele>
        <time>2026-10-03T19:02:34.013Z</time>
      </trkpt>
      <trkpt lat="20.627322" lon="-100.316278">
        <ele>1895.771640</ele>
        <time>2026-10-03T19:02:35.419Z</time>
      </trkpt>
      <trkpt lat="20.627295" lon="-100.316234">
        <ele>1895.676378</ele>
        <time>2026-10-03T19:02:36.693Z</time>
      </trkpt>
      <trkpt lat="20.627271" lon="-100.316202">
        <ele>1895.602131</ele>
        <time>2026-10-03T19:02:37.685Z</time>
      </trkpt>
      <trkpt lat="20.627250" lon="-100.316180">
        <ele>1895.545236</ele>
        <time>2026-10-03T19:02:38.446Z</time>
      </trkpt>
      <trkpt lat="20.627233" lon="-100.316165">
        <ele>1895.502584</ele>
        <time>2026-10-03T19:02:39.016Z</time>
      </trkpt>
      <trkpt lat="20.627218" lon="-100.316153">
        <ele>1895.466332</ele>
        <time>2026-10-03T19:02:39.501Z</time>
      </trkpt>
      <trkpt lat="20.627205" lon="-100.316142">
        <ele>1895.434252</ele>
        <time>2026-10-03T19:02:39.930Z</time>
      </trkpt>
      <trkpt lat="20.627193" lon="-100.316132">
        <ele>1895.404811</ele>
        <time>2026-10-03T19:02:40.323Z</time>
      </trkpt>
      <trkpt lat="20.627183" lon="-100.316121">
        <ele>1895.377046</ele>
        <time>2026-10-03T19:02:40.695Z</time>
      </trkpt>
      <trkpt lat="20.627173" lon="-100.316110">
        <ele>1895.349280</ele>
        <time>2026-10-03T19:02:41.066Z</time>
      </trkpt>
      <trkpt lat="20.627164" lon="-100.316099">
        <ele>1895.322827</ele>
        <time>2026-10-03T19:02:41.420Z</time>
      </trkpt>
      <trkpt lat="20.627155" lon="-100.316086">
        <ele>1895.293549</ele>
        <time>2026-10-03T19:02:41.811Z</time>
      </trkpt>
      <trkpt lat="20.627145" lon="-100.316072">
        <ele>1895.261662</ele>
        <time>2026-10-03T19:02:42.237Z</time>
      </trkpt>
      <trkpt lat="20.627135" lon="-100.316058">
        <ele>1895.229775</ele>
        <time>2026-10-03T19:02:42.664Z</time>
      </trkpt>
      <trkpt lat="20.627127" lon="-100.316043">
        <ele>1895.198517</ele>
        <time>2026-10-03T19:02:43.082Z</time>
      </trkpt>
      <trkpt lat="20.627118" lon="-100.316029">
        <ele>1895.167765</ele>
        <time>2026-10-03T19:02:43.493Z</time>
      </trkpt>
      <trkpt lat="20.627109" lon="-100.316015">
        <ele>1895.137013</ele>
        <time>2026-10-03T19:02:43.904Z</time>
      </trkpt>
      <trkpt lat="20.627100" lon="-100.316001">
        <ele>1895.106261</ele>
        <time>2026-10-03T19:02:44.315Z</time>
      </trkpt>
      <trkpt lat="20.627091" lon="-100.315987">
        <ele>1895.075510</ele>
        <time>2026-10-03T19:02:44.726Z</time>
      </trkpt>
      <trkpt lat="20.627081" lon="-100.315975">
        <ele>1895.046418</ele>
        <time>2026-10-03T19:02:45.115Z</time>
      </trkpt>
      <trkpt lat="20.627070" lon="-100.315962">
        <ele>1895.014687</ele>
        <time>2026-10-03T19:02:45.539Z</time>
      </trkpt>
      <trkpt lat="20.627058" lon="-100.315950">
        <ele>1894.982891</ele>
        <time>2026-10-03T19:02:45.964Z</time>
      </trkpt>
      <trkpt lat="20.627046" lon="-100.315938">
        <ele>1894.951095</ele>
        <time>2026-10-03T19:02:46.389Z</time>
      </trkpt>
      <trkpt lat="20.627034" lon="-100.315924">
        <ele>1894.916722</ele>
        <time>2026-10-03T19:02:46.849Z</time>
      </trkpt>
      <trkpt lat="20.627023" lon="-100.315911">
        <ele>1894.884991</ele>
        <time>2026-10-03T19:02:47.273Z</time>
      </trkpt>
      <trkpt lat="20.627012" lon="-100.315896">
        <ele>1894.850489</ele>
        <time>2026-10-03T19:02:47.734Z</time>
      </trkpt>
      <trkpt lat="20.627001" lon="-100.315880">
        <ele>1894.814543</ele>
        <time>2026-10-03T19:02:48.215Z</time>
      </trkpt>
      <trkpt lat="20.626990" lon="-100.315864">
        <ele>1894.778598</ele>
        <time>2026-10-03T19:02:48.696Z</time>
      </trkpt>
      <trkpt lat="20.626980" lon="-100.315847">
        <ele>1894.742243</ele>
        <time>2026-10-03T19:02:49.182Z</time>
      </trkpt>
      <trkpt lat="20.626972" lon="-100.315828">
        <ele>1894.704522</ele>
        <time>2026-10-03T19:02:49.686Z</time>
      </trkpt>
      <trkpt lat="20.626964" lon="-100.315807">
        <ele>1894.663470</ele>
        <time>2026-10-03T19:02:50.235Z</time>
      </trkpt>
      <trkpt lat="20.626956" lon="-100.315787">
        <ele>1894.624090</ele>
        <time>2026-10-03T19:02:50.761Z</time>
      </trkpt>
      <trkpt lat="20.626944" lon="-100.315770">
        <ele>1894.585537</ele>
        <time>2026-10-03T19:02:51.277Z</time>
      </trkpt>
      <trkpt lat="20.626930" lon="-100.315757">
        <ele>1894.549655</ele>
        <time>2026-10-03T19:02:51.756Z</time>
      </trkpt>
      <trkpt lat="20.626913" lon="-100.315747">
        <ele>1894.512112</ele>
        <time>2026-10-03T19:02:52.258Z</time>
      </trkpt>
      <trkpt lat="20.626897" lon="-100.315737">
        <ele>1894.476253</ele>
        <time>2026-10-03T19:02:52.738Z</time>
      </trkpt>
      <trkpt lat="20.626879" lon="-100.315727">
        <ele>1894.437004</ele>
        <time>2026-10-03T19:02:53.262Z</time>
      </trkpt>
      <trkpt lat="20.626864" lon="-100.315717">
        <ele>1894.402800</ele>
        <time>2026-10-03T19:02:53.720Z</time>
      </trkpt>
      <trkpt lat="20.626849" lon="-100.315707">
        <ele>1894.368597</ele>
        <time>2026-10-03T19:02:54.177Z</time>
      </trkpt>
      <trkpt lat="20.626837" lon="-100.315696">
        <ele>1894.338009</ele>
        <time>2026-10-03T19:02:54.586Z</time>
      </trkpt>
      <trkpt lat="20.626825" lon="-100.315685">
        <ele>1894.307422</ele>
        <time>2026-10-03T19:02:54.995Z</time>
      </trkpt>
      <trkpt lat="20.626811" lon="-100.315674">
        <ele>1894.273803</ele>
        <time>2026-10-03T19:02:55.444Z</time>
      </trkpt>
      <trkpt lat="20.626798" lon="-100.315663">
        <ele>1894.241722</ele>
        <time>2026-10-03T19:02:55.873Z</time>
      </trkpt>
      <trkpt lat="20.626786" lon="-100.315653">
        <ele>1894.212282</ele>
        <time>2026-10-03T19:02:56.267Z</time>
      </trkpt>
      <trkpt lat="20.626777" lon="-100.315642">
        <ele>1894.185828</ele>
        <time>2026-10-03T19:02:56.620Z</time>
      </trkpt>
      <trkpt lat="20.626768" lon="-100.315631">
        <ele>1894.159374</ele>
        <time>2026-10-03T19:02:56.974Z</time>
      </trkpt>
      <trkpt lat="20.626761" lon="-100.315618">
        <ele>1894.132219</ele>
        <time>2026-10-03T19:02:57.337Z</time>
      </trkpt>
      <trkpt lat="20.626755" lon="-100.315602">
        <ele>1894.101011</ele>
        <time>2026-10-03T19:02:57.754Z</time>
      </trkpt>
      <trkpt lat="20.626749" lon="-100.315585">
        <ele>1894.068115</ele>
        <time>2026-10-03T19:02:58.194Z</time>
      </trkpt>
      <trkpt lat="20.626743" lon="-100.315566">
        <ele>1894.031809</ele>
        <time>2026-10-03T19:02:58.679Z</time>
      </trkpt>
      <trkpt lat="20.626739" lon="-100.315547">
        <ele>1893.996548</ele>
        <time>2026-10-03T19:02:59.151Z</time>
      </trkpt>
      <trkpt lat="20.626738" lon="-100.315529">
        <ele>1893.963901</ele>
        <time>2026-10-03T19:02:59.587Z</time>
      </trkpt>
      <trkpt lat="20.626742" lon="-100.315513">
        <ele>1893.933916</ele>
        <time>2026-10-03T19:02:59.988Z</time>
      </trkpt>
      <trkpt lat="20.626751" lon="-100.315497">
        <ele>1893.900117</ele>
        <time>2026-10-03T19:03:00.440Z</time>
      </trkpt>
      <trkpt lat="20.626762" lon="-100.315483">
        <ele>1893.867020</ele>
        <time>2026-10-03T19:03:00.882Z</time>
      </trkpt>
      <trkpt lat="20.626775" lon="-100.315469">
        <ele>1893.831313</ele>
        <time>2026-10-03T19:03:01.360Z</time>
      </trkpt>
      <trkpt lat="20.626790" lon="-100.315458">
        <ele>1893.796117</ele>
        <time>2026-10-03T19:03:01.830Z</time>
      </trkpt>
      <trkpt lat="20.626805" lon="-100.315449">
        <ele>1893.762836</ele>
        <time>2026-10-03T19:03:02.275Z</time>
      </trkpt>
      <trkpt lat="20.626820" lon="-100.315439">
        <ele>1893.728632</ele>
        <time>2026-10-03T19:03:02.733Z</time>
      </trkpt>
      <trkpt lat="20.626834" lon="-100.315430">
        <ele>1893.697024</ele>
        <time>2026-10-03T19:03:03.155Z</time>
      </trkpt>
      <trkpt lat="20.626847" lon="-100.315422">
        <ele>1893.668001</ele>
        <time>2026-10-03T19:03:03.543Z</time>
      </trkpt>
      <trkpt lat="20.626860" lon="-100.315415">
        <ele>1893.639839</ele>
        <time>2026-10-03T19:03:03.920Z</time>
      </trkpt>
      <trkpt lat="20.626872" lon="-100.315406">
        <ele>1893.611476</ele>
        <time>2026-10-03T19:03:04.299Z</time>
      </trkpt>
      <trkpt lat="20.626884" lon="-100.315395">
        <ele>1893.580888</ele>
        <time>2026-10-03T19:03:04.708Z</time>
      </trkpt>
      <trkpt lat="20.626898" lon="-100.315384">
        <ele>1893.547269</ele>
        <time>2026-10-03T19:03:05.157Z</time>
      </trkpt>
      <trkpt lat="20.626912" lon="-100.315373">
        <ele>1893.513651</ele>
        <time>2026-10-03T19:03:05.607Z</time>
      </trkpt>
      <trkpt lat="20.626927" lon="-100.315361">
        <ele>1893.477400</ele>
        <time>2026-10-03T19:03:06.091Z</time>
      </trkpt>
      <trkpt lat="20.626943" lon="-100.315349">
        <ele>1893.439582</ele>
        <time>2026-10-03T19:03:06.597Z</time>
      </trkpt>
      <trkpt lat="20.626959" lon="-100.315337">
        <ele>1893.401765</ele>
        <time>2026-10-03T19:03:07.102Z</time>
      </trkpt>
      <trkpt lat="20.626974" lon="-100.315326">
        <ele>1893.366569</ele>
        <time>2026-10-03T19:03:07.573Z</time>
      </trkpt>
      <trkpt lat="20.626988" lon="-100.315317">
        <ele>1893.334960</ele>
        <time>2026-10-03T19:03:07.995Z</time>
      </trkpt>
      <trkpt lat="20.627001" lon="-100.315307">
        <ele>1893.303971</ele>
        <time>2026-10-03T19:03:08.410Z</time>
      </trkpt>
      <trkpt lat="20.627016" lon="-100.315297">
        <ele>1893.269768</ele>
        <time>2026-10-03T19:03:08.867Z</time>
      </trkpt>
      <trkpt lat="20.627031" lon="-100.315286">
        <ele>1893.234572</ele>
        <time>2026-10-03T19:03:09.337Z</time>
      </trkpt>
      <trkpt lat="20.627048" lon="-100.315274">
        <ele>1893.195155</ele>
        <time>2026-10-03T19:03:09.864Z</time>
      </trkpt>
      <trkpt lat="20.627065" lon="-100.315262">
        <ele>1893.155738</ele>
        <time>2026-10-03T19:03:10.391Z</time>
      </trkpt>
      <trkpt lat="20.627082" lon="-100.315250">
        <ele>1893.116322</ele>
        <time>2026-10-03T19:03:10.918Z</time>
      </trkpt>
      <trkpt lat="20.627098" lon="-100.315236">
        <ele>1893.076314</ele>
        <time>2026-10-03T19:03:11.453Z</time>
      </trkpt>
      <trkpt lat="20.627113" lon="-100.315225">
        <ele>1893.041118</ele>
        <time>2026-10-03T19:03:11.924Z</time>
      </trkpt>
      <trkpt lat="20.627128" lon="-100.315215">
        <ele>1893.006914</ele>
        <time>2026-10-03T19:03:12.381Z</time>
      </trkpt>
      <trkpt lat="20.627142" lon="-100.315205">
        <ele>1892.981277</ele>
        <time>2026-10-03T19:03:12.816Z</time>
      </trkpt>
      <trkpt lat="20.627156" lon="-100.315195">
        <ele>1892.967425</ele>
        <time>2026-10-03T19:03:13.252Z</time>
      </trkpt>
      <trkpt lat="20.627170" lon="-100.315185">
        <ele>1892.953573</ele>
        <time>2026-10-03T19:03:13.687Z</time>
      </trkpt>
      <trkpt lat="20.627184" lon="-100.315174">
        <ele>1892.939279</ele>
        <time>2026-10-03T19:03:14.137Z</time>
      </trkpt>
      <trkpt lat="20.627199" lon="-100.315160">
        <ele>1892.922896</ele>
        <time>2026-10-03T19:03:14.652Z</time>
      </trkpt>
      <trkpt lat="20.627214" lon="-100.315144">
        <ele>1892.905462</ele>
        <time>2026-10-03T19:03:15.200Z</time>
      </trkpt>
      <trkpt lat="20.627231" lon="-100.315127">
        <ele>1892.886310</ele>
        <time>2026-10-03T19:03:15.802Z</time>
      </trkpt>
      <trkpt lat="20.627250" lon="-100.315111">
        <ele>1892.866411</ele>
        <time>2026-10-03T19:03:16.428Z</time>
      </trkpt>
      <trkpt lat="20.627270" lon="-100.315097">
        <ele>1892.846743</ele>
        <time>2026-10-03T19:03:17.046Z</time>
      </trkpt>
      <trkpt lat="20.627291" lon="-100.315084">
        <ele>1892.826780</ele>
        <time>2026-10-03T19:03:17.674Z</time>
      </trkpt>
      <trkpt lat="20.627313" lon="-100.315071">
        <ele>1892.806101</ele>
        <time>2026-10-03T19:03:18.324Z</time>
      </trkpt>
      <trkpt lat="20.627334" lon="-100.315057">
        <ele>1892.785740</ele>
        <time>2026-10-03T19:03:18.964Z</time>
      </trkpt>
      <trkpt lat="20.627353" lon="-100.315041">
        <ele>1892.765841</ele>
        <time>2026-10-03T19:03:19.590Z</time>
      </trkpt>
      <trkpt lat="20.627370" lon="-100.315026">
        <ele>1892.747706</ele>
        <time>2026-10-03T19:03:20.160Z</time>
      </trkpt>
      <trkpt lat="20.627388" lon="-100.315012">
        <ele>1892.729393</ele>
        <time>2026-10-03T19:03:20.736Z</time>
      </trkpt>
      <trkpt lat="20.627406" lon="-100.314997">
        <ele>1892.710616</ele>
        <time>2026-10-03T19:03:21.326Z</time>
      </trkpt>
      <trkpt lat="20.627424" lon="-100.314981">
        <ele>1892.691357</ele>
        <time>2026-10-03T19:03:21.931Z</time>
      </trkpt>
      <trkpt lat="20.627443" lon="-100.314965">
        <ele>1892.671458</ele>
        <time>2026-10-03T19:03:22.557Z</time>
      </trkpt>
      <trkpt lat="20.627462" lon="-100.314949">
        <ele>1892.651559</ele>
        <time>2026-10-03T19:03:23.183Z</time>
      </trkpt>
      <trkpt lat="20.627481" lon="-100.314931">
        <ele>1892.630672</ele>
        <time>2026-10-03T19:03:23.839Z</time>
      </trkpt>
      <trkpt lat="20.627500" lon="-100.314913">
        <ele>1892.609784</ele>
        <time>2026-10-03T19:03:24.496Z</time>
      </trkpt>
      <trkpt lat="20.627519" lon="-100.314897">
        <ele>1892.589885</ele>
        <time>2026-10-03T19:03:25.122Z</time>
      </trkpt>
      <trkpt lat="20.627535" lon="-100.314881">
        <ele>1892.571860</ele>
        <time>2026-10-03T19:03:25.688Z</time>
      </trkpt>
      <trkpt lat="20.627552" lon="-100.314867">
        <ele>1892.554205</ele>
        <time>2026-10-03T19:03:26.243Z</time>
      </trkpt>
      <trkpt lat="20.627568" lon="-100.314855">
        <ele>1892.538125</ele>
        <time>2026-10-03T19:03:26.749Z</time>
      </trkpt>
      <trkpt lat="20.627586" lon="-100.314843">
        <ele>1892.520674</ele>
        <time>2026-10-03T19:03:27.298Z</time>
      </trkpt>
      <trkpt lat="20.627606" lon="-100.314830">
        <ele>1892.501418</ele>
        <time>2026-10-03T19:03:27.903Z</time>
      </trkpt>
      <trkpt lat="20.627628" lon="-100.314816">
        <ele>1892.480355</ele>
        <time>2026-10-03T19:03:28.565Z</time>
      </trkpt>
      <trkpt lat="20.627652" lon="-100.314800">
        <ele>1892.457086</ele>
        <time>2026-10-03T19:03:29.297Z</time>
      </trkpt>
      <trkpt lat="20.627679" lon="-100.314785">
        <ele>1892.432054</ele>
        <time>2026-10-03T19:03:30.084Z</time>
      </trkpt>
      <trkpt lat="20.627709" lon="-100.314770">
        <ele>1892.404809</ele>
        <time>2026-10-03T19:03:30.940Z</time>
      </trkpt>
      <trkpt lat="20.627740" lon="-100.314751">
        <ele>1892.375413</ele>
        <time>2026-10-03T19:03:31.865Z</time>
      </trkpt>
      <trkpt lat="20.627771" lon="-100.314730">
        <ele>1892.345220</ele>
        <time>2026-10-03T19:03:32.814Z</time>
      </trkpt>
      <trkpt lat="20.627803" lon="-100.314710">
        <ele>1892.314726</ele>
        <time>2026-10-03T19:03:33.772Z</time>
      </trkpt>
      <trkpt lat="20.627835" lon="-100.314690">
        <ele>1892.284232</ele>
        <time>2026-10-03T19:03:34.731Z</time>
      </trkpt>
      <trkpt lat="20.627867" lon="-100.314672">
        <ele>1892.254485</ele>
        <time>2026-10-03T19:03:35.666Z</time>
      </trkpt>
      <trkpt lat="20.627898" lon="-100.314655">
        <ele>1892.225824</ele>
        <time>2026-10-03T19:03:36.567Z</time>
      </trkpt>
      <trkpt lat="20.627928" lon="-100.314637">
        <ele>1892.197522</ele>
        <time>2026-10-03T19:03:37.457Z</time>
      </trkpt>
      <trkpt lat="20.627956" lon="-100.314618">
        <ele>1892.170239</ele>
        <time>2026-10-03T19:03:38.315Z</time>
      </trkpt>
      <trkpt lat="20.627984" lon="-100.314600">
        <ele>1892.143360</ele>
        <time>2026-10-03T19:03:39.160Z</time>
      </trkpt>
      <trkpt lat="20.628013" lon="-100.314589">
        <ele>1892.118047</ele>
        <time>2026-10-03T19:03:39.956Z</time>
      </trkpt>
      <trkpt lat="20.628042" lon="-100.314582">
        <ele>1892.093592</ele>
        <time>2026-10-03T19:03:40.725Z</time>
      </trkpt>
      <trkpt lat="20.628070" lon="-100.314582">
        <ele>1892.070560</ele>
        <time>2026-10-03T19:03:41.449Z</time>
      </trkpt>
      <trkpt lat="20.628095" lon="-100.314583">
        <ele>1892.049981</ele>
        <time>2026-10-03T19:03:42.096Z</time>
      </trkpt>
      <trkpt lat="20.628119" lon="-100.314583">
        <ele>1892.030240</ele>
        <time>2026-10-03T19:03:42.716Z</time>
      </trkpt>
      <trkpt lat="20.628140" lon="-100.314583">
        <ele>1892.012966</ele>
        <time>2026-10-03T19:03:43.259Z</time>
      </trkpt>
      <trkpt lat="20.628157" lon="-100.314581">
        <ele>1891.998898</ele>
        <time>2026-10-03T19:03:43.702Z</time>
      </trkpt>
      <trkpt lat="20.628171" lon="-100.314575">
        <ele>1891.986490</ele>
        <time>2026-10-03T19:03:44.092Z</time>
      </trkpt>
      <trkpt lat="20.628185" lon="-100.314565">
        <ele>1891.972638</ele>
        <time>2026-10-03T19:03:44.527Z</time>
      </trkpt>
      <trkpt lat="20.628199" lon="-100.314553">
        <ele>1891.957875</ele>
        <time>2026-10-03T19:03:44.991Z</time>
      </trkpt>
      <trkpt lat="20.628215" lon="-100.314544">
        <ele>1891.943002</ele>
        <time>2026-10-03T19:03:45.459Z</time>
      </trkpt>
      <trkpt lat="20.628233" lon="-100.314537">
        <ele>1891.927246</ele>
        <time>2026-10-03T19:03:45.954Z</time>
      </trkpt>
      <trkpt lat="20.628250" lon="-100.314530">
        <ele>1891.912260</ele>
        <time>2026-10-03T19:03:46.425Z</time>
      </trkpt>
      <trkpt lat="20.628266" lon="-100.314524">
        <ele>1891.898312</ele>
        <time>2026-10-03T19:03:46.864Z</time>
      </trkpt>
      <trkpt lat="20.628280" lon="-100.314515">
        <ele>1891.884872</ele>
        <time>2026-10-03T19:03:47.286Z</time>
      </trkpt>
      <trkpt lat="20.628290" lon="-100.314504">
        <ele>1891.873067</ele>
        <time>2026-10-03T19:03:47.658Z</time>
      </trkpt>
      <trkpt lat="20.628300" lon="-100.314492">
        <ele>1891.860698</ele>
        <time>2026-10-03T19:03:48.046Z</time>
      </trkpt>
      <trkpt lat="20.628310" lon="-100.314479">
        <ele>1891.847743</ele>
        <time>2026-10-03T19:03:48.454Z</time>
      </trkpt>
      <trkpt lat="20.628319" lon="-100.314466">
        <ele>1891.835295</ele>
        <time>2026-10-03T19:03:48.845Z</time>
      </trkpt>
      <trkpt lat="20.628329" lon="-100.314453">
        <ele>1891.822341</ele>
        <time>2026-10-03T19:03:49.252Z</time>
      </trkpt>
      <trkpt lat="20.628341" lon="-100.314440">
        <ele>1891.808284</ele>
        <time>2026-10-03T19:03:49.694Z</time>
      </trkpt>
      <trkpt lat="20.628355" lon="-100.314427">
        <ele>1891.793027</ele>
        <time>2026-10-03T19:03:50.174Z</time>
      </trkpt>
      <trkpt lat="20.628370" lon="-100.314415">
        <ele>1891.777614</ele>
        <time>2026-10-03T19:03:50.658Z</time>
      </trkpt>
      <trkpt lat="20.628384" lon="-100.314402">
        <ele>1891.762357</ele>
        <time>2026-10-03T19:03:51.138Z</time>
      </trkpt>
      <trkpt lat="20.628398" lon="-100.314388">
        <ele>1891.746585</ele>
        <time>2026-10-03T19:03:51.634Z</time>
      </trkpt>
      <trkpt lat="20.628411" lon="-100.314373">
        <ele>1891.730846</ele>
        <time>2026-10-03T19:03:52.129Z</time>
      </trkpt>
      <trkpt lat="20.628424" lon="-100.314359">
        <ele>1891.715664</ele>
        <time>2026-10-03T19:03:52.606Z</time>
      </trkpt>
      <trkpt lat="20.628437" lon="-100.314345">
        <ele>1891.700482</ele>
        <time>2026-10-03T19:03:53.083Z</time>
      </trkpt>
      <trkpt lat="20.628450" lon="-100.314331">
        <ele>1891.685300</ele>
        <time>2026-10-03T19:03:53.561Z</time>
      </trkpt>
      <trkpt lat="20.628462" lon="-100.314317">
        <ele>1891.670685</ele>
        <time>2026-10-03T19:03:54.020Z</time>
      </trkpt>
      <trkpt lat="20.628474" lon="-100.314302">
        <ele>1891.655494</ele>
        <time>2026-10-03T19:03:54.498Z</time>
      </trkpt>
      <trkpt lat="20.628485" lon="-100.314288">
        <ele>1891.641422</ele>
        <time>2026-10-03T19:03:54.940Z</time>
      </trkpt>
      <trkpt lat="20.628496" lon="-100.314275">
        <ele>1891.627930</ele>
        <time>2026-10-03T19:03:55.364Z</time>
      </trkpt>
      <trkpt lat="20.628508" lon="-100.314264">
        <ele>1891.614925</ele>
        <time>2026-10-03T19:03:55.773Z</time>
      </trkpt>
      <trkpt lat="20.628520" lon="-100.314254">
        <ele>1891.602407</ele>
        <time>2026-10-03T19:03:56.167Z</time>
      </trkpt>
      <trkpt lat="20.628531" lon="-100.314243">
        <ele>1891.590014</ele>
        <time>2026-10-03T19:03:56.556Z</time>
      </trkpt>
      <trkpt lat="20.628543" lon="-100.314231">
        <ele>1891.576495</ele>
        <time>2026-10-03T19:03:56.981Z</time>
      </trkpt>
      <trkpt lat="20.628555" lon="-100.314219">
        <ele>1891.562976</ele>
        <time>2026-10-03T19:03:57.406Z</time>
      </trkpt>
      <trkpt lat="20.628567" lon="-100.314205">
        <ele>1891.548361</ele>
        <time>2026-10-03T19:03:57.866Z</time>
      </trkpt>
      <trkpt lat="20.628578" lon="-100.314191">
        <ele>1891.534289</ele>
        <time>2026-10-03T19:03:58.308Z</time>
      </trkpt>
      <trkpt lat="20.628589" lon="-100.314176">
        <ele>1891.519619</ele>
        <time>2026-10-03T19:03:58.769Z</time>
      </trkpt>
      <trkpt lat="20.628599" lon="-100.314162">
        <ele>1891.506855</ele>
        <time>2026-10-03T19:03:59.196Z</time>
      </trkpt>
      <trkpt lat="20.628608" lon="-100.314147">
        <ele>1891.505863</ele>
        <time>2026-10-03T19:03:59.627Z</time>
      </trkpt>
      <trkpt lat="20.628617" lon="-100.314130">
        <ele>1891.504776</ele>
        <time>2026-10-03T19:04:00.099Z</time>
      </trkpt>
      <trkpt lat="20.628626" lon="-100.314113">
        <ele>1891.503689</ele>
        <time>2026-10-03T19:04:00.572Z</time>
      </trkpt>
      <trkpt lat="20.628638" lon="-100.314098">
        <ele>1891.502591</ele>
        <time>2026-10-03T19:04:01.050Z</time>
      </trkpt>
      <trkpt lat="20.628652" lon="-100.314084">
        <ele>1891.501450</ele>
        <time>2026-10-03T19:04:01.546Z</time>
      </trkpt>
      <trkpt lat="20.628666" lon="-100.314069">
        <ele>1891.500271</ele>
        <time>2026-10-03T19:04:02.058Z</time>
      </trkpt>
      <trkpt lat="20.628680" lon="-100.314056">
        <ele>1891.499168</ele>
        <time>2026-10-03T19:04:02.538Z</time>
      </trkpt>
      <trkpt lat="20.628693" lon="-100.314041">
        <ele>1891.498030</ele>
        <time>2026-10-03T19:04:03.033Z</time>
      </trkpt>
      <trkpt lat="20.628706" lon="-100.314026">
        <ele>1891.496893</ele>
        <time>2026-10-03T19:04:03.527Z</time>
      </trkpt>
      <trkpt lat="20.628716" lon="-100.314008">
        <ele>1891.495728</ele>
        <time>2026-10-03T19:04:04.034Z</time>
      </trkpt>
      <trkpt lat="20.628724" lon="-100.313989">
        <ele>1891.494568</ele>
        <time>2026-10-03T19:04:04.538Z</time>
      </trkpt>
      <trkpt lat="20.628731" lon="-100.313970">
        <ele>1891.493431</ele>
        <time>2026-10-03T19:04:05.032Z</time>
      </trkpt>
      <trkpt lat="20.628739" lon="-100.313951">
        <ele>1891.492272</ele>
        <time>2026-10-03T19:04:05.537Z</time>
      </trkpt>
      <trkpt lat="20.628747" lon="-100.313935">
        <ele>1891.491262</ele>
        <time>2026-10-03T19:04:05.976Z</time>
      </trkpt>
      <trkpt lat="20.628759" lon="-100.313920">
        <ele>1891.490164</ele>
        <time>2026-10-03T19:04:06.453Z</time>
      </trkpt>
      <trkpt lat="20.628772" lon="-100.313906">
        <ele>1891.489066</ele>
        <time>2026-10-03T19:04:06.931Z</time>
      </trkpt>
      <trkpt lat="20.628784" lon="-100.313893">
        <ele>1891.488050</ele>
        <time>2026-10-03T19:04:07.373Z</time>
      </trkpt>
      <trkpt lat="20.628799" lon="-100.313880">
        <ele>1891.486901</ele>
        <time>2026-10-03T19:04:07.872Z</time>
      </trkpt>
      <trkpt lat="20.628815" lon="-100.313867">
        <ele>1891.485706</ele>
        <time>2026-10-03T19:04:08.392Z</time>
      </trkpt>
      <trkpt lat="20.628829" lon="-100.313853">
        <ele>1891.484566</ele>
        <time>2026-10-03T19:04:08.888Z</time>
      </trkpt>
      <trkpt lat="20.628841" lon="-100.313837">
        <ele>1891.483425</ele>
        <time>2026-10-03T19:04:09.384Z</time>
      </trkpt>
      <trkpt lat="20.628849" lon="-100.313819">
        <ele>1891.482316</ele>
        <time>2026-10-03T19:04:09.866Z</time>
      </trkpt>
      <trkpt lat="20.628856" lon="-100.313799">
        <ele>1891.481127</ele>
        <time>2026-10-03T19:04:10.383Z</time>
      </trkpt>
      <trkpt lat="20.628862" lon="-100.313778">
        <ele>1891.479905</ele>
        <time>2026-10-03T19:04:10.914Z</time>
      </trkpt>
      <trkpt lat="20.628870" lon="-100.313758">
        <ele>1891.478694</ele>
        <time>2026-10-03T19:04:11.441Z</time>
      </trkpt>
      <trkpt lat="20.628881" lon="-100.313740">
        <ele>1891.477498</ele>
        <time>2026-10-03T19:04:11.961Z</time>
      </trkpt>
      <trkpt lat="20.628894" lon="-100.313723">
        <ele>1891.476276</ele>
        <time>2026-10-03T19:04:12.492Z</time>
      </trkpt>
      <trkpt lat="20.628906" lon="-100.313707">
        <ele>1891.475135</ele>
        <time>2026-10-03T19:04:12.988Z</time>
      </trkpt>
      <trkpt lat="20.628920" lon="-100.313692">
        <ele>1891.473956</ele>
        <time>2026-10-03T19:04:13.501Z</time>
      </trkpt>
      <trkpt lat="20.628934" lon="-100.313679">
        <ele>1891.472853</ele>
        <time>2026-10-03T19:04:13.981Z</time>
      </trkpt>
      <trkpt lat="20.628948" lon="-100.313667">
        <ele>1891.471785</ele>
        <time>2026-10-03T19:04:14.445Z</time>
      </trkpt>
      <trkpt lat="20.628960" lon="-100.313656">
        <ele>1891.470845</ele>
        <time>2026-10-03T19:04:14.854Z</time>
      </trkpt>
      <trkpt lat="20.628972" lon="-100.313644">
        <ele>1891.469868</ele>
        <time>2026-10-03T19:04:15.279Z</time>
      </trkpt>
      <trkpt lat="20.628986" lon="-100.313631">
        <ele>1891.468765</ele>
        <time>2026-10-03T19:04:15.758Z</time>
      </trkpt>
      <trkpt lat="20.628999" lon="-100.313617">
        <ele>1891.467667</ele>
        <time>2026-10-03T19:04:16.236Z</time>
      </trkpt>
      <trkpt lat="20.629012" lon="-100.313601">
        <ele>1891.466488</ele>
        <time>2026-10-03T19:04:16.748Z</time>
      </trkpt>
      <trkpt lat="20.629024" lon="-100.313582">
        <ele>1891.465212</ele>
        <time>2026-10-03T19:04:17.303Z</time>
      </trkpt>
      <trkpt lat="20.629036" lon="-100.313562">
        <ele>1891.463890</ele>
        <time>2026-10-03T19:04:17.878Z</time>
      </trkpt>
      <trkpt lat="20.629047" lon="-100.313542">
        <ele>1891.462599</ele>
        <time>2026-10-03T19:04:18.440Z</time>
      </trkpt>
      <trkpt lat="20.629060" lon="-100.313524">
        <ele>1891.461333</ele>
        <time>2026-10-03T19:04:18.990Z</time>
      </trkpt>
      <trkpt lat="20.629073" lon="-100.313509">
        <ele>1891.460195</ele>
        <time>2026-10-03T19:04:19.485Z</time>
      </trkpt>
      <trkpt lat="20.629088" lon="-100.313494">
        <ele>1891.458974</ele>
        <time>2026-10-03T19:04:20.016Z</time>
      </trkpt>
      <trkpt lat="20.629104" lon="-100.313480">
        <ele>1891.457744</ele>
        <time>2026-10-03T19:04:20.551Z</time>
      </trkpt>
      <trkpt lat="20.629120" lon="-100.313465">
        <ele>1891.456478</ele>
        <time>2026-10-03T19:04:21.101Z</time>
      </trkpt>
      <trkpt lat="20.629136" lon="-100.313449">
        <ele>1891.455175</ele>
        <time>2026-10-03T19:04:21.668Z</time>
      </trkpt>
      <trkpt lat="20.629152" lon="-100.313433">
        <ele>1891.453871</ele>
        <time>2026-10-03T19:04:22.235Z</time>
      </trkpt>
      <trkpt lat="20.629168" lon="-100.313419">
        <ele>1891.452642</ele>
        <time>2026-10-03T19:04:22.769Z</time>
      </trkpt>
      <trkpt lat="20.629183" lon="-100.313405">
        <ele>1891.451457</ele>
        <time>2026-10-03T19:04:23.284Z</time>
      </trkpt>
      <trkpt lat="20.629199" lon="-100.313391">
        <ele>1891.450227</ele>
        <time>2026-10-03T19:04:23.819Z</time>
      </trkpt>
      <trkpt lat="20.629214" lon="-100.313376">
        <ele>1891.449006</ele>
        <time>2026-10-03T19:04:24.350Z</time>
      </trkpt>
      <trkpt lat="20.629229" lon="-100.313360">
        <ele>1891.447745</ele>
        <time>2026-10-03T19:04:24.898Z</time>
      </trkpt>
      <trkpt lat="20.629244" lon="-100.313344">
        <ele>1891.446485</ele>
        <time>2026-10-03T19:04:25.447Z</time>
      </trkpt>
      <trkpt lat="20.629258" lon="-100.313328">
        <ele>1891.445266</ele>
        <time>2026-10-03T19:04:25.977Z</time>
      </trkpt>
      <trkpt lat="20.629272" lon="-100.313312">
        <ele>1891.444046</ele>
        <time>2026-10-03T19:04:26.507Z</time>
      </trkpt>
      <trkpt lat="20.629285" lon="-100.313296">
        <ele>1891.442867</ele>
        <time>2026-10-03T19:04:27.020Z</time>
      </trkpt>
      <trkpt lat="20.629297" lon="-100.313281">
        <ele>1891.441769</ele>
        <time>2026-10-03T19:04:27.497Z</time>
      </trkpt>
      <trkpt lat="20.629308" lon="-100.313265">
        <ele>1891.440664</ele>
        <time>2026-10-03T19:04:27.978Z</time>
      </trkpt>
      <trkpt lat="20.629320" lon="-100.313248">
        <ele>1891.439479</ele>
        <time>2026-10-03T19:04:28.493Z</time>
      </trkpt>
      <trkpt lat="20.629330" lon="-100.313232">
        <ele>1891.438408</ele>
        <time>2026-10-03T19:04:28.959Z</time>
      </trkpt>
      <trkpt lat="20.629338" lon="-100.313219">
        <ele>1891.437542</ele>
        <time>2026-10-03T19:04:29.335Z</time>
      </trkpt>
      <trkpt lat="20.629345" lon="-100.313207">
        <ele>1891.436755</ele>
        <time>2026-10-03T19:04:29.677Z</time>
      </trkpt>
      <trkpt lat="20.629348" lon="-100.313198">
        <ele>1891.436223</ele>
        <time>2026-10-03T19:04:29.909Z</time>
      </trkpt>
      <trkpt lat="20.629348" lon="-100.313194">
        <ele>1891.436001</ele>
        <time>2026-10-03T19:04:30.005Z</time>
      </trkpt>
      <trkpt lat="20.629347" lon="-100.313194">
        <ele>1891.435941</ele>
        <time>2026-10-03T19:04:30.031Z</time>
      </trkpt>
      <trkpt lat="20.629346" lon="-100.313198">
        <ele>1891.435711</ele>
        <time>2026-10-03T19:04:30.131Z</time>
      </trkpt>
      <trkpt lat="20.629344" lon="-100.313201">
        <ele>1891.435506</ele>
        <time>2026-10-03T19:04:30.221Z</time>
      </trkpt>
      <trkpt lat="20.629343" lon="-100.313203">
        <ele>1891.435379</ele>
        <time>2026-10-03T19:04:30.275Z</time>
      </trkpt>
      <trkpt lat="20.629342" lon="-100.313205">
        <ele>1891.435253</ele>
        <time>2026-10-03T19:04:30.330Z</time>
      </trkpt>
      <trkpt lat="20.629342" lon="-100.313206">
        <ele>1891.435198</ele>
        <time>2026-10-03T19:04:30.354Z</time>
      </trkpt>
      <trkpt lat="20.629341" lon="-100.313207">
        <ele>1891.435116</ele>
        <time>2026-10-03T19:04:30.390Z</time>
      </trkpt>
      <trkpt lat="20.629346" lon="-100.313203">
        <ele>1891.434745</ele>
        <time>2026-10-03T19:04:30.551Z</time>
      </trkpt>
      <trkpt lat="20.629351" lon="-100.313200">
        <ele>1891.434404</ele>
        <time>2026-10-03T19:04:30.700Z</time>
      </trkpt>
      <trkpt lat="20.629353" lon="-100.313198">
        <ele>1891.434241</ele>
        <time>2026-10-03T19:04:30.771Z</time>
      </trkpt>
      <trkpt lat="20.629355" lon="-100.313198">
        <ele>1891.434122</ele>
        <time>2026-10-03T19:04:30.822Z</time>
      </trkpt>
      <trkpt lat="20.629355" lon="-100.313197">
        <ele>1891.434066</ele>
        <time>2026-10-03T19:04:30.846Z</time>
      </trkpt>
      <trkpt lat="20.629355" lon="-100.313198">
        <ele>1891.434011</ele>
        <time>2026-10-03T19:04:30.871Z</time>
      </trkpt>
      <trkpt lat="20.629354" lon="-100.313198">
        <ele>1891.433951</ele>
        <time>2026-10-03T19:04:30.897Z</time>
      </trkpt>
      <trkpt lat="20.629353" lon="-100.313198">
        <ele>1891.433892</ele>
        <time>2026-10-03T19:04:30.922Z</time>
      </trkpt>
      <trkpt lat="20.629344" lon="-100.313192">
        <ele>1891.433261</ele>
        <time>2026-10-03T19:04:31.197Z</time>
      </trkpt>
      <trkpt lat="20.629338" lon="-100.313187">
        <ele>1891.432808</ele>
        <time>2026-10-03T19:04:31.393Z</time>
      </trkpt>
      <trkpt lat="20.629334" lon="-100.313185">
        <ele>1891.432546</ele>
        <time>2026-10-03T19:04:31.508Z</time>
      </trkpt>
      <trkpt lat="20.629333" lon="-100.313183">
        <ele>1891.432419</ele>
        <time>2026-10-03T19:04:31.563Z</time>
      </trkpt>
      <trkpt lat="20.629332" lon="-100.313183">
        <ele>1891.432360</ele>
        <time>2026-10-03T19:04:31.588Z</time>
      </trkpt>
      <trkpt lat="20.629331" lon="-100.313174">
        <ele>1891.431855</ele>
        <time>2026-10-03T19:04:31.808Z</time>
      </trkpt>
      <trkpt lat="20.629329" lon="-100.313160">
        <ele>1891.431067</ele>
        <time>2026-10-03T19:04:32.150Z</time>
      </trkpt>
      <trkpt lat="20.629327" lon="-100.313145">
        <ele>1891.430224</ele>
        <time>2026-10-03T19:04:32.517Z</time>
      </trkpt>
      <trkpt lat="20.629325" lon="-100.313128">
        <ele>1891.429270</ele>
        <time>2026-10-03T19:04:32.932Z</time>
      </trkpt>
      <trkpt lat="20.629327" lon="-100.313110">
        <ele>1891.428262</ele>
        <time>2026-10-03T19:04:33.371Z</time>
      </trkpt>
      <trkpt lat="20.629331" lon="-100.313089">
        <ele>1891.427069</ele>
        <time>2026-10-03T19:04:33.889Z</time>
      </trkpt>
      <trkpt lat="20.629339" lon="-100.313065">
        <ele>1891.425651</ele>
        <time>2026-10-03T19:04:34.506Z</time>
      </trkpt>
      <trkpt lat="20.629349" lon="-100.313041">
        <ele>1891.424189</ele>
        <time>2026-10-03T19:04:35.142Z</time>
      </trkpt>
      <trkpt lat="20.629360" lon="-100.313016">
        <ele>1891.422651</ele>
        <time>2026-10-03T19:04:35.810Z</time>
      </trkpt>
      <trkpt lat="20.629373" lon="-100.312993">
        <ele>1891.421156</ele>
        <time>2026-10-03T19:04:36.460Z</time>
      </trkpt>
      <trkpt lat="20.629386" lon="-100.312970">
        <ele>1891.419660</ele>
        <time>2026-10-03T19:04:37.111Z</time>
      </trkpt>
      <trkpt lat="20.629400" lon="-100.312950">
        <ele>1891.418270</ele>
        <time>2026-10-03T19:04:37.715Z</time>
      </trkpt>
      <trkpt lat="20.629414" lon="-100.312931">
        <ele>1891.416924</ele>
        <time>2026-10-03T19:04:38.300Z</time>
      </trkpt>
      <trkpt lat="20.629429" lon="-100.312913">
        <ele>1891.415583</ele>
        <time>2026-10-03T19:04:38.884Z</time>
      </trkpt>
      <trkpt lat="20.629444" lon="-100.312894">
        <ele>1891.414199</ele>
        <time>2026-10-03T19:04:39.485Z</time>
      </trkpt>
      <trkpt lat="20.629458" lon="-100.312874">
        <ele>1891.412809</ele>
        <time>2026-10-03T19:04:40.090Z</time>
      </trkpt>
      <trkpt lat="20.629474" lon="-100.312855">
        <ele>1891.411387</ele>
        <time>2026-10-03T19:04:40.708Z</time>
      </trkpt>
      <trkpt lat="20.629489" lon="-100.312835">
        <ele>1891.409960</ele>
        <time>2026-10-03T19:04:41.328Z</time>
      </trkpt>
      <trkpt lat="20.629504" lon="-100.312815">
        <ele>1891.408534</ele>
        <time>2026-10-03T19:04:41.949Z</time>
      </trkpt>
      <trkpt lat="20.629519" lon="-100.312795">
        <ele>1891.407107</ele>
        <time>2026-10-03T19:04:42.569Z</time>
      </trkpt>
      <trkpt lat="20.629534" lon="-100.312776">
        <ele>1891.405724</ele>
        <time>2026-10-03T19:04:43.171Z</time>
      </trkpt>
      <trkpt lat="20.629550" lon="-100.312757">
        <ele>1891.404301</ele>
        <time>2026-10-03T19:04:43.789Z</time>
      </trkpt>
      <trkpt lat="20.629567" lon="-100.312739">
        <ele>1891.402878</ele>
        <time>2026-10-03T19:04:44.408Z</time>
      </trkpt>
      <trkpt lat="20.629585" lon="-100.312721">
        <ele>1891.401412</ele>
        <time>2026-10-03T19:04:45.046Z</time>
      </trkpt>
      <trkpt lat="20.629601" lon="-100.312704">
        <ele>1891.400070</ele>
        <time>2026-10-03T19:04:45.629Z</time>
      </trkpt>
      <trkpt lat="20.629615" lon="-100.312686">
        <ele>1891.397515</ele>
        <time>2026-10-03T19:04:46.195Z</time>
      </trkpt>
      <trkpt lat="20.629628" lon="-100.312669">
        <ele>1891.395000</ele>
        <time>2026-10-03T19:04:46.727Z</time>
      </trkpt>
      <trkpt lat="20.629644" lon="-100.312653">
        <ele>1891.392318</ele>
        <time>2026-10-03T19:04:47.293Z</time>
      </trkpt>
      <trkpt lat="20.629662" lon="-100.312642">
        <ele>1891.389780</ele>
        <time>2026-10-03T19:04:47.830Z</time>
      </trkpt>
      <trkpt lat="20.629679" lon="-100.312630">
        <ele>1891.387287</ele>
        <time>2026-10-03T19:04:48.357Z</time>
      </trkpt>
      <trkpt lat="20.629694" lon="-100.312615">
        <ele>1891.384772</ele>
        <time>2026-10-03T19:04:48.888Z</time>
      </trkpt>
      <trkpt lat="20.629710" lon="-100.312596">
        <ele>1891.381845</ele>
        <time>2026-10-03T19:04:49.506Z</time>
      </trkpt>
      <trkpt lat="20.629729" lon="-100.312570">
        <ele>1891.378066</ele>
        <time>2026-10-03T19:04:50.305Z</time>
      </trkpt>
      <trkpt lat="20.629750" lon="-100.312541">
        <ele>1891.373866</ele>
        <time>2026-10-03T19:04:51.192Z</time>
      </trkpt>
      <trkpt lat="20.629774" lon="-100.312510">
        <ele>1891.369258</ele>
        <time>2026-10-03T19:04:52.166Z</time>
      </trkpt>
      <trkpt lat="20.629798" lon="-100.312476">
        <ele>1891.364380</ele>
        <time>2026-10-03T19:04:53.196Z</time>
      </trkpt>
      <trkpt lat="20.629823" lon="-100.312440">
        <ele>1891.359245</ele>
        <time>2026-10-03T19:04:54.281Z</time>
      </trkpt>
      <trkpt lat="20.629849" lon="-100.312403">
        <ele>1891.353945</ele>
        <time>2026-10-03T19:04:55.401Z</time>
      </trkpt>
      <trkpt lat="20.629875" lon="-100.312362">
        <ele>1891.348272</ele>
        <time>2026-10-03T19:04:56.600Z</time>
      </trkpt>
      <trkpt lat="20.629899" lon="-100.312320">
        <ele>1891.342636</ele>
        <time>2026-10-03T19:04:57.791Z</time>
      </trkpt>
      <trkpt lat="20.629921" lon="-100.312280">
        <ele>1891.337321</ele>
        <time>2026-10-03T19:04:58.913Z</time>
      </trkpt>
      <trkpt lat="20.629940" lon="-100.312243">
        <ele>1891.332487</ele>
        <time>2026-10-03T19:04:59.935Z</time>
      </trkpt>
      <trkpt lat="20.629959" lon="-100.312208">
        <ele>1891.327853</ele>
        <time>2026-10-03T19:05:00.914Z</time>
      </trkpt>
      <trkpt lat="20.629977" lon="-100.312175">
        <ele>1891.323478</ele>
        <time>2026-10-03T19:05:01.838Z</time>
      </trkpt>
      <trkpt lat="20.629998" lon="-100.312141">
        <ele>1891.318812</ele>
        <time>2026-10-03T19:05:02.824Z</time>
      </trkpt>
      <trkpt lat="20.630020" lon="-100.312110">
        <ele>1891.314355</ele>
        <time>2026-10-03T19:05:03.766Z</time>
      </trkpt>
      <trkpt lat="20.630043" lon="-100.312081">
        <ele>1891.310001</ele>
        <time>2026-10-03T19:05:04.686Z</time>
      </trkpt>
      <trkpt lat="20.630065" lon="-100.312051">
        <ele>1891.305636</ele>
        <time>2026-10-03T19:05:05.608Z</time>
      </trkpt>
      <trkpt lat="20.630084" lon="-100.312021">
        <ele>1891.301486</ele>
        <time>2026-10-03T19:05:06.485Z</time>
      </trkpt>
      <trkpt lat="20.630102" lon="-100.311990">
        <ele>1891.297308</ele>
        <time>2026-10-03T19:05:07.368Z</time>
      </trkpt>
      <trkpt lat="20.630121" lon="-100.311955">
        <ele>1891.292673</ele>
        <time>2026-10-03T19:05:08.347Z</time>
      </trkpt>
      <trkpt lat="20.630140" lon="-100.311920">
        <ele>1891.288038</ele>
        <time>2026-10-03T19:05:09.326Z</time>
      </trkpt>
      <trkpt lat="20.630160" lon="-100.311885">
        <ele>1891.283341</ele>
        <time>2026-10-03T19:05:10.319Z</time>
      </trkpt>
      <trkpt lat="20.630180" lon="-100.311854">
        <ele>1891.279028</ele>
        <time>2026-10-03T19:05:11.230Z</time>
      </trkpt>
      <trkpt lat="20.630200" lon="-100.311828">
        <ele>1891.275174</ele>
        <time>2026-10-03T19:05:12.044Z</time>
      </trkpt>
      <trkpt lat="20.630219" lon="-100.311806">
        <ele>1891.271745</ele>
        <time>2026-10-03T19:05:12.769Z</time>
      </trkpt>
      <trkpt lat="20.630234" lon="-100.311783">
        <ele>1891.268534</ele>
        <time>2026-10-03T19:05:13.447Z</time>
      </trkpt>
      <trkpt lat="20.630244" lon="-100.311760">
        <ele>1891.265629</ele>
        <time>2026-10-03T19:05:14.061Z</time>
      </trkpt>
      <trkpt lat="20.630252" lon="-100.311736">
        <ele>1891.262710</ele>
        <time>2026-10-03T19:05:14.678Z</time>
      </trkpt>
      <trkpt lat="20.630262" lon="-100.311714">
        <ele>1891.259909</ele>
        <time>2026-10-03T19:05:15.269Z</time>
      </trkpt>
      <trkpt lat="20.630277" lon="-100.311688">
        <ele>1891.256410</ele>
        <time>2026-10-03T19:05:16.009Z</time>
      </trkpt>
      <trkpt lat="20.630294" lon="-100.311658">
        <ele>1891.252393</ele>
        <time>2026-10-03T19:05:16.857Z</time>
      </trkpt>
      <trkpt lat="20.630312" lon="-100.311626">
        <ele>1891.248117</ele>
        <time>2026-10-03T19:05:17.761Z</time>
      </trkpt>
      <trkpt lat="20.630328" lon="-100.311592">
        <ele>1891.243758</ele>
        <time>2026-10-03T19:05:18.682Z</time>
      </trkpt>
      <trkpt lat="20.630344" lon="-100.311561">
        <ele>1891.239703</ele>
        <time>2026-10-03T19:05:19.539Z</time>
      </trkpt>
      <trkpt lat="20.630360" lon="-100.311533">
        <ele>1891.235945</ele>
        <time>2026-10-03T19:05:20.333Z</time>
      </trkpt>
      <trkpt lat="20.630375" lon="-100.311505">
        <ele>1891.232250</ele>
        <time>2026-10-03T19:05:21.114Z</time>
      </trkpt>
      <trkpt lat="20.630391" lon="-100.311476">
        <ele>1891.228394</ele>
        <time>2026-10-03T19:05:21.928Z</time>
      </trkpt>
      <trkpt lat="20.630404" lon="-100.311446">
        <ele>1891.224607</ele>
        <time>2026-10-03T19:05:22.728Z</time>
      </trkpt>
      <trkpt lat="20.630418" lon="-100.311416">
        <ele>1891.220767</ele>
        <time>2026-10-03T19:05:23.540Z</time>
      </trkpt>
      <trkpt lat="20.630433" lon="-100.311390">
        <ele>1891.217269</ele>
        <time>2026-10-03T19:05:24.279Z</time>
      </trkpt>
      <trkpt lat="20.630453" lon="-100.311367">
        <ele>1891.213672</ele>
        <time>2026-10-03T19:05:25.039Z</time>
      </trkpt>
      <trkpt lat="20.630473" lon="-100.311342">
        <ele>1891.209905</ele>
        <time>2026-10-03T19:05:25.835Z</time>
      </trkpt>
      <trkpt lat="20.630491" lon="-100.311312">
        <ele>1891.205823</ele>
        <time>2026-10-03T19:05:26.697Z</time>
      </trkpt>
      <trkpt lat="20.630509" lon="-100.311279">
        <ele>1891.201448</ele>
        <time>2026-10-03T19:05:27.621Z</time>
      </trkpt>
      <trkpt lat="20.630527" lon="-100.311245">
        <ele>1891.196974</ele>
        <time>2026-10-03T19:05:28.567Z</time>
      </trkpt>
      <trkpt lat="20.630545" lon="-100.311212">
        <ele>1891.192599</ele>
        <time>2026-10-03T19:05:29.491Z</time>
      </trkpt>
      <trkpt lat="20.630563" lon="-100.311180">
        <ele>1891.188323</ele>
        <time>2026-10-03T19:05:30.395Z</time>
      </trkpt>
      <trkpt lat="20.630581" lon="-100.311148">
        <ele>1891.184046</ele>
        <time>2026-10-03T19:05:31.298Z</time>
      </trkpt>
      <trkpt lat="20.630597" lon="-100.311119">
        <ele>1891.180190</ele>
        <time>2026-10-03T19:05:32.113Z</time>
      </trkpt>
      <trkpt lat="20.630615" lon="-100.311093">
        <ele>1891.174459</ele>
        <time>2026-10-03T19:05:32.896Z</time>
      </trkpt>
      <trkpt lat="20.630632" lon="-100.311069">
        <ele>1891.168912</ele>
        <time>2026-10-03T19:05:33.624Z</time>
      </trkpt>
      <trkpt lat="20.630647" lon="-100.311044">
        <ele>1891.163440</ele>
        <time>2026-10-03T19:05:34.343Z</time>
      </trkpt>
      <trkpt lat="20.630659" lon="-100.311017">
        <ele>1891.157931</ele>
        <time>2026-10-03T19:05:35.066Z</time>
      </trkpt>
      <trkpt lat="20.630669" lon="-100.310986">
        <ele>1891.151889</ele>
        <time>2026-10-03T19:05:35.860Z</time>
      </trkpt>
      <trkpt lat="20.630681" lon="-100.310952">
        <ele>1891.145192</ele>
        <time>2026-10-03T19:05:36.739Z</time>
      </trkpt>
      <trkpt lat="20.630696" lon="-100.310920">
        <ele>1891.138596</ele>
        <time>2026-10-03T19:05:37.605Z</time>
      </trkpt>
      <trkpt lat="20.630713" lon="-100.310890">
        <ele>1891.132133</ele>
        <time>2026-10-03T19:05:38.454Z</time>
      </trkpt>
      <trkpt lat="20.630730" lon="-100.310863">
        <ele>1891.126136</ele>
        <time>2026-10-03T19:05:39.241Z</time>
      </trkpt>
      <trkpt lat="20.630743" lon="-100.310832">
        <ele>1891.119876</ele>
        <time>2026-10-03T19:05:40.064Z</time>
      </trkpt>
      <trkpt lat="20.630755" lon="-100.310800">
        <ele>1891.113523</ele>
        <time>2026-10-03T19:05:40.898Z</time>
      </trkpt>
      <trkpt lat="20.630766" lon="-100.310767">
        <ele>1891.107067</ele>
        <time>2026-10-03T19:05:41.746Z</time>
      </trkpt>
      <trkpt lat="20.630777" lon="-100.310733">
        <ele>1891.100438</ele>
        <time>2026-10-03T19:05:42.616Z</time>
      </trkpt>
      <trkpt lat="20.630788" lon="-100.310697">
        <ele>1891.093459</ele>
        <time>2026-10-03T19:05:43.533Z</time>
      </trkpt>
      <trkpt lat="20.630800" lon="-100.310658">
        <ele>1891.085893</ele>
        <time>2026-10-03T19:05:44.526Z</time>
      </trkpt>
      <trkpt lat="20.630814" lon="-100.310616">
        <ele>1891.077677</ele>
        <time>2026-10-03T19:05:45.605Z</time>
      </trkpt>
      <trkpt lat="20.630828" lon="-100.310573">
        <ele>1891.069286</ele>
        <time>2026-10-03T19:05:46.707Z</time>
      </trkpt>
      <trkpt lat="20.630843" lon="-100.310529">
        <ele>1891.060657</ele>
        <time>2026-10-03T19:05:47.840Z</time>
      </trkpt>
      <trkpt lat="20.630855" lon="-100.310485">
        <ele>1891.052211</ele>
        <time>2026-10-03T19:05:48.950Z</time>
      </trkpt>
      <trkpt lat="20.630866" lon="-100.310440">
        <ele>1891.043639</ele>
        <time>2026-10-03T19:05:50.075Z</time>
      </trkpt>
      <trkpt lat="20.630877" lon="-100.310396">
        <ele>1891.035247</ele>
        <time>2026-10-03T19:05:51.177Z</time>
      </trkpt>
      <trkpt lat="20.630890" lon="-100.310351">
        <ele>1891.026567</ele>
        <time>2026-10-03T19:05:52.317Z</time>
      </trkpt>
      <trkpt lat="20.630902" lon="-100.310305">
        <ele>1891.017767</ele>
        <time>2026-10-03T19:05:53.473Z</time>
      </trkpt>
      <trkpt lat="20.630913" lon="-100.310259">
        <ele>1891.009017</ele>
        <time>2026-10-03T19:05:54.622Z</time>
      </trkpt>
      <trkpt lat="20.630922" lon="-100.310218">
        <ele>1891.001257</ele>
        <time>2026-10-03T19:05:55.641Z</time>
      </trkpt>
      <trkpt lat="20.630928" lon="-100.310183">
        <ele>1890.994699</ele>
        <time>2026-10-03T19:05:56.502Z</time>
      </trkpt>
      <trkpt lat="20.630932" lon="-100.310151">
        <ele>1890.988750</ele>
        <time>2026-10-03T19:05:57.284Z</time>
      </trkpt>
      <trkpt lat="20.630938" lon="-100.310120">
        <ele>1890.982916</ele>
        <time>2026-10-03T19:05:58.050Z</time>
      </trkpt>
      <trkpt lat="20.630947" lon="-100.310090">
        <ele>1890.977110</ele>
        <time>2026-10-03T19:05:58.812Z</time>
      </trkpt>
      <trkpt lat="20.630955" lon="-100.310060">
        <ele>1890.971362</ele>
        <time>2026-10-03T19:05:59.567Z</time>
      </trkpt>
      <trkpt lat="20.630963" lon="-100.310030">
        <ele>1890.965613</ele>
        <time>2026-10-03T19:06:00.322Z</time>
      </trkpt>
      <trkpt lat="20.630971" lon="-100.310000">
        <ele>1890.959864</ele>
        <time>2026-10-03T19:06:01.077Z</time>
      </trkpt>
      <trkpt lat="20.630977" lon="-100.309969">
        <ele>1890.954030</ele>
        <time>2026-10-03T19:06:01.843Z</time>
      </trkpt>
      <trkpt lat="20.630984" lon="-100.309936">
        <ele>1890.947795</ele>
        <time>2026-10-03T19:06:02.662Z</time>
      </trkpt>
      <trkpt lat="20.630994" lon="-100.309903">
        <ele>1890.941402</ele>
        <time>2026-10-03T19:06:03.501Z</time>
      </trkpt>
      <trkpt lat="20.631004" lon="-100.309870">
        <ele>1890.935010</ele>
        <time>2026-10-03T19:06:04.341Z</time>
      </trkpt>
      <trkpt lat="20.631010" lon="-100.309839">
        <ele>1890.929176</ele>
        <time>2026-10-03T19:06:05.107Z</time>
      </trkpt>
      <trkpt lat="20.631010" lon="-100.309810">
        <ele>1890.923832</ele>
        <time>2026-10-03T19:06:05.809Z</time>
      </trkpt>
      <trkpt lat="20.631009" lon="-100.309783">
        <ele>1890.918852</ele>
        <time>2026-10-03T19:06:06.463Z</time>
      </trkpt>
      <trkpt lat="20.631007" lon="-100.309759">
        <ele>1890.914412</ele>
        <time>2026-10-03T19:06:07.046Z</time>
      </trkpt>
      <trkpt lat="20.631003" lon="-100.309734">
        <ele>1890.909738</ele>
        <time>2026-10-03T19:06:07.660Z</time>
      </trkpt>
      <trkpt lat="20.630996" lon="-100.309704">
        <ele>1890.904040</ele>
        <time>2026-10-03T19:06:08.408Z</time>
      </trkpt>
      <trkpt lat="20.630988" lon="-100.309674">
        <ele>1890.898291</ele>
        <time>2026-10-03T19:06:09.163Z</time>
      </trkpt>
      <trkpt lat="20.630983" lon="-100.309647">
        <ele>1890.893219</ele>
        <time>2026-10-03T19:06:09.829Z</time>
      </trkpt>
      <trkpt lat="20.630982" lon="-100.309622">
        <ele>1890.888608</ele>
        <time>2026-10-03T19:06:10.435Z</time>
      </trkpt>
      <trkpt lat="20.630985" lon="-100.309597">
        <ele>1890.883963</ele>
        <time>2026-10-03T19:06:11.045Z</time>
      </trkpt>
      <trkpt lat="20.630991" lon="-100.309572">
        <ele>1890.879206</ele>
        <time>2026-10-03T19:06:11.669Z</time>
      </trkpt>
      <trkpt lat="20.630998" lon="-100.309548">
        <ele>1890.874574</ele>
        <time>2026-10-03T19:06:12.278Z</time>
      </trkpt>
      <trkpt lat="20.631004" lon="-100.309528">
        <ele>1890.870703</ele>
        <time>2026-10-03T19:06:12.786Z</time>
      </trkpt>
      <trkpt lat="20.631008" lon="-100.309516">
        <ele>1890.868356</ele>
        <time>2026-10-03T19:06:13.094Z</time>
      </trkpt>
      <trkpt lat="20.631010" lon="-100.309512">
        <ele>1890.867520</ele>
        <time>2026-10-03T19:06:13.204Z</time>
      </trkpt>
      <trkpt lat="20.631011" lon="-100.309512">
        <ele>1890.867323</ele>
        <time>2026-10-03T19:06:13.230Z</time>
      </trkpt>
      <trkpt lat="20.631011" lon="-100.309515">
        <ele>1890.866770</ele>
        <time>2026-10-03T19:06:13.302Z</time>
      </trkpt>
      <trkpt lat="20.631010" lon="-100.309519">
        <ele>1890.866007</ele>
        <time>2026-10-03T19:06:13.403Z</time>
      </trkpt>
      <trkpt lat="20.631010" lon="-100.309522">
        <ele>1890.865454</ele>
        <time>2026-10-03T19:06:13.475Z</time>
      </trkpt>
      <trkpt lat="20.631009" lon="-100.309524">
        <ele>1890.865036</ele>
        <time>2026-10-03T19:06:13.530Z</time>
      </trkpt>
      <trkpt lat="20.631009" lon="-100.309526">
        <ele>1890.864668</ele>
        <time>2026-10-03T19:06:13.578Z</time>
      </trkpt>
      <trkpt lat="20.631008" lon="-100.309527">
        <ele>1890.864398</ele>
        <time>2026-10-03T19:06:13.614Z</time>
      </trkpt>
      <trkpt lat="20.631014" lon="-100.309526">
        <ele>1890.863202</ele>
        <time>2026-10-03T19:06:13.771Z</time>
      </trkpt>
      <trkpt lat="20.631022" lon="-100.309524">
        <ele>1890.861585</ele>
        <time>2026-10-03T19:06:13.983Z</time>
      </trkpt>
      <trkpt lat="20.631031" lon="-100.309520">
        <ele>1890.859665</ele>
        <time>2026-10-03T19:06:14.235Z</time>
      </trkpt>
      <trkpt lat="20.631038" lon="-100.309513">
        <ele>1890.857777</ele>
        <time>2026-10-03T19:06:14.483Z</time>
      </trkpt>
      <trkpt lat="20.631043" lon="-100.309504">
        <ele>1890.855848</ele>
        <time>2026-10-03T19:06:14.737Z</time>
      </trkpt>
      <trkpt lat="20.631046" lon="-100.309493">
        <ele>1890.853737</ele>
        <time>2026-10-03T19:06:15.014Z</time>
      </trkpt>
      <trkpt lat="20.631048" lon="-100.309484">
        <ele>1890.852032</ele>
        <time>2026-10-03T19:06:15.238Z</time>
      </trkpt>
      <trkpt lat="20.631049" lon="-100.309478">
        <ele>1890.850909</ele>
        <time>2026-10-03T19:06:15.385Z</time>
      </trkpt>
      <trkpt lat="20.631048" lon="-100.309475">
        <ele>1890.850322</ele>
        <time>2026-10-03T19:06:15.462Z</time>
      </trkpt>
      <trkpt lat="20.631047" lon="-100.309474">
        <ele>1890.850052</ele>
        <time>2026-10-03T19:06:15.498Z</time>
      </trkpt>
      <trkpt lat="20.631046" lon="-100.309475">
        <ele>1890.849783</ele>
        <time>2026-10-03T19:06:15.533Z</time>
      </trkpt>
      <trkpt lat="20.631045" lon="-100.309476">
        <ele>1890.849513</ele>
        <time>2026-10-03T19:06:15.569Z</time>
      </trkpt>
      <trkpt lat="20.631045" lon="-100.309477">
        <ele>1890.849329</ele>
        <time>2026-10-03T19:06:15.593Z</time>
      </trkpt>
      <trkpt lat="20.631045" lon="-100.309478">
        <ele>1890.849145</ele>
        <time>2026-10-03T19:06:15.617Z</time>
      </trkpt>
      <trkpt lat="20.631050" lon="-100.309465">
        <ele>1890.846554</ele>
        <time>2026-10-03T19:06:15.957Z</time>
      </trkpt>
      <trkpt lat="20.631053" lon="-100.309451">
        <ele>1890.843908</ele>
        <time>2026-10-03T19:06:16.305Z</time>
      </trkpt>
      <trkpt lat="20.631054" lon="-100.309435">
        <ele>1890.840952</ele>
        <time>2026-10-03T19:06:16.693Z</time>
      </trkpt>
      <trkpt lat="20.631053" lon="-100.309420">
        <ele>1890.838181</ele>
        <time>2026-10-03T19:06:17.057Z</time>
      </trkpt>
      <trkpt lat="20.631051" lon="-100.309403">
        <ele>1890.835024</ele>
        <time>2026-10-03T19:06:17.471Z</time>
      </trkpt>
      <trkpt lat="20.631051" lon="-100.309385">
        <ele>1890.831706</ele>
        <time>2026-10-03T19:06:17.907Z</time>
      </trkpt>
      <trkpt lat="20.631053" lon="-100.309367">
        <ele>1890.828366</ele>
        <time>2026-10-03T19:06:18.346Z</time>
      </trkpt>
      <trkpt lat="20.631056" lon="-100.309350">
        <ele>1890.826196</ele>
        <time>2026-10-03T19:06:18.764Z</time>
      </trkpt>
      <trkpt lat="20.631060" lon="-100.309336">
        <ele>1890.829540</ele>
        <time>2026-10-03T19:06:19.119Z</time>
      </trkpt>
      <trkpt lat="20.631063" lon="-100.309324">
        <ele>1890.832377</ele>
        <time>2026-10-03T19:06:19.419Z</time>
      </trkpt>
      <trkpt lat="20.631067" lon="-100.309312">
        <ele>1890.835286</ele>
        <time>2026-10-03T19:06:19.728Z</time>
      </trkpt>
      <trkpt lat="20.631071" lon="-100.309304">
        <ele>1890.837358</ele>
        <time>2026-10-03T19:06:19.947Z</time>
      </trkpt>
      <trkpt lat="20.631073" lon="-100.309299">
        <ele>1890.838600</ele>
        <time>2026-10-03T19:06:20.079Z</time>
      </trkpt>
      <trkpt lat="20.631074" lon="-100.309295">
        <ele>1890.839546</ele>
        <time>2026-10-03T19:06:20.179Z</time>
      </trkpt>
      <trkpt lat="20.631074" lon="-100.309293">
        <ele>1890.840003</ele>
        <time>2026-10-03T19:06:20.227Z</time>
      </trkpt>
      <trkpt lat="20.631073" lon="-100.309293">
        <ele>1890.840247</ele>
        <time>2026-10-03T19:06:20.253Z</time>
      </trkpt>
      <trkpt lat="20.631073" lon="-100.309294">
        <ele>1890.840475</ele>
        <time>2026-10-03T19:06:20.277Z</time>
      </trkpt>
      <trkpt lat="20.631072" lon="-100.309295">
        <ele>1890.840809</ele>
        <time>2026-10-03T19:06:20.313Z</time>
      </trkpt>
      <trkpt lat="20.631072" lon="-100.309296">
        <ele>1890.841038</ele>
        <time>2026-10-03T19:06:20.337Z</time>
      </trkpt>
      <trkpt lat="20.631072" lon="-100.309297">
        <ele>1890.841266</ele>
        <time>2026-10-03T19:06:20.361Z</time>
      </trkpt>
      <trkpt lat="20.631072" lon="-100.309298">
        <ele>1890.841495</ele>
        <time>2026-10-03T19:06:20.385Z</time>
      </trkpt>
      <trkpt lat="20.631071" lon="-100.309298">
        <ele>1890.841739</ele>
        <time>2026-10-03T19:06:20.411Z</time>
      </trkpt>
      <trkpt lat="20.631071" lon="-100.309299">
        <ele>1890.841967</ele>
        <time>2026-10-03T19:06:20.435Z</time>
      </trkpt>
      <trkpt lat="20.631071" lon="-100.309298">
        <ele>1890.842196</ele>
        <time>2026-10-03T19:06:20.460Z</time>
      </trkpt>
      <trkpt lat="20.631072" lon="-100.309298">
        <ele>1890.842440</ele>
        <time>2026-10-03T19:06:20.485Z</time>
      </trkpt>
      <trkpt lat="20.631071" lon="-100.309298">
        <ele>1890.842684</ele>
        <time>2026-10-03T19:06:20.511Z</time>
      </trkpt>
      <trkpt lat="20.631060" lon="-100.309278">
        <ele>1890.847982</ele>
        <time>2026-10-03T19:06:21.073Z</time>
      </trkpt>
      <trkpt lat="20.631052" lon="-100.309263">
        <ele>1890.851926</ele>
        <time>2026-10-03T19:06:21.491Z</time>
      </trkpt>
      <trkpt lat="20.631046" lon="-100.309251">
        <ele>1890.855033</ele>
        <time>2026-10-03T19:06:21.820Z</time>
      </trkpt>
      <trkpt lat="20.631044" lon="-100.309246">
        <ele>1890.856275</ele>
        <time>2026-10-03T19:06:21.951Z</time>
      </trkpt>
      <trkpt lat="20.631043" lon="-100.309245">
        <ele>1890.856610</ele>
        <time>2026-10-03T19:06:21.987Z</time>
      </trkpt>
      <trkpt lat="20.631044" lon="-100.309245">
        <ele>1890.856854</ele>
        <time>2026-10-03T19:06:22.013Z</time>
      </trkpt>
      <trkpt lat="20.631045" lon="-100.309245">
        <ele>1890.857098</ele>
        <time>2026-10-03T19:06:22.039Z</time>
      </trkpt>
      <trkpt lat="20.631047" lon="-100.309246">
        <ele>1890.857637</ele>
        <time>2026-10-03T19:06:22.096Z</time>
      </trkpt>
      <trkpt lat="20.631047" lon="-100.309248">
        <ele>1890.858094</ele>
        <time>2026-10-03T19:06:22.144Z</time>
      </trkpt>
      <trkpt lat="20.631048" lon="-100.309249">
        <ele>1890.858428</ele>
        <time>2026-10-03T19:06:22.179Z</time>
      </trkpt>
      <trkpt lat="20.631048" lon="-100.309250">
        <ele>1890.858656</ele>
        <time>2026-10-03T19:06:22.204Z</time>
      </trkpt>
      <trkpt lat="20.631063" lon="-100.309233">
        <ele>1890.863993</ele>
        <time>2026-10-03T19:06:22.769Z</time>
      </trkpt>
      <trkpt lat="20.631073" lon="-100.309220">
        <ele>1890.867837</ele>
        <time>2026-10-03T19:06:23.176Z</time>
      </trkpt>
      <trkpt lat="20.631079" lon="-100.309211">
        <ele>1890.870361</ele>
        <time>2026-10-03T19:06:23.444Z</time>
      </trkpt>
      <trkpt lat="20.631082" lon="-100.309206">
        <ele>1890.871717</ele>
        <time>2026-10-03T19:06:23.588Z</time>
      </trkpt>
      <trkpt lat="20.631083" lon="-100.309205">
        <ele>1890.872051</ele>
        <time>2026-10-03T19:06:23.623Z</time>
      </trkpt>
      <trkpt lat="20.631085" lon="-100.309195">
        <ele>1890.874387</ele>
        <time>2026-10-03T19:06:23.870Z</time>
      </trkpt>
      <trkpt lat="20.631086" lon="-100.309184">
        <ele>1890.876911</ele>
        <time>2026-10-03T19:06:24.138Z</time>
      </trkpt>
      <trkpt lat="20.631088" lon="-100.309169">
        <ele>1890.880372</ele>
        <time>2026-10-03T19:06:24.505Z</time>
      </trkpt>
      <trkpt lat="20.631090" lon="-100.309151">
        <ele>1890.884512</ele>
        <time>2026-10-03T19:06:24.943Z</time>
      </trkpt>
      <trkpt lat="20.631091" lon="-100.309134">
        <ele>1890.888403</ele>
        <time>2026-10-03T19:06:25.356Z</time>
      </trkpt>
      <trkpt lat="20.631092" lon="-100.309117">
        <ele>1890.892294</ele>
        <time>2026-10-03T19:06:25.768Z</time>
      </trkpt>
      <trkpt lat="20.631094" lon="-100.309101">
        <ele>1890.895981</ele>
        <time>2026-10-03T19:06:26.158Z</time>
      </trkpt>
      <trkpt lat="20.631095" lon="-100.309090">
        <ele>1890.898505</ele>
        <time>2026-10-03T19:06:26.426Z</time>
      </trkpt>
      <trkpt lat="20.631096" lon="-100.309085">
        <ele>1890.899673</ele>
        <time>2026-10-03T19:06:26.550Z</time>
      </trkpt>
      <trkpt lat="20.631097" lon="-100.309084">
        <ele>1890.900007</ele>
        <time>2026-10-03T19:06:26.585Z</time>
      </trkpt>
      <trkpt lat="20.631097" lon="-100.309085">
        <ele>1890.900236</ele>
        <time>2026-10-03T19:06:26.609Z</time>
      </trkpt>
      <trkpt lat="20.631097" lon="-100.309087">
        <ele>1890.900692</ele>
        <time>2026-10-03T19:06:26.658Z</time>
      </trkpt>
      <trkpt lat="20.631100" lon="-100.309086">
        <ele>1890.901459</ele>
        <time>2026-10-03T19:06:26.739Z</time>
      </trkpt>
      <trkpt lat="20.631101" lon="-100.309080">
        <ele>1890.902852</ele>
        <time>2026-10-03T19:06:26.886Z</time>
      </trkpt>
      <trkpt lat="20.631104" lon="-100.309070">
        <ele>1890.905250</ele>
        <time>2026-10-03T19:06:27.141Z</time>
      </trkpt>
      <trkpt lat="20.631107" lon="-100.309055">
        <ele>1890.908754</ele>
        <time>2026-10-03T19:06:27.512Z</time>
      </trkpt>
      <trkpt lat="20.631110" lon="-100.309034">
        <ele>1890.913606</ele>
        <time>2026-10-03T19:06:28.026Z</time>
      </trkpt>
      <trkpt lat="20.631114" lon="-100.309011">
        <ele>1890.918949</ele>
        <time>2026-10-03T19:06:28.592Z</time>
      </trkpt>
      <trkpt lat="20.631118" lon="-100.308984">
        <ele>1890.925193</ele>
        <time>2026-10-03T19:06:29.254Z</time>
      </trkpt>
      <trkpt lat="20.631124" lon="-100.308956">
        <ele>1890.931754</ele>
        <time>2026-10-03T19:06:29.949Z</time>
      </trkpt>
      <trkpt lat="20.631128" lon="-100.308928">
        <ele>1890.938224</ele>
        <time>2026-10-03T19:06:30.634Z</time>
      </trkpt>
      <trkpt lat="20.631133" lon="-100.308898">
        <ele>1890.945184</ele>
        <time>2026-10-03T19:06:31.372Z</time>
      </trkpt>
      <trkpt lat="20.631138" lon="-100.308868">
        <ele>1890.952144</ele>
        <time>2026-10-03T19:06:32.109Z</time>
      </trkpt>
      <trkpt lat="20.631142" lon="-100.308837">
        <ele>1890.959292</ele>
        <time>2026-10-03T19:06:32.867Z</time>
      </trkpt>
      <trkpt lat="20.631146" lon="-100.308806">
        <ele>1890.966439</ele>
        <time>2026-10-03T19:06:33.624Z</time>
      </trkpt>
      <trkpt lat="20.631149" lon="-100.308775">
        <ele>1890.973558</ele>
        <time>2026-10-03T19:06:34.378Z</time>
      </trkpt>
      <trkpt lat="20.631152" lon="-100.308744">
        <ele>1890.980676</ele>
        <time>2026-10-03T19:06:35.132Z</time>
      </trkpt>
      <trkpt lat="20.631155" lon="-100.308714">
        <ele>1890.987568</ele>
        <time>2026-10-03T19:06:35.863Z</time>
      </trkpt>
      <trkpt lat="20.631159" lon="-100.308684">
        <ele>1890.994489</ele>
        <time>2026-10-03T19:06:36.596Z</time>
      </trkpt>
      <trkpt lat="20.631162" lon="-100.308654">
        <ele>1891.001381</ele>
        <time>2026-10-03T19:06:37.326Z</time>
      </trkpt>
      <trkpt lat="20.631165" lon="-100.308622">
        <ele>1891.008726</ele>
        <time>2026-10-03T19:06:38.104Z</time>
      </trkpt>
      <trkpt lat="20.631167" lon="-100.308591">
        <ele>1891.015824</ele>
        <time>2026-10-03T19:06:38.857Z</time>
      </trkpt>
      <trkpt lat="20.631170" lon="-100.308560">
        <ele>1891.022942</ele>
        <time>2026-10-03T19:06:39.611Z</time>
      </trkpt>
      <trkpt lat="20.631172" lon="-100.308530">
        <ele>1891.029812</ele>
        <time>2026-10-03T19:06:40.339Z</time>
      </trkpt>
      <trkpt lat="20.631174" lon="-100.308499">
        <ele>1891.036910</ele>
        <time>2026-10-03T19:06:41.091Z</time>
      </trkpt>
      <trkpt lat="20.631174" lon="-100.308469">
        <ele>1891.043762</ele>
        <time>2026-10-03T19:06:41.817Z</time>
      </trkpt>
      <trkpt lat="20.631175" lon="-100.308438">
        <ele>1891.050847</ele>
        <time>2026-10-03T19:06:42.567Z</time>
      </trkpt>
      <trkpt lat="20.631177" lon="-100.308410">
        <ele>1891.057261</ele>
        <time>2026-10-03T19:06:43.247Z</time>
      </trkpt>
      <trkpt lat="20.631180" lon="-100.308383">
        <ele>1891.063471</ele>
        <time>2026-10-03T19:06:43.905Z</time>
      </trkpt>
      <trkpt lat="20.631184" lon="-100.308357">
        <ele>1891.069490</ele>
        <time>2026-10-03T19:06:44.543Z</time>
      </trkpt>
      <trkpt lat="20.631186" lon="-100.308331">
        <ele>1891.075448</ele>
        <time>2026-10-03T19:06:45.174Z</time>
      </trkpt>
      <trkpt lat="20.631189" lon="-100.308305">
        <ele>1891.081432</ele>
        <time>2026-10-03T19:06:45.808Z</time>
      </trkpt>
      <trkpt lat="20.631190" lon="-100.308279">
        <ele>1891.087376</ele>
        <time>2026-10-03T19:06:46.438Z</time>
      </trkpt>
      <trkpt lat="20.631193" lon="-100.308251">
        <ele>1891.093813</ele>
        <time>2026-10-03T19:06:47.120Z</time>
      </trkpt>
      <trkpt lat="20.631195" lon="-100.308223">
        <ele>1891.100227</ele>
        <time>2026-10-03T19:06:47.800Z</time>
      </trkpt>
      <trkpt lat="20.631198" lon="-100.308194">
        <ele>1891.106891</ele>
        <time>2026-10-03T19:06:48.506Z</time>
      </trkpt>
      <trkpt lat="20.631200" lon="-100.308167">
        <ele>1891.113078</ele>
        <time>2026-10-03T19:06:49.161Z</time>
      </trkpt>
      <trkpt lat="20.631203" lon="-100.308139">
        <ele>1891.119515</ele>
        <time>2026-10-03T19:06:49.843Z</time>
      </trkpt>
      <trkpt lat="20.631205" lon="-100.308110">
        <ele>1891.126157</ele>
        <time>2026-10-03T19:06:50.547Z</time>
      </trkpt>
      <trkpt lat="20.631207" lon="-100.308082">
        <ele>1891.132571</ele>
        <time>2026-10-03T19:06:51.227Z</time>
      </trkpt>
      <trkpt lat="20.631208" lon="-100.308055">
        <ele>1891.138743</ele>
        <time>2026-10-03T19:06:51.881Z</time>
      </trkpt>
      <trkpt lat="20.631209" lon="-100.308030">
        <ele>1891.144458</ele>
        <time>2026-10-03T19:06:52.486Z</time>
      </trkpt>
      <trkpt lat="20.631209" lon="-100.308005">
        <ele>1891.150169</ele>
        <time>2026-10-03T19:06:53.091Z</time>
      </trkpt>
      <trkpt lat="20.631209" lon="-100.307979">
        <ele>1891.156107</ele>
        <time>2026-10-03T19:06:53.720Z</time>
      </trkpt>
      <trkpt lat="20.631209" lon="-100.307953">
        <ele>1891.162046</ele>
        <time>2026-10-03T19:06:54.350Z</time>
      </trkpt>
      <trkpt lat="20.631208" lon="-100.307926">
        <ele>1891.168218</ele>
        <time>2026-10-03T19:06:55.004Z</time>
      </trkpt>
      <trkpt lat="20.631207" lon="-100.307899">
        <ele>1891.174390</ele>
        <time>2026-10-03T19:06:55.658Z</time>
      </trkpt>
      <trkpt lat="20.631207" lon="-100.307872">
        <ele>1891.180557</ele>
        <time>2026-10-03T19:06:56.311Z</time>
      </trkpt>
      <trkpt lat="20.631206" lon="-100.307844">
        <ele>1891.186957</ele>
        <time>2026-10-03T19:06:56.989Z</time>
      </trkpt>
      <trkpt lat="20.631207" lon="-100.307817">
        <ele>1891.193129</ele>
        <time>2026-10-03T19:06:57.643Z</time>
      </trkpt>
      <trkpt lat="20.631209" lon="-100.307789">
        <ele>1891.199543</ele>
        <time>2026-10-03T19:06:58.323Z</time>
      </trkpt>
      <trkpt lat="20.631210" lon="-100.307761">
        <ele>1891.205943</ele>
        <time>2026-10-03T19:06:59.001Z</time>
      </trkpt>
      <trkpt lat="20.631210" lon="-100.307732">
        <ele>1891.212567</ele>
        <time>2026-10-03T19:06:59.703Z</time>
      </trkpt>
      <trkpt lat="20.631210" lon="-100.307704">
        <ele>1891.218963</ele>
        <time>2026-10-03T19:07:00.380Z</time>
      </trkpt>
      <trkpt lat="20.631209" lon="-100.307676">
        <ele>1891.225363</ele>
        <time>2026-10-03T19:07:01.058Z</time>
      </trkpt>
      <trkpt lat="20.631206" lon="-100.307650">
        <ele>1891.231346</ele>
        <time>2026-10-03T19:07:01.692Z</time>
      </trkpt>
      <trkpt lat="20.631204" lon="-100.307624">
        <ele>1891.237305</ele>
        <time>2026-10-03T19:07:02.324Z</time>
      </trkpt>
      <trkpt lat="20.631202" lon="-100.307598">
        <ele>1891.243264</ele>
        <time>2026-10-03T19:07:02.955Z</time>
      </trkpt>
      <trkpt lat="20.631201" lon="-100.307570">
        <ele>1891.249664</ele>
        <time>2026-10-03T19:07:03.633Z</time>
      </trkpt>
      <trkpt lat="20.631201" lon="-100.307542">
        <ele>1891.256059</ele>
        <time>2026-10-03T19:07:04.311Z</time>
      </trkpt>
      <trkpt lat="20.631201" lon="-100.307512">
        <ele>1891.262912</ele>
        <time>2026-10-03T19:07:05.037Z</time>
      </trkpt>
      <trkpt lat="20.631201" lon="-100.307482">
        <ele>1891.283928</ele>
        <time>2026-10-03T19:07:05.763Z</time>
      </trkpt>
      <trkpt lat="20.631200" lon="-100.307451">
        <ele>1891.310501</ele>
        <time>2026-10-03T19:07:06.514Z</time>
      </trkpt>
      <trkpt lat="20.631200" lon="-100.307420">
        <ele>1891.337058</ele>
        <time>2026-10-03T19:07:07.264Z</time>
      </trkpt>
      <trkpt lat="20.631200" lon="-100.307390">
        <ele>1891.362758</ele>
        <time>2026-10-03T19:07:07.990Z</time>
      </trkpt>
      <trkpt lat="20.631200" lon="-100.307360">
        <ele>1891.388459</ele>
        <time>2026-10-03T19:07:08.716Z</time>
      </trkpt>
      <trkpt lat="20.631199" lon="-100.307329">
        <ele>1891.415031</ele>
        <time>2026-10-03T19:07:09.467Z</time>
      </trkpt>
      <trkpt lat="20.631198" lon="-100.307299">
        <ele>1891.440748</ele>
        <time>2026-10-03T19:07:10.193Z</time>
      </trkpt>
      <trkpt lat="20.631196" lon="-100.307268">
        <ele>1891.467368</ele>
        <time>2026-10-03T19:07:10.945Z</time>
      </trkpt>
      <trkpt lat="20.631194" lon="-100.307240">
        <ele>1891.491425</ele>
        <time>2026-10-03T19:07:11.625Z</time>
      </trkpt>
      <trkpt lat="20.631192" lon="-100.307214">
        <ele>1891.513774</ele>
        <time>2026-10-03T19:07:12.256Z</time>
      </trkpt>
      <trkpt lat="20.631190" lon="-100.307191">
        <ele>1891.533562</ele>
        <time>2026-10-03T19:07:12.815Z</time>
      </trkpt>
      <trkpt lat="20.631188" lon="-100.307171">
        <ele>1891.550794</ele>
        <time>2026-10-03T19:07:13.302Z</time>
      </trkpt>
      <trkpt lat="20.631187" lon="-100.307150">
        <ele>1891.568807</ele>
        <time>2026-10-03T19:07:13.811Z</time>
      </trkpt>
      <trkpt lat="20.631186" lon="-100.307129">
        <ele>1891.586821</ele>
        <time>2026-10-03T19:07:14.320Z</time>
      </trkpt>
      <trkpt lat="20.631185" lon="-100.307105">
        <ele>1891.607401</ele>
        <time>2026-10-03T19:07:14.901Z</time>
      </trkpt>
      <trkpt lat="20.631182" lon="-100.307083">
        <ele>1891.626447</ele>
        <time>2026-10-03T19:07:15.439Z</time>
      </trkpt>
      <trkpt lat="20.631180" lon="-100.307060">
        <ele>1891.646236</ele>
        <time>2026-10-03T19:07:15.998Z</time>
      </trkpt>
      <trkpt lat="20.631178" lon="-100.307036">
        <ele>1891.666878</ele>
        <time>2026-10-03T19:07:16.582Z</time>
      </trkpt>
      <trkpt lat="20.631176" lon="-100.307012">
        <ele>1891.687519</ele>
        <time>2026-10-03T19:07:17.165Z</time>
      </trkpt>
      <trkpt lat="20.631173" lon="-100.306989">
        <ele>1891.707413</ele>
        <time>2026-10-03T19:07:17.727Z</time>
      </trkpt>
      <trkpt lat="20.631170" lon="-100.306963">
        <ele>1891.729856</ele>
        <time>2026-10-03T19:07:18.361Z</time>
      </trkpt>
      <trkpt lat="20.631167" lon="-100.306938">
        <ele>1891.751448</ele>
        <time>2026-10-03T19:07:18.971Z</time>
      </trkpt>
      <trkpt lat="20.631166" lon="-100.306912">
        <ele>1891.773741</ele>
        <time>2026-10-03T19:07:19.601Z</time>
      </trkpt>
      <trkpt lat="20.631164" lon="-100.306885">
        <ele>1891.796943</ele>
        <time>2026-10-03T19:07:20.256Z</time>
      </trkpt>
      <trkpt lat="20.631162" lon="-100.306859">
        <ele>1891.819292</ele>
        <time>2026-10-03T19:07:20.887Z</time>
      </trkpt>
      <trkpt lat="20.631160" lon="-100.306831">
        <ele>1891.843349</ele>
        <time>2026-10-03T19:07:21.567Z</time>
      </trkpt>
      <trkpt lat="20.631158" lon="-100.306804">
        <ele>1891.866552</ele>
        <time>2026-10-03T19:07:22.223Z</time>
      </trkpt>
      <trkpt lat="20.631157" lon="-100.306777">
        <ele>1891.889700</ele>
        <time>2026-10-03T19:07:22.877Z</time>
      </trkpt>
      <trkpt lat="20.631155" lon="-100.306751">
        <ele>1891.912049</ele>
        <time>2026-10-03T19:07:23.508Z</time>
      </trkpt>
      <trkpt lat="20.631153" lon="-100.306726">
        <ele>1891.933544</ele>
        <time>2026-10-03T19:07:24.115Z</time>
      </trkpt>
      <trkpt lat="20.631151" lon="-100.306700">
        <ele>1891.955893</ele>
        <time>2026-10-03T19:07:24.747Z</time>
      </trkpt>
      <trkpt lat="20.631148" lon="-100.306675">
        <ele>1891.977485</ele>
        <time>2026-10-03T19:07:25.357Z</time>
      </trkpt>
      <trkpt lat="20.631144" lon="-100.306649">
        <ele>1892.000058</ele>
        <time>2026-10-03T19:07:25.994Z</time>
      </trkpt>
      <trkpt lat="20.631142" lon="-100.306621">
        <ele>1892.024115</ele>
        <time>2026-10-03T19:07:26.674Z</time>
      </trkpt>
      <trkpt lat="20.631139" lon="-100.306594">
        <ele>1892.047407</ele>
        <time>2026-10-03T19:07:27.332Z</time>
      </trkpt>
      <trkpt lat="20.631137" lon="-100.306567">
        <ele>1892.070610</ele>
        <time>2026-10-03T19:07:27.987Z</time>
      </trkpt>
      <trkpt lat="20.631134" lon="-100.306540">
        <ele>1892.093903</ele>
        <time>2026-10-03T19:07:28.645Z</time>
      </trkpt>
      <trkpt lat="20.631132" lon="-100.306513">
        <ele>1892.117106</ele>
        <time>2026-10-03T19:07:29.301Z</time>
      </trkpt>
      <trkpt lat="20.631129" lon="-100.306487">
        <ele>1892.139548</ele>
        <time>2026-10-03T19:07:29.935Z</time>
      </trkpt>
      <trkpt lat="20.631126" lon="-100.306460">
        <ele>1892.162841</ele>
        <time>2026-10-03T19:07:30.593Z</time>
      </trkpt>
      <trkpt lat="20.631124" lon="-100.306432">
        <ele>1892.186898</ele>
        <time>2026-10-03T19:07:31.273Z</time>
      </trkpt>
      <trkpt lat="20.631122" lon="-100.306404">
        <ele>1892.210955</ele>
        <time>2026-10-03T19:07:31.952Z</time>
      </trkpt>
      <trkpt lat="20.631119" lon="-100.306376">
        <ele>1892.235098</ele>
        <time>2026-10-03T19:07:32.634Z</time>
      </trkpt>
      <trkpt lat="20.631115" lon="-100.306347">
        <ele>1892.260210</ele>
        <time>2026-10-03T19:07:33.344Z</time>
      </trkpt>
      <trkpt lat="20.631112" lon="-100.306317">
        <ele>1892.286057</ele>
        <time>2026-10-03T19:07:34.074Z</time>
      </trkpt>
      <trkpt lat="20.631109" lon="-100.306288">
        <ele>1892.311052</ele>
        <time>2026-10-03T19:07:34.780Z</time>
      </trkpt>
      <trkpt lat="20.631105" lon="-100.306259">
        <ele>1892.336164</ele>
        <time>2026-10-03T19:07:35.490Z</time>
      </trkpt>
      <trkpt lat="20.631103" lon="-100.306232">
        <ele>1892.359367</ele>
        <time>2026-10-03T19:07:36.145Z</time>
      </trkpt>
      <trkpt lat="20.631100" lon="-100.306211">
        <ele>1892.377566</ele>
        <time>2026-10-03T19:07:36.659Z</time>
      </trkpt>
      <trkpt lat="20.631098" lon="-100.306198">
        <ele>1892.388852</ele>
        <time>2026-10-03T19:07:36.978Z</time>
      </trkpt>
      <trkpt lat="20.631096" lon="-100.306193">
        <ele>1892.393510</ele>
        <time>2026-10-03T19:07:37.110Z</time>
      </trkpt>
      <trkpt lat="20.631095" lon="-100.306191">
        <ele>1892.395453</ele>
        <time>2026-10-03T19:07:37.165Z</time>
      </trkpt>
      <trkpt lat="20.631095" lon="-100.306192">
        <ele>1892.396310</ele>
        <time>2026-10-03T19:07:37.189Z</time>
      </trkpt>
      <trkpt lat="20.631095" lon="-100.306194">
        <ele>1892.398023</ele>
        <time>2026-10-03T19:07:37.237Z</time>
      </trkpt>
      <trkpt lat="20.631096" lon="-100.306197">
        <ele>1892.400751</ele>
        <time>2026-10-03T19:07:37.314Z</time>
      </trkpt>
      <trkpt lat="20.631096" lon="-100.306200">
        <ele>1892.403321</ele>
        <time>2026-10-03T19:07:37.387Z</time>
      </trkpt>
      <trkpt lat="20.631096" lon="-100.306201">
        <ele>1892.404178</ele>
        <time>2026-10-03T19:07:37.411Z</time>
      </trkpt>
      <trkpt lat="20.631096" lon="-100.306203">
        <ele>1892.405891</ele>
        <time>2026-10-03T19:07:37.460Z</time>
      </trkpt>
      <trkpt lat="20.631097" lon="-100.306203">
        <ele>1892.406807</ele>
        <time>2026-10-03T19:07:37.485Z</time>
      </trkpt>
      <trkpt lat="20.631097" lon="-100.306204">
        <ele>1892.407663</ele>
        <time>2026-10-03T19:07:37.510Z</time>
      </trkpt>
      <trkpt lat="20.631097" lon="-100.306193">
        <ele>1892.417087</ele>
        <time>2026-10-03T19:07:37.776Z</time>
      </trkpt>
      <trkpt lat="20.631096" lon="-100.306181">
        <ele>1892.427408</ele>
        <time>2026-10-03T19:07:38.067Z</time>
      </trkpt>
      <trkpt lat="20.631094" lon="-100.306171">
        <ele>1892.436168</ele>
        <time>2026-10-03T19:07:38.315Z</time>
      </trkpt>
      <trkpt lat="20.631094" lon="-100.306161">
        <ele>1892.444735</ele>
        <time>2026-10-03T19:07:38.557Z</time>
      </trkpt>
      <trkpt lat="20.631093" lon="-100.306155">
        <ele>1892.449956</ele>
        <time>2026-10-03T19:07:38.704Z</time>
      </trkpt>
      <trkpt lat="20.631093" lon="-100.306150">
        <ele>1892.454239</ele>
        <time>2026-10-03T19:07:38.826Z</time>
      </trkpt>
      <trkpt lat="20.631092" lon="-100.306142">
        <ele>1892.461153</ele>
        <time>2026-10-03T19:07:39.021Z</time>
      </trkpt>
      <trkpt lat="20.631091" lon="-100.306134">
        <ele>1892.468068</ele>
        <time>2026-10-03T19:07:39.216Z</time>
      </trkpt>
      <trkpt lat="20.631091" lon="-100.306126">
        <ele>1892.474921</ele>
        <time>2026-10-03T19:07:39.410Z</time>
      </trkpt>
      <trkpt lat="20.631090" lon="-100.306116">
        <ele>1892.483537</ele>
        <time>2026-10-03T19:07:39.653Z</time>
      </trkpt>
      <trkpt lat="20.631090" lon="-100.306105">
        <ele>1892.492960</ele>
        <time>2026-10-03T19:07:39.919Z</time>
      </trkpt>
      <trkpt lat="20.631089" lon="-100.306096">
        <ele>1892.500725</ele>
        <time>2026-10-03T19:07:40.139Z</time>
      </trkpt>
      <trkpt lat="20.631087" lon="-100.306086">
        <ele>1892.509485</ele>
        <time>2026-10-03T19:07:40.386Z</time>
      </trkpt>
      <trkpt lat="20.631086" lon="-100.306079">
        <ele>1892.515551</ele>
        <time>2026-10-03T19:07:40.558Z</time>
      </trkpt>
      <trkpt lat="20.631086" lon="-100.306075">
        <ele>1892.518978</ele>
        <time>2026-10-03T19:07:40.654Z</time>
      </trkpt>
      <trkpt lat="20.631086" lon="-100.306074">
        <ele>1892.519834</ele>
        <time>2026-10-03T19:07:40.679Z</time>
      </trkpt>
      <trkpt lat="20.631086" lon="-100.306075">
        <ele>1892.520691</ele>
        <time>2026-10-03T19:07:40.703Z</time>
      </trkpt>
      <trkpt lat="20.631086" lon="-100.306076">
        <ele>1892.521548</ele>
        <time>2026-10-03T19:07:40.727Z</time>
      </trkpt>
      <trkpt lat="20.631086" lon="-100.306077">
        <ele>1892.522404</ele>
        <time>2026-10-03T19:07:40.751Z</time>
      </trkpt>
      <trkpt lat="20.631086" lon="-100.306071">
        <ele>1892.527545</ele>
        <time>2026-10-03T19:07:40.896Z</time>
      </trkpt>
      <trkpt lat="20.631086" lon="-100.306062">
        <ele>1892.535255</ele>
        <time>2026-10-03T19:07:41.114Z</time>
      </trkpt>
      <trkpt lat="20.631087" lon="-100.306054">
        <ele>1892.542169</ele>
        <time>2026-10-03T19:07:41.310Z</time>
      </trkpt>
      <trkpt lat="20.631090" lon="-100.306045">
        <ele>1892.550354</ele>
        <time>2026-10-03T19:07:41.541Z</time>
      </trkpt>
      <trkpt lat="20.631094" lon="-100.306038">
        <ele>1892.557380</ele>
        <time>2026-10-03T19:07:41.739Z</time>
      </trkpt>
      <trkpt lat="20.631100" lon="-100.306031">
        <ele>1892.565512</ele>
        <time>2026-10-03T19:07:41.969Z</time>
      </trkpt>
      <trkpt lat="20.631110" lon="-100.306026">
        <ele>1892.575618</ele>
        <time>2026-10-03T19:07:42.255Z</time>
      </trkpt>
      <trkpt lat="20.631120" lon="-100.306024">
        <ele>1892.584931</ele>
        <time>2026-10-03T19:07:42.518Z</time>
      </trkpt>
      <trkpt lat="20.631129" lon="-100.306024">
        <ele>1892.593169</ele>
        <time>2026-10-03T19:07:42.751Z</time>
      </trkpt>
      <trkpt lat="20.631135" lon="-100.306025">
        <ele>1892.598728</ele>
        <time>2026-10-03T19:07:42.908Z</time>
      </trkpt>
      <trkpt lat="20.631139" lon="-100.306027">
        <ele>1892.602771</ele>
        <time>2026-10-03T19:07:43.022Z</time>
      </trkpt>
      <trkpt lat="20.631142" lon="-100.306028">
        <ele>1892.605647</ele>
        <time>2026-10-03T19:07:43.103Z</time>
      </trkpt>
      <trkpt lat="20.631144" lon="-100.306029">
        <ele>1892.607669</ele>
        <time>2026-10-03T19:07:43.160Z</time>
      </trkpt>
      <trkpt lat="20.631148" lon="-100.306030">
        <ele>1892.611429</ele>
        <time>2026-10-03T19:07:43.266Z</time>
      </trkpt>
      <trkpt lat="20.631154" lon="-100.306029">
        <ele>1892.616988</ele>
        <time>2026-10-03T19:07:43.423Z</time>
      </trkpt>
      <trkpt lat="20.631160" lon="-100.306025">
        <ele>1892.623461</ele>
        <time>2026-10-03T19:07:43.606Z</time>
      </trkpt>
      <trkpt lat="20.631166" lon="-100.306021">
        <ele>1892.629935</ele>
        <time>2026-10-03T19:07:43.789Z</time>
      </trkpt>
      <trkpt lat="20.631170" lon="-100.306018">
        <ele>1892.634409</ele>
        <time>2026-10-03T19:07:43.916Z</time>
      </trkpt>
      <trkpt lat="20.631172" lon="-100.306015">
        <ele>1892.637564</ele>
        <time>2026-10-03T19:07:44.005Z</time>
      </trkpt>
      <trkpt lat="20.631173" lon="-100.306014">
        <ele>1892.638818</ele>
        <time>2026-10-03T19:07:44.040Z</time>
      </trkpt>
      <trkpt lat="20.631173" lon="-100.306013">
        <ele>1892.639674</ele>
        <time>2026-10-03T19:07:44.064Z</time>
      </trkpt>
      <trkpt lat="20.631172" lon="-100.306013">
        <ele>1892.640590</ele>
        <time>2026-10-03T19:07:44.090Z</time>
      </trkpt>
      <trkpt lat="20.631172" lon="-100.306014">
        <ele>1892.641447</ele>
        <time>2026-10-03T19:07:44.114Z</time>
      </trkpt>
      <trkpt lat="20.631171" lon="-100.306014">
        <ele>1892.642362</ele>
        <time>2026-10-03T19:07:44.140Z</time>
      </trkpt>
      <trkpt lat="20.631170" lon="-100.306015">
        <ele>1892.643616</ele>
        <time>2026-10-03T19:07:44.176Z</time>
      </trkpt>
      <trkpt lat="20.631167" lon="-100.306001">
        <ele>1892.655920</ele>
        <time>2026-10-03T19:07:44.523Z</time>
      </trkpt>
      <trkpt lat="20.631165" lon="-100.305989">
        <ele>1892.666361</ele>
        <time>2026-10-03T19:07:44.818Z</time>
      </trkpt>
      <trkpt lat="20.631164" lon="-100.305982">
        <ele>1892.672428</ele>
        <time>2026-10-03T19:07:44.990Z</time>
      </trkpt>
      <trkpt lat="20.631164" lon="-100.305976">
        <ele>1892.677568</ele>
        <time>2026-10-03T19:07:45.135Z</time>
      </trkpt>
      <trkpt lat="20.631165" lon="-100.305969">
        <ele>1892.683634</ele>
        <time>2026-10-03T19:07:45.306Z</time>
      </trkpt>
      <trkpt lat="20.631166" lon="-100.305960">
        <ele>1892.691398</ele>
        <time>2026-10-03T19:07:45.526Z</time>
      </trkpt>
      <trkpt lat="20.631166" lon="-100.305949">
        <ele>1892.700822</ele>
        <time>2026-10-03T19:07:45.792Z</time>
      </trkpt>
      <trkpt lat="20.631166" lon="-100.305934">
        <ele>1892.713672</ele>
        <time>2026-10-03T19:07:46.155Z</time>
      </trkpt>
      <trkpt lat="20.631163" lon="-100.305915">
        <ele>1892.730179</ele>
        <time>2026-10-03T19:07:46.621Z</time>
      </trkpt>
      <trkpt lat="20.631161" lon="-100.305894">
        <ele>1892.748262</ele>
        <time>2026-10-03T19:07:47.132Z</time>
      </trkpt>
      <trkpt lat="20.631159" lon="-100.305871">
        <ele>1892.768051</ele>
        <time>2026-10-03T19:07:47.691Z</time>
      </trkpt>
      <trkpt lat="20.631158" lon="-100.305847">
        <ele>1892.788631</ele>
        <time>2026-10-03T19:07:48.273Z</time>
      </trkpt>
      <trkpt lat="20.631157" lon="-100.305823">
        <ele>1892.809212</ele>
        <time>2026-10-03T19:07:48.854Z</time>
      </trkpt>
      <trkpt lat="20.631154" lon="-100.305798">
        <ele>1892.830804</ele>
        <time>2026-10-03T19:07:49.464Z</time>
      </trkpt>
      <trkpt lat="20.631152" lon="-100.305772">
        <ele>1892.853153</ele>
        <time>2026-10-03T19:07:50.095Z</time>
      </trkpt>
      <trkpt lat="20.631150" lon="-100.305747">
        <ele>1892.874648</ele>
        <time>2026-10-03T19:07:50.703Z</time>
      </trkpt>
      <trkpt lat="20.631149" lon="-100.305721">
        <ele>1892.896941</ele>
        <time>2026-10-03T19:07:51.333Z</time>
      </trkpt>
      <trkpt lat="20.631148" lon="-100.305696">
        <ele>1892.923429</ele>
        <time>2026-10-03T19:07:51.938Z</time>
      </trkpt>
      <trkpt lat="20.631146" lon="-100.305668">
        <ele>1892.964112</ele>
        <time>2026-10-03T19:07:52.618Z</time>
      </trkpt>
      <trkpt lat="20.631145" lon="-100.305639">
        <ele>1893.006153</ele>
        <time>2026-10-03T19:07:53.320Z</time>
      </trkpt>
      <trkpt lat="20.631143" lon="-100.305612">
        <ele>1893.045392</ele>
        <time>2026-10-03T19:07:53.976Z</time>
      </trkpt>
      <trkpt lat="20.631143" lon="-100.305588">
        <ele>1893.080161</ele>
        <time>2026-10-03T19:07:54.557Z</time>
      </trkpt>
      <trkpt lat="20.631141" lon="-100.305566">
        <ele>1893.112183</ele>
        <time>2026-10-03T19:07:55.092Z</time>
      </trkpt>
      <trkpt lat="20.631138" lon="-100.305544">
        <ele>1893.144392</ele>
        <time>2026-10-03T19:07:55.630Z</time>
      </trkpt>
      <trkpt lat="20.631134" lon="-100.305523">
        <ele>1893.175439</ele>
        <time>2026-10-03T19:07:56.148Z</time>
      </trkpt>
      <trkpt lat="20.631131" lon="-100.305503">
        <ele>1893.204784</ele>
        <time>2026-10-03T19:07:56.639Z</time>
      </trkpt>
      <trkpt lat="20.631128" lon="-100.305483">
        <ele>1893.234128</ele>
        <time>2026-10-03T19:07:57.129Z</time>
      </trkpt>
      <trkpt lat="20.631125" lon="-100.305464">
        <ele>1893.262043</ele>
        <time>2026-10-03T19:07:57.595Z</time>
      </trkpt>
      <trkpt lat="20.631122" lon="-100.305445">
        <ele>1893.289958</ele>
        <time>2026-10-03T19:07:58.062Z</time>
      </trkpt>
      <trkpt lat="20.631119" lon="-100.305427">
        <ele>1893.316446</ele>
        <time>2026-10-03T19:07:58.504Z</time>
      </trkpt>
      <trkpt lat="20.631116" lon="-100.305412">
        <ele>1893.338668</ele>
        <time>2026-10-03T19:07:58.875Z</time>
      </trkpt>
      <trkpt lat="20.631114" lon="-100.305404">
        <ele>1893.350664</ele>
        <time>2026-10-03T19:07:59.076Z</time>
      </trkpt>
      <trkpt lat="20.631115" lon="-100.305400">
        <ele>1893.356662</ele>
        <time>2026-10-03T19:07:59.176Z</time>
      </trkpt>
      <trkpt lat="20.631117" lon="-100.305399">
        <ele>1893.360080</ele>
        <time>2026-10-03T19:07:59.233Z</time>
      </trkpt>
      <trkpt lat="20.631120" lon="-100.305397">
        <ele>1893.365554</ele>
        <time>2026-10-03T19:07:59.325Z</time>
      </trkpt>
      <trkpt lat="20.631123" lon="-100.305395">
        <ele>1893.371028</ele>
        <time>2026-10-03T19:07:59.416Z</time>
      </trkpt>
      <trkpt lat="20.631126" lon="-100.305393">
        <ele>1893.376502</ele>
        <time>2026-10-03T19:07:59.507Z</time>
      </trkpt>
      <trkpt lat="20.631129" lon="-100.305388">
        <ele>1893.385106</ele>
        <time>2026-10-03T19:07:59.651Z</time>
      </trkpt>
      <trkpt lat="20.631130" lon="-100.305382">
        <ele>1893.393935</ele>
        <time>2026-10-03T19:07:59.799Z</time>
      </trkpt>
      <trkpt lat="20.631130" lon="-100.305375">
        <ele>1893.404077</ele>
        <time>2026-10-03T19:07:59.968Z</time>
      </trkpt>
      <trkpt lat="20.631130" lon="-100.305367">
        <ele>1893.415666</ele>
        <time>2026-10-03T19:08:00.162Z</time>
      </trkpt>
      <trkpt lat="20.631129" lon="-100.305358">
        <ele>1893.428797</ele>
        <time>2026-10-03T19:08:00.381Z</time>
      </trkpt>
      <trkpt lat="20.631128" lon="-100.305349">
        <ele>1893.441927</ele>
        <time>2026-10-03T19:08:00.600Z</time>
      </trkpt>
      <trkpt lat="20.631126" lon="-100.305342">
        <ele>1893.452530</ele>
        <time>2026-10-03T19:08:00.778Z</time>
      </trkpt>
      <trkpt lat="20.631125" lon="-100.305335">
        <ele>1893.462789</ele>
        <time>2026-10-03T19:08:00.949Z</time>
      </trkpt>
      <trkpt lat="20.631125" lon="-100.305332">
        <ele>1893.467135</ele>
        <time>2026-10-03T19:08:01.022Z</time>
      </trkpt>
      <trkpt lat="20.631124" lon="-100.305330">
        <ele>1893.470420</ele>
        <time>2026-10-03T19:08:01.076Z</time>
      </trkpt>
      <trkpt lat="20.631123" lon="-100.305327">
        <ele>1893.475034</ele>
        <time>2026-10-03T19:08:01.154Z</time>
      </trkpt>
      <trkpt lat="20.631123" lon="-100.305328">
        <ele>1893.476482</ele>
        <time>2026-10-03T19:08:01.178Z</time>
      </trkpt>
      <trkpt lat="20.631123" lon="-100.305329">
        <ele>1893.477931</ele>
        <time>2026-10-03T19:08:01.202Z</time>
      </trkpt>
      <trkpt lat="20.631121" lon="-100.305324">
        <ele>1893.485809</ele>
        <time>2026-10-03T19:08:01.334Z</time>
      </trkpt>
      <trkpt lat="20.631118" lon="-100.305319">
        <ele>1893.494413</ele>
        <time>2026-10-03T19:08:01.477Z</time>
      </trkpt>
      <trkpt lat="20.631116" lon="-100.305315">
        <ele>1893.500983</ele>
        <time>2026-10-03T19:08:01.587Z</time>
      </trkpt>
      <trkpt lat="20.631114" lon="-100.305311">
        <ele>1893.507553</ele>
        <time>2026-10-03T19:08:01.697Z</time>
      </trkpt>
      <trkpt lat="20.631114" lon="-100.305312">
        <ele>1893.509002</ele>
        <time>2026-10-03T19:08:01.721Z</time>
      </trkpt>
      <trkpt lat="20.631115" lon="-100.305313">
        <ele>1893.511122</ele>
        <time>2026-10-03T19:08:01.756Z</time>
      </trkpt>
      <trkpt lat="20.631111" lon="-100.305312">
        <ele>1893.517482</ele>
        <time>2026-10-03T19:08:01.863Z</time>
      </trkpt>
      <trkpt lat="20.631105" lon="-100.305309">
        <ele>1893.527736</ele>
        <time>2026-10-03T19:08:02.034Z</time>
      </trkpt>
      <trkpt lat="20.631100" lon="-100.305306">
        <ele>1893.536613</ele>
        <time>2026-10-03T19:08:02.182Z</time>
      </trkpt>
      <trkpt lat="20.631098" lon="-100.305301">
        <ele>1893.544491</ele>
        <time>2026-10-03T19:08:02.314Z</time>
      </trkpt>
      <trkpt lat="20.631096" lon="-100.305296">
        <ele>1893.552368</ele>
        <time>2026-10-03T19:08:02.446Z</time>
      </trkpt>
      <trkpt lat="20.631095" lon="-100.305294">
        <ele>1893.555653</ele>
        <time>2026-10-03T19:08:02.501Z</time>
      </trkpt>
      <trkpt lat="20.631095" lon="-100.305293">
        <ele>1893.557102</ele>
        <time>2026-10-03T19:08:02.525Z</time>
      </trkpt>
      <trkpt lat="20.631096" lon="-100.305294">
        <ele>1893.559222</ele>
        <time>2026-10-03T19:08:02.560Z</time>
      </trkpt>
      <trkpt lat="20.631097" lon="-100.305295">
        <ele>1893.561342</ele>
        <time>2026-10-03T19:08:02.596Z</time>
      </trkpt>
      <trkpt lat="20.631094" lon="-100.305281">
        <ele>1893.582150</ele>
        <time>2026-10-03T19:08:02.943Z</time>
      </trkpt>
      <trkpt lat="20.631092" lon="-100.305267">
        <ele>1893.602667</ele>
        <time>2026-10-03T19:08:03.286Z</time>
      </trkpt>
      <trkpt lat="20.631088" lon="-100.305250">
        <ele>1893.628062</ele>
        <time>2026-10-03T19:08:03.710Z</time>
      </trkpt>
      <trkpt lat="20.631085" lon="-100.305232">
        <ele>1893.654549</ele>
        <time>2026-10-03T19:08:04.153Z</time>
      </trkpt>
      <trkpt lat="20.631082" lon="-100.305211">
        <ele>1893.685325</ele>
        <time>2026-10-03T19:08:04.667Z</time>
      </trkpt>
      <trkpt lat="20.631080" lon="-100.305192">
        <ele>1893.713025</ele>
        <time>2026-10-03T19:08:05.130Z</time>
      </trkpt>
      <trkpt lat="20.631077" lon="-100.305173">
        <ele>1893.740940</ele>
        <time>2026-10-03T19:08:05.596Z</time>
      </trkpt>
      <trkpt lat="20.631075" lon="-100.305155">
        <ele>1893.767200</ele>
        <time>2026-10-03T19:08:06.035Z</time>
      </trkpt>
      <trkpt lat="20.631072" lon="-100.305140">
        <ele>1893.789422</ele>
        <time>2026-10-03T19:08:06.406Z</time>
      </trkpt>
      <trkpt lat="20.631070" lon="-100.305126">
        <ele>1893.809939</ele>
        <time>2026-10-03T19:08:06.749Z</time>
      </trkpt>
      <trkpt lat="20.631068" lon="-100.305118">
        <ele>1893.821935</ele>
        <time>2026-10-03T19:08:06.949Z</time>
      </trkpt>
      <trkpt lat="20.631067" lon="-100.305115">
        <ele>1893.826549</ele>
        <time>2026-10-03T19:08:07.026Z</time>
      </trkpt>
      <trkpt lat="20.631067" lon="-100.305116">
        <ele>1893.827998</ele>
        <time>2026-10-03T19:08:07.050Z</time>
      </trkpt>
      <trkpt lat="20.631067" lon="-100.305117">
        <ele>1893.829447</ele>
        <time>2026-10-03T19:08:07.075Z</time>
      </trkpt>
      <trkpt lat="20.631067" lon="-100.305120">
        <ele>1893.833793</ele>
        <time>2026-10-03T19:08:07.147Z</time>
      </trkpt>
      <trkpt lat="20.631068" lon="-100.305122">
        <ele>1893.837078</ele>
        <time>2026-10-03T19:08:07.202Z</time>
      </trkpt>
      <trkpt lat="20.631068" lon="-100.305123">
        <ele>1893.838527</ele>
        <time>2026-10-03T19:08:07.226Z</time>
      </trkpt>
      <trkpt lat="20.631068" lon="-100.305124">
        <ele>1893.839975</ele>
        <time>2026-10-03T19:08:07.251Z</time>
      </trkpt>
      <trkpt lat="20.631068" lon="-100.305125">
        <ele>1893.841424</ele>
        <time>2026-10-03T19:08:07.275Z</time>
      </trkpt>
      <trkpt lat="20.631071" lon="-100.305119">
        <ele>1893.851279</ele>
        <time>2026-10-03T19:08:07.439Z</time>
      </trkpt>
      <trkpt lat="20.631074" lon="-100.305115">
        <ele>1893.858705</ele>
        <time>2026-10-03T19:08:07.563Z</time>
      </trkpt>
      <trkpt lat="20.631076" lon="-100.305112">
        <ele>1893.864042</ele>
        <time>2026-10-03T19:08:07.653Z</time>
      </trkpt>
      <trkpt lat="20.631077" lon="-100.305112">
        <ele>1893.865590</ele>
        <time>2026-10-03T19:08:07.678Z</time>
      </trkpt>
      <trkpt lat="20.631078" lon="-100.305111">
        <ele>1893.867710</ele>
        <time>2026-10-03T19:08:07.714Z</time>
      </trkpt>
      <trkpt lat="20.631078" lon="-100.305112">
        <ele>1893.869159</ele>
        <time>2026-10-03T19:08:07.738Z</time>
      </trkpt>
      <trkpt lat="20.631077" lon="-100.305112">
        <ele>1893.870707</ele>
        <time>2026-10-03T19:08:07.764Z</time>
      </trkpt>
      <trkpt lat="20.631077" lon="-100.305113">
        <ele>1893.872155</ele>
        <time>2026-10-03T19:08:07.788Z</time>
      </trkpt>
      <trkpt lat="20.631076" lon="-100.305113">
        <ele>1893.873703</ele>
        <time>2026-10-03T19:08:07.814Z</time>
      </trkpt>
      <trkpt lat="20.631061" lon="-100.305092">
        <ele>1893.911976</ele>
        <time>2026-10-03T19:08:08.453Z</time>
      </trkpt>
      <trkpt lat="20.631049" lon="-100.305074">
        <ele>1893.943993</ele>
        <time>2026-10-03T19:08:08.988Z</time>
      </trkpt>
      <trkpt lat="20.631042" lon="-100.305060">
        <ele>1893.966988</ele>
        <time>2026-10-03T19:08:09.373Z</time>
      </trkpt>
      <trkpt lat="20.631037" lon="-100.305048">
        <ele>1893.986018</ele>
        <time>2026-10-03T19:08:09.690Z</time>
      </trkpt>
      <trkpt lat="20.631035" lon="-100.305039">
        <ele>1893.999419</ele>
        <time>2026-10-03T19:08:09.914Z</time>
      </trkpt>
      <trkpt lat="20.631036" lon="-100.305032">
        <ele>1894.009678</ele>
        <time>2026-10-03T19:08:10.086Z</time>
      </trkpt>
      <trkpt lat="20.631037" lon="-100.305026">
        <ele>1894.018507</ele>
        <time>2026-10-03T19:08:10.233Z</time>
      </trkpt>
      <trkpt lat="20.631039" lon="-100.305018">
        <ele>1894.030503</ele>
        <time>2026-10-03T19:08:10.434Z</time>
      </trkpt>
      <trkpt lat="20.631040" lon="-100.305010">
        <ele>1894.042196</ele>
        <time>2026-10-03T19:08:10.629Z</time>
      </trkpt>
      <trkpt lat="20.631040" lon="-100.305001">
        <ele>1894.055235</ele>
        <time>2026-10-03T19:08:10.847Z</time>
      </trkpt>
      <trkpt lat="20.631039" lon="-100.304991">
        <ele>1894.069805</ele>
        <time>2026-10-03T19:08:11.090Z</time>
      </trkpt>
      <trkpt lat="20.631038" lon="-100.304982">
        <ele>1894.082935</ele>
        <time>2026-10-03T19:08:11.310Z</time>
      </trkpt>
      <trkpt lat="20.631037" lon="-100.304974">
        <ele>1894.094628</ele>
        <time>2026-10-03T19:08:11.505Z</time>
      </trkpt>
      <trkpt lat="20.631036" lon="-100.304966">
        <ele>1894.106321</ele>
        <time>2026-10-03T19:08:11.700Z</time>
      </trkpt>
      <trkpt lat="20.631035" lon="-100.304958">
        <ele>1894.118013</ele>
        <time>2026-10-03T19:08:11.896Z</time>
      </trkpt>
      <trkpt lat="20.631034" lon="-100.304951">
        <ele>1894.128272</ele>
        <time>2026-10-03T19:08:12.067Z</time>
      </trkpt>
      <trkpt lat="20.631033" lon="-100.304946">
        <ele>1894.135679</ele>
        <time>2026-10-03T19:08:12.191Z</time>
      </trkpt>
      <trkpt lat="20.631033" lon="-100.304942">
        <ele>1894.141474</ele>
        <time>2026-10-03T19:08:12.288Z</time>
      </trkpt>
      <trkpt lat="20.631033" lon="-100.304941">
        <ele>1894.142923</ele>
        <time>2026-10-03T19:08:12.312Z</time>
      </trkpt>
      <trkpt lat="20.631033" lon="-100.304942">
        <ele>1894.144372</ele>
        <time>2026-10-03T19:08:12.336Z</time>
      </trkpt>
      <trkpt lat="20.631033" lon="-100.304943">
        <ele>1894.145820</ele>
        <time>2026-10-03T19:08:12.360Z</time>
      </trkpt>
      <trkpt lat="20.631033" lon="-100.304944">
        <ele>1894.147269</ele>
        <time>2026-10-03T19:08:12.384Z</time>
      </trkpt>
      <trkpt lat="20.631033" lon="-100.304945">
        <ele>1894.148718</ele>
        <time>2026-10-03T19:08:12.409Z</time>
      </trkpt>
      <trkpt lat="20.631034" lon="-100.304933">
        <ele>1894.166172</ele>
        <time>2026-10-03T19:08:12.700Z</time>
      </trkpt>
      <trkpt lat="20.631033" lon="-100.304925">
        <ele>1894.177864</ele>
        <time>2026-10-03T19:08:12.896Z</time>
      </trkpt>
      <trkpt lat="20.631032" lon="-100.304921">
        <ele>1894.183862</ele>
        <time>2026-10-03T19:08:12.996Z</time>
      </trkpt>
      <trkpt lat="20.631031" lon="-100.304918">
        <ele>1894.188476</ele>
        <time>2026-10-03T19:08:13.073Z</time>
      </trkpt>
      <trkpt lat="20.631030" lon="-100.304917">
        <ele>1894.190596</ele>
        <time>2026-10-03T19:08:13.108Z</time>
      </trkpt>
      <trkpt lat="20.631029" lon="-100.304917">
        <ele>1894.192144</ele>
        <time>2026-10-03T19:08:13.134Z</time>
      </trkpt>
      <trkpt lat="20.631029" lon="-100.304918">
        <ele>1894.193593</ele>
        <time>2026-10-03T19:08:13.158Z</time>
      </trkpt>
      <trkpt lat="20.631030" lon="-100.304919">
        <ele>1894.195713</ele>
        <time>2026-10-03T19:08:13.194Z</time>
      </trkpt>
      <trkpt lat="20.631030" lon="-100.304920">
        <ele>1894.197162</ele>
        <time>2026-10-03T19:08:13.218Z</time>
      </trkpt>
      <trkpt lat="20.631020" lon="-100.304922">
        <ele>1894.212911</ele>
        <time>2026-10-03T19:08:13.481Z</time>
      </trkpt>
      <trkpt lat="20.631011" lon="-100.304923">
        <ele>1894.226918</ele>
        <time>2026-10-03T19:08:13.715Z</time>
      </trkpt>
      <trkpt lat="20.631005" lon="-100.304924">
        <ele>1894.236319</ele>
        <time>2026-10-03T19:08:13.872Z</time>
      </trkpt>
      <trkpt lat="20.631000" lon="-100.304924">
        <ele>1894.244059</ele>
        <time>2026-10-03T19:08:14.002Z</time>
      </trkpt>
      <trkpt lat="20.630995" lon="-100.304925">
        <ele>1894.251933</ele>
        <time>2026-10-03T19:08:14.133Z</time>
      </trkpt>
      <trkpt lat="20.630990" lon="-100.304925">
        <ele>1894.259673</ele>
        <time>2026-10-03T19:08:14.262Z</time>
      </trkpt>
      <trkpt lat="20.630983" lon="-100.304926">
        <ele>1894.270606</ele>
        <time>2026-10-03T19:08:14.445Z</time>
      </trkpt>
      <trkpt lat="20.630975" lon="-100.304926">
        <ele>1894.282990</ele>
        <time>2026-10-03T19:08:14.652Z</time>
      </trkpt>
      <trkpt lat="20.630969" lon="-100.304925">
        <ele>1894.292390</ele>
        <time>2026-10-03T19:08:14.809Z</time>
      </trkpt>
      <trkpt lat="20.630964" lon="-100.304923">
        <ele>1894.300655</ele>
        <time>2026-10-03T19:08:14.947Z</time>
      </trkpt>
      <trkpt lat="20.630959" lon="-100.304919">
        <ele>1894.310324</ele>
        <time>2026-10-03T19:08:15.109Z</time>
      </trkpt>
      <trkpt lat="20.630957" lon="-100.304915">
        <ele>1894.316894</ele>
        <time>2026-10-03T19:08:15.218Z</time>
      </trkpt>
      <trkpt lat="20.630956" lon="-100.304907">
        <ele>1894.328587</ele>
        <time>2026-10-03T19:08:15.414Z</time>
      </trkpt>
      <trkpt lat="20.630954" lon="-100.304898">
        <ele>1894.341988</ele>
        <time>2026-10-03T19:08:15.638Z</time>
      </trkpt>
      <trkpt lat="20.630953" lon="-100.304888">
        <ele>1894.356558</ele>
        <time>2026-10-03T19:08:15.881Z</time>
      </trkpt>
      <trkpt lat="20.630953" lon="-100.304875">
        <ele>1894.375391</ele>
        <time>2026-10-03T19:08:16.196Z</time>
      </trkpt>
      <trkpt lat="20.630953" lon="-100.304861">
        <ele>1894.395674</ele>
        <time>2026-10-03T19:08:16.535Z</time>
      </trkpt>
      <trkpt lat="20.630952" lon="-100.304848">
        <ele>1894.414571</ele>
        <time>2026-10-03T19:08:16.850Z</time>
      </trkpt>
      <trkpt lat="20.630951" lon="-100.304834">
        <ele>1894.434912</ele>
        <time>2026-10-03T19:08:17.190Z</time>
      </trkpt>
      <trkpt lat="20.630951" lon="-100.304822">
        <ele>1894.452297</ele>
        <time>2026-10-03T19:08:17.481Z</time>
      </trkpt>
      <trkpt lat="20.630951" lon="-100.304810">
        <ele>1894.469682</ele>
        <time>2026-10-03T19:08:17.771Z</time>
      </trkpt>
      <trkpt lat="20.630950" lon="-100.304798">
        <ele>1894.487135</ele>
        <time>2026-10-03T19:08:18.063Z</time>
      </trkpt>
      <trkpt lat="20.630949" lon="-100.304787">
        <ele>1894.503147</ele>
        <time>2026-10-03T19:08:18.330Z</time>
      </trkpt>
      <trkpt lat="20.630947" lon="-100.304778">
        <ele>1894.516548</ele>
        <time>2026-10-03T19:08:18.554Z</time>
      </trkpt>
      <trkpt lat="20.630946" lon="-100.304770">
        <ele>1894.528240</ele>
        <time>2026-10-03T19:08:18.749Z</time>
      </trkpt>
      <trkpt lat="20.630945" lon="-100.304765">
        <ele>1894.535648</ele>
        <time>2026-10-03T19:08:18.873Z</time>
      </trkpt>
      <trkpt lat="20.630944" lon="-100.304765">
        <ele>1894.537196</ele>
        <time>2026-10-03T19:08:18.899Z</time>
      </trkpt>
      <trkpt lat="20.630944" lon="-100.304767">
        <ele>1894.540093</ele>
        <time>2026-10-03T19:08:18.947Z</time>
      </trkpt>
      <trkpt lat="20.630944" lon="-100.304769">
        <ele>1894.542991</ele>
        <time>2026-10-03T19:08:18.996Z</time>
      </trkpt>
      <trkpt lat="20.630945" lon="-100.304770">
        <ele>1894.545111</ele>
        <time>2026-10-03T19:08:19.031Z</time>
      </trkpt>
      <trkpt lat="20.630945" lon="-100.304771">
        <ele>1894.546560</ele>
        <time>2026-10-03T19:08:19.055Z</time>
      </trkpt>
      <trkpt lat="20.630945" lon="-100.304772">
        <ele>1894.548008</ele>
        <time>2026-10-03T19:08:19.080Z</time>
      </trkpt>
      <trkpt lat="20.630944" lon="-100.304763">
        <ele>1894.561139</ele>
        <time>2026-10-03T19:08:19.299Z</time>
      </trkpt>
      <trkpt lat="20.630943" lon="-100.304753">
        <ele>1894.575708</ele>
        <time>2026-10-03T19:08:19.542Z</time>
      </trkpt>
      <trkpt lat="20.630942" lon="-100.304742">
        <ele>1894.591720</ele>
        <time>2026-10-03T19:08:19.810Z</time>
      </trkpt>
      <trkpt lat="20.630941" lon="-100.304731">
        <ele>1894.607731</ele>
        <time>2026-10-03T19:08:20.077Z</time>
      </trkpt>
      <trkpt lat="20.630940" lon="-100.304719">
        <ele>1894.625184</ele>
        <time>2026-10-03T19:08:20.369Z</time>
      </trkpt>
      <trkpt lat="20.630938" lon="-100.304708">
        <ele>1894.641418</ele>
        <time>2026-10-03T19:08:20.640Z</time>
      </trkpt>
      <trkpt lat="20.630937" lon="-100.304700">
        <ele>1894.653111</ele>
        <time>2026-10-03T19:08:20.836Z</time>
      </trkpt>
      <trkpt lat="20.630935" lon="-100.304694">
        <ele>1894.662339</ele>
        <time>2026-10-03T19:08:20.990Z</time>
      </trkpt>
      <trkpt lat="20.630934" lon="-100.304691">
        <ele>1894.666952</ele>
        <time>2026-10-03T19:08:21.067Z</time>
      </trkpt>
      <trkpt lat="20.630933" lon="-100.304688">
        <ele>1894.671566</ele>
        <time>2026-10-03T19:08:21.144Z</time>
      </trkpt>
      <trkpt lat="20.630933" lon="-100.304687">
        <ele>1894.673015</ele>
        <time>2026-10-03T19:08:21.168Z</time>
      </trkpt>
      <trkpt lat="20.630932" lon="-100.304688">
        <ele>1894.675135</ele>
        <time>2026-10-03T19:08:21.204Z</time>
      </trkpt>
      <trkpt lat="20.630933" lon="-100.304684">
        <ele>1894.681133</ele>
        <time>2026-10-03T19:08:21.304Z</time>
      </trkpt>
      <trkpt lat="20.630933" lon="-100.304679">
        <ele>1894.688377</ele>
        <time>2026-10-03T19:08:21.425Z</time>
      </trkpt>
      <trkpt lat="20.630933" lon="-100.304676">
        <ele>1894.692723</ele>
        <time>2026-10-03T19:08:21.497Z</time>
      </trkpt>
      <trkpt lat="20.630933" lon="-100.304675">
        <ele>1894.694172</ele>
        <time>2026-10-03T19:08:21.522Z</time>
      </trkpt>
      <trkpt lat="20.630933" lon="-100.304674">
        <ele>1894.695620</ele>
        <time>2026-10-03T19:08:21.546Z</time>
      </trkpt>
      <trkpt lat="20.630933" lon="-100.304675">
        <ele>1894.697069</ele>
        <time>2026-10-03T19:08:21.570Z</time>
      </trkpt>
      <trkpt lat="20.630933" lon="-100.304676">
        <ele>1894.698518</ele>
        <time>2026-10-03T19:08:21.594Z</time>
      </trkpt>
      <trkpt lat="20.630933" lon="-100.304669">
        <ele>1894.708659</ele>
        <time>2026-10-03T19:08:21.764Z</time>
      </trkpt>
      <trkpt lat="20.630933" lon="-100.304662">
        <ele>1894.718800</ele>
        <time>2026-10-03T19:08:21.933Z</time>
      </trkpt>
      <trkpt lat="20.630932" lon="-100.304654">
        <ele>1894.730493</ele>
        <time>2026-10-03T19:08:22.129Z</time>
      </trkpt>
      <trkpt lat="20.630933" lon="-100.304647">
        <ele>1894.740752</ele>
        <time>2026-10-03T19:08:22.300Z</time>
      </trkpt>
      <trkpt lat="20.630934" lon="-100.304642">
        <ele>1894.748159</ele>
        <time>2026-10-03T19:08:22.424Z</time>
      </trkpt>
      <trkpt lat="20.630936" lon="-100.304637">
        <ele>1894.756036</ele>
        <time>2026-10-03T19:08:22.555Z</time>
      </trkpt>
      <trkpt lat="20.630940" lon="-100.304634">
        <ele>1894.763601</ele>
        <time>2026-10-03T19:08:22.682Z</time>
      </trkpt>
      <trkpt lat="20.630943" lon="-100.304632">
        <ele>1894.769075</ele>
        <time>2026-10-03T19:08:22.773Z</time>
      </trkpt>
      <trkpt lat="20.630946" lon="-100.304626">
        <ele>1894.778930</ele>
        <time>2026-10-03T19:08:22.938Z</time>
      </trkpt>
      <trkpt lat="20.630948" lon="-100.304619">
        <ele>1894.789534</ele>
        <time>2026-10-03T19:08:23.115Z</time>
      </trkpt>
      <trkpt lat="20.630949" lon="-100.304612">
        <ele>1894.799792</ele>
        <time>2026-10-03T19:08:23.286Z</time>
      </trkpt>
      <trkpt lat="20.630950" lon="-100.304605">
        <ele>1894.810051</ele>
        <time>2026-10-03T19:08:23.458Z</time>
      </trkpt>
      <trkpt lat="20.630951" lon="-100.304598">
        <ele>1894.820310</ele>
        <time>2026-10-03T19:08:23.629Z</time>
      </trkpt>
      <trkpt lat="20.630955" lon="-100.304591">
        <ele>1894.832192</ele>
        <time>2026-10-03T19:08:23.828Z</time>
      </trkpt>
      <trkpt lat="20.630960" lon="-100.304587">
        <ele>1894.841861</ele>
        <time>2026-10-03T19:08:23.989Z</time>
      </trkpt>
      <trkpt lat="20.630967" lon="-100.304587">
        <ele>1894.852697</ele>
        <time>2026-10-03T19:08:24.170Z</time>
      </trkpt>
      <trkpt lat="20.630974" lon="-100.304588">
        <ele>1894.863629</ele>
        <time>2026-10-03T19:08:24.353Z</time>
      </trkpt>
      <trkpt lat="20.630981" lon="-100.304591">
        <ele>1894.875305</ele>
        <time>2026-10-03T19:08:24.548Z</time>
      </trkpt>
      <trkpt lat="20.630989" lon="-100.304594">
        <ele>1894.888429</ele>
        <time>2026-10-03T19:08:24.767Z</time>
      </trkpt>
      <trkpt lat="20.630998" lon="-100.304595">
        <ele>1894.902436</ele>
        <time>2026-10-03T19:08:25.001Z</time>
      </trkpt>
      <trkpt lat="20.631007" lon="-100.304594">
        <ele>1894.916444</ele>
        <time>2026-10-03T19:08:25.235Z</time>
      </trkpt>
      <trkpt lat="20.631015" lon="-100.304590">
        <ele>1894.930116</ele>
        <time>2026-10-03T19:08:25.464Z</time>
      </trkpt>
      <trkpt lat="20.631020" lon="-100.304585">
        <ele>1894.940717</ele>
        <time>2026-10-03T19:08:25.641Z</time>
      </trkpt>
      <trkpt lat="20.631024" lon="-100.304580">
        <ele>1894.950247</ele>
        <time>2026-10-03T19:08:25.800Z</time>
      </trkpt>
      <trkpt lat="20.631026" lon="-100.304576">
        <ele>1894.956817</ele>
        <time>2026-10-03T19:08:25.910Z</time>
      </trkpt>
      <trkpt lat="20.631026" lon="-100.304575">
        <ele>1894.958266</ele>
        <time>2026-10-03T19:08:25.934Z</time>
      </trkpt>
      <trkpt lat="20.631025" lon="-100.304574">
        <ele>1894.960386</ele>
        <time>2026-10-03T19:08:25.969Z</time>
      </trkpt>
      <trkpt lat="20.631024" lon="-100.304575">
        <ele>1894.962506</ele>
        <time>2026-10-03T19:08:26.005Z</time>
      </trkpt>
      <trkpt lat="20.631023" lon="-100.304575">
        <ele>1894.964054</ele>
        <time>2026-10-03T19:08:26.031Z</time>
      </trkpt>
      <trkpt lat="20.631023" lon="-100.304570">
        <ele>1894.971298</ele>
        <time>2026-10-03T19:08:26.152Z</time>
      </trkpt>
      <trkpt lat="20.631023" lon="-100.304567">
        <ele>1894.975644</ele>
        <time>2026-10-03T19:08:26.224Z</time>
      </trkpt>
      <trkpt lat="20.631023" lon="-100.304564">
        <ele>1894.979990</ele>
        <time>2026-10-03T19:08:26.297Z</time>
      </trkpt>
      <trkpt lat="20.631024" lon="-100.304562">
        <ele>1894.983275</ele>
        <time>2026-10-03T19:08:26.352Z</time>
      </trkpt>
      <trkpt lat="20.631025" lon="-100.304562">
        <ele>1894.984823</ele>
        <time>2026-10-03T19:08:26.378Z</time>
      </trkpt>
      <trkpt lat="20.631035" lon="-100.304559">
        <ele>1895.000902</ele>
        <time>2026-10-03T19:08:26.646Z</time>
      </trkpt>
      <trkpt lat="20.631045" lon="-100.304556">
        <ele>1895.016981</ele>
        <time>2026-10-03T19:08:26.915Z</time>
      </trkpt>
      <trkpt lat="20.631055" lon="-100.304553">
        <ele>1895.033059</ele>
        <time>2026-10-03T19:08:27.184Z</time>
      </trkpt>
      <trkpt lat="20.631062" lon="-100.304548">
        <ele>1895.046094</ele>
        <time>2026-10-03T19:08:27.401Z</time>
      </trkpt>
      <trkpt lat="20.631066" lon="-100.304543">
        <ele>1895.055623</ele>
        <time>2026-10-03T19:08:27.561Z</time>
      </trkpt>
      <trkpt lat="20.631068" lon="-100.304538">
        <ele>1895.063501</ele>
        <time>2026-10-03T19:08:27.692Z</time>
      </trkpt>
      <trkpt lat="20.631068" lon="-100.304534">
        <ele>1895.069296</ele>
        <time>2026-10-03T19:08:27.789Z</time>
      </trkpt>
      <trkpt lat="20.631068" lon="-100.304533">
        <ele>1895.070744</ele>
        <time>2026-10-03T19:08:27.813Z</time>
      </trkpt>
      <trkpt lat="20.631068" lon="-100.304534">
        <ele>1895.072193</ele>
        <time>2026-10-03T19:08:27.837Z</time>
      </trkpt>
      <trkpt lat="20.631067" lon="-100.304534">
        <ele>1895.073741</ele>
        <time>2026-10-03T19:08:27.863Z</time>
      </trkpt>
      <trkpt lat="20.631066" lon="-100.304535">
        <ele>1895.075861</ele>
        <time>2026-10-03T19:08:27.899Z</time>
      </trkpt>
      <trkpt lat="20.631066" lon="-100.304536">
        <ele>1895.077310</ele>
        <time>2026-10-03T19:08:27.923Z</time>
      </trkpt>
      <trkpt lat="20.631065" lon="-100.304536">
        <ele>1895.078858</ele>
        <time>2026-10-03T19:08:27.949Z</time>
      </trkpt>
      <trkpt lat="20.631067" lon="-100.304529">
        <ele>1895.089461</ele>
        <time>2026-10-03T19:08:28.126Z</time>
      </trkpt>
      <trkpt lat="20.631071" lon="-100.304521">
        <ele>1895.102602</ele>
        <time>2026-10-03T19:08:28.346Z</time>
      </trkpt>
      <trkpt lat="20.631075" lon="-100.304513">
        <ele>1895.115742</ele>
        <time>2026-10-03T19:08:28.565Z</time>
      </trkpt>
      <trkpt lat="20.631079" lon="-100.304503">
        <ele>1895.131497</ele>
        <time>2026-10-03T19:08:28.828Z</time>
      </trkpt>
      <trkpt lat="20.631082" lon="-100.304493">
        <ele>1895.146711</ele>
        <time>2026-10-03T19:08:29.083Z</time>
      </trkpt>
      <trkpt lat="20.631083" lon="-100.304485">
        <ele>1895.158403</ele>
        <time>2026-10-03T19:08:29.278Z</time>
      </trkpt>
      <trkpt lat="20.631084" lon="-100.304479">
        <ele>1895.167233</ele>
        <time>2026-10-03T19:08:29.425Z</time>
      </trkpt>
      <trkpt lat="20.631087" lon="-100.304473">
        <ele>1895.177088</ele>
        <time>2026-10-03T19:08:29.590Z</time>
      </trkpt>
      <trkpt lat="20.631091" lon="-100.304468">
        <ele>1895.186617</ele>
        <time>2026-10-03T19:08:29.749Z</time>
      </trkpt>
      <trkpt lat="20.631096" lon="-100.304465">
        <ele>1895.195494</ele>
        <time>2026-10-03T19:08:29.898Z</time>
      </trkpt>
      <trkpt lat="20.631101" lon="-100.304463">
        <ele>1895.203759</ele>
        <time>2026-10-03T19:08:30.036Z</time>
      </trkpt>
      <trkpt lat="20.631106" lon="-100.304460">
        <ele>1895.212636</ele>
        <time>2026-10-03T19:08:30.184Z</time>
      </trkpt>
      <trkpt lat="20.631109" lon="-100.304457">
        <ele>1895.218996</ele>
        <time>2026-10-03T19:08:30.290Z</time>
      </trkpt>
      <trkpt lat="20.631111" lon="-100.304453">
        <ele>1895.225566</ele>
        <time>2026-10-03T19:08:30.400Z</time>
      </trkpt>
      <trkpt lat="20.631113" lon="-100.304447">
        <ele>1895.234794</ele>
        <time>2026-10-03T19:08:30.554Z</time>
      </trkpt>
      <trkpt lat="20.631114" lon="-100.304440">
        <ele>1895.245052</ele>
        <time>2026-10-03T19:08:30.726Z</time>
      </trkpt>
      <trkpt lat="20.631114" lon="-100.304433">
        <ele>1895.255193</ele>
        <time>2026-10-03T19:08:30.895Z</time>
      </trkpt>
      <trkpt lat="20.631115" lon="-100.304427">
        <ele>1895.264023</ele>
        <time>2026-10-03T19:08:31.043Z</time>
      </trkpt>
      <trkpt lat="20.631116" lon="-100.304421">
        <ele>1895.272852</ele>
        <time>2026-10-03T19:08:31.190Z</time>
      </trkpt>
      <trkpt lat="20.631119" lon="-100.304414">
        <ele>1895.284006</ele>
        <time>2026-10-03T19:08:31.376Z</time>
      </trkpt>
      <trkpt lat="20.631122" lon="-100.304407">
        <ele>1895.295160</ele>
        <time>2026-10-03T19:08:31.563Z</time>
      </trkpt>
      <trkpt lat="20.631125" lon="-100.304402">
        <ele>1895.303764</ele>
        <time>2026-10-03T19:08:31.706Z</time>
      </trkpt>
      <trkpt lat="20.631126" lon="-100.304399">
        <ele>1895.308378</ele>
        <time>2026-10-03T19:08:31.784Z</time>
      </trkpt>
      <trkpt lat="20.631127" lon="-100.304399">
        <ele>1895.309926</ele>
        <time>2026-10-03T19:08:31.809Z</time>
      </trkpt>
      <trkpt lat="20.631128" lon="-100.304399">
        <ele>1895.311474</ele>
        <time>2026-10-03T19:08:31.835Z</time>
      </trkpt>
      <trkpt lat="20.631128" lon="-100.304400">
        <ele>1895.312923</ele>
        <time>2026-10-03T19:08:31.860Z</time>
      </trkpt>
      <trkpt lat="20.631128" lon="-100.304401">
        <ele>1895.314371</ele>
        <time>2026-10-03T19:08:31.884Z</time>
      </trkpt>
      <trkpt lat="20.631127" lon="-100.304402">
        <ele>1895.316491</ele>
        <time>2026-10-03T19:08:31.919Z</time>
      </trkpt>
      <trkpt lat="20.631127" lon="-100.304403">
        <ele>1895.317940</ele>
        <time>2026-10-03T19:08:31.943Z</time>
      </trkpt>
      <trkpt lat="20.631132" lon="-100.304396">
        <ele>1895.330698</ele>
        <time>2026-10-03T19:08:32.157Z</time>
      </trkpt>
      <trkpt lat="20.631139" lon="-100.304387">
        <ele>1895.347651</ele>
        <time>2026-10-03T19:08:32.440Z</time>
      </trkpt>
      <trkpt lat="20.631145" lon="-100.304380">
        <ele>1895.361403</ele>
        <time>2026-10-03T19:08:32.670Z</time>
      </trkpt>
      <trkpt lat="20.631151" lon="-100.304372">
        <ele>1895.376255</ele>
        <time>2026-10-03T19:08:32.918Z</time>
      </trkpt>
      <trkpt lat="20.631155" lon="-100.304364">
        <ele>1895.389396</ele>
        <time>2026-10-03T19:08:33.137Z</time>
      </trkpt>
      <trkpt lat="20.631159" lon="-100.304355">
        <ele>1895.403830</ele>
        <time>2026-10-03T19:08:33.378Z</time>
      </trkpt>
      <trkpt lat="20.631162" lon="-100.304347">
        <ele>1895.416316</ele>
        <time>2026-10-03T19:08:33.587Z</time>
      </trkpt>
      <trkpt lat="20.631166" lon="-100.304339">
        <ele>1895.429456</ele>
        <time>2026-10-03T19:08:33.807Z</time>
      </trkpt>
      <trkpt lat="20.631169" lon="-100.304331">
        <ele>1895.441942</ele>
        <time>2026-10-03T19:08:34.015Z</time>
      </trkpt>
      <trkpt lat="20.631171" lon="-100.304324">
        <ele>1895.452545</ele>
        <time>2026-10-03T19:08:34.192Z</time>
      </trkpt>
      <trkpt lat="20.631173" lon="-100.304318">
        <ele>1895.461772</ele>
        <time>2026-10-03T19:08:34.347Z</time>
      </trkpt>
      <trkpt lat="20.631175" lon="-100.304311">
        <ele>1895.472375</ele>
        <time>2026-10-03T19:08:34.524Z</time>
      </trkpt>
      <trkpt lat="20.631178" lon="-100.304305">
        <ele>1895.482231</ele>
        <time>2026-10-03T19:08:34.688Z</time>
      </trkpt>
      <trkpt lat="20.631181" lon="-100.304299">
        <ele>1895.492086</ele>
        <time>2026-10-03T19:08:34.853Z</time>
      </trkpt>
      <trkpt lat="20.631184" lon="-100.304293">
        <ele>1895.501941</ele>
        <time>2026-10-03T19:08:35.018Z</time>
      </trkpt>
      <trkpt lat="20.631186" lon="-100.304287">
        <ele>1895.511168</ele>
        <time>2026-10-03T19:08:35.172Z</time>
      </trkpt>
      <trkpt lat="20.631187" lon="-100.304280">
        <ele>1895.521427</ele>
        <time>2026-10-03T19:08:35.343Z</time>
      </trkpt>
      <trkpt lat="20.631188" lon="-100.304274">
        <ele>1895.530256</ele>
        <time>2026-10-03T19:08:35.491Z</time>
      </trkpt>
      <trkpt lat="20.631188" lon="-100.304270">
        <ele>1895.536051</ele>
        <time>2026-10-03T19:08:35.587Z</time>
      </trkpt>
      <trkpt lat="20.631188" lon="-100.304267">
        <ele>1895.540397</ele>
        <time>2026-10-03T19:08:35.660Z</time>
      </trkpt>
      <trkpt lat="20.631188" lon="-100.304266">
        <ele>1895.541846</ele>
        <time>2026-10-03T19:08:35.684Z</time>
      </trkpt>
      <trkpt lat="20.631188" lon="-100.304268">
        <ele>1895.544743</ele>
        <time>2026-10-03T19:08:35.733Z</time>
      </trkpt>
      <trkpt lat="20.631187" lon="-100.304269">
        <ele>1895.546864</ele>
        <time>2026-10-03T19:08:35.768Z</time>
      </trkpt>
      <trkpt lat="20.631187" lon="-100.304270">
        <ele>1895.548312</ele>
        <time>2026-10-03T19:08:35.792Z</time>
      </trkpt>
      <trkpt lat="20.631187" lon="-100.304271">
        <ele>1895.549761</ele>
        <time>2026-10-03T19:08:35.817Z</time>
      </trkpt>
      <trkpt lat="20.631186" lon="-100.304271">
        <ele>1895.551309</ele>
        <time>2026-10-03T19:08:35.842Z</time>
      </trkpt>
      <trkpt lat="20.631186" lon="-100.304272">
        <ele>1895.552758</ele>
        <time>2026-10-03T19:08:35.867Z</time>
      </trkpt>
      <trkpt lat="20.631192" lon="-100.304259">
        <ele>1895.573757</ele>
        <time>2026-10-03T19:08:36.217Z</time>
      </trkpt>
      <trkpt lat="20.631196" lon="-100.304247">
        <ele>1895.592212</ele>
        <time>2026-10-03T19:08:36.526Z</time>
      </trkpt>
      <trkpt lat="20.631199" lon="-100.304239">
        <ele>1895.604697</ele>
        <time>2026-10-03T19:08:36.735Z</time>
      </trkpt>
      <trkpt lat="20.631202" lon="-100.304231">
        <ele>1895.617183</ele>
        <time>2026-10-03T19:08:36.943Z</time>
      </trkpt>
      <trkpt lat="20.631204" lon="-100.304225">
        <ele>1895.626410</ele>
        <time>2026-10-03T19:08:37.097Z</time>
      </trkpt>
      <trkpt lat="20.631204" lon="-100.304220">
        <ele>1895.633654</ele>
        <time>2026-10-03T19:08:37.218Z</time>
      </trkpt>
      <trkpt lat="20.631203" lon="-100.304217">
        <ele>1895.638268</ele>
        <time>2026-10-03T19:08:37.295Z</time>
      </trkpt>
      <trkpt lat="20.631203" lon="-100.304216">
        <ele>1895.639717</ele>
        <time>2026-10-03T19:08:37.320Z</time>
      </trkpt>
      <trkpt lat="20.631203" lon="-100.304215">
        <ele>1895.641165</ele>
        <time>2026-10-03T19:08:37.344Z</time>
      </trkpt>
      <trkpt lat="20.631203" lon="-100.304216">
        <ele>1895.642614</ele>
        <time>2026-10-03T19:08:37.368Z</time>
      </trkpt>
      <trkpt lat="20.631203" lon="-100.304217">
        <ele>1895.644063</ele>
        <time>2026-10-03T19:08:37.392Z</time>
      </trkpt>
      <trkpt lat="20.631203" lon="-100.304205">
        <ele>1895.661448</ele>
        <time>2026-10-03T19:08:37.683Z</time>
      </trkpt>
      <trkpt lat="20.631198" lon="-100.304190">
        <ele>1895.684516</ele>
        <time>2026-10-03T19:08:38.068Z</time>
      </trkpt>
      <trkpt lat="20.631189" lon="-100.304172">
        <ele>1895.721459</ele>
        <time>2026-10-03T19:08:38.562Z</time>
      </trkpt>
      <trkpt lat="20.631180" lon="-100.304153">
        <ele>1895.764487</ele>
        <time>2026-10-03T19:08:39.077Z</time>
      </trkpt>
      <trkpt lat="20.631175" lon="-100.304132">
        <ele>1895.808271</ele>
        <time>2026-10-03T19:08:39.602Z</time>
      </trkpt>
      <trkpt lat="20.631171" lon="-100.304114">
        <ele>1895.845653</ele>
        <time>2026-10-03T19:08:40.050Z</time>
      </trkpt>
      <trkpt lat="20.631170" lon="-100.304099">
        <ele>1895.876038</ele>
        <time>2026-10-03T19:08:40.414Z</time>
      </trkpt>
      <trkpt lat="20.631171" lon="-100.304090">
        <ele>1895.894351</ele>
        <time>2026-10-03T19:08:40.633Z</time>
      </trkpt>
      <trkpt lat="20.631173" lon="-100.304086">
        <ele>1895.903514</ele>
        <time>2026-10-03T19:08:40.743Z</time>
      </trkpt>
      <trkpt lat="20.631174" lon="-100.304084">
        <ele>1895.908096</ele>
        <time>2026-10-03T19:08:40.798Z</time>
      </trkpt>
      <trkpt lat="20.631175" lon="-100.304085">
        <ele>1895.911053</ele>
        <time>2026-10-03T19:08:40.833Z</time>
      </trkpt>
      <trkpt lat="20.631176" lon="-100.304087">
        <ele>1895.915635</ele>
        <time>2026-10-03T19:08:40.888Z</time>
      </trkpt>
      <trkpt lat="20.631177" lon="-100.304089">
        <ele>1895.920216</ele>
        <time>2026-10-03T19:08:40.943Z</time>
      </trkpt>
      <trkpt lat="20.631177" lon="-100.304091">
        <ele>1895.924257</ele>
        <time>2026-10-03T19:08:40.991Z</time>
      </trkpt>
      <trkpt lat="20.631177" lon="-100.304092">
        <ele>1895.926278</ele>
        <time>2026-10-03T19:08:41.016Z</time>
      </trkpt>
      <trkpt lat="20.631177" lon="-100.304093">
        <ele>1895.928299</ele>
        <time>2026-10-03T19:08:41.040Z</time>
      </trkpt>
      <trkpt lat="20.631177" lon="-100.304094">
        <ele>1895.930319</ele>
        <time>2026-10-03T19:08:41.064Z</time>
      </trkpt>
      <trkpt lat="20.631174" lon="-100.304077">
        <ele>1895.965274</ele>
        <time>2026-10-03T19:08:41.483Z</time>
      </trkpt>
      <trkpt lat="20.631172" lon="-100.304058">
        <ele>1896.003907</ele>
        <time>2026-10-03T19:08:41.946Z</time>
      </trkpt>
      <trkpt lat="20.631170" lon="-100.304038">
        <ele>1896.044548</ele>
        <time>2026-10-03T19:08:42.432Z</time>
      </trkpt>
      <trkpt lat="20.631165" lon="-100.304018">
        <ele>1896.086377</ele>
        <time>2026-10-03T19:08:42.933Z</time>
      </trkpt>
      <trkpt lat="20.631159" lon="-100.303997">
        <ele>1896.130742</ele>
        <time>2026-10-03T19:08:43.465Z</time>
      </trkpt>
      <trkpt lat="20.631157" lon="-100.303976">
        <ele>1896.173393</ele>
        <time>2026-10-03T19:08:43.976Z</time>
      </trkpt>
      <trkpt lat="20.631156" lon="-100.303956">
        <ele>1896.213862</ele>
        <time>2026-10-03T19:08:44.461Z</time>
      </trkpt>
      <trkpt lat="20.631157" lon="-100.303935">
        <ele>1896.256349</ele>
        <time>2026-10-03T19:08:44.970Z</time>
      </trkpt>
      <trkpt lat="20.631159" lon="-100.303914">
        <ele>1896.299000</ele>
        <time>2026-10-03T19:08:45.481Z</time>
      </trkpt>
      <trkpt lat="20.631161" lon="-100.303895">
        <ele>1896.337633</ele>
        <time>2026-10-03T19:08:45.943Z</time>
      </trkpt>
      <trkpt lat="20.631162" lon="-100.303874">
        <ele>1896.380119</ele>
        <time>2026-10-03T19:08:46.452Z</time>
      </trkpt>
      <trkpt lat="20.631162" lon="-100.303854">
        <ele>1896.420531</ele>
        <time>2026-10-03T19:08:46.936Z</time>
      </trkpt>
      <trkpt lat="20.631163" lon="-100.303834">
        <ele>1896.461000</ele>
        <time>2026-10-03T19:08:47.421Z</time>
      </trkpt>
      <trkpt lat="20.631165" lon="-100.303816">
        <ele>1896.497625</ele>
        <time>2026-10-03T19:08:47.860Z</time>
      </trkpt>
      <trkpt lat="20.631171" lon="-100.303800">
        <ele>1896.532453</ele>
        <time>2026-10-03T19:08:48.277Z</time>
      </trkpt>
      <trkpt lat="20.631178" lon="-100.303787">
        <ele>1896.562758</ele>
        <time>2026-10-03T19:08:48.640Z</time>
      </trkpt>
      <trkpt lat="20.631184" lon="-100.303775">
        <ele>1896.590248</ele>
        <time>2026-10-03T19:08:48.970Z</time>
      </trkpt>
      <trkpt lat="20.631186" lon="-100.303764">
        <ele>1896.612890</ele>
        <time>2026-10-03T19:08:49.241Z</time>
      </trkpt>
      <trkpt lat="20.631187" lon="-100.303750">
        <ele>1896.641260</ele>
        <time>2026-10-03T19:08:49.581Z</time>
      </trkpt>
      <trkpt lat="20.631187" lon="-100.303734">
        <ele>1896.673589</ele>
        <time>2026-10-03T19:08:49.968Z</time>
      </trkpt>
      <trkpt lat="20.631186" lon="-100.303716">
        <ele>1896.710024</ele>
        <time>2026-10-03T19:08:50.404Z</time>
      </trkpt>
      <trkpt lat="20.631184" lon="-100.303699">
        <ele>1896.744644</ele>
        <time>2026-10-03T19:08:50.819Z</time>
      </trkpt>
      <trkpt lat="20.631176" lon="-100.303681">
        <ele>1896.784907</ele>
        <time>2026-10-03T19:08:51.301Z</time>
      </trkpt>
      <trkpt lat="20.631169" lon="-100.303664">
        <ele>1896.822434</ele>
        <time>2026-10-03T19:08:51.751Z</time>
      </trkpt>
      <trkpt lat="20.631167" lon="-100.303648">
        <ele>1896.855050</ele>
        <time>2026-10-03T19:08:52.142Z</time>
      </trkpt>
      <trkpt lat="20.631167" lon="-100.303633">
        <ele>1896.885359</ele>
        <time>2026-10-03T19:08:52.505Z</time>
      </trkpt>
      <trkpt lat="20.631169" lon="-100.303619">
        <ele>1896.913975</ele>
        <time>2026-10-03T19:08:52.848Z</time>
      </trkpt>
      <trkpt lat="20.631171" lon="-100.303604">
        <ele>1896.944589</ele>
        <time>2026-10-03T19:08:53.214Z</time>
      </trkpt>
      <trkpt lat="20.631172" lon="-100.303590">
        <ele>1896.972959</ele>
        <time>2026-10-03T19:08:53.554Z</time>
      </trkpt>
      <trkpt lat="20.631174" lon="-100.303576">
        <ele>1897.001575</ele>
        <time>2026-10-03T19:08:53.897Z</time>
      </trkpt>
      <trkpt lat="20.631176" lon="-100.303563">
        <ele>1897.028195</ele>
        <time>2026-10-03T19:08:54.216Z</time>
      </trkpt>
      <trkpt lat="20.631178" lon="-100.303554">
        <ele>1897.046886</ele>
        <time>2026-10-03T19:08:54.440Z</time>
      </trkpt>
      <trkpt lat="20.631179" lon="-100.303550">
        <ele>1897.055251</ele>
        <time>2026-10-03T19:08:54.540Z</time>
      </trkpt>
      <trkpt lat="20.631178" lon="-100.303550">
        <ele>1897.057410</ele>
        <time>2026-10-03T19:08:54.566Z</time>
      </trkpt>
      <trkpt lat="20.631178" lon="-100.303551">
        <ele>1897.059431</ele>
        <time>2026-10-03T19:08:54.590Z</time>
      </trkpt>
      <trkpt lat="20.631177" lon="-100.303553">
        <ele>1897.064013</ele>
        <time>2026-10-03T19:08:54.645Z</time>
      </trkpt>
      <trkpt lat="20.631177" lon="-100.303555">
        <ele>1897.068054</ele>
        <time>2026-10-03T19:08:54.693Z</time>
      </trkpt>
      <trkpt lat="20.631177" lon="-100.303556">
        <ele>1897.070074</ele>
        <time>2026-10-03T19:08:54.718Z</time>
      </trkpt>
      <trkpt lat="20.631177" lon="-100.303557">
        <ele>1897.072095</ele>
        <time>2026-10-03T19:08:54.742Z</time>
      </trkpt>
      <trkpt lat="20.631176" lon="-100.303558">
        <ele>1897.075052</ele>
        <time>2026-10-03T19:08:54.777Z</time>
      </trkpt>
      <trkpt lat="20.631180" lon="-100.303551">
        <ele>1897.091624</ele>
        <time>2026-10-03T19:08:54.976Z</time>
      </trkpt>
      <trkpt lat="20.631183" lon="-100.303543">
        <ele>1897.109038</ele>
        <time>2026-10-03T19:08:55.184Z</time>
      </trkpt>
      <trkpt lat="20.631187" lon="-100.303537">
        <ele>1897.123923</ele>
        <time>2026-10-03T19:08:55.363Z</time>
      </trkpt>
      <trkpt lat="20.631192" lon="-100.303532">
        <ele>1897.138708</ele>
        <time>2026-10-03T19:08:55.540Z</time>
      </trkpt>
      <trkpt lat="20.631198" lon="-100.303527">
        <ele>1897.155136</ele>
        <time>2026-10-03T19:08:55.737Z</time>
      </trkpt>
      <trkpt lat="20.631204" lon="-100.303523">
        <ele>1897.170405</ele>
        <time>2026-10-03T19:08:55.920Z</time>
      </trkpt>
      <trkpt lat="20.631211" lon="-100.303519">
        <ele>1897.187543</ele>
        <time>2026-10-03T19:08:56.125Z</time>
      </trkpt>
      <trkpt lat="20.631216" lon="-100.303515">
        <ele>1897.201029</ele>
        <time>2026-10-03T19:08:56.287Z</time>
      </trkpt>
      <trkpt lat="20.631221" lon="-100.303510">
        <ele>1897.215814</ele>
        <time>2026-10-03T19:08:56.464Z</time>
      </trkpt>
      <trkpt lat="20.631223" lon="-100.303506">
        <ele>1897.224977</ele>
        <time>2026-10-03T19:08:56.573Z</time>
      </trkpt>
      <trkpt lat="20.631223" lon="-100.303501">
        <ele>1897.235080</ele>
        <time>2026-10-03T19:08:56.695Z</time>
      </trkpt>
      <trkpt lat="20.631223" lon="-100.303495">
        <ele>1897.247204</ele>
        <time>2026-10-03T19:08:56.840Z</time>
      </trkpt>
      <trkpt lat="20.631223" lon="-100.303488">
        <ele>1897.261348</ele>
        <time>2026-10-03T19:08:57.009Z</time>
      </trkpt>
      <trkpt lat="20.631223" lon="-100.303480">
        <ele>1897.277512</ele>
        <time>2026-10-03T19:08:57.203Z</time>
      </trkpt>
      <trkpt lat="20.631222" lon="-100.303472">
        <ele>1897.293820</ele>
        <time>2026-10-03T19:08:57.398Z</time>
      </trkpt>
      <trkpt lat="20.631221" lon="-100.303462">
        <ele>1897.314141</ele>
        <time>2026-10-03T19:08:57.642Z</time>
      </trkpt>
      <trkpt lat="20.631220" lon="-100.303454">
        <ele>1897.330449</ele>
        <time>2026-10-03T19:08:57.837Z</time>
      </trkpt>
      <trkpt lat="20.631219" lon="-100.303444">
        <ele>1897.350770</ele>
        <time>2026-10-03T19:08:58.080Z</time>
      </trkpt>
      <trkpt lat="20.631218" lon="-100.303436">
        <ele>1897.367078</ele>
        <time>2026-10-03T19:08:58.276Z</time>
      </trkpt>
      <trkpt lat="20.631219" lon="-100.303429">
        <ele>1897.381385</ele>
        <time>2026-10-03T19:08:58.447Z</time>
      </trkpt>
      <trkpt lat="20.631219" lon="-100.303425">
        <ele>1897.389468</ele>
        <time>2026-10-03T19:08:58.544Z</time>
      </trkpt>
      <trkpt lat="20.631220" lon="-100.303423">
        <ele>1897.394049</ele>
        <time>2026-10-03T19:08:58.599Z</time>
      </trkpt>
      <trkpt lat="20.631220" lon="-100.303424">
        <ele>1897.396070</ele>
        <time>2026-10-03T19:08:58.623Z</time>
      </trkpt>
      <trkpt lat="20.631221" lon="-100.303420">
        <ele>1897.404436</ele>
        <time>2026-10-03T19:08:58.723Z</time>
      </trkpt>
      <trkpt lat="20.631223" lon="-100.303417">
        <ele>1897.411878</ele>
        <time>2026-10-03T19:08:58.812Z</time>
      </trkpt>
      <trkpt lat="20.631225" lon="-100.303415">
        <ele>1897.417792</ele>
        <time>2026-10-03T19:08:58.883Z</time>
      </trkpt>
      <trkpt lat="20.631225" lon="-100.303414">
        <ele>1897.419813</ele>
        <time>2026-10-03T19:08:58.907Z</time>
      </trkpt>
      <trkpt lat="20.631227" lon="-100.303414">
        <ele>1897.424131</ele>
        <time>2026-10-03T19:08:58.959Z</time>
      </trkpt>
      <trkpt lat="20.631233" lon="-100.303411">
        <ele>1897.438433</ele>
        <time>2026-10-03T19:08:59.130Z</time>
      </trkpt>
      <trkpt lat="20.631241" lon="-100.303409">
        <ele>1897.456172</ele>
        <time>2026-10-03T19:08:59.343Z</time>
      </trkpt>
      <trkpt lat="20.631251" lon="-100.303407">
        <ele>1897.478137</ele>
        <time>2026-10-03T19:08:59.606Z</time>
      </trkpt>
      <trkpt lat="20.631261" lon="-100.303404">
        <ele>1897.500562</ele>
        <time>2026-10-03T19:08:59.875Z</time>
      </trkpt>
      <trkpt lat="20.631272" lon="-100.303402">
        <ele>1897.524653</ele>
        <time>2026-10-03T19:09:00.163Z</time>
      </trkpt>
      <trkpt lat="20.631282" lon="-100.303399">
        <ele>1897.547078</ele>
        <time>2026-10-03T19:09:00.432Z</time>
      </trkpt>
      <trkpt lat="20.631290" lon="-100.303393">
        <ele>1897.568180</ele>
        <time>2026-10-03T19:09:00.685Z</time>
      </trkpt>
      <trkpt lat="20.631294" lon="-100.303384">
        <ele>1897.588312</ele>
        <time>2026-10-03T19:09:00.926Z</time>
      </trkpt>
      <trkpt lat="20.631296" lon="-100.303374">
        <ele>1897.608974</ele>
        <time>2026-10-03T19:09:01.174Z</time>
      </trkpt>
      <trkpt lat="20.631297" lon="-100.303364">
        <ele>1897.629294</ele>
        <time>2026-10-03T19:09:01.417Z</time>
      </trkpt>
      <trkpt lat="20.631297" lon="-100.303355">
        <ele>1897.647479</ele>
        <time>2026-10-03T19:09:01.635Z</time>
      </trkpt>
      <trkpt lat="20.631296" lon="-100.303344">
        <ele>1897.669810</ele>
        <time>2026-10-03T19:09:01.902Z</time>
      </trkpt>
      <trkpt lat="20.631293" lon="-100.303334">
        <ele>1897.691029</ele>
        <time>2026-10-03T19:09:02.157Z</time>
      </trkpt>
      <trkpt lat="20.631291" lon="-100.303325">
        <ele>1897.709719</ele>
        <time>2026-10-03T19:09:02.380Z</time>
      </trkpt>
      <trkpt lat="20.631289" lon="-100.303316">
        <ele>1897.728410</ele>
        <time>2026-10-03T19:09:02.604Z</time>
      </trkpt>
      <trkpt lat="20.631290" lon="-100.303308">
        <ele>1897.744718</ele>
        <time>2026-10-03T19:09:02.800Z</time>
      </trkpt>
      <trkpt lat="20.631293" lon="-100.303303">
        <ele>1897.756719</ele>
        <time>2026-10-03T19:09:02.943Z</time>
      </trkpt>
      <trkpt lat="20.631297" lon="-100.303297">
        <ele>1897.771604</ele>
        <time>2026-10-03T19:09:03.122Z</time>
      </trkpt>
      <trkpt lat="20.631301" lon="-100.303294">
        <ele>1897.782155</ele>
        <time>2026-10-03T19:09:03.248Z</time>
      </trkpt>
      <trkpt lat="20.631303" lon="-100.303292">
        <ele>1897.788069</ele>
        <time>2026-10-03T19:09:03.319Z</time>
      </trkpt>
      <trkpt lat="20.631305" lon="-100.303292">
        <ele>1897.792387</ele>
        <time>2026-10-03T19:09:03.371Z</time>
      </trkpt>
      <trkpt lat="20.631305" lon="-100.303293">
        <ele>1897.794408</ele>
        <time>2026-10-03T19:09:03.395Z</time>
      </trkpt>
      <trkpt lat="20.631304" lon="-100.303293">
        <ele>1897.796567</ele>
        <time>2026-10-03T19:09:03.421Z</time>
      </trkpt>
      <trkpt lat="20.631304" lon="-100.303294">
        <ele>1897.798587</ele>
        <time>2026-10-03T19:09:03.445Z</time>
      </trkpt>
      <trkpt lat="20.631303" lon="-100.303295">
        <ele>1897.801544</ele>
        <time>2026-10-03T19:09:03.480Z</time>
      </trkpt>
      <trkpt lat="20.631304" lon="-100.303281">
        <ele>1897.829915</ele>
        <time>2026-10-03T19:09:03.820Z</time>
      </trkpt>
      <trkpt lat="20.631305" lon="-100.303267">
        <ele>1897.858285</ele>
        <time>2026-10-03T19:09:04.160Z</time>
      </trkpt>
      <trkpt lat="20.631306" lon="-100.303254">
        <ele>1897.884641</ele>
        <time>2026-10-03T19:09:04.476Z</time>
      </trkpt>
      <trkpt lat="20.631307" lon="-100.303242">
        <ele>1897.908983</ele>
        <time>2026-10-03T19:09:04.768Z</time>
      </trkpt>
      <trkpt lat="20.631308" lon="-100.303230">
        <ele>1897.933326</ele>
        <time>2026-10-03T19:09:05.059Z</time>
      </trkpt>
      <trkpt lat="20.631308" lon="-100.303219">
        <ele>1897.955552</ele>
        <time>2026-10-03T19:09:05.326Z</time>
      </trkpt>
      <trkpt lat="20.631307" lon="-100.303209">
        <ele>1897.975873</ele>
        <time>2026-10-03T19:09:05.569Z</time>
      </trkpt>
      <trkpt lat="20.631308" lon="-100.303200">
        <ele>1897.994186</ele>
        <time>2026-10-03T19:09:05.789Z</time>
      </trkpt>
      <trkpt lat="20.631309" lon="-100.303192">
        <ele>1898.010494</ele>
        <time>2026-10-03T19:09:05.984Z</time>
      </trkpt>
      <trkpt lat="20.631310" lon="-100.303184">
        <ele>1898.026802</ele>
        <time>2026-10-03T19:09:06.179Z</time>
      </trkpt>
      <trkpt lat="20.631311" lon="-100.303175">
        <ele>1898.045115</ele>
        <time>2026-10-03T19:09:06.399Z</time>
      </trkpt>
      <trkpt lat="20.631312" lon="-100.303165">
        <ele>1898.065435</ele>
        <time>2026-10-03T19:09:06.642Z</time>
      </trkpt>
      <trkpt lat="20.631312" lon="-100.303155">
        <ele>1898.085641</ele>
        <time>2026-10-03T19:09:06.884Z</time>
      </trkpt>
      <trkpt lat="20.631311" lon="-100.303143">
        <ele>1898.109984</ele>
        <time>2026-10-03T19:09:07.176Z</time>
      </trkpt>
      <trkpt lat="20.631310" lon="-100.303132">
        <ele>1898.132315</ele>
        <time>2026-10-03T19:09:07.443Z</time>
      </trkpt>
      <trkpt lat="20.631307" lon="-100.303120">
        <ele>1898.157412</ele>
        <time>2026-10-03T19:09:07.744Z</time>
      </trkpt>
      <trkpt lat="20.631305" lon="-100.303110">
        <ele>1898.178073</ele>
        <time>2026-10-03T19:09:07.991Z</time>
      </trkpt>
      <trkpt lat="20.631301" lon="-100.303100">
        <ele>1898.200047</ele>
        <time>2026-10-03T19:09:08.255Z</time>
      </trkpt>
      <trkpt lat="20.631298" lon="-100.303092">
        <ele>1898.217461</ele>
        <time>2026-10-03T19:09:08.463Z</time>
      </trkpt>
      <trkpt lat="20.631297" lon="-100.303083">
        <ele>1898.235774</ele>
        <time>2026-10-03T19:09:08.683Z</time>
      </trkpt>
      <trkpt lat="20.631297" lon="-100.303074">
        <ele>1898.253959</ele>
        <time>2026-10-03T19:09:08.901Z</time>
      </trkpt>
      <trkpt lat="20.631298" lon="-100.303067">
        <ele>1898.268267</ele>
        <time>2026-10-03T19:09:09.072Z</time>
      </trkpt>
      <trkpt lat="20.631300" lon="-100.303061">
        <ele>1898.281136</ele>
        <time>2026-10-03T19:09:09.226Z</time>
      </trkpt>
      <trkpt lat="20.631304" lon="-100.303054">
        <ele>1898.297708</ele>
        <time>2026-10-03T19:09:09.425Z</time>
      </trkpt>
      <trkpt lat="20.631308" lon="-100.303047">
        <ele>1898.314281</ele>
        <time>2026-10-03T19:09:09.623Z</time>
      </trkpt>
      <trkpt lat="20.631311" lon="-100.303040">
        <ele>1898.329837</ele>
        <time>2026-10-03T19:09:09.810Z</time>
      </trkpt>
      <trkpt lat="20.631314" lon="-100.303032">
        <ele>1898.347251</ele>
        <time>2026-10-03T19:09:10.018Z</time>
      </trkpt>
      <trkpt lat="20.631318" lon="-100.303023">
        <ele>1898.367382</ele>
        <time>2026-10-03T19:09:10.259Z</time>
      </trkpt>
      <trkpt lat="20.631320" lon="-100.303013">
        <ele>1898.388044</ele>
        <time>2026-10-03T19:09:10.507Z</time>
      </trkpt>
      <trkpt lat="20.631323" lon="-100.303004">
        <ele>1898.407349</ele>
        <time>2026-10-03T19:09:10.738Z</time>
      </trkpt>
      <trkpt lat="20.631326" lon="-100.302995">
        <ele>1898.426653</ele>
        <time>2026-10-03T19:09:10.969Z</time>
      </trkpt>
      <trkpt lat="20.631330" lon="-100.302986">
        <ele>1898.446784</ele>
        <time>2026-10-03T19:09:11.211Z</time>
      </trkpt>
      <trkpt lat="20.631333" lon="-100.302977">
        <ele>1898.466088</ele>
        <time>2026-10-03T19:09:11.442Z</time>
      </trkpt>
      <trkpt lat="20.631338" lon="-100.302970">
        <ele>1898.483881</ele>
        <time>2026-10-03T19:09:11.655Z</time>
      </trkpt>
      <trkpt lat="20.631344" lon="-100.302965">
        <ele>1898.500309</ele>
        <time>2026-10-03T19:09:11.852Z</time>
      </trkpt>
      <trkpt lat="20.631351" lon="-100.302961">
        <ele>1898.517448</ele>
        <time>2026-10-03T19:09:12.057Z</time>
      </trkpt>
      <trkpt lat="20.631358" lon="-100.302958">
        <ele>1898.533731</ele>
        <time>2026-10-03T19:09:12.252Z</time>
      </trkpt>
      <trkpt lat="20.631365" lon="-100.302954">
        <ele>1898.550870</ele>
        <time>2026-10-03T19:09:12.458Z</time>
      </trkpt>
      <trkpt lat="20.631373" lon="-100.302950">
        <ele>1898.569940</ele>
        <time>2026-10-03T19:09:12.686Z</time>
      </trkpt>
      <trkpt lat="20.631379" lon="-100.302945">
        <ele>1898.586368</ele>
        <time>2026-10-03T19:09:12.883Z</time>
      </trkpt>
      <trkpt lat="20.631384" lon="-100.302939">
        <ele>1898.602601</ele>
        <time>2026-10-03T19:09:13.077Z</time>
      </trkpt>
      <trkpt lat="20.631389" lon="-100.302933">
        <ele>1898.618834</ele>
        <time>2026-10-03T19:09:13.272Z</time>
      </trkpt>
      <trkpt lat="20.631395" lon="-100.302927">
        <ele>1898.636576</ele>
        <time>2026-10-03T19:09:13.485Z</time>
      </trkpt>
      <trkpt lat="20.631400" lon="-100.302922">
        <ele>1898.651361</ele>
        <time>2026-10-03T19:09:13.662Z</time>
      </trkpt>
      <trkpt lat="20.631405" lon="-100.302918">
        <ele>1898.664847</ele>
        <time>2026-10-03T19:09:13.823Z</time>
      </trkpt>
      <trkpt lat="20.631410" lon="-100.302915">
        <ele>1898.677227</ele>
        <time>2026-10-03T19:09:13.971Z</time>
      </trkpt>
      <trkpt lat="20.631414" lon="-100.302913">
        <ele>1898.686762</ele>
        <time>2026-10-03T19:09:14.086Z</time>
      </trkpt>
      <trkpt lat="20.631415" lon="-100.302912">
        <ele>1898.689719</ele>
        <time>2026-10-03T19:09:14.121Z</time>
      </trkpt>
      <trkpt lat="20.631414" lon="-100.302913">
        <ele>1898.692676</ele>
        <time>2026-10-03T19:09:14.157Z</time>
      </trkpt>
      <trkpt lat="20.631414" lon="-100.302914">
        <ele>1898.694697</ele>
        <time>2026-10-03T19:09:14.181Z</time>
      </trkpt>
      <trkpt lat="20.631413" lon="-100.302914">
        <ele>1898.696856</ele>
        <time>2026-10-03T19:09:14.207Z</time>
      </trkpt>
      <trkpt lat="20.631413" lon="-100.302909">
        <ele>1898.706959</ele>
        <time>2026-10-03T19:09:14.328Z</time>
      </trkpt>
      <trkpt lat="20.631414" lon="-100.302901">
        <ele>1898.723267</ele>
        <time>2026-10-03T19:09:14.523Z</time>
      </trkpt>
      <trkpt lat="20.631416" lon="-100.302894">
        <ele>1898.738055</ele>
        <time>2026-10-03T19:09:14.700Z</time>
      </trkpt>
      <trkpt lat="20.631416" lon="-100.302888">
        <ele>1898.750178</ele>
        <time>2026-10-03T19:09:14.845Z</time>
      </trkpt>
      <trkpt lat="20.631416" lon="-100.302884">
        <ele>1898.758261</ele>
        <time>2026-10-03T19:09:14.942Z</time>
      </trkpt>
      <trkpt lat="20.631417" lon="-100.302882">
        <ele>1898.762842</ele>
        <time>2026-10-03T19:09:14.997Z</time>
      </trkpt>
      <trkpt lat="20.631417" lon="-100.302883">
        <ele>1898.764863</ele>
        <time>2026-10-03T19:09:15.021Z</time>
      </trkpt>
      <trkpt lat="20.631424" lon="-100.302874">
        <ele>1898.788508</ele>
        <time>2026-10-03T19:09:15.305Z</time>
      </trkpt>
      <trkpt lat="20.631434" lon="-100.302863">
        <ele>1898.819495</ele>
        <time>2026-10-03T19:09:15.676Z</time>
      </trkpt>
      <trkpt lat="20.631446" lon="-100.302849">
        <ele>1898.857854</ele>
        <time>2026-10-03T19:09:16.135Z</time>
      </trkpt>
      <trkpt lat="20.631455" lon="-100.302832">
        <ele>1898.897319</ele>
        <time>2026-10-03T19:09:16.608Z</time>
      </trkpt>
      <trkpt lat="20.631461" lon="-100.302815">
        <ele>1898.934030</ele>
        <time>2026-10-03T19:09:17.048Z</time>
      </trkpt>
      <trkpt lat="20.631466" lon="-100.302795">
        <ele>1898.975858</ele>
        <time>2026-10-03T19:09:17.549Z</time>
      </trkpt>
      <trkpt lat="20.631469" lon="-100.302775">
        <ele>1899.016785</ele>
        <time>2026-10-03T19:09:18.040Z</time>
      </trkpt>
      <trkpt lat="20.631472" lon="-100.302755">
        <ele>1899.057712</ele>
        <time>2026-10-03T19:09:18.530Z</time>
      </trkpt>
      <trkpt lat="20.631474" lon="-100.302739">
        <ele>1899.090328</ele>
        <time>2026-10-03T19:09:18.920Z</time>
      </trkpt>
      <trkpt lat="20.631474" lon="-100.302722">
        <ele>1899.124678</ele>
        <time>2026-10-03T19:09:19.332Z</time>
      </trkpt>
      <trkpt lat="20.631473" lon="-100.302706">
        <ele>1899.157079</ele>
        <time>2026-10-03T19:09:19.720Z</time>
      </trkpt>
      <trkpt lat="20.631475" lon="-100.302689">
        <ele>1899.191699</ele>
        <time>2026-10-03T19:09:20.135Z</time>
      </trkpt>
      <trkpt lat="20.631479" lon="-100.302670">
        <ele>1899.231049</ele>
        <time>2026-10-03T19:09:20.607Z</time>
      </trkpt>
      <trkpt lat="20.631482" lon="-100.302651">
        <ele>1899.269982</ele>
        <time>2026-10-03T19:09:21.073Z</time>
      </trkpt>
      <trkpt lat="20.631483" lon="-100.302632">
        <ele>1899.308433</ele>
        <time>2026-10-03T19:09:21.534Z</time>
      </trkpt>
      <trkpt lat="20.631486" lon="-100.302612">
        <ele>1899.349360</ele>
        <time>2026-10-03T19:09:22.024Z</time>
      </trkpt>
      <trkpt lat="20.631491" lon="-100.302591">
        <ele>1899.393144</ele>
        <time>2026-10-03T19:09:22.548Z</time>
      </trkpt>
      <trkpt lat="20.631497" lon="-100.302572">
        <ele>1899.433661</ele>
        <time>2026-10-03T19:09:23.034Z</time>
      </trkpt>
      <trkpt lat="20.631505" lon="-100.302555">
        <ele>1899.472109</ele>
        <time>2026-10-03T19:09:23.494Z</time>
      </trkpt>
      <trkpt lat="20.631514" lon="-100.302540">
        <ele>1899.508111</ele>
        <time>2026-10-03T19:09:23.926Z</time>
      </trkpt>
      <trkpt lat="20.631524" lon="-100.302526">
        <ele>1899.543697</ele>
        <time>2026-10-03T19:09:24.352Z</time>
      </trkpt>
      <trkpt lat="20.631532" lon="-100.302509">
        <ele>1899.583438</ele>
        <time>2026-10-03T19:09:24.813Z</time>
      </trkpt>
      <trkpt lat="20.631539" lon="-100.302490">
        <ele>1899.640246</ele>
        <time>2026-10-03T19:09:25.307Z</time>
      </trkpt>
      <trkpt lat="20.631546" lon="-100.302471">
        <ele>1899.697054</ele>
        <time>2026-10-03T19:09:25.801Z</time>
      </trkpt>
      <trkpt lat="20.631551" lon="-100.302452">
        <ele>1899.751964</ele>
        <time>2026-10-03T19:09:26.279Z</time>
      </trkpt>
      <trkpt lat="20.631555" lon="-100.302434">
        <ele>1899.803433</ele>
        <time>2026-10-03T19:09:26.727Z</time>
      </trkpt>
      <trkpt lat="20.631557" lon="-100.302418">
        <ele>1899.848342</ele>
        <time>2026-10-03T19:09:27.118Z</time>
      </trkpt>
      <trkpt lat="20.631560" lon="-100.302404">
        <ele>1899.888299</ele>
        <time>2026-10-03T19:09:27.465Z</time>
      </trkpt>
      <trkpt lat="20.631566" lon="-100.302391">
        <ele>1899.928625</ele>
        <time>2026-10-03T19:09:27.816Z</time>
      </trkpt>
      <trkpt lat="20.631575" lon="-100.302382">
        <ele>1899.965269</ele>
        <time>2026-10-03T19:09:28.135Z</time>
      </trkpt>
      <trkpt lat="20.631584" lon="-100.302375">
        <ele>1899.998361</ele>
        <time>2026-10-03T19:09:28.423Z</time>
      </trkpt>
      <trkpt lat="20.631591" lon="-100.302371">
        <ele>1900.021958</ele>
        <time>2026-10-03T19:09:28.629Z</time>
      </trkpt>
      <trkpt lat="20.631595" lon="-100.302370">
        <ele>1900.034171</ele>
        <time>2026-10-03T19:09:28.735Z</time>
      </trkpt>
      <trkpt lat="20.631596" lon="-100.302371">
        <ele>1900.038242</ele>
        <time>2026-10-03T19:09:28.770Z</time>
      </trkpt>
      <trkpt lat="20.631596" lon="-100.302373">
        <ele>1900.043806</ele>
        <time>2026-10-03T19:09:28.819Z</time>
      </trkpt>
      <trkpt lat="20.631595" lon="-100.302375">
        <ele>1900.050115</ele>
        <time>2026-10-03T19:09:28.874Z</time>
      </trkpt>
      <trkpt lat="20.631594" lon="-100.302376">
        <ele>1900.054186</ele>
        <time>2026-10-03T19:09:28.909Z</time>
      </trkpt>
      <trkpt lat="20.631600" lon="-100.302372">
        <ele>1900.075209</ele>
        <time>2026-10-03T19:09:29.092Z</time>
      </trkpt>
      <trkpt lat="20.631606" lon="-100.302367">
        <ele>1900.097829</ele>
        <time>2026-10-03T19:09:29.289Z</time>
      </trkpt>
      <trkpt lat="20.631613" lon="-100.302361">
        <ele>1900.124506</ele>
        <time>2026-10-03T19:09:29.521Z</time>
      </trkpt>
      <trkpt lat="20.631619" lon="-100.302355">
        <ele>1900.148935</ele>
        <time>2026-10-03T19:09:29.733Z</time>
      </trkpt>
      <trkpt lat="20.631623" lon="-100.302349">
        <ele>1900.169430</ele>
        <time>2026-10-03T19:09:29.912Z</time>
      </trkpt>
      <trkpt lat="20.631627" lon="-100.302345">
        <ele>1900.185716</ele>
        <time>2026-10-03T19:09:30.053Z</time>
      </trkpt>
      <trkpt lat="20.631628" lon="-100.302343">
        <ele>1900.192024</ele>
        <time>2026-10-03T19:09:30.108Z</time>
      </trkpt>
      <trkpt lat="20.631628" lon="-100.302344">
        <ele>1900.194806</ele>
        <time>2026-10-03T19:09:30.132Z</time>
      </trkpt>
      <trkpt lat="20.631627" lon="-100.302344">
        <ele>1900.197779</ele>
        <time>2026-10-03T19:09:30.158Z</time>
      </trkpt>
      <trkpt lat="20.631626" lon="-100.302345">
        <ele>1900.201850</ele>
        <time>2026-10-03T19:09:30.194Z</time>
      </trkpt>
      <trkpt lat="20.631632" lon="-100.302344">
        <ele>1900.219902</ele>
        <time>2026-10-03T19:09:30.351Z</time>
      </trkpt>
      <trkpt lat="20.631640" lon="-100.302343">
        <ele>1900.243847</ele>
        <time>2026-10-03T19:09:30.559Z</time>
      </trkpt>
      <trkpt lat="20.631647" lon="-100.302339">
        <ele>1900.267444</ele>
        <time>2026-10-03T19:09:30.765Z</time>
      </trkpt>
      <trkpt lat="20.631651" lon="-100.302335">
        <ele>1900.283730</ele>
        <time>2026-10-03T19:09:30.906Z</time>
      </trkpt>
      <trkpt lat="20.631653" lon="-100.302333">
        <ele>1900.291873</ele>
        <time>2026-10-03T19:09:30.977Z</time>
      </trkpt>
      <trkpt lat="20.631654" lon="-100.302332">
        <ele>1900.295945</ele>
        <time>2026-10-03T19:09:31.012Z</time>
      </trkpt>
      <trkpt lat="20.631658" lon="-100.302326">
        <ele>1900.316440</ele>
        <time>2026-10-03T19:09:31.191Z</time>
      </trkpt>
      <trkpt lat="20.631662" lon="-100.302318">
        <ele>1900.341674</ele>
        <time>2026-10-03T19:09:31.410Z</time>
      </trkpt>
      <trkpt lat="20.631668" lon="-100.302306">
        <ele>1900.379525</ele>
        <time>2026-10-03T19:09:31.740Z</time>
      </trkpt>
      <trkpt lat="20.631673" lon="-100.302291">
        <ele>1900.423824</ele>
        <time>2026-10-03T19:09:32.125Z</time>
      </trkpt>
      <trkpt lat="20.631678" lon="-100.302272">
        <ele>1900.478733</ele>
        <time>2026-10-03T19:09:32.603Z</time>
      </trkpt>
      <trkpt lat="20.631682" lon="-100.302252">
        <ele>1900.535631</ele>
        <time>2026-10-03T19:09:33.098Z</time>
      </trkpt>
      <trkpt lat="20.631684" lon="-100.302232">
        <ele>1900.591590</ele>
        <time>2026-10-03T19:09:33.585Z</time>
      </trkpt>
      <trkpt lat="20.631685" lon="-100.302213">
        <ele>1900.644533</ele>
        <time>2026-10-03T19:09:34.046Z</time>
      </trkpt>
      <trkpt lat="20.631688" lon="-100.302192">
        <ele>1900.703633</ele>
        <time>2026-10-03T19:09:34.560Z</time>
      </trkpt>
      <trkpt lat="20.631692" lon="-100.302171">
        <ele>1900.763255</ele>
        <time>2026-10-03T19:09:35.079Z</time>
      </trkpt>
      <trkpt lat="20.631694" lon="-100.302149">
        <ele>1900.824748</ele>
        <time>2026-10-03T19:09:35.614Z</time>
      </trkpt>
      <trkpt lat="20.631696" lon="-100.302125">
        <ele>1900.891782</ele>
        <time>2026-10-03T19:09:36.197Z</time>
      </trkpt>
      <trkpt lat="20.631698" lon="-100.302100">
        <ele>1900.961588</ele>
        <time>2026-10-03T19:09:36.805Z</time>
      </trkpt>
      <trkpt lat="20.631698" lon="-100.302075">
        <ele>1901.031140</ele>
        <time>2026-10-03T19:09:37.410Z</time>
      </trkpt>
      <trkpt lat="20.631700" lon="-100.302051">
        <ele>1901.098174</ele>
        <time>2026-10-03T19:09:37.993Z</time>
      </trkpt>
      <trkpt lat="20.631702" lon="-100.302027">
        <ele>1901.165208</ele>
        <time>2026-10-03T19:09:38.577Z</time>
      </trkpt>
      <trkpt lat="20.631705" lon="-100.302004">
        <ele>1901.229815</ele>
        <time>2026-10-03T19:09:39.139Z</time>
      </trkpt>
      <trkpt lat="20.631709" lon="-100.301982">
        <ele>1901.292165</ele>
        <time>2026-10-03T19:09:39.681Z</time>
      </trkpt>
      <trkpt lat="20.631715" lon="-100.301959">
        <ele>1901.358592</ele>
        <time>2026-10-03T19:09:40.260Z</time>
      </trkpt>
      <trkpt lat="20.631720" lon="-100.301937">
        <ele>1901.421577</ele>
        <time>2026-10-03T19:09:40.808Z</time>
      </trkpt>
      <trkpt lat="20.631725" lon="-100.301914">
        <ele>1901.487268</ele>
        <time>2026-10-03T19:09:41.379Z</time>
      </trkpt>
      <trkpt lat="20.631731" lon="-100.301893">
        <ele>1901.548354</ele>
        <time>2026-10-03T19:09:41.911Z</time>
      </trkpt>
      <trkpt lat="20.631736" lon="-100.301872">
        <ele>1901.608639</ele>
        <time>2026-10-03T19:09:42.435Z</time>
      </trkpt>
      <trkpt lat="20.631741" lon="-100.301851">
        <ele>1901.668923</ele>
        <time>2026-10-03T19:09:42.960Z</time>
      </trkpt>
      <trkpt lat="20.631747" lon="-100.301828">
        <ele>1901.735351</ele>
        <time>2026-10-03T19:09:43.538Z</time>
      </trkpt>
      <trkpt lat="20.631753" lon="-100.301804">
        <ele>1901.804462</ele>
        <time>2026-10-03T19:09:44.139Z</time>
      </trkpt>
      <trkpt lat="20.631758" lon="-100.301781">
        <ele>1901.870153</ele>
        <time>2026-10-03T19:09:44.711Z</time>
      </trkpt>
      <trkpt lat="20.631763" lon="-100.301758">
        <ele>1901.935845</ele>
        <time>2026-10-03T19:09:45.283Z</time>
      </trkpt>
      <trkpt lat="20.631769" lon="-100.301735">
        <ele>1902.002272</ele>
        <time>2026-10-03T19:09:45.861Z</time>
      </trkpt>
      <trkpt lat="20.631777" lon="-100.301712">
        <ele>1902.070536</ele>
        <time>2026-10-03T19:09:46.455Z</time>
      </trkpt>
      <trkpt lat="20.631786" lon="-100.301689">
        <ele>1902.139892</ele>
        <time>2026-10-03T19:09:47.058Z</time>
      </trkpt>
      <trkpt lat="20.631796" lon="-100.301667">
        <ele>1902.207935</ele>
        <time>2026-10-03T19:09:47.650Z</time>
      </trkpt>
      <trkpt lat="20.631805" lon="-100.301646">
        <ele>1902.272193</ele>
        <time>2026-10-03T19:09:48.210Z</time>
      </trkpt>
      <trkpt lat="20.631813" lon="-100.301624">
        <ele>1902.337857</ele>
        <time>2026-10-03T19:09:48.781Z</time>
      </trkpt>
      <trkpt lat="20.631821" lon="-100.301603">
        <ele>1902.400936</ele>
        <time>2026-10-03T19:09:49.330Z</time>
      </trkpt>
      <trkpt lat="20.631828" lon="-100.301581">
        <ele>1902.465582</ele>
        <time>2026-10-03T19:09:49.892Z</time>
      </trkpt>
      <trkpt lat="20.631835" lon="-100.301559">
        <ele>1902.530228</ele>
        <time>2026-10-03T19:09:50.455Z</time>
      </trkpt>
      <trkpt lat="20.631839" lon="-100.301537">
        <ele>1902.592578</ele>
        <time>2026-10-03T19:09:50.997Z</time>
      </trkpt>
      <trkpt lat="20.631844" lon="-100.301516">
        <ele>1902.652863</ele>
        <time>2026-10-03T19:09:51.522Z</time>
      </trkpt>
      <trkpt lat="20.631849" lon="-100.301494">
        <ele>1902.715848</ele>
        <time>2026-10-03T19:09:52.070Z</time>
      </trkpt>
      <trkpt lat="20.631853" lon="-100.301470">
        <ele>1902.783668</ele>
        <time>2026-10-03T19:09:52.660Z</time>
      </trkpt>
      <trkpt lat="20.631857" lon="-100.301445">
        <ele>1902.854229</ele>
        <time>2026-10-03T19:09:53.274Z</time>
      </trkpt>
      <trkpt lat="20.631862" lon="-100.301418">
        <ele>1902.930802</ele>
        <time>2026-10-03T19:09:53.941Z</time>
      </trkpt>
      <trkpt lat="20.631866" lon="-100.301393">
        <ele>1903.001363</ele>
        <time>2026-10-03T19:09:54.555Z</time>
      </trkpt>
      <trkpt lat="20.631871" lon="-100.301373">
        <ele>1903.058955</ele>
        <time>2026-10-03T19:09:55.056Z</time>
      </trkpt>
      <trkpt lat="20.631875" lon="-100.301356">
        <ele>1903.107723</ele>
        <time>2026-10-03T19:09:55.480Z</time>
      </trkpt>
      <trkpt lat="20.631874" lon="-100.301339">
        <ele>1903.155111</ele>
        <time>2026-10-03T19:09:55.893Z</time>
      </trkpt>
      <trkpt lat="20.631874" lon="-100.301320">
        <ele>1903.207971</ele>
        <time>2026-10-03T19:09:56.353Z</time>
      </trkpt>
      <trkpt lat="20.631877" lon="-100.301299">
        <ele>1903.267071</ele>
        <time>2026-10-03T19:09:56.867Z</time>
      </trkpt>
      <trkpt lat="20.631882" lon="-100.301277">
        <ele>1903.330056</ele>
        <time>2026-10-03T19:09:57.415Z</time>
      </trkpt>
      <trkpt lat="20.631889" lon="-100.301253">
        <ele>1903.399993</ele>
        <time>2026-10-03T19:09:58.024Z</time>
      </trkpt>
      <trkpt lat="20.631894" lon="-100.301228">
        <ele>1903.471115</ele>
        <time>2026-10-03T19:09:58.643Z</time>
      </trkpt>
      <trkpt lat="20.631897" lon="-100.301204">
        <ele>1903.538478</ele>
        <time>2026-10-03T19:09:59.229Z</time>
      </trkpt>
      <trkpt lat="20.631902" lon="-100.301180">
        <ele>1903.606882</ele>
        <time>2026-10-03T19:09:59.824Z</time>
      </trkpt>
      <trkpt lat="20.631907" lon="-100.301157">
        <ele>1903.672574</ele>
        <time>2026-10-03T19:10:00.396Z</time>
      </trkpt>
      <trkpt lat="20.631915" lon="-100.301137">
        <ele>1903.733085</ele>
        <time>2026-10-03T19:10:00.923Z</time>
      </trkpt>
      <trkpt lat="20.631925" lon="-100.301118">
        <ele>1903.793730</ele>
        <time>2026-10-03T19:10:01.450Z</time>
      </trkpt>
      <trkpt lat="20.631937" lon="-100.301100">
        <ele>1903.855214</ele>
        <time>2026-10-03T19:10:01.985Z</time>
      </trkpt>
      <trkpt lat="20.631950" lon="-100.301081">
        <ele>1903.920694</ele>
        <time>2026-10-03T19:10:02.555Z</time>
      </trkpt>
      <trkpt lat="20.631963" lon="-100.301062">
        <ele>1903.986173</ele>
        <time>2026-10-03T19:10:03.125Z</time>
      </trkpt>
      <trkpt lat="20.631977" lon="-100.301043">
        <ele>1904.053450</ele>
        <time>2026-10-03T19:10:03.711Z</time>
      </trkpt>
      <trkpt lat="20.631991" lon="-100.301027">
        <ele>1904.114389</ele>
        <time>2026-10-03T19:10:04.241Z</time>
      </trkpt>
      <trkpt lat="20.632007" lon="-100.301011">
        <ele>1904.179533</ele>
        <time>2026-10-03T19:10:04.808Z</time>
      </trkpt>
      <trkpt lat="20.632025" lon="-100.300995">
        <ele>1904.249137</ele>
        <time>2026-10-03T19:10:05.414Z</time>
      </trkpt>
      <trkpt lat="20.632043" lon="-100.300978">
        <ele>1904.320551</ele>
        <time>2026-10-03T19:10:06.035Z</time>
      </trkpt>
      <trkpt lat="20.632061" lon="-100.300959">
        <ele>1904.395767</ele>
        <time>2026-10-03T19:10:06.690Z</time>
      </trkpt>
      <trkpt lat="20.632081" lon="-100.300939">
        <ele>1904.477197</ele>
        <time>2026-10-03T19:10:07.398Z</time>
      </trkpt>
      <trkpt lat="20.632100" lon="-100.300918">
        <ele>1904.558459</ele>
        <time>2026-10-03T19:10:08.106Z</time>
      </trkpt>
      <trkpt lat="20.632118" lon="-100.300895">
        <ele>1904.641871</ele>
        <time>2026-10-03T19:10:08.832Z</time>
      </trkpt>
      <trkpt lat="20.632137" lon="-100.300870">
        <ele>1904.731469</ele>
        <time>2026-10-03T19:10:09.611Z</time>
      </trkpt>
      <trkpt lat="20.632154" lon="-100.300844">
        <ele>1904.819708</ele>
        <time>2026-10-03T19:10:10.379Z</time>
      </trkpt>
      <trkpt lat="20.632171" lon="-100.300818">
        <ele>1904.907947</ele>
        <time>2026-10-03T19:10:11.147Z</time>
      </trkpt>
      <trkpt lat="20.632185" lon="-100.300792">
        <ele>1905.014480</ele>
        <time>2026-10-03T19:10:11.874Z</time>
      </trkpt>
      <trkpt lat="20.632196" lon="-100.300767">
        <ele>1905.118297</ele>
        <time>2026-10-03T19:10:12.542Z</time>
      </trkpt>
      <trkpt lat="20.632207" lon="-100.300741">
        <ele>1905.225527</ele>
        <time>2026-10-03T19:10:13.233Z</time>
      </trkpt>
      <trkpt lat="20.632217" lon="-100.300712">
        <ele>1905.341673</ele>
        <time>2026-10-03T19:10:13.982Z</time>
      </trkpt>
      <trkpt lat="20.632225" lon="-100.300680">
        <ele>1905.466148</ele>
        <time>2026-10-03T19:10:14.784Z</time>
      </trkpt>
      <trkpt lat="20.632231" lon="-100.300647">
        <ele>1905.592483</ele>
        <time>2026-10-03T19:10:15.598Z</time>
      </trkpt>
      <trkpt lat="20.632237" lon="-100.300611">
        <ele>1905.729902</ele>
        <time>2026-10-03T19:10:16.483Z</time>
      </trkpt>
      <trkpt lat="20.632243" lon="-100.300576">
        <ele>1905.863622</ele>
        <time>2026-10-03T19:10:17.345Z</time>
      </trkpt>
      <trkpt lat="20.632252" lon="-100.300537">
        <ele>1906.014577</ele>
        <time>2026-10-03T19:10:18.317Z</time>
      </trkpt>
      <trkpt lat="20.632263" lon="-100.300495">
        <ele>1906.178479</ele>
        <time>2026-10-03T19:10:19.373Z</time>
      </trkpt>
      <trkpt lat="20.632275" lon="-100.300455">
        <ele>1906.336336</ele>
        <time>2026-10-03T19:10:20.390Z</time>
      </trkpt>
      <trkpt lat="20.632285" lon="-100.300421">
        <ele>1906.470272</ele>
        <time>2026-10-03T19:10:21.253Z</time>
      </trkpt>
      <trkpt lat="20.632295" lon="-100.300396">
        <ele>1906.572445</ele>
        <time>2026-10-03T19:10:21.912Z</time>
      </trkpt>
      <trkpt lat="20.632304" lon="-100.300382">
        <ele>1906.636275</ele>
        <time>2026-10-03T19:10:22.323Z</time>
      </trkpt>
      <trkpt lat="20.632313" lon="-100.300376">
        <ele>1906.678872</ele>
        <time>2026-10-03T19:10:22.597Z</time>
      </trkpt>
      <trkpt lat="20.632326" lon="-100.300375">
        <ele>1906.731210</ele>
        <time>2026-10-03T19:10:22.935Z</time>
      </trkpt>
      <trkpt lat="20.632341" lon="-100.300380">
        <ele>1906.794308</ele>
        <time>2026-10-03T19:10:23.341Z</time>
      </trkpt>
      <trkpt lat="20.632361" lon="-100.300388">
        <ele>1906.880063</ele>
        <time>2026-10-03T19:10:23.894Z</time>
      </trkpt>
      <trkpt lat="20.632384" lon="-100.300400">
        <ele>1906.982843</ele>
        <time>2026-10-03T19:10:24.556Z</time>
      </trkpt>
      <trkpt lat="20.632409" lon="-100.300411">
        <ele>1907.091412</ele>
        <time>2026-10-03T19:10:25.256Z</time>
      </trkpt>
      <trkpt lat="20.632437" lon="-100.300423">
        <ele>1907.212556</ele>
        <time>2026-10-03T19:10:26.036Z</time>
      </trkpt>
      <trkpt lat="20.632465" lon="-100.300435">
        <ele>1907.333700</ele>
        <time>2026-10-03T19:10:26.817Z</time>
      </trkpt>
      <trkpt lat="20.632493" lon="-100.300447">
        <ele>1907.454843</ele>
        <time>2026-10-03T19:10:27.597Z</time>
      </trkpt>
      <trkpt lat="20.632523" lon="-100.300460">
        <ele>1907.584841</ele>
        <time>2026-10-03T19:10:28.435Z</time>
      </trkpt>
      <trkpt lat="20.632551" lon="-100.300476">
        <ele>1907.712346</ele>
        <time>2026-10-03T19:10:29.257Z</time>
      </trkpt>
      <trkpt lat="20.632576" lon="-100.300495">
        <ele>1907.835540</ele>
        <time>2026-10-03T19:10:30.050Z</time>
      </trkpt>
      <trkpt lat="20.632598" lon="-100.300516">
        <ele>1907.954000</ele>
        <time>2026-10-03T19:10:30.814Z</time>
      </trkpt>
      <trkpt lat="20.632617" lon="-100.300537">
        <ele>1908.063770</ele>
        <time>2026-10-03T19:10:31.521Z</time>
      </trkpt>
      <trkpt lat="20.632634" lon="-100.300559">
        <ele>1908.170987</ele>
        <time>2026-10-03T19:10:32.212Z</time>
      </trkpt>
      <trkpt lat="20.632651" lon="-100.300580">
        <ele>1908.275335</ele>
        <time>2026-10-03T19:10:32.884Z</time>
      </trkpt>
      <trkpt lat="20.632666" lon="-100.300603">
        <ele>1908.380687</ele>
        <time>2026-10-03T19:10:33.563Z</time>
      </trkpt>
      <trkpt lat="20.632680" lon="-100.300625">
        <ele>1908.480668</ele>
        <time>2026-10-03T19:10:34.207Z</time>
      </trkpt>
      <trkpt lat="20.632692" lon="-100.300647">
        <ele>1908.576362</ele>
        <time>2026-10-03T19:10:34.824Z</time>
      </trkpt>
      <trkpt lat="20.632704" lon="-100.300670">
        <ele>1908.675322</ele>
        <time>2026-10-03T19:10:35.462Z</time>
      </trkpt>
      <trkpt lat="20.632714" lon="-100.300691">
        <ele>1908.763870</ele>
        <time>2026-10-03T19:10:36.032Z</time>
      </trkpt>
      <trkpt lat="20.632725" lon="-100.300709">
        <ele>1908.844660</ele>
        <time>2026-10-03T19:10:36.553Z</time>
      </trkpt>
      <trkpt lat="20.632736" lon="-100.300723">
        <ele>1908.913356</ele>
        <time>2026-10-03T19:10:36.996Z</time>
      </trkpt>
      <trkpt lat="20.632748" lon="-100.300734">
        <ele>1908.976846</ele>
        <time>2026-10-03T19:10:37.405Z</time>
      </trkpt>
      <trkpt lat="20.632761" lon="-100.300744">
        <ele>1909.041169</ele>
        <time>2026-10-03T19:10:37.819Z</time>
      </trkpt>
      <trkpt lat="20.632773" lon="-100.300754">
        <ele>1909.102278</ele>
        <time>2026-10-03T19:10:38.213Z</time>
      </trkpt>
      <trkpt lat="20.632785" lon="-100.300767">
        <ele>1909.170898</ele>
        <time>2026-10-03T19:10:38.655Z</time>
      </trkpt>
      <trkpt lat="20.632796" lon="-100.300781">
        <ele>1909.239595</ele>
        <time>2026-10-03T19:10:39.098Z</time>
      </trkpt>
      <trkpt lat="20.632808" lon="-100.300793">
        <ele>1909.305593</ele>
        <time>2026-10-03T19:10:39.523Z</time>
      </trkpt>
      <trkpt lat="20.632820" lon="-100.300806">
        <ele>1909.374214</ele>
        <time>2026-10-03T19:10:39.966Z</time>
      </trkpt>
      <trkpt lat="20.632832" lon="-100.300817">
        <ele>1909.437703</ele>
        <time>2026-10-03T19:10:40.375Z</time>
      </trkpt>
      <trkpt lat="20.632845" lon="-100.300826">
        <ele>1909.499905</ele>
        <time>2026-10-03T19:10:40.776Z</time>
      </trkpt>
      <trkpt lat="20.632859" lon="-100.300835">
        <ele>1909.565513</ele>
        <time>2026-10-03T19:10:41.198Z</time>
      </trkpt>
      <trkpt lat="20.632874" lon="-100.300846">
        <ele>1909.638568</ele>
        <time>2026-10-03T19:10:41.669Z</time>
      </trkpt>
      <trkpt lat="20.632887" lon="-100.300858">
        <ele>1909.707553</ele>
        <time>2026-10-03T19:10:42.114Z</time>
      </trkpt>
      <trkpt lat="20.632900" lon="-100.300868">
        <ele>1909.771876</ele>
        <time>2026-10-03T19:10:42.528Z</time>
      </trkpt>
      <trkpt lat="20.632914" lon="-100.300879">
        <ele>1909.841657</ele>
        <time>2026-10-03T19:10:42.978Z</time>
      </trkpt>
      <trkpt lat="20.632929" lon="-100.300888">
        <ele>1909.910737</ele>
        <time>2026-10-03T19:10:43.423Z</time>
      </trkpt>
      <trkpt lat="20.632945" lon="-100.300897">
        <ele>1909.983346</ele>
        <time>2026-10-03T19:10:43.891Z</time>
      </trkpt>
      <trkpt lat="20.632960" lon="-100.300905">
        <ele>1910.050666</ele>
        <time>2026-10-03T19:10:44.325Z</time>
      </trkpt>
      <trkpt lat="20.632975" lon="-100.300911">
        <ele>1910.114982</ele>
        <time>2026-10-03T19:10:44.739Z</time>
      </trkpt>
      <trkpt lat="20.632989" lon="-100.300916">
        <ele>1910.174258</ele>
        <time>2026-10-03T19:10:45.121Z</time>
      </trkpt>
      <trkpt lat="20.633003" lon="-100.300921">
        <ele>1910.233534</ele>
        <time>2026-10-03T19:10:45.503Z</time>
      </trkpt>
      <trkpt lat="20.633021" lon="-100.300924">
        <ele>1910.306689</ele>
        <time>2026-10-03T19:10:45.975Z</time>
      </trkpt>
      <trkpt lat="20.633039" lon="-100.300929">
        <ele>1910.381372</ele>
        <time>2026-10-03T19:10:46.456Z</time>
      </trkpt>
      <trkpt lat="20.633058" lon="-100.300935">
        <ele>1910.460931</ele>
        <time>2026-10-03T19:10:46.969Z</time>
      </trkpt>
      <trkpt lat="20.633077" lon="-100.300943">
        <ele>1910.542937</ele>
        <time>2026-10-03T19:10:47.497Z</time>
      </trkpt>
      <trkpt lat="20.633096" lon="-100.300950">
        <ele>1910.623642</ele>
        <time>2026-10-03T19:10:48.017Z</time>
      </trkpt>
      <trkpt lat="20.633113" lon="-100.300959">
        <ele>1910.699826</ele>
        <time>2026-10-03T19:10:48.508Z</time>
      </trkpt>
      <trkpt lat="20.633128" lon="-100.300967">
        <ele>1910.767147</ele>
        <time>2026-10-03T19:10:48.942Z</time>
      </trkpt>
      <trkpt lat="20.633143" lon="-100.300976">
        <ele>1910.836227</ele>
        <time>2026-10-03T19:10:49.387Z</time>
      </trkpt>
      <trkpt lat="20.633157" lon="-100.300984">
        <ele>1910.899980</ele>
        <time>2026-10-03T19:10:49.798Z</time>
      </trkpt>
      <trkpt lat="20.633169" lon="-100.300991">
        <ele>1910.954880</ele>
        <time>2026-10-03T19:10:50.152Z</time>
      </trkpt>
      <trkpt lat="20.633181" lon="-100.300997">
        <ele>1911.008082</ele>
        <time>2026-10-03T19:10:50.495Z</time>
      </trkpt>
      <trkpt lat="20.633192" lon="-100.301003">
        <ele>1911.057676</ele>
        <time>2026-10-03T19:10:50.815Z</time>
      </trkpt>
      <trkpt lat="20.633202" lon="-100.301009">
        <ele>1911.103730</ele>
        <time>2026-10-03T19:10:51.111Z</time>
      </trkpt>
      <trkpt lat="20.633212" lon="-100.301015">
        <ele>1911.149783</ele>
        <time>2026-10-03T19:10:51.408Z</time>
      </trkpt>
      <trkpt lat="20.633221" lon="-100.301022">
        <ele>1911.194484</ele>
        <time>2026-10-03T19:10:51.696Z</time>
      </trkpt>
      <trkpt lat="20.633229" lon="-100.301027">
        <ele>1911.231701</ele>
        <time>2026-10-03T19:10:51.936Z</time>
      </trkpt>
      <trkpt lat="20.633237" lon="-100.301031">
        <ele>1911.267169</ele>
        <time>2026-10-03T19:10:52.165Z</time>
      </trkpt>
      <trkpt lat="20.633244" lon="-100.301033">
        <ele>1911.296265</ele>
        <time>2026-10-03T19:10:52.352Z</time>
      </trkpt>
      <trkpt lat="20.633253" lon="-100.301034">
        <ele>1911.332601</ele>
        <time>2026-10-03T19:10:52.586Z</time>
      </trkpt>
      <trkpt lat="20.633262" lon="-100.301037">
        <ele>1911.370459</ele>
        <time>2026-10-03T19:10:52.830Z</time>
      </trkpt>
      <trkpt lat="20.633273" lon="-100.301040">
        <ele>1911.416047</ele>
        <time>2026-10-03T19:10:53.124Z</time>
      </trkpt>
      <trkpt lat="20.633286" lon="-100.301042">
        <ele>1911.468788</ele>
        <time>2026-10-03T19:10:53.464Z</time>
      </trkpt>
      <trkpt lat="20.633299" lon="-100.301044">
        <ele>1911.521529</ele>
        <time>2026-10-03T19:10:53.804Z</time>
      </trkpt>
      <trkpt lat="20.633314" lon="-100.301046">
        <ele>1911.582231</ele>
        <time>2026-10-03T19:10:54.195Z</time>
      </trkpt>
      <trkpt lat="20.633330" lon="-100.301046">
        <ele>1911.646480</ele>
        <time>2026-10-03T19:10:54.609Z</time>
      </trkpt>
      <trkpt lat="20.633347" lon="-100.301043">
        <ele>1911.715671</ele>
        <time>2026-10-03T19:10:55.055Z</time>
      </trkpt>
      <trkpt lat="20.633363" lon="-100.301041">
        <ele>1911.780359</ele>
        <time>2026-10-03T19:10:55.472Z</time>
      </trkpt>
      <trkpt lat="20.633379" lon="-100.301039">
        <ele>1911.845046</ele>
        <time>2026-10-03T19:10:55.889Z</time>
      </trkpt>
      <trkpt lat="20.633393" lon="-100.301037">
        <ele>1911.901765</ele>
        <time>2026-10-03T19:10:56.255Z</time>
      </trkpt>
      <trkpt lat="20.633406" lon="-100.301035">
        <ele>1911.954507</ele>
        <time>2026-10-03T19:10:56.594Z</time>
      </trkpt>
      <trkpt lat="20.633420" lon="-100.301033">
        <ele>1912.011225</ele>
        <time>2026-10-03T19:10:56.960Z</time>
      </trkpt>
      <trkpt lat="20.633435" lon="-100.301035">
        <ele>1912.071927</ele>
        <time>2026-10-03T19:10:57.351Z</time>
      </trkpt>
      <trkpt lat="20.633450" lon="-100.301038">
        <ele>1912.133207</ele>
        <time>2026-10-03T19:10:57.746Z</time>
      </trkpt>
      <trkpt lat="20.633467" lon="-100.301039">
        <ele>1912.217012</ele>
        <time>2026-10-03T19:10:58.187Z</time>
      </trkpt>
      <trkpt lat="20.633484" lon="-100.301040">
        <ele>1912.305177</ele>
        <time>2026-10-03T19:10:58.627Z</time>
      </trkpt>
      <trkpt lat="20.633501" lon="-100.301043">
        <ele>1912.394400</ele>
        <time>2026-10-03T19:10:59.073Z</time>
      </trkpt>
      <trkpt lat="20.633517" lon="-100.301047">
        <ele>1912.479491</ele>
        <time>2026-10-03T19:10:59.499Z</time>
      </trkpt>
      <trkpt lat="20.633534" lon="-100.301053">
        <ele>1912.572200</ele>
        <time>2026-10-03T19:10:59.962Z</time>
      </trkpt>
      <trkpt lat="20.633551" lon="-100.301057">
        <ele>1912.662340</ele>
        <time>2026-10-03T19:11:00.413Z</time>
      </trkpt>
      <trkpt lat="20.633569" lon="-100.301063">
        <ele>1912.759979</ele>
        <time>2026-10-03T19:11:00.901Z</time>
      </trkpt>
      <trkpt lat="20.633587" lon="-100.301069">
        <ele>1912.857619</ele>
        <time>2026-10-03T19:11:01.389Z</time>
      </trkpt>
      <trkpt lat="20.633606" lon="-100.301073">
        <ele>1912.957898</ele>
        <time>2026-10-03T19:11:01.890Z</time>
      </trkpt>
      <trkpt lat="20.633624" lon="-100.301074">
        <ele>1913.051234</ele>
        <time>2026-10-03T19:11:02.356Z</time>
      </trkpt>
      <trkpt lat="20.633642" lon="-100.301075">
        <ele>1913.144569</ele>
        <time>2026-10-03T19:11:02.823Z</time>
      </trkpt>
      <trkpt lat="20.633659" lon="-100.301075">
        <ele>1913.232600</ele>
        <time>2026-10-03T19:11:03.263Z</time>
      </trkpt>
      <trkpt lat="20.633676" lon="-100.301076">
        <ele>1913.320765</ele>
        <time>2026-10-03T19:11:03.703Z</time>
      </trkpt>
      <trkpt lat="20.633692" lon="-100.301078">
        <ele>1913.404183</ele>
        <time>2026-10-03T19:11:04.120Z</time>
      </trkpt>
      <trkpt lat="20.633709" lon="-100.301081">
        <ele>1913.493406</ele>
        <time>2026-10-03T19:11:04.566Z</time>
      </trkpt>
      <trkpt lat="20.633726" lon="-100.301086">
        <ele>1913.584711</ele>
        <time>2026-10-03T19:11:05.023Z</time>
      </trkpt>
      <trkpt lat="20.633743" lon="-100.301091">
        <ele>1913.676016</ele>
        <time>2026-10-03T19:11:05.479Z</time>
      </trkpt>
      <trkpt lat="20.633761" lon="-100.301098">
        <ele>1913.775207</ele>
        <time>2026-10-03T19:11:05.975Z</time>
      </trkpt>
      <trkpt lat="20.633778" lon="-100.301104">
        <ele>1913.867916</ele>
        <time>2026-10-03T19:11:06.438Z</time>
      </trkpt>
      <trkpt lat="20.633796" lon="-100.301109">
        <ele>1913.964224</ele>
        <time>2026-10-03T19:11:06.920Z</time>
      </trkpt>
      <trkpt lat="20.633814" lon="-100.301113">
        <ele>1914.059427</ele>
        <time>2026-10-03T19:11:07.396Z</time>
      </trkpt>
      <trkpt lat="20.633833" lon="-100.301118">
        <ele>1914.160755</ele>
        <time>2026-10-03T19:11:07.902Z</time>
      </trkpt>
      <trkpt lat="20.633852" lon="-100.301122">
        <ele>1914.261034</ele>
        <time>2026-10-03T19:11:08.403Z</time>
      </trkpt>
      <trkpt lat="20.633871" lon="-100.301126">
        <ele>1914.361314</ele>
        <time>2026-10-03T19:11:08.905Z</time>
      </trkpt>
      <trkpt lat="20.633891" lon="-100.301129">
        <ele>1914.465895</ele>
        <time>2026-10-03T19:11:09.427Z</time>
      </trkpt>
      <trkpt lat="20.633911" lon="-100.301132">
        <ele>1914.570477</ele>
        <time>2026-10-03T19:11:09.950Z</time>
      </trkpt>
      <trkpt lat="20.633932" lon="-100.301134">
        <ele>1914.679652</ele>
        <time>2026-10-03T19:11:10.496Z</time>
      </trkpt>
      <trkpt lat="20.633953" lon="-100.301138">
        <ele>1914.790111</ele>
        <time>2026-10-03T19:11:11.048Z</time>
      </trkpt>
      <trkpt lat="20.633973" lon="-100.301142">
        <ele>1914.895475</ele>
        <time>2026-10-03T19:11:11.575Z</time>
      </trkpt>
      <trkpt lat="20.633992" lon="-100.301148">
        <ele>1914.998070</ele>
        <time>2026-10-03T19:11:12.087Z</time>
      </trkpt>
      <trkpt lat="20.634011" lon="-100.301154">
        <ele>1915.100664</ele>
        <time>2026-10-03T19:11:12.600Z</time>
      </trkpt>
      <trkpt lat="20.634030" lon="-100.301159">
        <ele>1915.201992</ele>
        <time>2026-10-03T19:11:13.107Z</time>
      </trkpt>
      <trkpt lat="20.634050" lon="-100.301165">
        <ele>1915.309562</ele>
        <time>2026-10-03T19:11:13.645Z</time>
      </trkpt>
      <trkpt lat="20.634070" lon="-100.301169">
        <ele>1915.414927</ele>
        <time>2026-10-03T19:11:14.171Z</time>
      </trkpt>
      <trkpt lat="20.634093" lon="-100.301174">
        <ele>1915.536468</ele>
        <time>2026-10-03T19:11:14.779Z</time>
      </trkpt>
      <trkpt lat="20.634114" lon="-100.301178">
        <ele>1915.646927</ele>
        <time>2026-10-03T19:11:15.331Z</time>
      </trkpt>
      <trkpt lat="20.634135" lon="-100.301183">
        <ele>1915.758338</ele>
        <time>2026-10-03T19:11:15.888Z</time>
      </trkpt>
      <trkpt lat="20.634155" lon="-100.301189">
        <ele>1915.865908</ele>
        <time>2026-10-03T19:11:16.425Z</time>
      </trkpt>
      <trkpt lat="20.634176" lon="-100.301195">
        <ele>1915.978473</ele>
        <time>2026-10-03T19:11:16.988Z</time>
      </trkpt>
      <trkpt lat="20.634197" lon="-100.301200">
        <ele>1916.089884</ele>
        <time>2026-10-03T19:11:17.545Z</time>
      </trkpt>
      <trkpt lat="20.634218" lon="-100.301204">
        <ele>1916.200343</ele>
        <time>2026-10-03T19:11:18.097Z</time>
      </trkpt>
      <trkpt lat="20.634239" lon="-100.301210">
        <ele>1916.312908</ele>
        <time>2026-10-03T19:11:18.659Z</time>
      </trkpt>
      <trkpt lat="20.634261" lon="-100.301217">
        <ele>1916.431774</ele>
        <time>2026-10-03T19:11:19.253Z</time>
      </trkpt>
      <trkpt lat="20.634283" lon="-100.301223">
        <ele>1916.549349</ele>
        <time>2026-10-03T19:11:19.841Z</time>
      </trkpt>
      <trkpt lat="20.634305" lon="-100.301228">
        <ele>1916.665820</ele>
        <time>2026-10-03T19:11:20.423Z</time>
      </trkpt>
      <trkpt lat="20.634325" lon="-100.301233">
        <ele>1916.772183</ele>
        <time>2026-10-03T19:11:20.955Z</time>
      </trkpt>
      <trkpt lat="20.634347" lon="-100.301239">
        <ele>1916.889757</ele>
        <time>2026-10-03T19:11:21.542Z</time>
      </trkpt>
      <trkpt lat="20.634367" lon="-100.301246">
        <ele>1916.998738</ele>
        <time>2026-10-03T19:11:22.087Z</time>
      </trkpt>
      <trkpt lat="20.634388" lon="-100.301253">
        <ele>1917.112650</ele>
        <time>2026-10-03T19:11:22.656Z</time>
      </trkpt>
      <trkpt lat="20.634410" lon="-100.301260">
        <ele>1917.231517</ele>
        <time>2026-10-03T19:11:23.251Z</time>
      </trkpt>
      <trkpt lat="20.634430" lon="-100.301267">
        <ele>1917.340497</ele>
        <time>2026-10-03T19:11:23.795Z</time>
      </trkpt>
      <trkpt lat="20.634451" lon="-100.301274">
        <ele>1917.454409</ele>
        <time>2026-10-03T19:11:24.365Z</time>
      </trkpt>
      <trkpt lat="20.634471" lon="-100.301279">
        <ele>1917.560772</ele>
        <time>2026-10-03T19:11:24.897Z</time>
      </trkpt>
      <trkpt lat="20.634490" lon="-100.301284">
        <ele>1917.662100</ele>
        <time>2026-10-03T19:11:25.403Z</time>
      </trkpt>
      <trkpt lat="20.634507" lon="-100.301289">
        <ele>1917.753405</ele>
        <time>2026-10-03T19:11:25.859Z</time>
      </trkpt>
      <trkpt lat="20.634524" lon="-100.301295">
        <ele>1917.846114</ele>
        <time>2026-10-03T19:11:26.323Z</time>
      </trkpt>
      <trkpt lat="20.634539" lon="-100.301300">
        <ele>1917.927480</ele>
        <time>2026-10-03T19:11:26.730Z</time>
      </trkpt>
      <trkpt lat="20.634553" lon="-100.301306">
        <ele>1918.005590</ele>
        <time>2026-10-03T19:11:27.120Z</time>
      </trkpt>
      <trkpt lat="20.634567" lon="-100.301313">
        <ele>1918.085631</ele>
        <time>2026-10-03T19:11:27.520Z</time>
      </trkpt>
      <trkpt lat="20.634581" lon="-100.301319">
        <ele>1918.163740</ele>
        <time>2026-10-03T19:11:27.911Z</time>
      </trkpt>
      <trkpt lat="20.634596" lon="-100.301324">
        <ele>1918.245107</ele>
        <time>2026-10-03T19:11:28.318Z</time>
      </trkpt>
      <trkpt lat="20.634611" lon="-100.301328">
        <ele>1918.325164</ele>
        <time>2026-10-03T19:11:28.718Z</time>
      </trkpt>
      <trkpt lat="20.634627" lon="-100.301332">
        <ele>1918.410254</ele>
        <time>2026-10-03T19:11:29.143Z</time>
      </trkpt>
      <trkpt lat="20.634642" lon="-100.301334">
        <ele>1918.488531</ele>
        <time>2026-10-03T19:11:29.535Z</time>
      </trkpt>
      <trkpt lat="20.634656" lon="-100.301336">
        <ele>1918.561672</ele>
        <time>2026-10-03T19:11:29.900Z</time>
      </trkpt>
      <trkpt lat="20.634670" lon="-100.301340">
        <ele>1918.636715</ele>
        <time>2026-10-03T19:11:30.276Z</time>
      </trkpt>
      <trkpt lat="20.634685" lon="-100.301343">
        <ele>1918.715739</ele>
        <time>2026-10-03T19:11:30.671Z</time>
      </trkpt>
      <trkpt lat="20.634699" lon="-100.301347">
        <ele>1918.790782</ele>
        <time>2026-10-03T19:11:31.046Z</time>
      </trkpt>
      <trkpt lat="20.634713" lon="-100.301350">
        <ele>1918.864721</ele>
        <time>2026-10-03T19:11:31.416Z</time>
      </trkpt>
      <trkpt lat="20.634728" lon="-100.301352">
        <ele>1918.942998</ele>
        <time>2026-10-03T19:11:31.807Z</time>
      </trkpt>
      <trkpt lat="20.634744" lon="-100.301354">
        <ele>1919.026416</ele>
        <time>2026-10-03T19:11:32.224Z</time>
      </trkpt>
      <trkpt lat="20.634760" lon="-100.301356">
        <ele>1919.109834</ele>
        <time>2026-10-03T19:11:32.641Z</time>
      </trkpt>
      <trkpt lat="20.634776" lon="-100.301359">
        <ele>1919.193953</ele>
        <time>2026-10-03T19:11:33.062Z</time>
      </trkpt>
      <trkpt lat="20.634793" lon="-100.301361">
        <ele>1919.282516</ele>
        <time>2026-10-03T19:11:33.505Z</time>
      </trkpt>
      <trkpt lat="20.634807" lon="-100.301362">
        <ele>1919.355174</ele>
        <time>2026-10-03T19:11:33.868Z</time>
      </trkpt>
      <trkpt lat="20.634822" lon="-100.301364">
        <ele>1919.433451</ele>
        <time>2026-10-03T19:11:34.260Z</time>
      </trkpt>
      <trkpt lat="20.634837" lon="-100.301365">
        <ele>1919.511277</ele>
        <time>2026-10-03T19:11:34.649Z</time>
      </trkpt>
      <trkpt lat="20.634850" lon="-100.301365">
        <ele>1919.578595</ele>
        <time>2026-10-03T19:11:34.986Z</time>
      </trkpt>
      <trkpt lat="20.634863" lon="-100.301368">
        <ele>1919.647465</ele>
        <time>2026-10-03T19:11:35.330Z</time>
      </trkpt>
      <trkpt lat="20.634876" lon="-100.301373">
        <ele>1919.719011</ele>
        <time>2026-10-03T19:11:35.688Z</time>
      </trkpt>
      <trkpt lat="20.634888" lon="-100.301382">
        <ele>1919.794929</ele>
        <time>2026-10-03T19:11:36.068Z</time>
      </trkpt>
      <trkpt lat="20.634899" lon="-100.301395">
        <ele>1919.879861</ele>
        <time>2026-10-03T19:11:36.492Z</time>
      </trkpt>
      <trkpt lat="20.634909" lon="-100.301409">
        <ele>1919.965211</ele>
        <time>2026-10-03T19:11:36.919Z</time>
      </trkpt>
      <trkpt lat="20.634917" lon="-100.301423">
        <ele>1920.044704</ele>
        <time>2026-10-03T19:11:37.317Z</time>
      </trkpt>
      <trkpt lat="20.634925" lon="-100.301438">
        <ele>1920.128371</ele>
        <time>2026-10-03T19:11:37.735Z</time>
      </trkpt>
      <trkpt lat="20.634929" lon="-100.301454">
        <ele>1920.208627</ele>
        <time>2026-10-03T19:11:38.136Z</time>
      </trkpt>
      <trkpt lat="20.634933" lon="-100.301470">
        <ele>1920.288884</ele>
        <time>2026-10-03T19:11:38.538Z</time>
      </trkpt>
      <trkpt lat="20.634933" lon="-100.301485">
        <ele>1920.361575</ele>
        <time>2026-10-03T19:11:38.902Z</time>
      </trkpt>
      <trkpt lat="20.634931" lon="-100.301501">
        <ele>1920.439801</ele>
        <time>2026-10-03T19:11:39.293Z</time>
      </trkpt>
      <trkpt lat="20.634930" lon="-100.301515">
        <ele>1920.507844</ele>
        <time>2026-10-03T19:11:39.633Z</time>
      </trkpt>
      <trkpt lat="20.634930" lon="-100.301528">
        <ele>1920.570843</ele>
        <time>2026-10-03T19:11:39.948Z</time>
      </trkpt>
      <trkpt lat="20.634931" lon="-100.301542">
        <ele>1920.638885</ele>
        <time>2026-10-03T19:11:40.289Z</time>
      </trkpt>
      <trkpt lat="20.634931" lon="-100.301556">
        <ele>1920.706731</ele>
        <time>2026-10-03T19:11:40.628Z</time>
      </trkpt>
      <trkpt lat="20.634930" lon="-100.301569">
        <ele>1920.769942</ele>
        <time>2026-10-03T19:11:40.944Z</time>
      </trkpt>
      <trkpt lat="20.634928" lon="-100.301583">
        <ele>1920.838574</ele>
        <time>2026-10-03T19:11:41.288Z</time>
      </trkpt>
      <trkpt lat="20.634925" lon="-100.301598">
        <ele>1920.912906</ele>
        <time>2026-10-03T19:11:41.659Z</time>
      </trkpt>
      <trkpt lat="20.634922" lon="-100.301612">
        <ele>1920.982508</ele>
        <time>2026-10-03T19:11:42.007Z</time>
      </trkpt>
      <trkpt lat="20.634919" lon="-100.301626">
        <ele>1921.052109</ele>
        <time>2026-10-03T19:11:42.356Z</time>
      </trkpt>
      <trkpt lat="20.634917" lon="-100.301641">
        <ele>1921.125534</ele>
        <time>2026-10-03T19:11:42.723Z</time>
      </trkpt>
      <trkpt lat="20.635057" lon="-100.301653">
        <ele>1921.780487</ele>
        <time>2026-10-03T19:11:46.373Z</time>
      </trkpt>
      <trkpt lat="20.635050" lon="-100.301745">
        <ele>1922.144964</ele>
        <time>2026-10-03T19:11:50.772Z</time>
      </trkpt>
      <trkpt lat="20.634943" lon="-100.302527">
        <ele>1925.265660</ele>
        <time>2026-10-03T19:12:25.379Z</time>
      </trkpt>
      <trkpt lat="20.634857" lon="-100.302967">
        <ele>1927.040568</ele>
        <time>2026-10-03T19:12:41.954Z</time>
      </trkpt>
      <trkpt lat="20.635262" lon="-100.302942">
        <ele>1928.752264</ele>
        <time>2026-10-03T19:12:55.202Z</time>
      </trkpt>
      <trkpt lat="20.636313" lon="-100.302814">
        <ele>1929.598650</ele>
        <time>2026-10-03T19:13:19.677Z</time>
      </trkpt>
      <trkpt lat="20.637915" lon="-100.302620">
        <ele>1929.929814</ele>
        <time>2026-10-03T19:14:00.679Z</time>
      </trkpt>
      <trkpt lat="20.638873" lon="-100.302529">
        <ele>1929.786860</ele>
        <time>2026-10-03T19:14:19.299Z</time>
      </trkpt>
      <trkpt lat="20.639889" lon="-100.302390">
        <ele>1933.324383</ele>
        <time>2026-10-03T19:14:49.395Z</time>
      </trkpt>
      <trkpt lat="20.640351" lon="-100.302327">
        <ele>1934.994593</ele>
        <time>2026-10-03T19:15:09.472Z</time>
      </trkpt>
      <trkpt lat="20.640991" lon="-100.302199">
        <ele>1938.640627</ele>
        <time>2026-10-03T19:15:46.122Z</time>
      </trkpt>
      <trkpt lat="20.640991" lon="-100.302199">
        <ele>1938.640627</ele>
        <time>2026-10-03T19:15:46.162Z</time>
      </trkpt>
      <trkpt lat="20.640991" lon="-100.302199">
        <ele>1938.640627</ele>
        <time>2026-10-03T19:15:46.162Z</time>
      </trkpt>
      <trkpt lat="20.640991" lon="-100.302201">
        <ele>1938.655353</ele>
        <time>2026-10-03T19:15:46.211Z</time>
      </trkpt>
      <trkpt lat="20.641004" lon="-100.302193">
        <ele>1938.773388</ele>
        <time>2026-10-03T19:15:46.599Z</time>
      </trkpt>
      <trkpt lat="20.641017" lon="-100.302187">
        <ele>1938.884807</ele>
        <time>2026-10-03T19:15:46.968Z</time>
      </trkpt>
      <trkpt lat="20.641030" lon="-100.302183">
        <ele>1938.991249</ele>
        <time>2026-10-03T19:15:47.320Z</time>
      </trkpt>
      <trkpt lat="20.641044" lon="-100.302179">
        <ele>1939.105273</ele>
        <time>2026-10-03T19:15:47.697Z</time>
      </trkpt>
      <trkpt lat="20.641058" lon="-100.302173">
        <ele>1939.223957</ele>
        <time>2026-10-03T19:15:48.090Z</time>
      </trkpt>
      <trkpt lat="20.641071" lon="-100.302167">
        <ele>1939.335376</ele>
        <time>2026-10-03T19:15:48.459Z</time>
      </trkpt>
      <trkpt lat="20.641085" lon="-100.302161">
        <ele>1939.454060</ele>
        <time>2026-10-03T19:15:48.851Z</time>
      </trkpt>
      <trkpt lat="20.641099" lon="-100.302155">
        <ele>1939.572743</ele>
        <time>2026-10-03T19:15:49.244Z</time>
      </trkpt>
      <trkpt lat="20.641114" lon="-100.302150">
        <ele>1939.696375</ele>
        <time>2026-10-03T19:15:49.652Z</time>
      </trkpt>
      <trkpt lat="20.641129" lon="-100.302144">
        <ele>1939.822395</ele>
        <time>2026-10-03T19:15:50.067Z</time>
      </trkpt>
      <trkpt lat="20.641144" lon="-100.302140">
        <ele>1939.944037</ele>
        <time>2026-10-03T19:15:50.468Z</time>
      </trkpt>
      <trkpt lat="20.641159" lon="-100.302138">
        <ele>1940.062975</ele>
        <time>2026-10-03T19:15:50.861Z</time>
      </trkpt>
      <trkpt lat="20.641172" lon="-100.302136">
        <ele>1940.166316</ele>
        <time>2026-10-03T19:15:51.202Z</time>
      </trkpt>
      <trkpt lat="20.641187" lon="-100.302132">
        <ele>1940.287958</ele>
        <time>2026-10-03T19:15:51.605Z</time>
      </trkpt>
      <trkpt lat="20.641200" lon="-100.302127">
        <ele>1940.396668</ele>
        <time>2026-10-03T19:15:51.964Z</time>
      </trkpt>
      <trkpt lat="20.641215" lon="-100.302122">
        <ele>1940.520300</ele>
        <time>2026-10-03T19:15:52.373Z</time>
      </trkpt>
      <trkpt lat="20.641230" lon="-100.302118">
        <ele>1940.641942</ele>
        <time>2026-10-03T19:15:52.776Z</time>
      </trkpt>
      <trkpt lat="20.641245" lon="-100.302114">
        <ele>1940.763584</ele>
        <time>2026-10-03T19:15:53.177Z</time>
      </trkpt>
      <trkpt lat="20.641261" lon="-100.302112">
        <ele>1940.890333</ele>
        <time>2026-10-03T19:15:53.596Z</time>
      </trkpt>
      <trkpt lat="20.641275" lon="-100.302112">
        <ele>1941.000488</ele>
        <time>2026-10-03T19:15:53.959Z</time>
      </trkpt>
      <trkpt lat="20.641291" lon="-100.302112">
        <ele>1941.126379</ele>
        <time>2026-10-03T19:15:54.374Z</time>
      </trkpt>
      <trkpt lat="20.641306" lon="-100.302111">
        <ele>1941.244631</ele>
        <time>2026-10-03T19:15:54.764Z</time>
      </trkpt>
      <trkpt lat="20.641320" lon="-100.302108">
        <ele>1941.356978</ele>
        <time>2026-10-03T19:15:55.135Z</time>
      </trkpt>
      <trkpt lat="20.641333" lon="-100.302105">
        <ele>1941.461623</ele>
        <time>2026-10-03T19:15:55.481Z</time>
      </trkpt>
      <trkpt lat="20.641346" lon="-100.302099">
        <ele>1941.573042</ele>
        <time>2026-10-03T19:15:55.850Z</time>
      </trkpt>
      <trkpt lat="20.641360" lon="-100.302092">
        <ele>1941.694658</ele>
        <time>2026-10-03T19:15:56.251Z</time>
      </trkpt>
      <trkpt lat="20.641373" lon="-100.302084">
        <ele>1941.812693</ele>
        <time>2026-10-03T19:15:56.642Z</time>
      </trkpt>
      <trkpt lat="20.641384" lon="-100.302079">
        <ele>1941.906748</ele>
        <time>2026-10-03T19:15:56.953Z</time>
      </trkpt>
      <trkpt lat="20.641394" lon="-100.302076">
        <ele>1941.988472</ele>
        <time>2026-10-03T19:15:57.222Z</time>
      </trkpt>
      <trkpt lat="20.641404" lon="-100.302080">
        <ele>1942.072485</ele>
        <time>2026-10-03T19:15:57.500Z</time>
      </trkpt>
      <trkpt lat="20.641409" lon="-100.302092">
        <ele>1942.169205</ele>
        <time>2026-10-03T19:15:57.818Z</time>
      </trkpt>
      <trkpt lat="20.641409" lon="-100.302109">
        <ele>1942.294377</ele>
        <time>2026-10-03T19:15:58.231Z</time>
      </trkpt>
      <trkpt lat="20.641404" lon="-100.302131">
        <ele>1942.461074</ele>
        <time>2026-10-03T19:15:58.780Z</time>
      </trkpt>
      <trkpt lat="20.641397" lon="-100.302155">
        <ele>1942.646172</ele>
        <time>2026-10-03T19:15:59.392Z</time>
      </trkpt>
      <trkpt lat="20.641391" lon="-100.302177">
        <ele>1942.814899</ele>
        <time>2026-10-03T19:15:59.950Z</time>
      </trkpt>
      <trkpt lat="20.641388" lon="-100.302197">
        <ele>1942.964040</ele>
        <time>2026-10-03T19:16:00.442Z</time>
      </trkpt>
      <trkpt lat="20.641386" lon="-100.302215">
        <ele>1943.097507</ele>
        <time>2026-10-03T19:16:00.883Z</time>
      </trkpt>
      <trkpt lat="20.641384" lon="-100.302233">
        <ele>1943.230973</ele>
        <time>2026-10-03T19:16:01.324Z</time>
      </trkpt>
      <trkpt lat="20.641383" lon="-100.302250">
        <ele>1943.356393</ele>
        <time>2026-10-03T19:16:01.737Z</time>
      </trkpt>
      <trkpt lat="20.641382" lon="-100.302267">
        <ele>1943.481812</ele>
        <time>2026-10-03T19:16:02.151Z</time>
      </trkpt>
      <trkpt lat="20.641382" lon="-100.302283">
        <ele>1943.599622</ele>
        <time>2026-10-03T19:16:02.539Z</time>
      </trkpt>
      <trkpt lat="20.641381" lon="-100.302299">
        <ele>1943.717693</ele>
        <time>2026-10-03T19:16:02.928Z</time>
      </trkpt>
      <trkpt lat="20.641378" lon="-100.302313">
        <ele>1943.823445</ele>
        <time>2026-10-03T19:16:03.278Z</time>
      </trkpt>
      <trkpt lat="20.641376" lon="-100.302329">
        <ele>1943.942300</ele>
        <time>2026-10-03T19:16:03.670Z</time>
      </trkpt>
      <trkpt lat="20.641373" lon="-100.302346">
        <ele>1944.069679</ele>
        <time>2026-10-03T19:16:04.091Z</time>
      </trkpt>
      <trkpt lat="20.641371" lon="-100.302364">
        <ele>1944.203145</ele>
        <time>2026-10-03T19:16:04.532Z</time>
      </trkpt>
      <trkpt lat="20.641369" lon="-100.302384">
        <ele>1944.351245</ele>
        <time>2026-10-03T19:16:05.021Z</time>
      </trkpt>
      <trkpt lat="20.641368" lon="-100.302406">
        <ele>1944.513424</ele>
        <time>2026-10-03T19:16:05.556Z</time>
      </trkpt>
      <trkpt lat="20.641367" lon="-100.302429">
        <ele>1944.682958</ele>
        <time>2026-10-03T19:16:06.114Z</time>
      </trkpt>
      <trkpt lat="20.641366" lon="-100.302451">
        <ele>1944.845137</ele>
        <time>2026-10-03T19:16:06.648Z</time>
      </trkpt>
      <trkpt lat="20.641365" lon="-100.302473">
        <ele>1945.007316</ele>
        <time>2026-10-03T19:16:07.183Z</time>
      </trkpt>
      <trkpt lat="20.641364" lon="-100.302495">
        <ele>1945.169495</ele>
        <time>2026-10-03T19:16:07.719Z</time>
      </trkpt>
      <trkpt lat="20.641365" lon="-100.302516">
        <ele>1945.324319</ele>
        <time>2026-10-03T19:16:08.230Z</time>
      </trkpt>
      <trkpt lat="20.641366" lon="-100.302538">
        <ele>1945.486498</ele>
        <time>2026-10-03T19:16:08.766Z</time>
      </trkpt>
      <trkpt lat="20.641368" lon="-100.302560">
        <ele>1945.649249</ele>
        <time>2026-10-03T19:16:09.303Z</time>
      </trkpt>
      <trkpt lat="20.641368" lon="-100.302580">
        <ele>1945.796510</ele>
        <time>2026-10-03T19:16:09.788Z</time>
      </trkpt>
      <trkpt lat="20.641368" lon="-100.302599">
        <ele>1945.936409</ele>
        <time>2026-10-03T19:16:10.250Z</time>
      </trkpt>
      <trkpt lat="20.641368" lon="-100.302616">
        <ele>1946.061582</ele>
        <time>2026-10-03T19:16:10.662Z</time>
      </trkpt>
      <trkpt lat="20.641366" lon="-100.302633">
        <ele>1946.187739</ele>
        <time>2026-10-03T19:16:11.078Z</time>
      </trkpt>
      <trkpt lat="20.641365" lon="-100.302651">
        <ele>1946.320508</ele>
        <time>2026-10-03T19:16:11.517Z</time>
      </trkpt>
      <trkpt lat="20.641366" lon="-100.302671">
        <ele>1946.467980</ele>
        <time>2026-10-03T19:16:12.004Z</time>
      </trkpt>
      <trkpt lat="20.641366" lon="-100.302691">
        <ele>1946.615242</ele>
        <time>2026-10-03T19:16:12.490Z</time>
      </trkpt>
      <trkpt lat="20.641365" lon="-100.302712">
        <ele>1946.770067</ele>
        <time>2026-10-03T19:16:13.001Z</time>
      </trkpt>
      <trkpt lat="20.641363" lon="-100.302731">
        <ele>1946.910847</ele>
        <time>2026-10-03T19:16:13.465Z</time>
      </trkpt>
      <trkpt lat="20.641359" lon="-100.302747">
        <ele>1947.032788</ele>
        <time>2026-10-03T19:16:13.866Z</time>
      </trkpt>
      <trkpt lat="20.641353" lon="-100.302760">
        <ele>1947.139517</ele>
        <time>2026-10-03T19:16:14.220Z</time>
      </trkpt>
      <trkpt lat="20.641347" lon="-100.302772">
        <ele>1947.239695</ele>
        <time>2026-10-03T19:16:14.550Z</time>
      </trkpt>
      <trkpt lat="20.641341" lon="-100.302784">
        <ele>1947.339873</ele>
        <time>2026-10-03T19:16:14.881Z</time>
      </trkpt>
      <trkpt lat="20.641337" lon="-100.302796">
        <ele>1947.433668</ele>
        <time>2026-10-03T19:16:15.190Z</time>
      </trkpt>
      <trkpt lat="20.641334" lon="-100.302811">
        <ele>1947.546609</ele>
        <time>2026-10-03T19:16:15.563Z</time>
      </trkpt>
      <trkpt lat="20.641333" lon="-100.302826">
        <ele>1947.657335</ele>
        <time>2026-10-03T19:16:15.929Z</time>
      </trkpt>
      <trkpt lat="20.641333" lon="-100.302843">
        <ele>1947.782508</ele>
        <time>2026-10-03T19:16:16.342Z</time>
      </trkpt>
      <trkpt lat="20.641334" lon="-100.302859">
        <ele>1947.900580</ele>
        <time>2026-10-03T19:16:16.732Z</time>
      </trkpt>
      <trkpt lat="20.641337" lon="-100.302875">
        <ele>1948.020730</ele>
        <time>2026-10-03T19:16:17.128Z</time>
      </trkpt>
      <trkpt lat="20.641339" lon="-100.302891">
        <ele>1948.139586</ele>
        <time>2026-10-03T19:16:17.519Z</time>
      </trkpt>
      <trkpt lat="20.641343" lon="-100.302908">
        <ele>1948.268655</ele>
        <time>2026-10-03T19:16:17.944Z</time>
      </trkpt>
      <trkpt lat="20.641346" lon="-100.302923">
        <ele>1948.381595</ele>
        <time>2026-10-03T19:16:18.315Z</time>
      </trkpt>
      <trkpt lat="20.641350" lon="-100.302937">
        <ele>1948.489376</ele>
        <time>2026-10-03T19:16:18.670Z</time>
      </trkpt>
      <trkpt lat="20.641352" lon="-100.302950">
        <ele>1948.586381</ele>
        <time>2026-10-03T19:16:18.990Z</time>
      </trkpt>
      <trkpt lat="20.641354" lon="-100.302963">
        <ele>1948.683386</ele>
        <time>2026-10-03T19:16:19.310Z</time>
      </trkpt>
      <trkpt lat="20.641355" lon="-100.302976">
        <ele>1948.779429</ele>
        <time>2026-10-03T19:16:19.627Z</time>
      </trkpt>
      <trkpt lat="20.641356" lon="-100.302988">
        <ele>1948.868136</ele>
        <time>2026-10-03T19:16:19.920Z</time>
      </trkpt>
      <trkpt lat="20.641357" lon="-100.303001">
        <ele>1948.964179</ele>
        <time>2026-10-03T19:16:20.237Z</time>
      </trkpt>
      <trkpt lat="20.641357" lon="-100.303012">
        <ele>1949.045172</ele>
        <time>2026-10-03T19:16:20.504Z</time>
      </trkpt>
      <trkpt lat="20.641357" lon="-100.303026">
        <ele>1949.148256</ele>
        <time>2026-10-03T19:16:20.844Z</time>
      </trkpt>
      <trkpt lat="20.641358" lon="-100.303041">
        <ele>1949.258982</ele>
        <time>2026-10-03T19:16:21.209Z</time>
      </trkpt>
      <trkpt lat="20.641359" lon="-100.303057">
        <ele>1949.377054</ele>
        <time>2026-10-03T19:16:21.598Z</time>
      </trkpt>
      <trkpt lat="20.641360" lon="-100.303074">
        <ele>1949.502473</ele>
        <time>2026-10-03T19:16:22.010Z</time>
      </trkpt>
      <trkpt lat="20.641361" lon="-100.303093">
        <ele>1949.642593</ele>
        <time>2026-10-03T19:16:22.471Z</time>
      </trkpt>
      <trkpt lat="20.641362" lon="-100.303114">
        <ele>1949.797418</ele>
        <time>2026-10-03T19:16:22.982Z</time>
      </trkpt>
      <trkpt lat="20.641363" lon="-100.303135">
        <ele>1949.952243</ele>
        <time>2026-10-03T19:16:23.493Z</time>
      </trkpt>
      <trkpt lat="20.641365" lon="-100.303156">
        <ele>1950.107666</ele>
        <time>2026-10-03T19:16:24.006Z</time>
      </trkpt>
      <trkpt lat="20.641365" lon="-100.303176">
        <ele>1950.254928</ele>
        <time>2026-10-03T19:16:24.492Z</time>
      </trkpt>
      <trkpt lat="20.641366" lon="-100.303191">
        <ele>1950.365654</ele>
        <time>2026-10-03T19:16:24.857Z</time>
      </trkpt>
      <trkpt lat="20.641367" lon="-100.303204">
        <ele>1950.457251</ele>
        <time>2026-10-03T19:16:25.173Z</time>
      </trkpt>
      <trkpt lat="20.641367" lon="-100.303215">
        <ele>1950.533633</ele>
        <time>2026-10-03T19:16:25.440Z</time>
      </trkpt>
      <trkpt lat="20.641369" lon="-100.303226">
        <ele>1950.611443</ele>
        <time>2026-10-03T19:16:25.711Z</time>
      </trkpt>
      <trkpt lat="20.641372" lon="-100.303238">
        <ele>1950.697691</ele>
        <time>2026-10-03T19:16:26.012Z</time>
      </trkpt>
      <trkpt lat="20.641375" lon="-100.303251">
        <ele>1950.790665</ele>
        <time>2026-10-03T19:16:26.336Z</time>
      </trkpt>
      <trkpt lat="20.641379" lon="-100.303264">
        <ele>1950.885689</ele>
        <time>2026-10-03T19:16:26.668Z</time>
      </trkpt>
      <trkpt lat="20.641382" lon="-100.303278">
        <ele>1950.985419</ele>
        <time>2026-10-03T19:16:27.017Z</time>
      </trkpt>
      <trkpt lat="20.641387" lon="-100.303292">
        <ele>1951.089472</ele>
        <time>2026-10-03T19:16:27.381Z</time>
      </trkpt>
      <trkpt lat="20.641391" lon="-100.303307">
        <ele>1951.197776</ele>
        <time>2026-10-03T19:16:27.760Z</time>
      </trkpt>
      <trkpt lat="20.641394" lon="-100.303322">
        <ele>1951.304285</ele>
        <time>2026-10-03T19:16:28.133Z</time>
      </trkpt>
      <trkpt lat="20.641396" lon="-100.303338">
        <ele>1951.416373</ele>
        <time>2026-10-03T19:16:28.525Z</time>
      </trkpt>
      <trkpt lat="20.641400" lon="-100.303354">
        <ele>1951.531371</ele>
        <time>2026-10-03T19:16:28.927Z</time>
      </trkpt>
      <trkpt lat="20.641403" lon="-100.303370">
        <ele>1951.644680</ele>
        <time>2026-10-03T19:16:29.323Z</time>
      </trkpt>
      <trkpt lat="20.641406" lon="-100.303387">
        <ele>1951.764806</ele>
        <time>2026-10-03T19:16:29.741Z</time>
      </trkpt>
      <trkpt lat="20.641408" lon="-100.303405">
        <ele>1951.890672</ele>
        <time>2026-10-03T19:16:30.180Z</time>
      </trkpt>
      <trkpt lat="20.641411" lon="-100.303424">
        <ele>1952.024470</ele>
        <time>2026-10-03T19:16:30.647Z</time>
      </trkpt>
      <trkpt lat="20.641416" lon="-100.303443">
        <ele>1952.161520</ele>
        <time>2026-10-03T19:16:31.127Z</time>
      </trkpt>
      <trkpt lat="20.641422" lon="-100.303461">
        <ele>1952.294201</ele>
        <time>2026-10-03T19:16:31.591Z</time>
      </trkpt>
      <trkpt lat="20.641429" lon="-100.303480">
        <ele>1952.435990</ele>
        <time>2026-10-03T19:16:32.087Z</time>
      </trkpt>
      <trkpt lat="20.641436" lon="-100.303498">
        <ele>1952.571342</ele>
        <time>2026-10-03T19:16:32.560Z</time>
      </trkpt>
      <trkpt lat="20.641439" lon="-100.303516">
        <ele>1952.698298</ele>
        <time>2026-10-03T19:16:33.004Z</time>
      </trkpt>
      <trkpt lat="20.641440" lon="-100.303533">
        <ele>1952.816576</ele>
        <time>2026-10-03T19:16:33.417Z</time>
      </trkpt>
      <trkpt lat="20.641440" lon="-100.303550">
        <ele>1952.934621</ele>
        <time>2026-10-03T19:16:33.828Z</time>
      </trkpt>
      <trkpt lat="20.641440" lon="-100.303568">
        <ele>1953.059609</ele>
        <time>2026-10-03T19:16:34.264Z</time>
      </trkpt>
      <trkpt lat="20.641441" lon="-100.303585">
        <ele>1953.177887</ele>
        <time>2026-10-03T19:16:34.678Z</time>
      </trkpt>
      <trkpt lat="20.641443" lon="-100.303602">
        <ele>1953.296862</ele>
        <time>2026-10-03T19:16:35.093Z</time>
      </trkpt>
      <trkpt lat="20.641445" lon="-100.303618">
        <ele>1953.408950</ele>
        <time>2026-10-03T19:16:35.485Z</time>
      </trkpt>
      <trkpt lat="20.641446" lon="-100.303634">
        <ele>1953.520298</ele>
        <time>2026-10-03T19:16:35.875Z</time>
      </trkpt>
      <trkpt lat="20.641447" lon="-100.303650">
        <ele>1953.631647</ele>
        <time>2026-10-03T19:16:36.264Z</time>
      </trkpt>
      <trkpt lat="20.641447" lon="-100.303668">
        <ele>1953.756636</ele>
        <time>2026-10-03T19:16:36.702Z</time>
      </trkpt>
      <trkpt lat="20.641445" lon="-100.303685">
        <ele>1953.875610</ele>
        <time>2026-10-03T19:16:37.117Z</time>
      </trkpt>
      <trkpt lat="20.641444" lon="-100.303703">
        <ele>1954.000819</ele>
        <time>2026-10-03T19:16:37.554Z</time>
      </trkpt>
      <trkpt lat="20.641443" lon="-100.303719">
        <ele>1954.112168</ele>
        <time>2026-10-03T19:16:37.942Z</time>
      </trkpt>
      <trkpt lat="20.641443" lon="-100.303734">
        <ele>1954.216325</ele>
        <time>2026-10-03T19:16:38.305Z</time>
      </trkpt>
      <trkpt lat="20.641444" lon="-100.303748">
        <ele>1954.313821</ele>
        <time>2026-10-03T19:16:38.646Z</time>
      </trkpt>
      <trkpt lat="20.641447" lon="-100.303760">
        <ele>1954.400069</ele>
        <time>2026-10-03T19:16:38.948Z</time>
      </trkpt>
      <trkpt lat="20.641450" lon="-100.303772">
        <ele>1954.486317</ele>
        <time>2026-10-03T19:16:39.249Z</time>
      </trkpt>
      <trkpt lat="20.641453" lon="-100.303784">
        <ele>1954.572566</ele>
        <time>2026-10-03T19:16:39.551Z</time>
      </trkpt>
      <trkpt lat="20.641454" lon="-100.303798">
        <ele>1954.670062</ele>
        <time>2026-10-03T19:16:39.892Z</time>
      </trkpt>
      <trkpt lat="20.641454" lon="-100.303811">
        <ele>1954.760332</ele>
        <time>2026-10-03T19:16:40.208Z</time>
      </trkpt>
      <trkpt lat="20.641452" lon="-100.303825">
        <ele>1954.858671</ele>
        <time>2026-10-03T19:16:40.552Z</time>
      </trkpt>
      <trkpt lat="20.641450" lon="-100.303838">
        <ele>1954.950153</ele>
        <time>2026-10-03T19:16:40.871Z</time>
      </trkpt>
      <trkpt lat="20.641448" lon="-100.303852">
        <ele>1955.048493</ele>
        <time>2026-10-03T19:16:41.215Z</time>
      </trkpt>
      <trkpt lat="20.641446" lon="-100.303865">
        <ele>1955.139974</ele>
        <time>2026-10-03T19:16:41.534Z</time>
      </trkpt>
      <trkpt lat="20.641445" lon="-100.303878">
        <ele>1955.230548</ele>
        <time>2026-10-03T19:16:41.849Z</time>
      </trkpt>
      <trkpt lat="20.641444" lon="-100.303892">
        <ele>1955.328044</ele>
        <time>2026-10-03T19:16:42.189Z</time>
      </trkpt>
      <trkpt lat="20.641445" lon="-100.303905">
        <ele>1955.418619</ele>
        <time>2026-10-03T19:16:42.506Z</time>
      </trkpt>
      <trkpt lat="20.641444" lon="-100.303918">
        <ele>1955.509193</ele>
        <time>2026-10-03T19:16:42.823Z</time>
      </trkpt>
      <trkpt lat="20.641442" lon="-100.303932">
        <ele>1955.607533</ele>
        <time>2026-10-03T19:16:43.166Z</time>
      </trkpt>
      <trkpt lat="20.641441" lon="-100.303946">
        <ele>1955.705029</ele>
        <time>2026-10-03T19:16:43.507Z</time>
      </trkpt>
      <trkpt lat="20.641439" lon="-100.303961">
        <ele>1955.810238</ele>
        <time>2026-10-03T19:16:43.875Z</time>
      </trkpt>
      <trkpt lat="20.641437" lon="-100.303976">
        <ele>1955.915447</ele>
        <time>2026-10-03T19:16:44.243Z</time>
      </trkpt>
      <trkpt lat="20.641437" lon="-100.303992">
        <ele>1956.026549</ele>
        <time>2026-10-03T19:16:44.632Z</time>
      </trkpt>
      <trkpt lat="20.641440" lon="-100.304008">
        <ele>1956.139858</ele>
        <time>2026-10-03T19:16:45.027Z</time>
      </trkpt>
      <trkpt lat="20.641446" lon="-100.304025">
        <ele>1956.266020</ele>
        <time>2026-10-03T19:16:45.467Z</time>
      </trkpt>
      <trkpt lat="20.641452" lon="-100.304041">
        <ele>1956.385709</ele>
        <time>2026-10-03T19:16:45.885Z</time>
      </trkpt>
      <trkpt lat="20.641457" lon="-100.304058">
        <ele>1956.509447</ele>
        <time>2026-10-03T19:16:46.317Z</time>
      </trkpt>
      <trkpt lat="20.641462" lon="-100.304075">
        <ele>1956.633185</ele>
        <time>2026-10-03T19:16:46.749Z</time>
      </trkpt>
      <trkpt lat="20.641466" lon="-100.304090">
        <ele>1956.741489</ele>
        <time>2026-10-03T19:16:47.128Z</time>
      </trkpt>
      <trkpt lat="20.641467" lon="-100.304106">
        <ele>1956.852838</ele>
        <time>2026-10-03T19:16:47.517Z</time>
      </trkpt>
      <trkpt lat="20.641469" lon="-100.304122">
        <ele>1956.964925</ele>
        <time>2026-10-03T19:16:47.909Z</time>
      </trkpt>
      <trkpt lat="20.641469" lon="-100.304138">
        <ele>1957.076027</ele>
        <time>2026-10-03T19:16:48.297Z</time>
      </trkpt>
      <trkpt lat="20.641469" lon="-100.304155">
        <ele>1957.194072</ele>
        <time>2026-10-03T19:16:48.710Z</time>
      </trkpt>
      <trkpt lat="20.641469" lon="-100.304170">
        <ele>1957.298229</ele>
        <time>2026-10-03T19:16:49.074Z</time>
      </trkpt>
      <trkpt lat="20.641471" lon="-100.304187">
        <ele>1957.417203</ele>
        <time>2026-10-03T19:16:49.489Z</time>
      </trkpt>
      <trkpt lat="20.641472" lon="-100.304201">
        <ele>1957.514699</ele>
        <time>2026-10-03T19:16:49.829Z</time>
      </trkpt>
      <trkpt lat="20.641472" lon="-100.304216">
        <ele>1957.618857</ele>
        <time>2026-10-03T19:16:50.192Z</time>
      </trkpt>
      <trkpt lat="20.641472" lon="-100.304231">
        <ele>1957.723014</ele>
        <time>2026-10-03T19:16:50.556Z</time>
      </trkpt>
      <trkpt lat="20.641474" lon="-100.304248">
        <ele>1957.841988</ele>
        <time>2026-10-03T19:16:50.972Z</time>
      </trkpt>
      <trkpt lat="20.641475" lon="-100.304263">
        <ele>1957.946410</ele>
        <time>2026-10-03T19:16:51.337Z</time>
      </trkpt>
      <trkpt lat="20.641475" lon="-100.304278">
        <ele>1958.050567</ele>
        <time>2026-10-03T19:16:51.701Z</time>
      </trkpt>
      <trkpt lat="20.641476" lon="-100.304291">
        <ele>1958.141141</ele>
        <time>2026-10-03T19:16:52.018Z</time>
      </trkpt>
      <trkpt lat="20.641479" lon="-100.304305">
        <ele>1958.240871</ele>
        <time>2026-10-03T19:16:52.366Z</time>
      </trkpt>
      <trkpt lat="20.641481" lon="-100.304317">
        <ele>1958.325508</ele>
        <time>2026-10-03T19:16:52.662Z</time>
      </trkpt>
      <trkpt lat="20.641482" lon="-100.304329">
        <ele>1958.409163</ele>
        <time>2026-10-03T19:16:52.954Z</time>
      </trkpt>
      <trkpt lat="20.641483" lon="-100.304343">
        <ele>1958.506660</ele>
        <time>2026-10-03T19:16:53.295Z</time>
      </trkpt>
      <trkpt lat="20.641483" lon="-100.304356">
        <ele>1958.596929</ele>
        <time>2026-10-03T19:16:53.610Z</time>
      </trkpt>
      <trkpt lat="20.641482" lon="-100.304369">
        <ele>1958.687504</ele>
        <time>2026-10-03T19:16:53.925Z</time>
      </trkpt>
      <trkpt lat="20.641483" lon="-100.304382">
        <ele>1958.778078</ele>
        <time>2026-10-03T19:16:54.242Z</time>
      </trkpt>
      <trkpt lat="20.641485" lon="-100.304396">
        <ele>1958.876417</ele>
        <time>2026-10-03T19:16:54.585Z</time>
      </trkpt>
      <trkpt lat="20.641487" lon="-100.304410">
        <ele>1958.974757</ele>
        <time>2026-10-03T19:16:54.929Z</time>
      </trkpt>
      <trkpt lat="20.641489" lon="-100.304426">
        <ele>1959.086845</ele>
        <time>2026-10-03T19:16:55.321Z</time>
      </trkpt>
      <trkpt lat="20.641491" lon="-100.304444">
        <ele>1959.212712</ele>
        <time>2026-10-03T19:16:55.761Z</time>
      </trkpt>
      <trkpt lat="20.641493" lon="-100.304461">
        <ele>1959.331686</ele>
        <time>2026-10-03T19:16:56.177Z</time>
      </trkpt>
      <trkpt lat="20.641494" lon="-100.304479">
        <ele>1959.456895</ele>
        <time>2026-10-03T19:16:56.614Z</time>
      </trkpt>
      <trkpt lat="20.641494" lon="-100.304497">
        <ele>1959.581884</ele>
        <time>2026-10-03T19:16:57.051Z</time>
      </trkpt>
      <trkpt lat="20.641493" lon="-100.304514">
        <ele>1959.700162</ele>
        <time>2026-10-03T19:16:57.463Z</time>
      </trkpt>
      <trkpt lat="20.641488" lon="-100.304530">
        <ele>1959.817294</ele>
        <time>2026-10-03T19:16:57.872Z</time>
      </trkpt>
      <trkpt lat="20.641482" lon="-100.304546">
        <ele>1959.936983</ele>
        <time>2026-10-03T19:16:58.290Z</time>
      </trkpt>
      <trkpt lat="20.641475" lon="-100.304561">
        <ele>1960.053373</ele>
        <time>2026-10-03T19:16:58.697Z</time>
      </trkpt>
      <trkpt lat="20.641468" lon="-100.304575">
        <ele>1960.163593</ele>
        <time>2026-10-03T19:16:59.082Z</time>
      </trkpt>
      <trkpt lat="20.641460" lon="-100.304589">
        <ele>1960.277497</ele>
        <time>2026-10-03T19:16:59.480Z</time>
      </trkpt>
      <trkpt lat="20.641452" lon="-100.304602">
        <ele>1960.385536</ele>
        <time>2026-10-03T19:16:59.858Z</time>
      </trkpt>
      <trkpt lat="20.641444" lon="-100.304618">
        <ele>1960.511501</ele>
        <time>2026-10-03T19:17:00.298Z</time>
      </trkpt>
      <trkpt lat="20.641438" lon="-100.304633">
        <ele>1960.624775</ele>
        <time>2026-10-03T19:17:00.693Z</time>
      </trkpt>
      <trkpt lat="20.641432" lon="-100.304648">
        <ele>1960.738048</ele>
        <time>2026-10-03T19:17:01.089Z</time>
      </trkpt>
      <trkpt lat="20.641427" lon="-100.304663">
        <ele>1960.848616</ele>
        <time>2026-10-03T19:17:01.475Z</time>
      </trkpt>
      <trkpt lat="20.641421" lon="-100.304679">
        <ele>1960.968306</ele>
        <time>2026-10-03T19:17:01.892Z</time>
      </trkpt>
      <trkpt lat="20.641416" lon="-100.304695">
        <ele>1961.085438</ele>
        <time>2026-10-03T19:17:02.302Z</time>
      </trkpt>
      <trkpt lat="20.641410" lon="-100.304709">
        <ele>1961.192361</ele>
        <time>2026-10-03T19:17:02.675Z</time>
      </trkpt>
      <trkpt lat="20.641405" lon="-100.304725">
        <ele>1961.309493</ele>
        <time>2026-10-03T19:17:03.084Z</time>
      </trkpt>
      <trkpt lat="20.641399" lon="-100.304740">
        <ele>1961.422767</ele>
        <time>2026-10-03T19:17:03.480Z</time>
      </trkpt>
      <trkpt lat="20.641393" lon="-100.304756">
        <ele>1961.542456</ele>
        <time>2026-10-03T19:17:03.899Z</time>
      </trkpt>
      <trkpt lat="20.641387" lon="-100.304772">
        <ele>1961.662146</ele>
        <time>2026-10-03T19:17:04.317Z</time>
      </trkpt>
      <trkpt lat="20.641381" lon="-100.304786">
        <ele>1961.769069</ele>
        <time>2026-10-03T19:17:04.690Z</time>
      </trkpt>
      <trkpt lat="20.641374" lon="-100.304801">
        <ele>1961.885459</ele>
        <time>2026-10-03T19:17:05.097Z</time>
      </trkpt>
      <trkpt lat="20.641367" lon="-100.304815">
        <ele>1961.995679</ele>
        <time>2026-10-03T19:17:05.481Z</time>
      </trkpt>
      <trkpt lat="20.641360" lon="-100.304829">
        <ele>1962.105899</ele>
        <time>2026-10-03T19:17:05.866Z</time>
      </trkpt>
      <trkpt lat="20.641353" lon="-100.304844">
        <ele>1962.222289</ele>
        <time>2026-10-03T19:17:06.273Z</time>
      </trkpt>
      <trkpt lat="20.641348" lon="-100.304858">
        <ele>1962.326341</ele>
        <time>2026-10-03T19:17:06.636Z</time>
      </trkpt>
      <trkpt lat="20.641342" lon="-100.304874">
        <ele>1962.446031</ele>
        <time>2026-10-03T19:17:07.054Z</time>
      </trkpt>
      <trkpt lat="20.641336" lon="-100.304890">
        <ele>1962.565721</ele>
        <time>2026-10-03T19:17:07.473Z</time>
      </trkpt>
      <trkpt lat="20.641330" lon="-100.304906">
        <ele>1962.685410</ele>
        <time>2026-10-03T19:17:07.891Z</time>
      </trkpt>
      <trkpt lat="20.641322" lon="-100.304922">
        <ele>1962.811376</ele>
        <time>2026-10-03T19:17:08.331Z</time>
      </trkpt>
      <trkpt lat="20.641313" lon="-100.304937">
        <ele>1962.935103</ele>
        <time>2026-10-03T19:17:08.763Z</time>
      </trkpt>
      <trkpt lat="20.641303" lon="-100.304951">
        <ele>1963.057399</ele>
        <time>2026-10-03T19:17:09.190Z</time>
      </trkpt>
      <trkpt lat="20.641292" lon="-100.304967">
        <ele>1963.195260</ele>
        <time>2026-10-03T19:17:09.671Z</time>
      </trkpt>
      <trkpt lat="20.641282" lon="-100.304985">
        <ele>1963.340615</ele>
        <time>2026-10-03T19:17:10.179Z</time>
      </trkpt>
      <trkpt lat="20.641273" lon="-100.305002">
        <ele>1963.476242</ele>
        <time>2026-10-03T19:17:10.652Z</time>
      </trkpt>
      <trkpt lat="20.641265" lon="-100.305019">
        <ele>1963.608372</ele>
        <time>2026-10-03T19:17:11.114Z</time>
      </trkpt>
      <trkpt lat="20.641257" lon="-100.305036">
        <ele>1963.739901</ele>
        <time>2026-10-03T19:17:11.576Z</time>
      </trkpt>
      <trkpt lat="20.641249" lon="-100.305053">
        <ele>1963.864579</ele>
        <time>2026-10-03T19:17:12.037Z</time>
      </trkpt>
      <trkpt lat="20.641241" lon="-100.305070">
        <ele>1963.989258</ele>
        <time>2026-10-03T19:17:12.499Z</time>
      </trkpt>
      <trkpt lat="20.641235" lon="-100.305088">
        <ele>1964.114456</ele>
        <time>2026-10-03T19:17:12.962Z</time>
      </trkpt>
      <trkpt lat="20.641229" lon="-100.305104">
        <ele>1964.227396</ele>
        <time>2026-10-03T19:17:13.380Z</time>
      </trkpt>
      <trkpt lat="20.641222" lon="-100.305120">
        <ele>1964.343122</ele>
        <time>2026-10-03T19:17:13.808Z</time>
      </trkpt>
      <trkpt lat="20.641216" lon="-100.305135">
        <ele>1964.450008</ele>
        <time>2026-10-03T19:17:14.204Z</time>
      </trkpt>
      <trkpt lat="20.641210" lon="-100.305149">
        <ele>1964.550901</ele>
        <time>2026-10-03T19:17:14.577Z</time>
      </trkpt>
      <trkpt lat="20.641205" lon="-100.305162">
        <ele>1964.642993</ele>
        <time>2026-10-03T19:17:14.918Z</time>
      </trkpt>
      <trkpt lat="20.641201" lon="-100.305173">
        <ele>1964.720318</ele>
        <time>2026-10-03T19:17:15.205Z</time>
      </trkpt>
      <trkpt lat="20.641195" lon="-100.305183">
        <ele>1964.798151</ele>
        <time>2026-10-03T19:17:15.493Z</time>
      </trkpt>
      <trkpt lat="20.641191" lon="-100.305194">
        <ele>1964.875476</ele>
        <time>2026-10-03T19:17:15.779Z</time>
      </trkpt>
      <trkpt lat="20.641186" lon="-100.305204">
        <ele>1964.949764</ele>
        <time>2026-10-03T19:17:16.054Z</time>
      </trkpt>
      <trkpt lat="20.641181" lon="-100.305215">
        <ele>1965.029891</ele>
        <time>2026-10-03T19:17:16.351Z</time>
      </trkpt>
      <trkpt lat="20.641177" lon="-100.305228">
        <ele>1965.119556</ele>
        <time>2026-10-03T19:17:16.683Z</time>
      </trkpt>
      <trkpt lat="20.641173" lon="-100.305242">
        <ele>1965.215467</ele>
        <time>2026-10-03T19:17:17.038Z</time>
      </trkpt>
      <trkpt lat="20.641169" lon="-100.305256">
        <ele>1965.311379</ele>
        <time>2026-10-03T19:17:17.393Z</time>
      </trkpt>
      <trkpt lat="20.641166" lon="-100.305270">
        <ele>1965.405484</ele>
        <time>2026-10-03T19:17:17.740Z</time>
      </trkpt>
      <trkpt lat="20.641164" lon="-100.305282">
        <ele>1965.485348</ele>
        <time>2026-10-03T19:17:18.036Z</time>
      </trkpt>
      <trkpt lat="20.641163" lon="-100.305293">
        <ele>1965.557762</ele>
        <time>2026-10-03T19:17:18.304Z</time>
      </trkpt>
      <trkpt lat="20.641161" lon="-100.305305">
        <ele>1965.637626</ele>
        <time>2026-10-03T19:17:18.600Z</time>
      </trkpt>
      <trkpt lat="20.641159" lon="-100.305316">
        <ele>1965.711048</ele>
        <time>2026-10-03T19:17:18.872Z</time>
      </trkpt>
      <trkpt lat="20.641158" lon="-100.305328">
        <ele>1965.789986</ele>
        <time>2026-10-03T19:17:19.164Z</time>
      </trkpt>
      <trkpt lat="20.641157" lon="-100.305340">
        <ele>1965.868923</ele>
        <time>2026-10-03T19:17:19.456Z</time>
      </trkpt>
      <trkpt lat="20.641156" lon="-100.305353">
        <ele>1965.954390</ele>
        <time>2026-10-03T19:17:19.773Z</time>
      </trkpt>
      <trkpt lat="20.641155" lon="-100.305366">
        <ele>1966.039856</ele>
        <time>2026-10-03T19:17:20.089Z</time>
      </trkpt>
      <trkpt lat="20.641152" lon="-100.305378">
        <ele>1966.121240</ele>
        <time>2026-10-03T19:17:20.390Z</time>
      </trkpt>
      <trkpt lat="20.641150" lon="-100.305391">
        <ele>1966.207562</ele>
        <time>2026-10-03T19:17:20.710Z</time>
      </trkpt>
      <trkpt lat="20.641148" lon="-100.305405">
        <ele>1966.300356</ele>
        <time>2026-10-03T19:17:21.053Z</time>
      </trkpt>
      <trkpt lat="20.641146" lon="-100.305417">
        <ele>1966.380220</ele>
        <time>2026-10-03T19:17:21.349Z</time>
      </trkpt>
      <trkpt lat="20.641142" lon="-100.305430">
        <ele>1966.469885</ele>
        <time>2026-10-03T19:17:21.680Z</time>
      </trkpt>
      <trkpt lat="20.641140" lon="-100.305443">
        <ele>1966.556207</ele>
        <time>2026-10-03T19:17:22.000Z</time>
      </trkpt>
      <trkpt lat="20.641140" lon="-100.305455">
        <ele>1966.634834</ele>
        <time>2026-10-03T19:17:22.291Z</time>
      </trkpt>
      <trkpt lat="20.641141" lon="-100.305467">
        <ele>1966.713772</ele>
        <time>2026-10-03T19:17:22.583Z</time>
      </trkpt>
      <trkpt lat="20.641141" lon="-100.305479">
        <ele>1966.792398</ele>
        <time>2026-10-03T19:17:22.874Z</time>
      </trkpt>
      <trkpt lat="20.641142" lon="-100.305491">
        <ele>1966.871336</ele>
        <time>2026-10-03T19:17:23.166Z</time>
      </trkpt>
      <trkpt lat="20.641143" lon="-100.305503">
        <ele>1966.950274</ele>
        <time>2026-10-03T19:17:23.459Z</time>
      </trkpt>
      <trkpt lat="20.641142" lon="-100.305516">
        <ele>1967.035740</ele>
        <time>2026-10-03T19:17:23.775Z</time>
      </trkpt>
      <trkpt lat="20.641140" lon="-100.305528">
        <ele>1967.115604</ele>
        <time>2026-10-03T19:17:24.071Z</time>
      </trkpt>
      <trkpt lat="20.641138" lon="-100.305541">
        <ele>1967.201926</ele>
        <time>2026-10-03T19:17:24.390Z</time>
      </trkpt>
      <trkpt lat="20.641137" lon="-100.305554">
        <ele>1967.287393</ele>
        <time>2026-10-03T19:17:24.706Z</time>
      </trkpt>
      <trkpt lat="20.641136" lon="-100.305569">
        <ele>1967.385925</ele>
        <time>2026-10-03T19:17:25.071Z</time>
      </trkpt>
      <trkpt lat="20.641135" lon="-100.305583">
        <ele>1967.477923</ele>
        <time>2026-10-03T19:17:25.411Z</time>
      </trkpt>
      <trkpt lat="20.641133" lon="-100.305596">
        <ele>1967.564245</ele>
        <time>2026-10-03T19:17:25.731Z</time>
      </trkpt>
      <trkpt lat="20.641131" lon="-100.305610">
        <ele>1967.657039</ele>
        <time>2026-10-03T19:17:26.074Z</time>
      </trkpt>
      <trkpt lat="20.641129" lon="-100.305624">
        <ele>1967.749833</ele>
        <time>2026-10-03T19:17:26.418Z</time>
      </trkpt>
      <trkpt lat="20.641129" lon="-100.305638">
        <ele>1967.841564</ele>
        <time>2026-10-03T19:17:26.757Z</time>
      </trkpt>
      <trkpt lat="20.641130" lon="-100.305652">
        <ele>1967.933562</ele>
        <time>2026-10-03T19:17:27.098Z</time>
      </trkpt>
      <trkpt lat="20.641133" lon="-100.305663">
        <ele>1968.008635</ele>
        <time>2026-10-03T19:17:27.376Z</time>
      </trkpt>
      <trkpt lat="20.641139" lon="-100.305674">
        <ele>1968.092059</ele>
        <time>2026-10-03T19:17:27.685Z</time>
      </trkpt>
      <trkpt lat="20.641143" lon="-100.305685">
        <ele>1968.169384</ele>
        <time>2026-10-03T19:17:27.971Z</time>
      </trkpt>
      <trkpt lat="20.641145" lon="-100.305698">
        <ele>1968.255706</ele>
        <time>2026-10-03T19:17:28.290Z</time>
      </trkpt>
      <trkpt lat="20.641143" lon="-100.305711">
        <ele>1968.342028</ele>
        <time>2026-10-03T19:17:28.610Z</time>
      </trkpt>
      <trkpt lat="20.641141" lon="-100.305725">
        <ele>1968.434822</ele>
        <time>2026-10-03T19:17:28.953Z</time>
      </trkpt>
      <trkpt lat="20.641142" lon="-100.305739">
        <ele>1968.526820</ele>
        <time>2026-10-03T19:17:29.294Z</time>
      </trkpt>
      <trkpt lat="20.641143" lon="-100.305752">
        <ele>1968.612286</ele>
        <time>2026-10-03T19:17:29.610Z</time>
      </trkpt>
      <trkpt lat="20.641144" lon="-100.305766">
        <ele>1968.704284</ele>
        <time>2026-10-03T19:17:29.950Z</time>
      </trkpt>
      <trkpt lat="20.641143" lon="-100.305781">
        <ele>1968.802817</ele>
        <time>2026-10-03T19:17:30.315Z</time>
      </trkpt>
      <trkpt lat="20.641141" lon="-100.305796">
        <ele>1968.902093</ele>
        <time>2026-10-03T19:17:30.682Z</time>
      </trkpt>
      <trkpt lat="20.641138" lon="-100.305812">
        <ele>1969.009012</ele>
        <time>2026-10-03T19:17:31.078Z</time>
      </trkpt>
      <trkpt lat="20.641136" lon="-100.305828">
        <ele>1969.114779</ele>
        <time>2026-10-03T19:17:31.470Z</time>
      </trkpt>
      <trkpt lat="20.641135" lon="-100.305845">
        <ele>1969.226386</ele>
        <time>2026-10-03T19:17:31.883Z</time>
      </trkpt>
      <trkpt lat="20.641133" lon="-100.305862">
        <ele>1969.338651</ele>
        <time>2026-10-03T19:17:32.298Z</time>
      </trkpt>
      <trkpt lat="20.641133" lon="-100.305879">
        <ele>1969.450039</ele>
        <time>2026-10-03T19:17:32.711Z</time>
      </trkpt>
      <trkpt lat="20.641131" lon="-100.305895">
        <ele>1969.555805</ele>
        <time>2026-10-03T19:17:33.102Z</time>
      </trkpt>
      <trkpt lat="20.641129" lon="-100.305911">
        <ele>1969.661572</ele>
        <time>2026-10-03T19:17:33.493Z</time>
      </trkpt>
      <trkpt lat="20.641126" lon="-100.305927">
        <ele>1969.768491</ele>
        <time>2026-10-03T19:17:33.889Z</time>
      </trkpt>
      <trkpt lat="20.641124" lon="-100.305944">
        <ele>1969.880756</ele>
        <time>2026-10-03T19:17:34.304Z</time>
      </trkpt>
      <trkpt lat="20.641122" lon="-100.305960">
        <ele>1969.986522</ele>
        <time>2026-10-03T19:17:34.696Z</time>
      </trkpt>
      <trkpt lat="20.641122" lon="-100.305976">
        <ele>1970.091358</ele>
        <time>2026-10-03T19:17:35.084Z</time>
      </trkpt>
      <trkpt lat="20.641123" lon="-100.305990">
        <ele>1970.183356</ele>
        <time>2026-10-03T19:17:35.425Z</time>
      </trkpt>
      <trkpt lat="20.641124" lon="-100.306003">
        <ele>1970.268822</ele>
        <time>2026-10-03T19:17:35.741Z</time>
      </trkpt>
      <trkpt lat="20.641124" lon="-100.306015">
        <ele>1970.347449</ele>
        <time>2026-10-03T19:17:36.032Z</time>
      </trkpt>
      <trkpt lat="20.641126" lon="-100.306028">
        <ele>1970.433771</ele>
        <time>2026-10-03T19:17:36.351Z</time>
      </trkpt>
      <trkpt lat="20.641129" lon="-100.306042">
        <ele>1970.527877</ele>
        <time>2026-10-03T19:17:36.700Z</time>
      </trkpt>
      <trkpt lat="20.641131" lon="-100.306057">
        <ele>1970.627152</ele>
        <time>2026-10-03T19:17:37.067Z</time>
      </trkpt>
      <trkpt lat="20.641133" lon="-100.306073">
        <ele>1970.732919</ele>
        <time>2026-10-03T19:17:37.458Z</time>
      </trkpt>
      <trkpt lat="20.641134" lon="-100.306089">
        <ele>1970.837988</ele>
        <time>2026-10-03T19:17:37.847Z</time>
      </trkpt>
      <trkpt lat="20.641135" lon="-100.306104">
        <ele>1970.936521</ele>
        <time>2026-10-03T19:17:38.212Z</time>
      </trkpt>
      <trkpt lat="20.641137" lon="-100.306118">
        <ele>1971.029315</ele>
        <time>2026-10-03T19:17:38.555Z</time>
      </trkpt>
      <trkpt lat="20.641139" lon="-100.306132">
        <ele>1971.122108</ele>
        <time>2026-10-03T19:17:38.899Z</time>
      </trkpt>
      <trkpt lat="20.641142" lon="-100.306146">
        <ele>1971.216214</ele>
        <time>2026-10-03T19:17:39.247Z</time>
      </trkpt>
      <trkpt lat="20.641145" lon="-100.306159">
        <ele>1971.303944</ele>
        <time>2026-10-03T19:17:39.572Z</time>
      </trkpt>
      <trkpt lat="20.641149" lon="-100.306172">
        <ele>1971.393609</ele>
        <time>2026-10-03T19:17:39.903Z</time>
      </trkpt>
      <trkpt lat="20.641153" lon="-100.306185">
        <ele>1971.483274</ele>
        <time>2026-10-03T19:17:40.235Z</time>
      </trkpt>
      <trkpt lat="20.641155" lon="-100.306197">
        <ele>1971.563138</ele>
        <time>2026-10-03T19:17:40.531Z</time>
      </trkpt>
      <trkpt lat="20.641159" lon="-100.306209">
        <ele>1971.646604</ele>
        <time>2026-10-03T19:17:40.840Z</time>
      </trkpt>
      <trkpt lat="20.641165" lon="-100.306221">
        <ele>1971.735750</ele>
        <time>2026-10-03T19:17:41.169Z</time>
      </trkpt>
      <trkpt lat="20.641171" lon="-100.306232">
        <ele>1971.819174</ele>
        <time>2026-10-03T19:17:41.478Z</time>
      </trkpt>
      <trkpt lat="20.641179" lon="-100.306242">
        <ele>1971.905376</ele>
        <time>2026-10-03T19:17:41.797Z</time>
      </trkpt>
      <trkpt lat="20.641189" lon="-100.306249">
        <ele>1971.989077</ele>
        <time>2026-10-03T19:17:42.107Z</time>
      </trkpt>
      <trkpt lat="20.641201" lon="-100.306254">
        <ele>1972.079259</ele>
        <time>2026-10-03T19:17:42.441Z</time>
      </trkpt>
      <trkpt lat="20.641214" lon="-100.306258">
        <ele>1972.173979</ele>
        <time>2026-10-03T19:17:42.791Z</time>
      </trkpt>
      <trkpt lat="20.641228" lon="-100.306258">
        <ele>1972.272002</ele>
        <time>2026-10-03T19:17:43.154Z</time>
      </trkpt>
      <trkpt lat="20.641241" lon="-100.306255">
        <ele>1972.365123</ele>
        <time>2026-10-03T19:17:43.499Z</time>
      </trkpt>
      <trkpt lat="20.641257" lon="-100.306251">
        <ele>1972.480175</ele>
        <time>2026-10-03T19:17:43.924Z</time>
      </trkpt>
      <trkpt lat="20.641274" lon="-100.306246">
        <ele>1972.603629</ele>
        <time>2026-10-03T19:17:44.381Z</time>
      </trkpt>
      <trkpt lat="20.641293" lon="-100.306242">
        <ele>1972.739219</ele>
        <time>2026-10-03T19:17:44.883Z</time>
      </trkpt>
      <trkpt lat="20.641311" lon="-100.306239">
        <ele>1972.866773</ele>
        <time>2026-10-03T19:17:45.355Z</time>
      </trkpt>
      <trkpt lat="20.641328" lon="-100.306236">
        <ele>1972.987413</ele>
        <time>2026-10-03T19:17:45.801Z</time>
      </trkpt>
      <trkpt lat="20.641344" lon="-100.306231">
        <ele>1973.104132</ele>
        <time>2026-10-03T19:17:46.233Z</time>
      </trkpt>
      <trkpt lat="20.641359" lon="-100.306226">
        <ele>1973.214149</ele>
        <time>2026-10-03T19:17:46.640Z</time>
      </trkpt>
      <trkpt lat="20.641372" lon="-100.306220">
        <ele>1973.313298</ele>
        <time>2026-10-03T19:17:47.007Z</time>
      </trkpt>
      <trkpt lat="20.641385" lon="-100.306213">
        <ele>1973.415222</ele>
        <time>2026-10-03T19:17:47.385Z</time>
      </trkpt>
      <trkpt lat="20.641397" lon="-100.306204">
        <ele>1973.517872</ele>
        <time>2026-10-03T19:17:47.764Z</time>
      </trkpt>
      <trkpt lat="20.641408" lon="-100.306195">
        <ele>1973.614873</ele>
        <time>2026-10-03T19:17:48.123Z</time>
      </trkpt>
      <trkpt lat="20.641418" lon="-100.306184">
        <ele>1973.715357</ele>
        <time>2026-10-03T19:17:48.495Z</time>
      </trkpt>
      <trkpt lat="20.641429" lon="-100.306174">
        <ele>1973.816476</ele>
        <time>2026-10-03T19:17:48.869Z</time>
      </trkpt>
      <trkpt lat="20.641440" lon="-100.306164">
        <ele>1973.917595</ele>
        <time>2026-10-03T19:17:49.243Z</time>
      </trkpt>
      <trkpt lat="20.641451" lon="-100.306155">
        <ele>1974.014596</ele>
        <time>2026-10-03T19:17:49.602Z</time>
      </trkpt>
      <trkpt lat="20.641462" lon="-100.306147">
        <ele>1974.107760</ele>
        <time>2026-10-03T19:17:49.947Z</time>
      </trkpt>
      <trkpt lat="20.641473" lon="-100.306141">
        <ele>1974.194232</ele>
        <time>2026-10-03T19:17:50.267Z</time>
      </trkpt>
      <trkpt lat="20.641485" lon="-100.306137">
        <ele>1974.282245</ele>
        <time>2026-10-03T19:17:50.593Z</time>
      </trkpt>
      <trkpt lat="20.641498" lon="-100.306132">
        <ele>1974.378983</ele>
        <time>2026-10-03T19:17:50.951Z</time>
      </trkpt>
      <trkpt lat="20.641512" lon="-100.306129">
        <ele>1974.478958</ele>
        <time>2026-10-03T19:17:51.321Z</time>
      </trkpt>
      <trkpt lat="20.641526" lon="-100.306126">
        <ele>1974.578933</ele>
        <time>2026-10-03T19:17:51.691Z</time>
      </trkpt>
      <trkpt lat="20.641539" lon="-100.306125">
        <ele>1974.670191</ele>
        <time>2026-10-03T19:17:52.028Z</time>
      </trkpt>
      <trkpt lat="20.641553" lon="-100.306126">
        <ele>1974.768433</ele>
        <time>2026-10-03T19:17:52.392Z</time>
      </trkpt>
      <trkpt lat="20.641567" lon="-100.306127">
        <ele>1974.866675</ele>
        <time>2026-10-03T19:17:52.755Z</time>
      </trkpt>
      <trkpt lat="20.641582" lon="-100.306129">
        <ele>1974.972515</ele>
        <time>2026-10-03T19:17:53.147Z</time>
      </trkpt>
      <trkpt lat="20.641596" lon="-100.306131">
        <ele>1975.071411</ele>
        <time>2026-10-03T19:17:53.513Z</time>
      </trkpt>
      <trkpt lat="20.641610" lon="-100.306135">
        <ele>1975.172878</ele>
        <time>2026-10-03T19:17:53.888Z</time>
      </trkpt>
      <trkpt lat="20.641623" lon="-100.306140">
        <ele>1975.269616</ele>
        <time>2026-10-03T19:17:54.246Z</time>
      </trkpt>
      <trkpt lat="20.641636" lon="-100.306147">
        <ele>1975.371540</ele>
        <time>2026-10-03T19:17:54.623Z</time>
      </trkpt>
      <trkpt lat="20.641651" lon="-100.306154">
        <ele>1975.486144</ele>
        <time>2026-10-03T19:17:55.047Z</time>
      </trkpt>
      <trkpt lat="20.641668" lon="-100.306159">
        <ele>1975.609599</ele>
        <time>2026-10-03T19:17:55.504Z</time>
      </trkpt>
      <trkpt lat="20.641685" lon="-100.306164">
        <ele>1975.733053</ele>
        <time>2026-10-03T19:17:55.961Z</time>
      </trkpt>
      <trkpt lat="20.641702" lon="-100.306168">
        <ele>1975.854933</ele>
        <time>2026-10-03T19:17:56.412Z</time>
      </trkpt>
      <trkpt lat="20.641719" lon="-100.306169">
        <ele>1975.974142</ele>
        <time>2026-10-03T19:17:56.853Z</time>
      </trkpt>
      <trkpt lat="20.641736" lon="-100.306169">
        <ele>1976.093171</ele>
        <time>2026-10-03T19:17:57.293Z</time>
      </trkpt>
      <trkpt lat="20.641754" lon="-100.306168">
        <ele>1976.219371</ele>
        <time>2026-10-03T19:17:57.760Z</time>
      </trkpt>
      <trkpt lat="20.641772" lon="-100.306166">
        <ele>1976.342009</ele>
        <time>2026-10-03T19:17:58.229Z</time>
      </trkpt>
      <trkpt lat="20.641791" lon="-100.306164">
        <ele>1976.451719</ele>
        <time>2026-10-03T19:17:58.724Z</time>
      </trkpt>
      <trkpt lat="20.641811" lon="-100.306161">
        <ele>1976.567773</ele>
        <time>2026-10-03T19:17:59.247Z</time>
      </trkpt>
      <trkpt lat="20.641829" lon="-100.306159">
        <ele>1976.671766</ele>
        <time>2026-10-03T19:17:59.716Z</time>
      </trkpt>
      <trkpt lat="20.641848" lon="-100.306157">
        <ele>1976.781475</ele>
        <time>2026-10-03T19:18:00.210Z</time>
      </trkpt>
      <trkpt lat="20.641868" lon="-100.306154">
        <ele>1976.897530</ele>
        <time>2026-10-03T19:18:00.733Z</time>
      </trkpt>
      <trkpt lat="20.641886" lon="-100.306151">
        <ele>1977.002215</ele>
        <time>2026-10-03T19:18:01.205Z</time>
      </trkpt>
      <trkpt lat="20.641905" lon="-100.306148">
        <ele>1977.112581</ele>
        <time>2026-10-03T19:18:01.703Z</time>
      </trkpt>
      <trkpt lat="20.641925" lon="-100.306143">
        <ele>1977.230612</ele>
        <time>2026-10-03T19:18:02.235Z</time>
      </trkpt>
      <trkpt lat="20.641946" lon="-100.306137">
        <ele>1977.355525</ele>
        <time>2026-10-03T19:18:02.798Z</time>
      </trkpt>
      <trkpt lat="20.641968" lon="-100.306130">
        <ele>1977.487430</ele>
        <time>2026-10-03T19:18:03.393Z</time>
      </trkpt>
      <trkpt lat="20.641989" lon="-100.306121">
        <ele>1977.617448</ele>
        <time>2026-10-03T19:18:03.979Z</time>
      </trkpt>
      <trkpt lat="20.642007" lon="-100.306113">
        <ele>1977.729472</ele>
        <time>2026-10-03T19:18:04.484Z</time>
      </trkpt>
      <trkpt lat="20.642020" lon="-100.306106">
        <ele>1977.813123</ele>
        <time>2026-10-03T19:18:04.860Z</time>
      </trkpt>
      <trkpt lat="20.642028" lon="-100.306098">
        <ele>1977.876083</ele>
        <time>2026-10-03T19:18:05.144Z</time>
      </trkpt>
      <trkpt lat="20.642030" lon="-100.306094">
        <ele>1977.900471</ele>
        <time>2026-10-03T19:18:05.254Z</time>
      </trkpt>
      <trkpt lat="20.642029" lon="-100.306092">
        <ele>1977.912665</ele>
        <time>2026-10-03T19:18:05.309Z</time>
      </trkpt>
      <trkpt lat="20.642026" lon="-100.306092">
        <ele>1977.929904</ele>
        <time>2026-10-03T19:18:05.387Z</time>
      </trkpt>
      <trkpt lat="20.642022" lon="-100.306093">
        <ele>1977.953510</ele>
        <time>2026-10-03T19:18:05.493Z</time>
      </trkpt>
      <trkpt lat="20.642020" lon="-100.306094">
        <ele>1977.966199</ele>
        <time>2026-10-03T19:18:05.551Z</time>
      </trkpt>
      <trkpt lat="20.642018" lon="-100.306095">
        <ele>1977.978887</ele>
        <time>2026-10-03T19:18:05.608Z</time>
      </trkpt>
      <trkpt lat="20.642017" lon="-100.306096">
        <ele>1977.986757</ele>
        <time>2026-10-03T19:18:05.643Z</time>
      </trkpt>
      <trkpt lat="20.642016" lon="-100.306096">
        <ele>1977.992504</ele>
        <time>2026-10-03T19:18:05.669Z</time>
      </trkpt>
      <trkpt lat="20.642016" lon="-100.306097">
        <ele>1977.997881</ele>
        <time>2026-10-03T19:18:05.694Z</time>
      </trkpt>
      <trkpt lat="20.642017" lon="-100.306097">
        <ele>1978.003628</ele>
        <time>2026-10-03T19:18:05.720Z</time>
      </trkpt>
      <trkpt lat="20.642022" lon="-100.306089">
        <ele>1978.055360</ele>
        <time>2026-10-03T19:18:05.953Z</time>
      </trkpt>
      <trkpt lat="20.642033" lon="-100.306081">
        <ele>1978.131820</ele>
        <time>2026-10-03T19:18:06.297Z</time>
      </trkpt>
      <trkpt lat="20.642049" lon="-100.306072">
        <ele>1978.235722</ele>
        <time>2026-10-03T19:18:06.766Z</time>
      </trkpt>
      <trkpt lat="20.642068" lon="-100.306064">
        <ele>1978.353073</ele>
        <time>2026-10-03T19:18:07.295Z</time>
      </trkpt>
      <trkpt lat="20.642088" lon="-100.306054">
        <ele>1978.479959</ele>
        <time>2026-10-03T19:18:07.867Z</time>
      </trkpt>
      <trkpt lat="20.642111" lon="-100.306044">
        <ele>1978.622647</ele>
        <time>2026-10-03T19:18:08.510Z</time>
      </trkpt>
      <trkpt lat="20.642133" lon="-100.306034">
        <ele>1978.760029</ele>
        <time>2026-10-03T19:18:09.129Z</time>
      </trkpt>
      <trkpt lat="20.642155" lon="-100.306023">
        <ele>1978.899603</ele>
        <time>2026-10-03T19:18:09.758Z</time>
      </trkpt>
      <trkpt lat="20.642175" lon="-100.306012">
        <ele>1979.028860</ele>
        <time>2026-10-03T19:18:10.341Z</time>
      </trkpt>
      <trkpt lat="20.642193" lon="-100.306001">
        <ele>1979.148014</ele>
        <time>2026-10-03T19:18:10.878Z</time>
      </trkpt>
      <trkpt lat="20.642210" lon="-100.305992">
        <ele>1979.257034</ele>
        <time>2026-10-03T19:18:11.369Z</time>
      </trkpt>
      <trkpt lat="20.642226" lon="-100.305981">
        <ele>1979.366361</ele>
        <time>2026-10-03T19:18:11.862Z</time>
      </trkpt>
      <trkpt lat="20.642242" lon="-100.305970">
        <ele>1979.475687</ele>
        <time>2026-10-03T19:18:12.354Z</time>
      </trkpt>
      <trkpt lat="20.642258" lon="-100.305960">
        <ele>1979.582200</ele>
        <time>2026-10-03T19:18:12.834Z</time>
      </trkpt>
      <trkpt lat="20.642275" lon="-100.305952">
        <ele>1979.688942</ele>
        <time>2026-10-03T19:18:13.316Z</time>
      </trkpt>
      <trkpt lat="20.642291" lon="-100.305944">
        <ele>1979.790450</ele>
        <time>2026-10-03T19:18:13.773Z</time>
      </trkpt>
      <trkpt lat="20.642307" lon="-100.305937">
        <ele>1979.889800</ele>
        <time>2026-10-03T19:18:14.221Z</time>
      </trkpt>
      <trkpt lat="20.642323" lon="-100.305929">
        <ele>1979.991308</ele>
        <time>2026-10-03T19:18:14.679Z</time>
      </trkpt>
      <trkpt lat="20.642340" lon="-100.305922">
        <ele>1980.095998</ele>
        <time>2026-10-03T19:18:15.151Z</time>
      </trkpt>
      <trkpt lat="20.642356" lon="-100.305913">
        <ele>1980.199900</ele>
        <time>2026-10-03T19:18:15.619Z</time>
      </trkpt>
      <trkpt lat="20.642373" lon="-100.305905">
        <ele>1980.306641</ele>
        <time>2026-10-03T19:18:16.100Z</time>
      </trkpt>
      <trkpt lat="20.642390" lon="-100.305896">
        <ele>1980.415661</ele>
        <time>2026-10-03T19:18:16.591Z</time>
      </trkpt>
      <trkpt lat="20.642408" lon="-100.305886">
        <ele>1980.532239</ele>
        <time>2026-10-03T19:18:17.116Z</time>
      </trkpt>
      <trkpt lat="20.642426" lon="-100.305876">
        <ele>1980.648817</ele>
        <time>2026-10-03T19:18:17.642Z</time>
      </trkpt>
      <trkpt lat="20.642444" lon="-100.305867">
        <ele>1980.763015</ele>
        <time>2026-10-03T19:18:18.157Z</time>
      </trkpt>
      <trkpt lat="20.642463" lon="-100.305859">
        <ele>1980.880366</ele>
        <time>2026-10-03T19:18:18.685Z</time>
      </trkpt>
      <trkpt lat="20.642482" lon="-100.305852">
        <ele>1980.995853</ele>
        <time>2026-10-03T19:18:19.206Z</time>
      </trkpt>
      <trkpt lat="20.642502" lon="-100.305844">
        <ele>1981.118569</ele>
        <time>2026-10-03T19:18:19.759Z</time>
      </trkpt>
      <trkpt lat="20.642522" lon="-100.305838">
        <ele>1981.237939</ele>
        <time>2026-10-03T19:18:20.297Z</time>
      </trkpt>
      <trkpt lat="20.642542" lon="-100.305833">
        <ele>1981.355970</ele>
        <time>2026-10-03T19:18:20.828Z</time>
      </trkpt>
      <trkpt lat="20.642560" lon="-100.305827">
        <ele>1981.464320</ele>
        <time>2026-10-03T19:18:21.317Z</time>
      </trkpt>
      <trkpt lat="20.642577" lon="-100.305821">
        <ele>1981.567199</ele>
        <time>2026-10-03T19:18:21.781Z</time>
      </trkpt>
      <trkpt lat="20.642595" lon="-100.305817">
        <ele>1981.672847</ele>
        <time>2026-10-03T19:18:22.257Z</time>
      </trkpt>
      <trkpt lat="20.642614" lon="-100.305814">
        <ele>1981.783213</ele>
        <time>2026-10-03T19:18:22.754Z</time>
      </trkpt>
      <trkpt lat="20.642633" lon="-100.305814">
        <ele>1981.892394</ele>
        <time>2026-10-03T19:18:23.246Z</time>
      </trkpt>
      <trkpt lat="20.642652" lon="-100.305815">
        <ele>1982.001708</ele>
        <time>2026-10-03T19:18:23.739Z</time>
      </trkpt>
      <trkpt lat="20.642670" lon="-100.305821">
        <ele>1982.110058</ele>
        <time>2026-10-03T19:18:24.227Z</time>
      </trkpt>
      <trkpt lat="20.642688" lon="-100.305827">
        <ele>1982.218408</ele>
        <time>2026-10-03T19:18:24.715Z</time>
      </trkpt>
      <trkpt lat="20.642705" lon="-100.305834">
        <ele>1982.323098</ele>
        <time>2026-10-03T19:18:25.187Z</time>
      </trkpt>
      <trkpt lat="20.642722" lon="-100.305841">
        <ele>1982.427788</ele>
        <time>2026-10-03T19:18:25.659Z</time>
      </trkpt>
      <trkpt lat="20.642739" lon="-100.305848">
        <ele>1982.532478</ele>
        <time>2026-10-03T19:18:26.130Z</time>
      </trkpt>
      <trkpt lat="20.642756" lon="-100.305854">
        <ele>1982.635356</ele>
        <time>2026-10-03T19:18:26.594Z</time>
      </trkpt>
      <trkpt lat="20.642771" lon="-100.305860">
        <ele>1982.727393</ele>
        <time>2026-10-03T19:18:27.009Z</time>
      </trkpt>
      <trkpt lat="20.642787" lon="-100.305866">
        <ele>1982.824832</ele>
        <time>2026-10-03T19:18:27.448Z</time>
      </trkpt>
      <trkpt lat="20.642803" lon="-100.305871">
        <ele>1982.920624</ele>
        <time>2026-10-03T19:18:27.879Z</time>
      </trkpt>
      <trkpt lat="20.642821" lon="-100.305879">
        <ele>1983.032649</ele>
        <time>2026-10-03T19:18:28.384Z</time>
      </trkpt>
      <trkpt lat="20.642838" lon="-100.305887">
        <ele>1983.139390</ele>
        <time>2026-10-03T19:18:28.864Z</time>
      </trkpt>
      <trkpt lat="20.642854" lon="-100.305895">
        <ele>1983.240899</ele>
        <time>2026-10-03T19:18:29.322Z</time>
      </trkpt>
      <trkpt lat="20.642868" lon="-100.305905">
        <ele>1983.337665</ele>
        <time>2026-10-03T19:18:29.759Z</time>
      </trkpt>
      <trkpt lat="20.642882" lon="-100.305916">
        <ele>1983.437520</ele>
        <time>2026-10-03T19:18:30.208Z</time>
      </trkpt>
      <trkpt lat="20.642895" lon="-100.305930">
        <ele>1983.543578</ele>
        <time>2026-10-03T19:18:30.686Z</time>
      </trkpt>
      <trkpt lat="20.642908" lon="-100.305944">
        <ele>1983.649635</ele>
        <time>2026-10-03T19:18:31.164Z</time>
      </trkpt>
      <trkpt lat="20.642920" lon="-100.305958">
        <ele>1983.751727</ele>
        <time>2026-10-03T19:18:31.624Z</time>
      </trkpt>
      <trkpt lat="20.642931" lon="-100.305974">
        <ele>1983.858489</ele>
        <time>2026-10-03T19:18:32.105Z</time>
      </trkpt>
      <trkpt lat="20.642941" lon="-100.305989">
        <ele>1983.957527</ele>
        <time>2026-10-03T19:18:32.551Z</time>
      </trkpt>
      <trkpt lat="20.642950" lon="-100.306001">
        <ele>1984.040223</ele>
        <time>2026-10-03T19:18:32.923Z</time>
      </trkpt>
      <trkpt lat="20.642959" lon="-100.306013">
        <ele>1984.122920</ele>
        <time>2026-10-03T19:18:33.296Z</time>
      </trkpt>
      <trkpt lat="20.642967" lon="-100.306025">
        <ele>1984.202149</ele>
        <time>2026-10-03T19:18:33.654Z</time>
      </trkpt>
      <trkpt lat="20.642975" lon="-100.306037">
        <ele>1984.281379</ele>
        <time>2026-10-03T19:18:34.011Z</time>
      </trkpt>
      <trkpt lat="20.642982" lon="-100.306050">
        <ele>1984.362032</ele>
        <time>2026-10-03T19:18:34.374Z</time>
      </trkpt>
      <trkpt lat="20.642987" lon="-100.306064">
        <ele>1984.442613</ele>
        <time>2026-10-03T19:18:34.737Z</time>
      </trkpt>
      <trkpt lat="20.642993" lon="-100.306078">
        <ele>1984.525416</ele>
        <time>2026-10-03T19:18:35.110Z</time>
      </trkpt>
      <trkpt lat="20.643000" lon="-100.306091">
        <ele>1984.606070</ele>
        <time>2026-10-03T19:18:35.473Z</time>
      </trkpt>
      <trkpt lat="20.643008" lon="-100.306105">
        <ele>1984.694280</ele>
        <time>2026-10-03T19:18:35.871Z</time>
      </trkpt>
      <trkpt lat="20.643018" lon="-100.306119">
        <ele>1984.788989</ele>
        <time>2026-10-03T19:18:36.297Z</time>
      </trkpt>
      <trkpt lat="20.643026" lon="-100.306133">
        <ele>1984.877199</ele>
        <time>2026-10-03T19:18:36.694Z</time>
      </trkpt>
      <trkpt lat="20.643036" lon="-100.306147">
        <ele>1984.971908</ele>
        <time>2026-10-03T19:18:37.121Z</time>
      </trkpt>
      <trkpt lat="20.643045" lon="-100.306159">
        <ele>1985.054604</ele>
        <time>2026-10-03T19:18:37.494Z</time>
      </trkpt>
      <trkpt lat="20.643056" lon="-100.306171">
        <ele>1985.144934</ele>
        <time>2026-10-03T19:18:37.901Z</time>
      </trkpt>
      <trkpt lat="20.643067" lon="-100.306180">
        <ele>1985.224544</ele>
        <time>2026-10-03T19:18:38.260Z</time>
      </trkpt>
      <trkpt lat="20.643078" lon="-100.306190">
        <ele>1985.307534</ele>
        <time>2026-10-03T19:18:38.634Z</time>
      </trkpt>
      <trkpt lat="20.643088" lon="-100.306201">
        <ele>1985.390002</ele>
        <time>2026-10-03T19:18:39.005Z</time>
      </trkpt>
      <trkpt lat="20.643097" lon="-100.306213">
        <ele>1985.472698</ele>
        <time>2026-10-03T19:18:39.378Z</time>
      </trkpt>
      <trkpt lat="20.643107" lon="-100.306225">
        <ele>1985.559105</ele>
        <time>2026-10-03T19:18:39.767Z</time>
      </trkpt>
      <trkpt lat="20.643117" lon="-100.306239">
        <ele>1985.653814</ele>
        <time>2026-10-03T19:18:40.193Z</time>
      </trkpt>
      <trkpt lat="20.643129" lon="-100.306252">
        <ele>1985.752007</ele>
        <time>2026-10-03T19:18:40.635Z</time>
      </trkpt>
      <trkpt lat="20.643144" lon="-100.306266">
        <ele>1985.866451</ele>
        <time>2026-10-03T19:18:41.151Z</time>
      </trkpt>
      <trkpt lat="20.643160" lon="-100.306278">
        <ele>1985.978778</ele>
        <time>2026-10-03T19:18:41.658Z</time>
      </trkpt>
      <trkpt lat="20.643177" lon="-100.306289">
        <ele>1986.092979</ele>
        <time>2026-10-03T19:18:42.172Z</time>
      </trkpt>
      <trkpt lat="20.643194" lon="-100.306301">
        <ele>1986.210056</ele>
        <time>2026-10-03T19:18:42.700Z</time>
      </trkpt>
      <trkpt lat="20.643211" lon="-100.306313">
        <ele>1986.327133</ele>
        <time>2026-10-03T19:18:43.227Z</time>
      </trkpt>
      <trkpt lat="20.643227" lon="-100.306326">
        <ele>1986.442633</ele>
        <time>2026-10-03T19:18:43.747Z</time>
      </trkpt>
      <trkpt lat="20.643242" lon="-100.306340">
        <ele>1986.557077</ele>
        <time>2026-10-03T19:18:44.262Z</time>
      </trkpt>
      <trkpt lat="20.643257" lon="-100.306355">
        <ele>1986.669181</ele>
        <time>2026-10-03T19:18:44.794Z</time>
      </trkpt>
      <trkpt lat="20.643273" lon="-100.306370">
        <ele>1986.746248</ele>
        <time>2026-10-03T19:18:45.346Z</time>
      </trkpt>
      <trkpt lat="20.643288" lon="-100.306387">
        <ele>1986.825416</ele>
        <time>2026-10-03T19:18:45.912Z</time>
      </trkpt>
      <trkpt lat="20.643304" lon="-100.306406">
        <ele>1986.912022</ele>
        <time>2026-10-03T19:18:46.531Z</time>
      </trkpt>
      <trkpt lat="20.643320" lon="-100.306424">
        <ele>1986.996140</ele>
        <time>2026-10-03T19:18:47.132Z</time>
      </trkpt>
      <trkpt lat="20.643337" lon="-100.306441">
        <ele>1987.080441</ele>
        <time>2026-10-03T19:18:47.735Z</time>
      </trkpt>
      <trkpt lat="20.643356" lon="-100.306457">
        <ele>1987.168029</ele>
        <time>2026-10-03T19:18:48.360Z</time>
      </trkpt>
      <trkpt lat="20.643378" lon="-100.306470">
        <ele>1987.259054</ele>
        <time>2026-10-03T19:18:49.011Z</time>
      </trkpt>
      <trkpt lat="20.643401" lon="-100.306481">
        <ele>1987.350292</ele>
        <time>2026-10-03T19:18:49.664Z</time>
      </trkpt>
      <trkpt lat="20.643423" lon="-100.306491">
        <ele>1987.436855</ele>
        <time>2026-10-03T19:18:50.283Z</time>
      </trkpt>
      <trkpt lat="20.643444" lon="-100.306500">
        <ele>1987.518779</ele>
        <time>2026-10-03T19:18:50.869Z</time>
      </trkpt>
      <trkpt lat="20.643465" lon="-100.306509">
        <ele>1987.600702</ele>
        <time>2026-10-03T19:18:51.454Z</time>
      </trkpt>
      <trkpt lat="20.643486" lon="-100.306519">
        <ele>1987.683946</ele>
        <time>2026-10-03T19:18:52.049Z</time>
      </trkpt>
      <trkpt lat="20.643504" lon="-100.306530">
        <ele>1987.759024</ele>
        <time>2026-10-03T19:18:52.585Z</time>
      </trkpt>
      <trkpt lat="20.643521" lon="-100.306542">
        <ele>1987.832794</ele>
        <time>2026-10-03T19:18:53.113Z</time>
      </trkpt>
      <trkpt lat="20.643537" lon="-100.306555">
        <ele>1987.905570</ele>
        <time>2026-10-03T19:18:53.634Z</time>
      </trkpt>
      <trkpt lat="20.643551" lon="-100.306569">
        <ele>1987.974994</ele>
        <time>2026-10-03T19:18:54.130Z</time>
      </trkpt>
      <trkpt lat="20.643566" lon="-100.306584">
        <ele>1988.049377</ele>
        <time>2026-10-03T19:18:54.662Z</time>
      </trkpt>
      <trkpt lat="20.643579" lon="-100.306601">
        <ele>1988.123765</ele>
        <time>2026-10-03T19:18:55.193Z</time>
      </trkpt>
      <trkpt lat="20.643591" lon="-100.306618">
        <ele>1988.195915</ele>
        <time>2026-10-03T19:18:55.709Z</time>
      </trkpt>
      <trkpt lat="20.643602" lon="-100.306636">
        <ele>1988.268757</ele>
        <time>2026-10-03T19:18:56.229Z</time>
      </trkpt>
      <trkpt lat="20.643610" lon="-100.306656">
        <ele>1988.342454</ele>
        <time>2026-10-03T19:18:56.756Z</time>
      </trkpt>
      <trkpt lat="20.643614" lon="-100.306678">
        <ele>1988.418390</ele>
        <time>2026-10-03T19:18:57.300Z</time>
      </trkpt>
      <trkpt lat="20.643616" lon="-100.306700">
        <ele>1988.493284</ele>
        <time>2026-10-03T19:18:57.835Z</time>
      </trkpt>
      <trkpt lat="20.643616" lon="-100.306724">
        <ele>1988.574602</ele>
        <time>2026-10-03T19:18:58.416Z</time>
      </trkpt>
      <trkpt lat="20.643613" lon="-100.306749">
        <ele>1988.660003</ele>
        <time>2026-10-03T19:18:59.027Z</time>
      </trkpt>
      <trkpt lat="20.643609" lon="-100.306773">
        <ele>1988.742602</ele>
        <time>2026-10-03T19:18:59.617Z</time>
      </trkpt>
      <trkpt lat="20.643604" lon="-100.306797">
        <ele>1988.825911</ele>
        <time>2026-10-03T19:19:00.212Z</time>
      </trkpt>
      <trkpt lat="20.643599" lon="-100.306819">
        <ele>1988.902621</ele>
        <time>2026-10-03T19:19:00.760Z</time>
      </trkpt>
      <trkpt lat="20.643594" lon="-100.306842">
        <ele>1988.982626</ele>
        <time>2026-10-03T19:19:01.333Z</time>
      </trkpt>
      <trkpt lat="20.643588" lon="-100.306864">
        <ele>1989.060270</ele>
        <time>2026-10-03T19:19:01.888Z</time>
      </trkpt>
      <trkpt lat="20.643583" lon="-100.306886">
        <ele>1989.136979</ele>
        <time>2026-10-03T19:19:02.436Z</time>
      </trkpt>
      <trkpt lat="20.643579" lon="-100.306907">
        <ele>1989.209592</ele>
        <time>2026-10-03T19:19:02.955Z</time>
      </trkpt>
      <trkpt lat="20.643577" lon="-100.306929">
        <ele>1989.284485</ele>
        <time>2026-10-03T19:19:03.490Z</time>
      </trkpt>
      <trkpt lat="20.643583" lon="-100.306946">
        <ele>1989.346047</ele>
        <time>2026-10-03T19:19:03.930Z</time>
      </trkpt>
      <trkpt lat="20.643595" lon="-100.306956">
        <ele>1989.401146</ele>
        <time>2026-10-03T19:19:04.323Z</time>
      </trkpt>
      <trkpt lat="20.643610" lon="-100.306958">
        <ele>1989.455879</ele>
        <time>2026-10-03T19:19:04.715Z</time>
      </trkpt>
      <trkpt lat="20.643626" lon="-100.306957">
        <ele>1989.513910</ele>
        <time>2026-10-03T19:19:05.130Z</time>
      </trkpt>
      <trkpt lat="20.643641" lon="-100.306955">
        <ele>1989.568643</ele>
        <time>2026-10-03T19:19:05.522Z</time>
      </trkpt>
      <trkpt lat="20.643653" lon="-100.306951">
        <ele>1989.614157</ele>
        <time>2026-10-03T19:19:05.847Z</time>
      </trkpt>
      <trkpt lat="20.643663" lon="-100.306947">
        <ele>1989.652818</ele>
        <time>2026-10-03T19:19:06.123Z</time>
      </trkpt>
      <trkpt lat="20.643671" lon="-100.306943">
        <ele>1989.684798</ele>
        <time>2026-10-03T19:19:06.352Z</time>
      </trkpt>
      <trkpt lat="20.643677" lon="-100.306938">
        <ele>1989.712347</ele>
        <time>2026-10-03T19:19:06.548Z</time>
      </trkpt>
      <trkpt lat="20.643679" lon="-100.306934">
        <ele>1989.727714</ele>
        <time>2026-10-03T19:19:06.658Z</time>
      </trkpt>
      <trkpt lat="20.643679" lon="-100.306932">
        <ele>1989.734490</ele>
        <time>2026-10-03T19:19:06.707Z</time>
      </trkpt>
      <trkpt lat="20.643678" lon="-100.306931">
        <ele>1989.739449</ele>
        <time>2026-10-03T19:19:06.742Z</time>
      </trkpt>
      <trkpt lat="20.643677" lon="-100.306930">
        <ele>1989.744408</ele>
        <time>2026-10-03T19:19:06.778Z</time>
      </trkpt>
      <trkpt lat="20.643676" lon="-100.306930">
        <ele>1989.748029</ele>
        <time>2026-10-03T19:19:06.803Z</time>
      </trkpt>
      <trkpt lat="20.643675" lon="-100.306930">
        <ele>1989.751650</ele>
        <time>2026-10-03T19:19:06.829Z</time>
      </trkpt>
      <trkpt lat="20.643674" lon="-100.306931">
        <ele>1989.756608</ele>
        <time>2026-10-03T19:19:06.865Z</time>
      </trkpt>
      <trkpt lat="20.643673" lon="-100.306931">
        <ele>1989.760229</ele>
        <time>2026-10-03T19:19:06.891Z</time>
      </trkpt>
      <trkpt lat="20.643673" lon="-100.306932">
        <ele>1989.763617</ele>
        <time>2026-10-03T19:19:06.915Z</time>
      </trkpt>
      <trkpt lat="20.643686" lon="-100.306936">
        <ele>1989.812600</ele>
        <time>2026-10-03T19:19:07.265Z</time>
      </trkpt>
      <trkpt lat="20.643701" lon="-100.306940">
        <ele>1989.868577</ele>
        <time>2026-10-03T19:19:07.664Z</time>
      </trkpt>
      <trkpt lat="20.643719" lon="-100.306944">
        <ele>1989.935145</ele>
        <time>2026-10-03T19:19:08.140Z</time>
      </trkpt>
      <trkpt lat="20.643740" lon="-100.306946">
        <ele>1990.011483</ele>
        <time>2026-10-03T19:19:08.686Z</time>
      </trkpt>
      <trkpt lat="20.643763" lon="-100.306948">
        <ele>1990.095036</ele>
        <time>2026-10-03T19:19:09.286Z</time>
      </trkpt>
      <trkpt lat="20.643788" lon="-100.306952">
        <ele>1990.186564</ele>
        <time>2026-10-03T19:19:09.942Z</time>
      </trkpt>
      <trkpt lat="20.643816" lon="-100.306957">
        <ele>1990.289351</ele>
        <time>2026-10-03T19:19:10.676Z</time>
      </trkpt>
      <trkpt lat="20.643845" lon="-100.306962">
        <ele>1990.395711</ele>
        <time>2026-10-03T19:19:11.435Z</time>
      </trkpt>
      <trkpt lat="20.643877" lon="-100.306965">
        <ele>1990.512021</ele>
        <time>2026-10-03T19:19:12.266Z</time>
      </trkpt>
      <trkpt lat="20.643911" lon="-100.306964">
        <ele>1990.635174</ele>
        <time>2026-10-03T19:19:13.149Z</time>
      </trkpt>
      <trkpt lat="20.643947" lon="-100.306961">
        <ele>1990.765917</ele>
        <time>2026-10-03T19:19:14.085Z</time>
      </trkpt>
      <trkpt lat="20.643985" lon="-100.306956">
        <ele>1990.904546</ele>
        <time>2026-10-03T19:19:15.075Z</time>
      </trkpt>
      <trkpt lat="20.644026" lon="-100.306953">
        <ele>1991.053345</ele>
        <time>2026-10-03T19:19:16.137Z</time>
      </trkpt>
      <trkpt lat="20.644067" lon="-100.306951">
        <ele>1991.201951</ele>
        <time>2026-10-03T19:19:17.202Z</time>
      </trkpt>
      <trkpt lat="20.644108" lon="-100.306951">
        <ele>1991.350403</ele>
        <time>2026-10-03T19:19:18.263Z</time>
      </trkpt>
      <trkpt lat="20.644148" lon="-100.306950">
        <ele>1991.495273</ele>
        <time>2026-10-03T19:19:19.298Z</time>
      </trkpt>
      <trkpt lat="20.644188" lon="-100.306947">
        <ele>1991.640460</ele>
        <time>2026-10-03T19:19:20.334Z</time>
      </trkpt>
      <trkpt lat="20.644230" lon="-100.306944">
        <ele>1991.792872</ele>
        <time>2026-10-03T19:19:21.427Z</time>
      </trkpt>
      <trkpt lat="20.644275" lon="-100.306939">
        <ele>1991.956685</ele>
        <time>2026-10-03T19:19:22.597Z</time>
      </trkpt>
      <trkpt lat="20.644324" lon="-100.306935">
        <ele>1992.134620</ele>
        <time>2026-10-03T19:19:23.868Z</time>
      </trkpt>
      <trkpt lat="20.644375" lon="-100.306934">
        <ele>1992.319310</ele>
        <time>2026-10-03T19:19:25.189Z</time>
      </trkpt>
      <trkpt lat="20.644429" lon="-100.306933">
        <ele>1992.514861</ele>
        <time>2026-10-03T19:19:26.585Z</time>
      </trkpt>
      <trkpt lat="20.644483" lon="-100.306932">
        <ele>1992.710412</ele>
        <time>2026-10-03T19:19:27.982Z</time>
      </trkpt>
      <trkpt lat="20.644532" lon="-100.306929">
        <ele>1992.888121</ele>
        <time>2026-10-03T19:19:29.253Z</time>
      </trkpt>
      <trkpt lat="20.644579" lon="-100.306923">
        <ele>1993.059507</ele>
        <time>2026-10-03T19:19:30.477Z</time>
      </trkpt>
      <trkpt lat="20.644623" lon="-100.306914">
        <ele>1993.193437</ele>
        <time>2026-10-03T19:19:31.636Z</time>
      </trkpt>
      <trkpt lat="20.644667" lon="-100.306905">
        <ele>1993.264256</ele>
        <time>2026-10-03T19:19:32.795Z</time>
      </trkpt>
      <trkpt lat="20.644712" lon="-100.306894">
        <ele>1993.337230</ele>
        <time>2026-10-03T19:19:33.989Z</time>
      </trkpt>
      <trkpt lat="20.644753" lon="-100.306879">
        <ele>1993.405737</ele>
        <time>2026-10-03T19:19:35.110Z</time>
      </trkpt>
      <trkpt lat="20.644790" lon="-100.306859">
        <ele>1993.471284</ele>
        <time>2026-10-03T19:19:36.182Z</time>
      </trkpt>
      <trkpt lat="20.644792" lon="-100.306910">
        <ele>1993.546795</ele>
        <time>2026-10-03T19:19:37.416Z</time>
      </trkpt>
      <trkpt lat="20.644952" lon="-100.306901">
        <ele>1993.800075</ele>
        <time>2026-10-03T19:19:41.622Z</time>
      </trkpt>
      <trkpt lat="20.644979" lon="-100.306737">
        <ele>1994.046407</ele>
        <time>2026-10-03T19:19:45.873Z</time>
      </trkpt>
      <trkpt lat="20.645038" lon="-100.306645">
        <ele>1994.211394</ele>
        <time>2026-10-03T19:19:48.148Z</time>
      </trkpt>
      <trkpt lat="20.645123" lon="-100.306579">
        <ele>1994.377489</ele>
        <time>2026-10-03T19:19:51.301Z</time>
      </trkpt>
      <trkpt lat="20.645223" lon="-100.306547">
        <ele>1994.542506</ele>
        <time>2026-10-03T19:19:54.730Z</time>
      </trkpt>
      <trkpt lat="20.645328" lon="-100.306553">
        <ele>1994.708729</ele>
        <time>2026-10-03T19:19:57.343Z</time>
      </trkpt>
      <trkpt lat="20.645466" lon="-100.306630">
        <ele>1994.954829</ele>
        <time>2026-10-03T19:20:02.053Z</time>
      </trkpt>
      <trkpt lat="20.645551" lon="-100.306770">
        <ele>1995.201701</ele>
        <time>2026-10-03T19:20:06.899Z</time>
      </trkpt>
      <trkpt lat="20.645562" lon="-100.306937">
        <ele>1995.449355</ele>
        <time>2026-10-03T19:20:11.343Z</time>
      </trkpt>
      <trkpt lat="20.645525" lon="-100.307041">
        <ele>1995.613945</ele>
        <time>2026-10-03T19:20:14.182Z</time>
      </trkpt>
      <trkpt lat="20.645457" lon="-100.307127">
        <ele>1995.780498</ele>
        <time>2026-10-03T19:20:17.142Z</time>
      </trkpt>
      <trkpt lat="20.645467" lon="-100.307408">
        <ele>1996.113819</ele>
        <time>2026-10-03T19:20:24.861Z</time>
      </trkpt>
      <trkpt lat="20.645656" lon="-100.308068">
        <ele>1996.670169</ele>
        <time>2026-10-03T19:20:45.088Z</time>
      </trkpt>
      <trkpt lat="20.645729" lon="-100.308319">
        <ele>1996.882035</ele>
        <time>2026-10-03T19:20:52.364Z</time>
      </trkpt>
      <trkpt lat="20.645757" lon="-100.308418">
        <ele>1996.965399</ele>
        <time>2026-10-03T19:20:55.036Z</time>
      </trkpt>
      <trkpt lat="20.645887" lon="-100.308619">
        <ele>1997.162348</ele>
        <time>2026-10-03T19:21:00.700Z</time>
      </trkpt>
      <trkpt lat="20.646035" lon="-100.308688">
        <ele>1997.301436</ele>
        <time>2026-10-03T19:21:04.272Z</time>
      </trkpt>
      <trkpt lat="20.646119" lon="-100.308785">
        <ele>1997.407965</ele>
        <time>2026-10-03T19:21:06.782Z</time>
      </trkpt>
      <trkpt lat="20.646155" lon="-100.308892">
        <ele>1997.499618</ele>
        <time>2026-10-03T19:21:08.873Z</time>
      </trkpt>
      <trkpt lat="20.646165" lon="-100.308919">
        <ele>1997.523024</ele>
        <time>2026-10-03T19:21:09.388Z</time>
      </trkpt>
      <trkpt lat="20.646297" lon="-100.309277">
        <ele>1996.819685</ele>
        <time>2026-10-03T19:21:15.839Z</time>
      </trkpt>
      <trkpt lat="20.646605" lon="-100.310042">
        <ele>1994.962085</ele>
        <time>2026-10-03T19:21:28.924Z</time>
      </trkpt>
      <trkpt lat="20.646809" lon="-100.310429">
        <ele>1993.971329</ele>
        <time>2026-10-03T19:21:35.798Z</time>
      </trkpt>
      <trkpt lat="20.646933" lon="-100.310664">
        <ele>1993.369563</ele>
        <time>2026-10-03T19:21:39.972Z</time>
      </trkpt>
      <trkpt lat="20.647049" lon="-100.310864">
        <ele>1992.944622</ele>
        <time>2026-10-03T19:21:43.614Z</time>
      </trkpt>
      <trkpt lat="20.647467" lon="-100.311483">
        <ele>1991.635606</ele>
        <time>2026-10-03T19:21:55.627Z</time>
      </trkpt>
      <trkpt lat="20.647563" lon="-100.311599">
        <ele>1991.370052</ele>
        <time>2026-10-03T19:21:58.174Z</time>
      </trkpt>
      <trkpt lat="20.647838" lon="-100.311894">
        <ele>1990.655994</ele>
        <time>2026-10-03T19:22:05.286Z</time>
      </trkpt>
      <trkpt lat="20.647939" lon="-100.311982">
        <ele>1990.417184</ele>
        <time>2026-10-03T19:22:07.744Z</time>
      </trkpt>
      <trkpt lat="20.648488" lon="-100.312421">
        <ele>1990.583078</ele>
        <time>2026-10-03T19:22:22.626Z</time>
      </trkpt>
      <trkpt lat="20.648984" lon="-100.312746">
        <ele>1991.366165</ele>
        <time>2026-10-03T19:22:38.282Z</time>
      </trkpt>
      <trkpt lat="20.649172" lon="-100.312823">
        <ele>1991.637151</ele>
        <time>2026-10-03T19:22:44.471Z</time>
      </trkpt>
      <trkpt lat="20.649414" lon="-100.312914">
        <ele>1991.982446</ele>
        <time>2026-10-03T19:22:52.687Z</time>
      </trkpt>
      <trkpt lat="20.649572" lon="-100.312958">
        <ele>1992.202207</ele>
        <time>2026-10-03T19:22:58.095Z</time>
      </trkpt>
      <trkpt lat="20.649887" lon="-100.313035">
        <ele>1992.969493</ele>
        <time>2026-10-03T19:23:09.108Z</time>
      </trkpt>
      <trkpt lat="20.650021" lon="-100.313072">
        <ele>1993.418656</ele>
        <time>2026-10-03T19:23:13.858Z</time>
      </trkpt>
      <trkpt lat="20.650387" lon="-100.313158">
        <ele>1994.634840</ele>
        <time>2026-10-03T19:23:26.818Z</time>
      </trkpt>
      <trkpt lat="20.651266" lon="-100.313311">
        <ele>1997.525122</ele>
        <time>2026-10-03T19:23:59.099Z</time>
      </trkpt>
      <trkpt lat="20.652318" lon="-100.313429">
        <ele>2001.076184</ele>
        <time>2026-10-03T19:24:37.176Z</time>
      </trkpt>
      <trkpt lat="20.652424" lon="-100.313440">
        <ele>2001.436833</ele>
        <time>2026-10-03T19:24:40.998Z</time>
      </trkpt>
      <trkpt lat="20.653537" lon="-100.313414">
        <ele>2005.164223</ele>
        <time>2026-10-03T19:25:20.493Z</time>
      </trkpt>
      <trkpt lat="20.654368" lon="-100.313360">
        <ele>2007.846601</ele>
        <time>2026-10-03T19:25:49.836Z</time>
      </trkpt>
      <trkpt lat="20.654445" lon="-100.313357">
        <ele>2008.094855</ele>
        <time>2026-10-03T19:25:52.613Z</time>
      </trkpt>
      <trkpt lat="20.654494" lon="-100.313346">
        <ele>2008.256176</ele>
        <time>2026-10-03T19:25:54.447Z</time>
      </trkpt>
      <trkpt lat="20.654544" lon="-100.313335">
        <ele>2008.420651</ele>
        <time>2026-10-03T19:25:56.269Z</time>
      </trkpt>
      <trkpt lat="20.654602" lon="-100.313322">
        <ele>2008.611589</ele>
        <time>2026-10-03T19:25:58.378Z</time>
      </trkpt>
      <trkpt lat="20.654769" lon="-100.313303">
        <ele>2009.152694</ele>
        <time>2026-10-03T19:26:04.406Z</time>
      </trkpt>
      <trkpt lat="20.655545" lon="-100.313190">
        <ele>2011.367067</ele>
        <time>2026-10-03T19:26:31.171Z</time>
      </trkpt>
      <trkpt lat="20.656237" lon="-100.313092">
        <ele>2013.168142</ele>
        <time>2026-10-03T19:26:54.471Z</time>
      </trkpt>
      <trkpt lat="20.656874" lon="-100.313065">
        <ele>2014.792722</ele>
        <time>2026-10-03T19:27:14.235Z</time>
      </trkpt>
      <trkpt lat="20.657477" lon="-100.313040">
        <ele>2015.681595</ele>
        <time>2026-10-03T19:27:31.952Z</time>
      </trkpt>
      <trkpt lat="20.657703" lon="-100.313019">
        <ele>2016.015744</ele>
        <time>2026-10-03T19:27:38.356Z</time>
      </trkpt>
      <trkpt lat="20.657833" lon="-100.313008">
        <ele>2016.207830</ele>
        <time>2026-10-03T19:27:42.021Z</time>
      </trkpt>
      <trkpt lat="20.658146" lon="-100.312956">
        <ele>2016.674409</ele>
        <time>2026-10-03T19:27:50.682Z</time>
      </trkpt>
      <trkpt lat="20.658806" lon="-100.312770">
        <ele>2017.569811</ele>
        <time>2026-10-03T19:28:08.583Z</time>
      </trkpt>
      <trkpt lat="20.658957" lon="-100.312719">
        <ele>2017.706139</ele>
        <time>2026-10-03T19:28:12.641Z</time>
      </trkpt>
      <trkpt lat="20.659064" lon="-100.312684">
        <ele>2017.802470</ele>
        <time>2026-10-03T19:28:15.462Z</time>
      </trkpt>
      <trkpt lat="20.659183" lon="-100.312645">
        <ele>2017.909622</ele>
        <time>2026-10-03T19:28:18.604Z</time>
      </trkpt>
      <trkpt lat="20.659466" lon="-100.312545">
        <ele>2018.166218</ele>
        <time>2026-10-03T19:28:26.227Z</time>
      </trkpt>
      <trkpt lat="20.660080" lon="-100.312398">
        <ele>2018.707891</ele>
        <time>2026-10-03T19:28:42.313Z</time>
      </trkpt>
      <trkpt lat="20.660710" lon="-100.312333">
        <ele>2019.450844</ele>
        <time>2026-10-03T19:28:58.388Z</time>
      </trkpt>
      <trkpt lat="20.660720" lon="-100.312333">
        <ele>2019.465349</ele>
        <time>2026-10-03T19:28:58.643Z</time>
      </trkpt>
      <trkpt lat="20.660878" lon="-100.312325">
        <ele>2019.694770</ele>
        <time>2026-10-03T19:29:02.750Z</time>
      </trkpt>
      <trkpt lat="20.661439" lon="-100.312336">
        <ele>2020.508585</ele>
        <time>2026-10-03T19:29:17.747Z</time>
      </trkpt>
      <trkpt lat="20.661999" lon="-100.312425">
        <ele>2021.329744</ele>
        <time>2026-10-03T19:29:34.271Z</time>
      </trkpt>
      <trkpt lat="20.662203" lon="-100.312474">
        <ele>2021.715822</ele>
        <time>2026-10-03T19:29:40.793Z</time>
      </trkpt>
      <trkpt lat="20.662300" lon="-100.312497">
        <ele>2022.056432</ele>
        <time>2026-10-03T19:29:44.099Z</time>
      </trkpt>
      <trkpt lat="20.662481" lon="-100.312541">
        <ele>2022.692764</ele>
        <time>2026-10-03T19:29:50.205Z</time>
      </trkpt>
      <trkpt lat="20.662600" lon="-100.312702">
        <ele>2023.350872</ele>
        <time>2026-10-03T19:29:56.735Z</time>
      </trkpt>
      <trkpt lat="20.662624" lon="-100.312808">
        <ele>2023.700688</ele>
        <time>2026-10-03T19:30:00.494Z</time>
      </trkpt>
      <trkpt lat="20.662613" lon="-100.312885">
        <ele>2023.950533</ele>
        <time>2026-10-03T19:30:02.888Z</time>
      </trkpt>
      <trkpt lat="20.662743" lon="-100.312937">
        <ele>2024.426374</ele>
        <time>2026-10-03T19:30:12.580Z</time>
      </trkpt>
      <trkpt lat="20.662733" lon="-100.313115">
        <ele>2024.998350</ele>
        <time>2026-10-03T19:30:24.170Z</time>
      </trkpt>
      <trkpt lat="20.662733" lon="-100.313115">
        <ele>2024.998350</ele>
        <time>2026-10-03T19:30:24.179Z</time>
      </trkpt>
      <trkpt lat="20.662733" lon="-100.313115">
        <ele>2024.998350</ele>
        <time>2026-10-03T19:30:24.179Z</time>
      </trkpt>
      <trkpt lat="20.662762" lon="-100.313117">
        <ele>2025.097971</ele>
        <time>2026-10-03T19:30:24.932Z</time>
      </trkpt>
      <trkpt lat="20.662768" lon="-100.313139">
        <ele>2025.171474</ele>
        <time>2026-10-03T19:30:25.486Z</time>
      </trkpt>
      <trkpt lat="20.662779" lon="-100.313159">
        <ele>2025.245888</ele>
        <time>2026-10-03T19:30:26.048Z</time>
      </trkpt>
      <trkpt lat="20.662791" lon="-100.313179">
        <ele>2025.322095</ele>
        <time>2026-10-03T19:30:26.623Z</time>
      </trkpt>
      <trkpt lat="20.662804" lon="-100.313199">
        <ele>2025.400207</ele>
        <time>2026-10-03T19:30:27.212Z</time>
      </trkpt>
      <trkpt lat="20.662818" lon="-100.313218">
        <ele>2025.477780</ele>
        <time>2026-10-03T19:30:27.798Z</time>
      </trkpt>
      <trkpt lat="20.662833" lon="-100.313236">
        <ele>2025.555095</ele>
        <time>2026-10-03T19:30:28.382Z</time>
      </trkpt>
      <trkpt lat="20.662849" lon="-100.313252">
        <ele>2025.630210</ele>
        <time>2026-10-03T19:30:28.949Z</time>
      </trkpt>
      <trkpt lat="20.662867" lon="-100.313265">
        <ele>2025.704684</ele>
        <time>2026-10-03T19:30:29.511Z</time>
      </trkpt>
      <trkpt lat="20.662887" lon="-100.313276">
        <ele>2025.781792</ele>
        <time>2026-10-03T19:30:30.093Z</time>
      </trkpt>
      <trkpt lat="20.662908" lon="-100.313288">
        <ele>2025.863425</ele>
        <time>2026-10-03T19:30:30.709Z</time>
      </trkpt>
      <trkpt lat="20.662930" lon="-100.313301">
        <ele>2025.949603</ele>
        <time>2026-10-03T19:30:31.360Z</time>
      </trkpt>
      <trkpt lat="20.662950" lon="-100.313316">
        <ele>2026.033362</ele>
        <time>2026-10-03T19:30:31.992Z</time>
      </trkpt>
      <trkpt lat="20.662969" lon="-100.313331">
        <ele>2026.114340</ele>
        <time>2026-10-03T19:30:32.604Z</time>
      </trkpt>
      <trkpt lat="20.662990" lon="-100.313345">
        <ele>2026.199187</ele>
        <time>2026-10-03T19:30:33.244Z</time>
      </trkpt>
      <trkpt lat="20.663012" lon="-100.313358">
        <ele>2026.285365</ele>
        <time>2026-10-03T19:30:33.895Z</time>
      </trkpt>
      <trkpt lat="20.663036" lon="-100.313369">
        <ele>2026.374885</ele>
        <time>2026-10-03T19:30:34.570Z</time>
      </trkpt>
      <trkpt lat="20.663060" lon="-100.313379">
        <ele>2026.463191</ele>
        <time>2026-10-03T19:30:35.237Z</time>
      </trkpt>
      <trkpt lat="20.663086" lon="-100.313391">
        <ele>2026.560277</ele>
        <time>2026-10-03T19:30:35.969Z</time>
      </trkpt>
      <trkpt lat="20.663111" lon="-100.313402">
        <ele>2026.652958</ele>
        <time>2026-10-03T19:30:36.670Z</time>
      </trkpt>
      <trkpt lat="20.663137" lon="-100.313414">
        <ele>2026.750044</ele>
        <time>2026-10-03T19:30:37.403Z</time>
      </trkpt>
      <trkpt lat="20.663162" lon="-100.313427">
        <ele>2026.845352</ele>
        <time>2026-10-03T19:30:38.122Z</time>
      </trkpt>
      <trkpt lat="20.663189" lon="-100.313440">
        <ele>2026.946870</ele>
        <time>2026-10-03T19:30:38.888Z</time>
      </trkpt>
      <trkpt lat="20.663215" lon="-100.313452">
        <ele>2027.043956</ele>
        <time>2026-10-03T19:30:39.621Z</time>
      </trkpt>
      <trkpt lat="20.663240" lon="-100.313465">
        <ele>2027.139264</ele>
        <time>2026-10-03T19:30:40.341Z</time>
      </trkpt>
      <trkpt lat="20.663266" lon="-100.313479">
        <ele>2027.239067</ele>
        <time>2026-10-03T19:30:41.094Z</time>
      </trkpt>
      <trkpt lat="20.663293" lon="-100.313492">
        <ele>2027.340585</ele>
        <time>2026-10-03T19:30:41.861Z</time>
      </trkpt>
      <trkpt lat="20.663322" lon="-100.313507">
        <ele>2027.451030</ele>
        <time>2026-10-03T19:30:42.694Z</time>
      </trkpt>
      <trkpt lat="20.663349" lon="-100.313521">
        <ele>2027.553906</ele>
        <time>2026-10-03T19:30:43.470Z</time>
      </trkpt>
      <trkpt lat="20.663377" lon="-100.313536">
        <ele>2027.661276</ele>
        <time>2026-10-03T19:30:44.282Z</time>
      </trkpt>
      <trkpt lat="20.663406" lon="-100.313551">
        <ele>2027.773157</ele>
        <time>2026-10-03T19:30:45.115Z</time>
      </trkpt>
      <trkpt lat="20.663432" lon="-100.313567">
        <ele>2027.880410</ele>
        <time>2026-10-03T19:30:45.892Z</time>
      </trkpt>
      <trkpt lat="20.663455" lon="-100.313587">
        <ele>2027.986409</ele>
        <time>2026-10-03T19:30:46.659Z</time>
      </trkpt>
      <trkpt lat="20.663472" lon="-100.313609">
        <ele>2028.081847</ele>
        <time>2026-10-03T19:30:47.350Z</time>
      </trkpt>
      <trkpt lat="20.663485" lon="-100.313634">
        <ele>2028.177515</ele>
        <time>2026-10-03T19:30:48.043Z</time>
      </trkpt>
      <trkpt lat="20.663494" lon="-100.313659">
        <ele>2028.267113</ele>
        <time>2026-10-03T19:30:48.691Z</time>
      </trkpt>
      <trkpt lat="20.663505" lon="-100.313683">
        <ele>2028.356504</ele>
        <time>2026-10-03T19:30:49.339Z</time>
      </trkpt>
      <trkpt lat="20.663520" lon="-100.313705">
        <ele>2028.447556</ele>
        <time>2026-10-03T19:30:49.998Z</time>
      </trkpt>
      <trkpt lat="20.663539" lon="-100.313723">
        <ele>2028.538321</ele>
        <time>2026-10-03T19:30:50.654Z</time>
      </trkpt>
      <trkpt lat="20.663561" lon="-100.313739">
        <ele>2028.633450</ele>
        <time>2026-10-03T19:30:51.343Z</time>
      </trkpt>
      <trkpt lat="20.663585" lon="-100.313752">
        <ele>2028.729637</ele>
        <time>2026-10-03T19:30:52.040Z</time>
      </trkpt>
      <trkpt lat="20.663609" lon="-100.313765">
        <ele>2028.825823</ele>
        <time>2026-10-03T19:30:52.736Z</time>
      </trkpt>
      <trkpt lat="20.663634" lon="-100.313778">
        <ele>2028.925211</ele>
        <time>2026-10-03T19:30:53.456Z</time>
      </trkpt>
      <trkpt lat="20.663659" lon="-100.313791">
        <ele>2029.024600</ele>
        <time>2026-10-03T19:30:54.175Z</time>
      </trkpt>
      <trkpt lat="20.663684" lon="-100.313805">
        <ele>2029.125496</ele>
        <time>2026-10-03T19:30:54.905Z</time>
      </trkpt>
      <trkpt lat="20.663709" lon="-100.313818">
        <ele>2029.224884</ele>
        <time>2026-10-03T19:30:55.625Z</time>
      </trkpt>
      <trkpt lat="20.663734" lon="-100.313831">
        <ele>2029.324273</ele>
        <time>2026-10-03T19:30:56.345Z</time>
      </trkpt>
      <trkpt lat="20.663759" lon="-100.313843">
        <ele>2029.422244</ele>
        <time>2026-10-03T19:30:57.054Z</time>
      </trkpt>
      <trkpt lat="20.663785" lon="-100.313855">
        <ele>2029.523486</ele>
        <time>2026-10-03T19:30:57.787Z</time>
      </trkpt>
      <trkpt lat="20.663809" lon="-100.313869">
        <ele>2029.621231</ele>
        <time>2026-10-03T19:30:58.494Z</time>
      </trkpt>
      <trkpt lat="20.663832" lon="-100.313884">
        <ele>2029.717552</ele>
        <time>2026-10-03T19:30:59.191Z</time>
      </trkpt>
      <trkpt lat="20.663855" lon="-100.313901">
        <ele>2029.817520</ele>
        <time>2026-10-03T19:30:59.915Z</time>
      </trkpt>
      <trkpt lat="20.663877" lon="-100.313918">
        <ele>2029.914570</ele>
        <time>2026-10-03T19:31:00.618Z</time>
      </trkpt>
      <trkpt lat="20.663901" lon="-100.313873">
        <ele>2030.087825</ele>
        <time>2026-10-03T19:31:01.882Z</time>
      </trkpt>
      <trkpt lat="20.664357" lon="-100.314154">
        <ele>2031.969514</ele>
        <time>2026-10-03T19:31:38.468Z</time>
      </trkpt>
      <trkpt lat="20.664468" lon="-100.314243">
        <ele>2032.465577</ele>
        <time>2026-10-03T19:31:48.116Z</time>
      </trkpt>
      <trkpt lat="20.664562" lon="-100.314346">
        <ele>2032.946840</ele>
        <time>2026-10-03T19:31:57.506Z</time>
      </trkpt>
      <trkpt lat="20.664625" lon="-100.314486">
        <ele>2033.466463</ele>
        <time>2026-10-03T19:32:07.567Z</time>
      </trkpt>
      <trkpt lat="20.664637" lon="-100.314660">
        <ele>2034.050046</ele>
        <time>2026-10-03T19:32:18.938Z</time>
      </trkpt>
      <trkpt lat="20.664552" lon="-100.314988">
        <ele>2034.341185</ele>
        <time>2026-10-03T19:32:41.081Z</time>
      </trkpt>
      <trkpt lat="20.664424" lon="-100.315482">
        <ele>2034.632083</ele>
        <time>2026-10-03T19:33:14.402Z</time>
      </trkpt>
      <trkpt lat="20.664176" lon="-100.316408">
        <ele>2035.178696</ele>
        <time>2026-10-03T19:34:17.048Z</time>
      </trkpt>
      <trkpt lat="20.664137" lon="-100.316552">
        <ele>2035.237857</ele>
        <time>2026-10-03T19:34:26.796Z</time>
      </trkpt>
      <trkpt lat="20.663942" lon="-100.317152">
        <ele>2033.647547</ele>
        <time>2026-10-03T19:35:08.116Z</time>
      </trkpt>
      <trkpt lat="20.663692" lon="-100.317641">
        <ele>2032.252353</ele>
        <time>2026-10-03T19:35:44.338Z</time>
      </trkpt>
      <trkpt lat="20.663601" lon="-100.317763">
        <ele>2031.861708</ele>
        <time>2026-10-03T19:35:54.510Z</time>
      </trkpt>
      <trkpt lat="20.663279" lon="-100.318192">
        <ele>2030.484688</ele>
        <time>2026-10-03T19:36:30.336Z</time>
      </trkpt>
      <trkpt lat="20.663131" lon="-100.318360">
        <ele>2029.681670</ele>
        <time>2026-10-03T19:36:45.341Z</time>
      </trkpt>
      <trkpt lat="20.662702" lon="-100.318894">
        <ele>2027.182871</ele>
        <time>2026-10-03T19:37:31.107Z</time>
      </trkpt>
      <trkpt lat="20.662071" lon="-100.319681">
        <ele>2023.508206</ele>
        <time>2026-10-03T19:38:38.505Z</time>
      </trkpt>
      <trkpt lat="20.661782" lon="-100.320040">
        <ele>2021.897206</ele>
        <time>2026-10-03T19:39:09.349Z</time>
      </trkpt>
      <trkpt lat="20.661382" lon="-100.320537">
        <ele>2019.667150</ele>
        <time>2026-10-03T19:39:52.009Z</time>
      </trkpt>
      <trkpt lat="20.660425" lon="-100.321721">
        <ele>2014.873443</ele>
        <time>2026-10-03T19:41:33.799Z</time>
      </trkpt>
      <trkpt lat="20.659927" lon="-100.322460">
        <ele>2012.373736</ele>
        <time>2026-10-03T19:42:33.038Z</time>
      </trkpt>
      <trkpt lat="20.659804" lon="-100.322374">
        <ele>2011.942565</ele>
        <time>2026-10-03T19:42:36.640Z</time>
      </trkpt>
      <trkpt lat="20.659534" lon="-100.322870">
        <ele>2011.196357</ele>
        <time>2026-10-03T19:42:50.590Z</time>
      </trkpt>
      <trkpt lat="20.659672" lon="-100.322947">
        <ele>2011.002845</ele>
        <time>2026-10-03T19:42:54.880Z</time>
      </trkpt>
      <trkpt lat="20.659601" lon="-100.323198">
        <ele>2010.697857</ele>
        <time>2026-10-03T19:43:11.923Z</time>
      </trkpt>
      <trkpt lat="20.659488" lon="-100.324005">
        <ele>2009.748778</ele>
        <time>2026-10-03T19:44:05.049Z</time>
      </trkpt>
      <trkpt lat="20.658290" lon="-100.323469">
        <ele>2007.129336</ele>
        <time>2026-10-03T19:44:35.788Z</time>
      </trkpt>
      <trkpt lat="20.658290" lon="-100.323469">
        <ele>2007.129336</ele>
        <time>2026-10-03T19:44:35.807Z</time>
      </trkpt>
      <trkpt lat="20.658287" lon="-100.323477">
        <ele>2007.112294</ele>
        <time>2026-10-03T19:44:36.016Z</time>
      </trkpt>
      <trkpt lat="20.658189" lon="-100.323434">
        <ele>2006.888422</ele>
        <time>2026-10-03T19:44:38.756Z</time>
      </trkpt>
      <trkpt lat="20.658091" lon="-100.323391">
        <ele>2006.664550</ele>
        <time>2026-10-03T19:44:41.496Z</time>
      </trkpt>
      <trkpt lat="20.657993" lon="-100.323349">
        <ele>2006.441421</ele>
        <time>2026-10-03T19:44:44.227Z</time>
      </trkpt>
      <trkpt lat="20.657895" lon="-100.323306">
        <ele>2006.217549</ele>
        <time>2026-10-03T19:44:46.967Z</time>
      </trkpt>
      <trkpt lat="20.657796" lon="-100.323263">
        <ele>2005.991721</ele>
        <time>2026-10-03T19:44:49.731Z</time>
      </trkpt>
      <trkpt lat="20.657699" lon="-100.323221">
        <ele>2005.770552</ele>
        <time>2026-10-03T19:44:52.438Z</time>
      </trkpt>
      <trkpt lat="20.657601" lon="-100.323181">
        <ele>2005.682312</ele>
        <time>2026-10-03T19:44:55.152Z</time>
      </trkpt>
      <trkpt lat="20.657503" lon="-100.323142">
        <ele>2005.595227</ele>
        <time>2026-10-03T19:44:57.856Z</time>
      </trkpt>
      <trkpt lat="20.657405" lon="-100.323104">
        <ele>2005.508410</ele>
        <time>2026-10-03T19:45:00.552Z</time>
      </trkpt>
      <trkpt lat="20.657307" lon="-100.323066">
        <ele>2005.421593</ele>
        <time>2026-10-03T19:45:03.249Z</time>
      </trkpt>
      <trkpt lat="20.657209" lon="-100.323029">
        <ele>2005.335039</ele>
        <time>2026-10-03T19:45:05.936Z</time>
      </trkpt>
      <trkpt lat="20.657113" lon="-100.322992">
        <ele>2005.250054</ele>
        <time>2026-10-03T19:45:08.576Z</time>
      </trkpt>
      <trkpt lat="20.657019" lon="-100.322955">
        <ele>2005.166633</ele>
        <time>2026-10-03T19:45:11.166Z</time>
      </trkpt>
      <trkpt lat="20.656930" lon="-100.322918">
        <ele>2005.087107</ele>
        <time>2026-10-03T19:45:13.636Z</time>
      </trkpt>
      <trkpt lat="20.656815" lon="-100.322813">
        <ele>2004.961148</ele>
        <time>2026-10-03T19:45:17.553Z</time>
      </trkpt>
      <trkpt lat="20.656785" lon="-100.322850">
        <ele>2004.922998</ele>
        <time>2026-10-03T19:45:18.493Z</time>
      </trkpt>
      <trkpt lat="20.656691" lon="-100.322915">
        <ele>2004.829761</ele>
        <time>2026-10-03T19:45:20.851Z</time>
      </trkpt>
      <trkpt lat="20.656322" lon="-100.323057">
        <ele>2004.503156</ele>
        <time>2026-10-03T19:45:29.521Z</time>
      </trkpt>
      <trkpt lat="20.656094" lon="-100.323053">
        <ele>2004.313260</ele>
        <time>2026-10-03T19:45:34.915Z</time>
      </trkpt>
      <trkpt lat="20.655117" lon="-100.323485">
        <ele>2004.967438</ele>
        <time>2026-10-03T19:46:03.597Z</time>
      </trkpt>
      <trkpt lat="20.652653" lon="-100.324402">
        <ele>2005.467062</ele>
        <time>2026-10-03T19:47:10.691Z</time>
      </trkpt>
      <trkpt lat="20.649535" lon="-100.325328">
        <ele>1991.453545</ele>
        <time>2026-10-03T19:48:02.586Z</time>
      </trkpt>
      <trkpt lat="20.647834" lon="-100.325764">
        <ele>1982.917045</ele>
        <time>2026-10-03T19:48:30.190Z</time>
      </trkpt>
      <trkpt lat="20.646404" lon="-100.326161">
        <ele>1976.319862</ele>
        <time>2026-10-03T19:48:54.095Z</time>
      </trkpt>
      <trkpt lat="20.645842" lon="-100.326279">
        <ele>1973.853915</ele>
        <time>2026-10-03T19:49:03.509Z</time>
      </trkpt>
      <trkpt lat="20.644968" lon="-100.326526">
        <ele>1969.836285</ele>
        <time>2026-10-03T19:49:18.366Z</time>
      </trkpt>
      <trkpt lat="20.644817" lon="-100.326601">
        <ele>1969.092055</ele>
        <time>2026-10-03T19:49:21.070Z</time>
      </trkpt>
      <trkpt lat="20.644195" lon="-100.327095">
        <ele>1965.628316</ele>
        <time>2026-10-03T19:49:33.472Z</time>
      </trkpt>
      <trkpt lat="20.643809" lon="-100.327463">
        <ele>1963.254040</ele>
        <time>2026-10-03T19:49:41.600Z</time>
      </trkpt>
      <trkpt lat="20.643715" lon="-100.327509">
        <ele>1962.776766</ele>
        <time>2026-10-03T19:49:43.225Z</time>
      </trkpt>
      <trkpt lat="20.643309" lon="-100.327547">
        <ele>1960.895353</ele>
        <time>2026-10-03T19:49:49.562Z</time>
      </trkpt>
      <trkpt lat="20.643200" lon="-100.327596">
        <ele>1960.349459</ele>
        <time>2026-10-03T19:49:51.407Z</time>
      </trkpt>
      <trkpt lat="20.643102" lon="-100.327700">
        <ele>1959.711873</ele>
        <time>2026-10-03T19:49:53.582Z</time>
      </trkpt>
      <trkpt lat="20.642975" lon="-100.327979">
        <ele>1958.371578</ele>
        <time>2026-10-03T19:49:58.212Z</time>
      </trkpt>
      <trkpt lat="20.642736" lon="-100.328178">
        <ele>1956.972891</ele>
        <time>2026-10-03T19:50:03.329Z</time>
      </trkpt>
      <trkpt lat="20.642534" lon="-100.328345">
        <ele>1956.551322</ele>
        <time>2026-10-03T19:50:08.081Z</time>
      </trkpt>
      <trkpt lat="20.642291" lon="-100.328668">
        <ele>1955.978153</ele>
        <time>2026-10-03T19:50:15.308Z</time>
      </trkpt>
      <trkpt lat="20.642244" lon="-100.328757">
        <ele>1955.836819</ele>
        <time>2026-10-03T19:50:17.092Z</time>
      </trkpt>
      <trkpt lat="20.642180" lon="-100.328878">
        <ele>1955.644595</ele>
        <time>2026-10-03T19:50:19.561Z</time>
      </trkpt>
      <trkpt lat="20.642141" lon="-100.329025">
        <ele>1955.433280</ele>
        <time>2026-10-03T19:50:22.373Z</time>
      </trkpt>
      <trkpt lat="20.642146" lon="-100.329137">
        <ele>1955.278207</ele>
        <time>2026-10-03T19:50:24.527Z</time>
      </trkpt>
      <trkpt lat="20.642251" lon="-100.329304">
        <ele>1954.999956</ele>
        <time>2026-10-03T19:50:28.644Z</time>
      </trkpt>
      <trkpt lat="20.642146" lon="-100.329137">
        <ele>1954.721705</ele>
        <time>2026-10-03T19:50:33.280Z</time>
      </trkpt>
      <trkpt lat="20.642141" lon="-100.329025">
        <ele>1954.566632</ele>
        <time>2026-10-03T19:50:35.479Z</time>
      </trkpt>
      <trkpt lat="20.642180" lon="-100.328878">
        <ele>1954.355317</ele>
        <time>2026-10-03T19:50:38.553Z</time>
      </trkpt>
      <trkpt lat="20.642244" lon="-100.328757">
        <ele>1954.155492</ele>
        <time>2026-10-03T19:50:41.329Z</time>
      </trkpt>
      <trkpt lat="20.642291" lon="-100.328668">
        <ele>1954.001768</ele>
        <time>2026-10-03T19:50:43.794Z</time>
      </trkpt>
      <trkpt lat="20.642534" lon="-100.328345">
        <ele>1953.378353</ele>
        <time>2026-10-03T19:50:51.326Z</time>
      </trkpt>
      <trkpt lat="20.642736" lon="-100.328178">
        <ele>1952.967819</ele>
        <time>2026-10-03T19:50:56.031Z</time>
      </trkpt>
      <trkpt lat="20.642736" lon="-100.328178">
        <ele>1952.967819</ele>
        <time>2026-10-03T19:50:56.067Z</time>
      </trkpt>
      <trkpt lat="20.642736" lon="-100.328178">
        <ele>1952.967819</ele>
        <time>2026-10-03T19:50:56.067Z</time>
      </trkpt>
      <trkpt lat="20.642736" lon="-100.328177">
        <ele>1952.966315</ele>
        <time>2026-10-03T19:50:56.091Z</time>
      </trkpt>
      <trkpt lat="20.642739" lon="-100.328181">
        <ele>1952.958604</ele>
        <time>2026-10-03T19:50:56.215Z</time>
      </trkpt>
      <trkpt lat="20.642785" lon="-100.328144">
        <ele>1952.866056</ele>
        <time>2026-10-03T19:50:57.704Z</time>
      </trkpt>
      <trkpt lat="20.642829" lon="-100.328110">
        <ele>1952.778774</ele>
        <time>2026-10-03T19:50:59.108Z</time>
      </trkpt>
      <trkpt lat="20.642867" lon="-100.328075">
        <ele>1952.698133</ele>
        <time>2026-10-03T19:51:00.406Z</time>
      </trkpt>
      <trkpt lat="20.642893" lon="-100.328037">
        <ele>1952.627322</ele>
        <time>2026-10-03T19:51:01.545Z</time>
      </trkpt>
      <trkpt lat="20.642903" lon="-100.327998">
        <ele>1952.566495</ele>
        <time>2026-10-03T19:51:02.524Z</time>
      </trkpt>
      <trkpt lat="20.642895" lon="-100.327962">
        <ele>1952.510836</ele>
        <time>2026-10-03T19:51:03.419Z</time>
      </trkpt>
      <trkpt lat="20.642871" lon="-100.327933">
        <ele>1952.452601</ele>
        <time>2026-10-03T19:51:04.357Z</time>
      </trkpt>
      <trkpt lat="20.642832" lon="-100.327918">
        <ele>1952.385974</ele>
        <time>2026-10-03T19:51:05.429Z</time>
      </trkpt>
      <trkpt lat="20.642777" lon="-100.327916">
        <ele>1952.297514</ele>
        <time>2026-10-03T19:51:06.852Z</time>
      </trkpt>
      <trkpt lat="20.642712" lon="-100.327920">
        <ele>1952.192857</ele>
        <time>2026-10-03T19:51:08.536Z</time>
      </trkpt>
      <trkpt lat="20.642639" lon="-100.327924">
        <ele>1952.075359</ele>
        <time>2026-10-03T19:51:10.426Z</time>
      </trkpt>
      <trkpt lat="20.642564" lon="-100.327926">
        <ele>1951.954763</ele>
        <time>2026-10-03T19:51:12.367Z</time>
      </trkpt>
      <trkpt lat="20.642490" lon="-100.327925">
        <ele>1951.835803</ele>
        <time>2026-10-03T19:51:14.281Z</time>
      </trkpt>
      <trkpt lat="20.642416" lon="-100.327923">
        <ele>1951.716814</ele>
        <time>2026-10-03T19:51:16.196Z</time>
      </trkpt>
      <trkpt lat="20.642341" lon="-100.327922">
        <ele>1951.596246</ele>
        <time>2026-10-03T19:51:18.136Z</time>
      </trkpt>
      <trkpt lat="20.642265" lon="-100.327923">
        <ele>1951.474071</ele>
        <time>2026-10-03T19:51:20.103Z</time>
      </trkpt>
      <trkpt lat="20.642188" lon="-100.327925">
        <ele>1951.342792</ele>
        <time>2026-10-03T19:51:22.095Z</time>
      </trkpt>
      <trkpt lat="20.642109" lon="-100.327932">
        <ele>1951.100953</ele>
        <time>2026-10-03T19:51:24.147Z</time>
      </trkpt>
      <trkpt lat="20.642031" lon="-100.327946">
        <ele>1950.859659</ele>
        <time>2026-10-03T19:51:26.192Z</time>
      </trkpt>
      <trkpt lat="20.641958" lon="-100.327966">
        <ele>1950.629749</ele>
        <time>2026-10-03T19:51:28.142Z</time>
      </trkpt>
      <trkpt lat="20.641888" lon="-100.327992">
        <ele>1950.403663</ele>
        <time>2026-10-03T19:51:30.058Z</time>
      </trkpt>
      <trkpt lat="20.641826" lon="-100.328022">
        <ele>1950.196027</ele>
        <time>2026-10-03T19:51:31.819Z</time>
      </trkpt>
      <trkpt lat="20.641828" lon="-100.328038">
        <ele>1950.149942</ele>
        <time>2026-10-03T19:51:32.214Z</time>
      </trkpt>
      <trkpt lat="20.641732" lon="-100.328013">
        <ele>1949.848496</ele>
        <time>2026-10-03T19:51:33.923Z</time>
      </trkpt>
      <trkpt lat="20.641690" lon="-100.328149">
        <ele>1949.439630</ele>
        <time>2026-10-03T19:51:36.292Z</time>
      </trkpt>
      <trkpt lat="20.641582" lon="-100.328321">
        <ele>1948.848286</ele>
        <time>2026-10-03T19:51:39.601Z</time>
      </trkpt>
      <trkpt lat="20.640730" lon="-100.329118">
        <ele>1945.266608</ele>
        <time>2026-10-03T19:51:58.783Z</time>
      </trkpt>
      <trkpt lat="20.640080" lon="-100.329633">
        <ele>1942.140510</ele>
        <time>2026-10-03T19:52:12.275Z</time>
      </trkpt>
      <trkpt lat="20.639891" lon="-100.329700">
        <ele>1941.371216</ele>
        <time>2026-10-03T19:52:15.516Z</time>
      </trkpt>
      <trkpt lat="20.639726" lon="-100.329839">
        <ele>1940.559506</ele>
        <time>2026-10-03T19:52:18.921Z</time>
      </trkpt>
      <trkpt lat="20.639363" lon="-100.330145">
        <ele>1938.810081</ele>
        <time>2026-10-03T19:52:26.457Z</time>
      </trkpt>
      <trkpt lat="20.639301" lon="-100.330202">
        <ele>1938.571948</ele>
        <time>2026-10-03T19:52:27.807Z</time>
      </trkpt>
      <trkpt lat="20.639043" lon="-100.330419">
        <ele>1937.615983</ele>
        <time>2026-10-03T19:52:33.252Z</time>
      </trkpt>
      <trkpt lat="20.638788" lon="-100.330804">
        <ele>1936.330812</ele>
        <time>2026-10-03T19:52:40.660Z</time>
      </trkpt>
      <trkpt lat="20.638763" lon="-100.330873">
        <ele>1936.129208</ele>
        <time>2026-10-03T19:52:41.830Z</time>
      </trkpt>
      <trkpt lat="20.638701" lon="-100.331047">
        <ele>1935.621904</ele>
        <time>2026-10-03T19:52:44.816Z</time>
      </trkpt>
      <trkpt lat="20.638672" lon="-100.331459">
        <ele>1934.496151</ele>
        <time>2026-10-03T19:52:51.601Z</time>
      </trkpt>
      <trkpt lat="20.638661" lon="-100.331607">
        <ele>1934.091624</ele>
        <time>2026-10-03T19:52:54.184Z</time>
      </trkpt>
      <trkpt lat="20.638580" lon="-100.332447">
        <ele>1935.157288</ele>
        <time>2026-10-03T19:53:10.974Z</time>
      </trkpt>
      <trkpt lat="20.638529" lon="-100.332748">
        <ele>1935.804520</ele>
        <time>2026-10-03T19:53:19.550Z</time>
      </trkpt>
      <trkpt lat="20.638476" lon="-100.332740">
        <ele>1935.925541</ele>
        <time>2026-10-03T19:53:21.264Z</time>
      </trkpt>
      <trkpt lat="20.638345" lon="-100.332721">
        <ele>1936.224444</ele>
        <time>2026-10-03T19:53:25.925Z</time>
      </trkpt>
      <trkpt lat="20.637739" lon="-100.332706">
        <ele>1937.594962</ele>
        <time>2026-10-03T19:53:50.606Z</time>
      </trkpt>
      <trkpt lat="20.637516" lon="-100.332806">
        <ele>1939.050208</ele>
        <time>2026-10-03T19:54:02.215Z</time>
      </trkpt>
      <trkpt lat="20.637403" lon="-100.332880">
        <ele>1940.049051</ele>
        <time>2026-10-03T19:54:08.870Z</time>
      </trkpt>
      <trkpt lat="20.636293" lon="-100.333580">
        <ele>1949.762905</ele>
        <time>2026-10-03T19:55:19.592Z</time>
      </trkpt>
      <trkpt lat="20.635269" lon="-100.334180">
        <ele>1958.368031</ele>
        <time>2026-10-03T19:56:22.908Z</time>
      </trkpt>
      <trkpt lat="20.634322" lon="-100.334734">
        <ele>1965.581562</ele>
        <time>2026-10-03T19:57:16.646Z</time>
      </trkpt>
      <trkpt lat="20.634167" lon="-100.334882">
        <ele>1966.506451</ele>
        <time>2026-10-03T19:57:25.690Z</time>
      </trkpt>
      <trkpt lat="20.634089" lon="-100.335020">
        <ele>1967.177753</ele>
        <time>2026-10-03T19:57:32.015Z</time>
      </trkpt>
      <trkpt lat="20.634044" lon="-100.335233">
        <ele>1968.087002</ele>
        <time>2026-10-03T19:57:40.221Z</time>
      </trkpt>
      <trkpt lat="20.634179" lon="-100.336350">
        <ele>1972.710278</ele>
        <time>2026-10-03T19:58:18.436Z</time>
      </trkpt>
      <trkpt lat="20.634161" lon="-100.337113">
        <ele>1975.125558</ele>
        <time>2026-10-03T19:58:43.074Z</time>
      </trkpt>
      <trkpt lat="20.634119" lon="-100.337735">
        <ele>1977.098994</ele>
        <time>2026-10-03T19:59:04.500Z</time>
      </trkpt>
      <trkpt lat="20.634019" lon="-100.339111">
        <ele>1980.975114</ele>
        <time>2026-10-03T19:59:50.665Z</time>
      </trkpt>
      <trkpt lat="20.633879" lon="-100.341052">
        <ele>1985.416138</ele>
        <time>2026-10-03T20:00:47.675Z</time>
      </trkpt>
      <trkpt lat="20.633969" lon="-100.341086">
        <ele>1985.610943</ele>
        <time>2026-10-03T20:00:50.445Z</time>
      </trkpt>
      <trkpt lat="20.634031" lon="-100.341161">
        <ele>1985.802057</ele>
        <time>2026-10-03T20:00:53.219Z</time>
      </trkpt>
      <trkpt lat="20.634052" lon="-100.341242">
        <ele>1985.962577</ele>
        <time>2026-10-03T20:00:55.491Z</time>
      </trkpt>
      <trkpt lat="20.634040" lon="-100.341324">
        <ele>1986.121084</ele>
        <time>2026-10-03T20:00:57.795Z</time>
      </trkpt>
      <trkpt lat="20.633994" lon="-100.341399">
        <ele>1986.292340</ele>
        <time>2026-10-03T20:01:00.244Z</time>
      </trkpt>
      <trkpt lat="20.633923" lon="-100.341446">
        <ele>1986.462781</ele>
        <time>2026-10-03T20:01:02.721Z</time>
      </trkpt>
      <trkpt lat="20.633839" lon="-100.341454">
        <ele>1986.634881</ele>
        <time>2026-10-03T20:01:05.183Z</time>
      </trkpt>
      <trkpt lat="20.633712" lon="-100.342236">
        <ele>1988.213489</ele>
        <time>2026-10-03T20:01:27.196Z</time>
      </trkpt>
      <trkpt lat="20.633326" lon="-100.343460">
        <ele>1990.862032</ele>
        <time>2026-10-03T20:02:05.511Z</time>
      </trkpt>
      <trkpt lat="20.633147" lon="-100.343994">
        <ele>1991.955709</ele>
        <time>2026-10-03T20:02:22.282Z</time>
      </trkpt>
      <trkpt lat="20.632130" lon="-100.346774">
        <ele>1996.873466</ele>
        <time>2026-10-03T20:03:45.469Z</time>
      </trkpt>
      <trkpt lat="20.632009" lon="-100.347099">
        <ele>1997.367204</ele>
        <time>2026-10-03T20:03:53.742Z</time>
      </trkpt>
      <trkpt lat="20.631675" lon="-100.348026">
        <ele>1997.682082</ele>
        <time>2026-10-03T20:04:15.724Z</time>
      </trkpt>
      <trkpt lat="20.631225" lon="-100.349247">
        <ele>1997.770492</ele>
        <time>2026-10-03T20:04:42.409Z</time>
      </trkpt>
      <trkpt lat="20.630782" lon="-100.350432">
        <ele>1997.383011</ele>
        <time>2026-10-03T20:05:08.439Z</time>
      </trkpt>
      <trkpt lat="20.630655" lon="-100.350796">
        <ele>1997.264380</ele>
        <time>2026-10-03T20:05:15.829Z</time>
      </trkpt>
      <trkpt lat="20.630647" lon="-100.350820">
        <ele>1997.210560</ele>
        <time>2026-10-03T20:05:16.299Z</time>
      </trkpt>
      <trkpt lat="20.630356" lon="-100.351603">
        <ele>1995.430812</ele>
        <time>2026-10-03T20:05:31.088Z</time>
      </trkpt>
      <trkpt lat="20.630227" lon="-100.351912">
        <ele>1994.716044</ele>
        <time>2026-10-03T20:05:36.549Z</time>
      </trkpt>
      <trkpt lat="20.629879" lon="-100.352557">
        <ele>1993.072676</ele>
        <time>2026-10-03T20:05:47.848Z</time>
      </trkpt>
      <trkpt lat="20.629515" lon="-100.353176">
        <ele>1989.767140</ele>
        <time>2026-10-03T20:05:58.320Z</time>
      </trkpt>
      <trkpt lat="20.629321" lon="-100.353506">
        <ele>1988.005038</ele>
        <time>2026-10-03T20:06:03.784Z</time>
      </trkpt>
      <trkpt lat="20.628427" lon="-100.355024">
        <ele>1980.384096</ele>
        <time>2026-10-03T20:06:28.919Z</time>
      </trkpt>
      <trkpt lat="20.628224" lon="-100.355367">
        <ele>1978.743248</ele>
        <time>2026-10-03T20:06:34.903Z</time>
      </trkpt>
      <trkpt lat="20.627891" lon="-100.355931">
        <ele>1976.335644</ele>
        <time>2026-10-03T20:06:45.165Z</time>
      </trkpt>
      <trkpt lat="20.626699" lon="-100.357914">
        <ele>1970.091121</ele>
        <time>2026-10-03T20:07:22.895Z</time>
      </trkpt>
      <trkpt lat="20.626649" lon="-100.358075">
        <ele>1969.505319</ele>
        <time>2026-10-03T20:07:25.430Z</time>
      </trkpt>
      <trkpt lat="20.626641" lon="-100.358115">
        <ele>1969.364066</ele>
        <time>2026-10-03T20:07:26.050Z</time>
      </trkpt>
      <trkpt lat="20.626641" lon="-100.358115">
        <ele>1969.364066</ele>
        <time>2026-10-03T20:07:26.076Z</time>
      </trkpt>
      <trkpt lat="20.626641" lon="-100.358115">
        <ele>1969.364066</ele>
        <time>2026-10-03T20:07:26.076Z</time>
      </trkpt>
      <trkpt lat="20.626613" lon="-100.358109">
        <ele>1969.258692</ele>
        <time>2026-10-03T20:07:26.815Z</time>
      </trkpt>
      <trkpt lat="20.626589" lon="-100.358144">
        <ele>1969.108854</ele>
        <time>2026-10-03T20:07:27.866Z</time>
      </trkpt>
      <trkpt lat="20.626568" lon="-100.358166">
        <ele>1969.000335</ele>
        <time>2026-10-03T20:07:28.626Z</time>
      </trkpt>
      <trkpt lat="20.626551" lon="-100.358175">
        <ele>1968.930329</ele>
        <time>2026-10-03T20:07:29.117Z</time>
      </trkpt>
      <trkpt lat="20.626540" lon="-100.358177">
        <ele>1968.889157</ele>
        <time>2026-10-03T20:07:29.406Z</time>
      </trkpt>
      <trkpt lat="20.626537" lon="-100.358173">
        <ele>1968.871456</ele>
        <time>2026-10-03T20:07:29.530Z</time>
      </trkpt>
      <trkpt lat="20.626537" lon="-100.358166">
        <ele>1968.847282</ele>
        <time>2026-10-03T20:07:29.699Z</time>
      </trkpt>
      <trkpt lat="20.626540" lon="-100.358159">
        <ele>1968.820694</ele>
        <time>2026-10-03T20:07:29.886Z</time>
      </trkpt>
      <trkpt lat="20.626543" lon="-100.358153">
        <ele>1968.797203</ele>
        <time>2026-10-03T20:07:30.054Z</time>
      </trkpt>
      <trkpt lat="20.626545" lon="-100.358149">
        <ele>1968.781542</ele>
        <time>2026-10-03T20:07:30.164Z</time>
      </trkpt>
      <trkpt lat="20.626550" lon="-100.358144">
        <ele>1968.756273</ele>
        <time>2026-10-03T20:07:30.341Z</time>
      </trkpt>
      <trkpt lat="20.626555" lon="-100.358136">
        <ele>1968.723052</ele>
        <time>2026-10-03T20:07:30.574Z</time>
      </trkpt>
      <trkpt lat="20.626556" lon="-100.358130">
        <ele>1968.702006</ele>
        <time>2026-10-03T20:07:30.722Z</time>
      </trkpt>
      <trkpt lat="20.626555" lon="-100.358127">
        <ele>1968.691008</ele>
        <time>2026-10-03T20:07:30.799Z</time>
      </trkpt>
      <trkpt lat="20.626554" lon="-100.358124">
        <ele>1968.680010</ele>
        <time>2026-10-03T20:07:30.876Z</time>
      </trkpt>
      <trkpt lat="20.626553" lon="-100.358124">
        <ele>1968.676320</ele>
        <time>2026-10-03T20:07:30.902Z</time>
      </trkpt>
      <trkpt lat="20.626550" lon="-100.358117">
        <ele>1968.649733</ele>
        <time>2026-10-03T20:07:31.088Z</time>
      </trkpt>
      <trkpt lat="20.626542" lon="-100.358102">
        <ele>1968.590112</ele>
        <time>2026-10-03T20:07:31.506Z</time>
      </trkpt>
      <trkpt lat="20.626531" lon="-100.358086">
        <ele>1968.521552</ele>
        <time>2026-10-03T20:07:31.987Z</time>
      </trkpt>
      <trkpt lat="20.626516" lon="-100.358072">
        <ele>1968.448062</ele>
        <time>2026-10-03T20:07:32.502Z</time>
      </trkpt>
      <trkpt lat="20.626492" lon="-100.358063">
        <ele>1968.354209</ele>
        <time>2026-10-03T20:07:33.160Z</time>
      </trkpt>
      <trkpt lat="20.626459" lon="-100.358061">
        <ele>1968.232246</ele>
        <time>2026-10-03T20:07:34.017Z</time>
      </trkpt>
      <trkpt lat="20.626422" lon="-100.358064">
        <ele>1968.095328</ele>
        <time>2026-10-03T20:07:34.977Z</time>
      </trkpt>
      <trkpt lat="20.626381" lon="-100.358070">
        <ele>1967.942630</ele>
        <time>2026-10-03T20:07:36.048Z</time>
      </trkpt>
      <trkpt lat="20.626339" lon="-100.358076">
        <ele>1967.786275</ele>
        <time>2026-10-03T20:07:37.144Z</time>
      </trkpt>
      <trkpt lat="20.626297" lon="-100.358080">
        <ele>1967.630685</ele>
        <time>2026-10-03T20:07:38.236Z</time>
      </trkpt>
      <trkpt lat="20.626256" lon="-100.358082">
        <ele>1967.479242</ele>
        <time>2026-10-03T20:07:39.298Z</time>
      </trkpt>
      <trkpt lat="20.626213" lon="-100.358085">
        <ele>1967.320239</ele>
        <time>2026-10-03T20:07:40.413Z</time>
      </trkpt>
      <trkpt lat="20.626173" lon="-100.358083">
        <ele>1967.172482</ele>
        <time>2026-10-03T20:07:41.449Z</time>
      </trkpt>
      <trkpt lat="20.626134" lon="-100.358077">
        <ele>1967.027092</ele>
        <time>2026-10-03T20:07:42.471Z</time>
      </trkpt>
      <trkpt lat="20.626095" lon="-100.358067">
        <ele>1966.879100</ele>
        <time>2026-10-03T20:07:43.508Z</time>
      </trkpt>
      <trkpt lat="20.626055" lon="-100.358054">
        <ele>1966.724828</ele>
        <time>2026-10-03T20:07:44.590Z</time>
      </trkpt>
      <trkpt lat="20.626015" lon="-100.358038">
        <ele>1966.567229</ele>
        <time>2026-10-03T20:07:45.695Z</time>
      </trkpt>
      <trkpt lat="20.625973" lon="-100.358023">
        <ele>1966.403825</ele>
        <time>2026-10-03T20:07:46.843Z</time>
      </trkpt>
      <trkpt lat="20.625927" lon="-100.358012">
        <ele>1966.229891</ele>
        <time>2026-10-03T20:07:48.062Z</time>
      </trkpt>
      <trkpt lat="20.625879" lon="-100.358005">
        <ele>1966.051134</ele>
        <time>2026-10-03T20:07:49.316Z</time>
      </trkpt>
      <trkpt lat="20.625827" lon="-100.357999">
        <ele>1965.858144</ele>
        <time>2026-10-03T20:07:50.671Z</time>
      </trkpt>
      <trkpt lat="20.625773" lon="-100.357992">
        <ele>1965.657429</ele>
        <time>2026-10-03T20:07:52.079Z</time>
      </trkpt>
      <trkpt lat="20.625721" lon="-100.357983">
        <ele>1965.452289</ele>
        <time>2026-10-03T20:07:53.442Z</time>
      </trkpt>
      <trkpt lat="20.625675" lon="-100.357975">
        <ele>1965.259556</ele>
        <time>2026-10-03T20:07:54.650Z</time>
      </trkpt>
      <trkpt lat="20.625635" lon="-100.357969">
        <ele>1965.092516</ele>
        <time>2026-10-03T20:07:55.695Z</time>
      </trkpt>
      <trkpt lat="20.625600" lon="-100.357961">
        <ele>1964.944501</ele>
        <time>2026-10-03T20:07:56.621Z</time>
      </trkpt>
      <trkpt lat="20.625569" lon="-100.357954">
        <ele>1964.813471</ele>
        <time>2026-10-03T20:07:57.441Z</time>
      </trkpt>
      <trkpt lat="20.625537" lon="-100.357949">
        <ele>1964.679730</ele>
        <time>2026-10-03T20:07:58.279Z</time>
      </trkpt>
      <trkpt lat="20.625505" lon="-100.357943">
        <ele>1964.545374</ele>
        <time>2026-10-03T20:07:59.120Z</time>
      </trkpt>
      <trkpt lat="20.625470" lon="-100.357935">
        <ele>1964.397359</ele>
        <time>2026-10-03T20:08:00.046Z</time>
      </trkpt>
      <trkpt lat="20.625432" lon="-100.357926">
        <ele>1964.236398</ele>
        <time>2026-10-03T20:08:01.053Z</time>
      </trkpt>
      <trkpt lat="20.625388" lon="-100.357915">
        <ele>1964.049524</ele>
        <time>2026-10-03T20:08:02.223Z</time>
      </trkpt>
      <trkpt lat="20.625344" lon="-100.357900">
        <ele>1963.858528</ele>
        <time>2026-10-03T20:08:03.418Z</time>
      </trkpt>
      <trkpt lat="20.625300" lon="-100.357882">
        <ele>1963.663688</ele>
        <time>2026-10-03T20:08:04.637Z</time>
      </trkpt>
      <trkpt lat="20.625256" lon="-100.357861">
        <ele>1963.464401</ele>
        <time>2026-10-03T20:08:05.884Z</time>
      </trkpt>
      <trkpt lat="20.625212" lon="-100.357838">
        <ele>1963.261834</ele>
        <time>2026-10-03T20:08:07.152Z</time>
      </trkpt>
      <trkpt lat="20.625168" lon="-100.357810">
        <ele>1963.050048</ele>
        <time>2026-10-03T20:08:08.477Z</time>
      </trkpt>
      <trkpt lat="20.625124" lon="-100.357779">
        <ele>1962.832092</ele>
        <time>2026-10-03T20:08:09.841Z</time>
      </trkpt>
      <trkpt lat="20.625077" lon="-100.357751">
        <ele>1962.609557</ele>
        <time>2026-10-03T20:08:11.234Z</time>
      </trkpt>
      <trkpt lat="20.625025" lon="-100.357729">
        <ele>1962.378270</ele>
        <time>2026-10-03T20:08:12.681Z</time>
      </trkpt>
      <trkpt lat="20.624970" lon="-100.357711">
        <ele>1962.140391</ele>
        <time>2026-10-03T20:08:14.170Z</time>
      </trkpt>
      <trkpt lat="20.624917" lon="-100.357694">
        <ele>1961.911550</ele>
        <time>2026-10-03T20:08:15.602Z</time>
      </trkpt>
      <trkpt lat="20.624864" lon="-100.357681">
        <ele>1961.686670</ele>
        <time>2026-10-03T20:08:17.009Z</time>
      </trkpt>
      <trkpt lat="20.624812" lon="-100.357671">
        <ele>1961.468173</ele>
        <time>2026-10-03T20:08:18.376Z</time>
      </trkpt>
      <trkpt lat="20.624758" lon="-100.357665">
        <ele>1961.243655</ele>
        <time>2026-10-03T20:08:19.781Z</time>
      </trkpt>
      <trkpt lat="20.624702" lon="-100.357662">
        <ele>1961.011779</ele>
        <time>2026-10-03T20:08:21.232Z</time>
      </trkpt>
      <trkpt lat="20.624646" lon="-100.357663">
        <ele>1960.780163</ele>
        <time>2026-10-03T20:08:22.682Z</time>
      </trkpt>
      <trkpt lat="20.624593" lon="-100.357661">
        <ele>1960.560848</ele>
        <time>2026-10-03T20:08:24.054Z</time>
      </trkpt>
      <trkpt lat="20.624550" lon="-100.357654">
        <ele>1960.380972</ele>
        <time>2026-10-03T20:08:25.179Z</time>
      </trkpt>
      <trkpt lat="20.624518" lon="-100.357639">
        <ele>1960.236463</ele>
        <time>2026-10-03T20:08:26.083Z</time>
      </trkpt>
      <trkpt lat="20.624496" lon="-100.357619">
        <ele>1960.117009</ele>
        <time>2026-10-03T20:08:26.831Z</time>
      </trkpt>
      <trkpt lat="20.624482" lon="-100.357596">
        <ele>1960.010819</ele>
        <time>2026-10-03T20:08:27.495Z</time>
      </trkpt>
      <trkpt lat="20.624476" lon="-100.357571">
        <ele>1959.910929</ele>
        <time>2026-10-03T20:08:28.120Z</time>
      </trkpt>
      <trkpt lat="20.624475" lon="-100.357546">
        <ele>1959.814081</ele>
        <time>2026-10-03T20:08:28.726Z</time>
      </trkpt>
      <trkpt lat="20.624471" lon="-100.357522">
        <ele>1959.719730</ele>
        <time>2026-10-03T20:08:29.316Z</time>
      </trkpt>
      <trkpt lat="20.624463" lon="-100.357503">
        <ele>1959.639093</ele>
        <time>2026-10-03T20:08:29.821Z</time>
      </trkpt>
      <trkpt lat="20.624450" lon="-100.357487">
        <ele>1959.557086</ele>
        <time>2026-10-03T20:08:30.334Z</time>
      </trkpt>
      <trkpt lat="20.624435" lon="-100.357476">
        <ele>1959.481850</ele>
        <time>2026-10-03T20:08:30.805Z</time>
      </trkpt>
      <trkpt lat="20.624423" lon="-100.357469">
        <ele>1959.425311</ele>
        <time>2026-10-03T20:08:31.159Z</time>
      </trkpt>
      <trkpt lat="20.624415" lon="-100.357467">
        <ele>1959.391334</ele>
        <time>2026-10-03T20:08:31.371Z</time>
      </trkpt>
      <trkpt lat="20.624412" lon="-100.357467">
        <ele>1959.378928</ele>
        <time>2026-10-03T20:08:31.449Z</time>
      </trkpt>
      <trkpt lat="20.624411" lon="-100.357470">
        <ele>1959.366602</ele>
        <time>2026-10-03T20:08:31.526Z</time>
      </trkpt>
      <trkpt lat="20.624412" lon="-100.357473">
        <ele>1959.354276</ele>
        <time>2026-10-03T20:08:31.603Z</time>
      </trkpt>
      <trkpt lat="20.624413" lon="-100.357475">
        <ele>1959.345500</ele>
        <time>2026-10-03T20:08:31.658Z</time>
      </trkpt>
      <trkpt lat="20.624415" lon="-100.357477">
        <ele>1959.334172</ele>
        <time>2026-10-03T20:08:31.729Z</time>
      </trkpt>
      <trkpt lat="20.624416" lon="-100.357478">
        <ele>1959.328508</ele>
        <time>2026-10-03T20:08:31.764Z</time>
      </trkpt>
      <trkpt lat="20.624417" lon="-100.357479">
        <ele>1959.322844</ele>
        <time>2026-10-03T20:08:31.800Z</time>
      </trkpt>
      <trkpt lat="20.624418" lon="-100.357479">
        <ele>1959.318709</ele>
        <time>2026-10-03T20:08:31.826Z</time>
      </trkpt>
      <trkpt lat="20.624418" lon="-100.357478">
        <ele>1959.314838</ele>
        <time>2026-10-03T20:08:31.850Z</time>
      </trkpt>
      <trkpt lat="20.624409" lon="-100.357472">
        <ele>1959.270969</ele>
        <time>2026-10-03T20:08:32.124Z</time>
      </trkpt>
      <trkpt lat="20.624394" lon="-100.357463">
        <ele>1959.199826</ele>
        <time>2026-10-03T20:08:32.569Z</time>
      </trkpt>
      <trkpt lat="20.624373" lon="-100.357450">
        <ele>1959.099459</ele>
        <time>2026-10-03T20:08:33.197Z</time>
      </trkpt>
      <trkpt lat="20.624346" lon="-100.357432">
        <ele>1958.967851</ele>
        <time>2026-10-03T20:08:34.021Z</time>
      </trkpt>
      <trkpt lat="20.624314" lon="-100.357408">
        <ele>1958.806170</ele>
        <time>2026-10-03T20:08:35.033Z</time>
      </trkpt>
      <trkpt lat="20.624278" lon="-100.357376">
        <ele>1958.612512</ele>
        <time>2026-10-03T20:08:36.244Z</time>
      </trkpt>
      <trkpt lat="20.624241" lon="-100.357336">
        <ele>1958.394841</ele>
        <time>2026-10-03T20:08:37.606Z</time>
      </trkpt>
      <trkpt lat="20.624203" lon="-100.357291">
        <ele>1958.160258</ele>
        <time>2026-10-03T20:08:39.074Z</time>
      </trkpt>
      <trkpt lat="20.624165" lon="-100.357241">
        <ele>1957.948074</ele>
        <time>2026-10-03T20:08:40.633Z</time>
      </trkpt>
      <trkpt lat="20.624127" lon="-100.357189">
        <ele>1957.739388</ele>
        <time>2026-10-03T20:08:42.231Z</time>
      </trkpt>
      <trkpt lat="20.624091" lon="-100.357140">
        <ele>1957.542341</ele>
        <time>2026-10-03T20:08:43.739Z</time>
      </trkpt>
      <trkpt lat="20.624060" lon="-100.357098">
        <ele>1957.373146</ele>
        <time>2026-10-03T20:08:45.035Z</time>
      </trkpt>
      <trkpt lat="20.624033" lon="-100.357064">
        <ele>1957.232101</ele>
        <time>2026-10-03T20:08:46.114Z</time>
      </trkpt>
      <trkpt lat="20.624007" lon="-100.357039">
        <ele>1957.113883</ele>
        <time>2026-10-03T20:08:47.019Z</time>
      </trkpt>
      <trkpt lat="20.623985" lon="-100.357021">
        <ele>1957.020233</ele>
        <time>2026-10-03T20:08:47.736Z</time>
      </trkpt>
      <trkpt lat="20.623967" lon="-100.357010">
        <ele>1956.950149</ele>
        <time>2026-10-03T20:08:48.273Z</time>
      </trkpt>
      <trkpt lat="20.623958" lon="-100.357005">
        <ele>1956.915865</ele>
        <time>2026-10-03T20:08:48.535Z</time>
      </trkpt>
      <trkpt lat="20.623955" lon="-100.357006">
        <ele>1956.905244</ele>
        <time>2026-10-03T20:08:48.616Z</time>
      </trkpt>
      <trkpt lat="20.623955" lon="-100.357011">
        <ele>1956.889428</ele>
        <time>2026-10-03T20:08:48.737Z</time>
      </trkpt>
      <trkpt lat="20.623957" lon="-100.357015">
        <ele>1956.875083</ele>
        <time>2026-10-03T20:08:48.847Z</time>
      </trkpt>
      <trkpt lat="20.623961" lon="-100.357019">
        <ele>1956.856567</ele>
        <time>2026-10-03T20:08:48.989Z</time>
      </trkpt>
      <trkpt lat="20.623963" lon="-100.357022">
        <ele>1956.844916</ele>
        <time>2026-10-03T20:08:49.078Z</time>
      </trkpt>
      <trkpt lat="20.623966" lon="-100.357024">
        <ele>1956.832965</ele>
        <time>2026-10-03T20:08:49.170Z</time>
      </trkpt>
      <trkpt lat="20.623967" lon="-100.357025">
        <ele>1956.828336</ele>
        <time>2026-10-03T20:08:49.205Z</time>
      </trkpt>
      <trkpt lat="20.623968" lon="-100.357026">
        <ele>1956.823707</ele>
        <time>2026-10-03T20:08:49.241Z</time>
      </trkpt>
      <trkpt lat="20.623969" lon="-100.357026">
        <ele>1956.820327</ele>
        <time>2026-10-03T20:08:49.266Z</time>
      </trkpt>
      <trkpt lat="20.623969" lon="-100.357025">
        <ele>1956.817164</ele>
        <time>2026-10-03T20:08:49.291Z</time>
      </trkpt>
      <trkpt lat="20.623975" lon="-100.357028">
        <ele>1956.794775</ele>
        <time>2026-10-03T20:08:49.462Z</time>
      </trkpt>
      <trkpt lat="20.623982" lon="-100.357033">
        <ele>1956.766317</ele>
        <time>2026-10-03T20:08:49.680Z</time>
      </trkpt>
      <trkpt lat="20.623990" lon="-100.357040">
        <ele>1956.731369</ele>
        <time>2026-10-03T20:08:49.947Z</time>
      </trkpt>
      <trkpt lat="20.624000" lon="-100.357050">
        <ele>1956.685078</ele>
        <time>2026-10-03T20:08:50.302Z</time>
      </trkpt>
      <trkpt lat="20.624013" lon="-100.357063">
        <ele>1956.624900</ele>
        <time>2026-10-03T20:08:50.763Z</time>
      </trkpt>
      <trkpt lat="20.624027" lon="-100.357078">
        <ele>1956.557892</ele>
        <time>2026-10-03T20:08:51.275Z</time>
      </trkpt>
      <trkpt lat="20.624042" lon="-100.357094">
        <ele>1956.486257</ele>
        <time>2026-10-03T20:08:51.824Z</time>
      </trkpt>
      <trkpt lat="20.624058" lon="-100.357109">
        <ele>1956.414316</ele>
        <time>2026-10-03T20:08:52.374Z</time>
      </trkpt>
      <trkpt lat="20.624074" lon="-100.357122">
        <ele>1956.346381</ele>
        <time>2026-10-03T20:08:52.894Z</time>
      </trkpt>
      <trkpt lat="20.624089" lon="-100.357133">
        <ele>1956.284892</ele>
        <time>2026-10-03T20:08:53.365Z</time>
      </trkpt>
      <trkpt lat="20.624103" lon="-100.357145">
        <ele>1956.224232</ele>
        <time>2026-10-03T20:08:53.830Z</time>
      </trkpt>
      <trkpt lat="20.624114" lon="-100.357157">
        <ele>1956.171100</ele>
        <time>2026-10-03T20:08:54.236Z</time>
      </trkpt>
      <trkpt lat="20.624122" lon="-100.357169">
        <ele>1956.124497</ele>
        <time>2026-10-03T20:08:54.593Z</time>
      </trkpt>
      <trkpt lat="20.624124" lon="-100.357183">
        <ele>1956.079700</ele>
        <time>2026-10-03T20:08:54.936Z</time>
      </trkpt>
      <trkpt lat="20.624121" lon="-100.357195">
        <ele>1956.040411</ele>
        <time>2026-10-03T20:08:55.237Z</time>
      </trkpt>
      <trkpt lat="20.624117" lon="-100.357205">
        <ele>1956.006012</ele>
        <time>2026-10-03T20:08:55.500Z</time>
      </trkpt>
      <trkpt lat="20.624113" lon="-100.357209">
        <ele>1955.987495</ele>
        <time>2026-10-03T20:08:55.642Z</time>
      </trkpt>
      <trkpt lat="20.624109" lon="-100.357210">
        <ele>1955.973611</ele>
        <time>2026-10-03T20:08:55.748Z</time>
      </trkpt>
      <trkpt lat="20.624106" lon="-100.357207">
        <ele>1955.959724</ele>
        <time>2026-10-03T20:08:55.854Z</time>
      </trkpt>
      <trkpt lat="20.624103" lon="-100.357204">
        <ele>1955.945837</ele>
        <time>2026-10-03T20:08:55.961Z</time>
      </trkpt>
      <trkpt lat="20.624102" lon="-100.357202">
        <ele>1955.938664</ele>
        <time>2026-10-03T20:08:56.015Z</time>
      </trkpt>
      <trkpt lat="20.624102" lon="-100.357200">
        <ele>1955.932338</ele>
        <time>2026-10-03T20:08:56.064Z</time>
      </trkpt>
      <trkpt lat="20.624102" lon="-100.357199">
        <ele>1955.929175</ele>
        <time>2026-10-03T20:08:56.088Z</time>
      </trkpt>
      <trkpt lat="20.624102" lon="-100.357198">
        <ele>1955.926011</ele>
        <time>2026-10-03T20:08:56.112Z</time>
      </trkpt>
      <trkpt lat="20.624103" lon="-100.357198">
        <ele>1955.922632</ele>
        <time>2026-10-03T20:08:56.138Z</time>
      </trkpt>
      <trkpt lat="20.624114" lon="-100.357202">
        <ele>1955.883360</ele>
        <time>2026-10-03T20:08:56.439Z</time>
      </trkpt>
      <trkpt lat="20.624125" lon="-100.357207">
        <ele>1955.842958</ele>
        <time>2026-10-03T20:08:56.748Z</time>
      </trkpt>
      <trkpt lat="20.624135" lon="-100.357215">
        <ele>1955.800737</ele>
        <time>2026-10-03T20:08:57.071Z</time>
      </trkpt>
      <trkpt lat="20.624145" lon="-100.357225">
        <ele>1955.754446</ele>
        <time>2026-10-03T20:08:57.426Z</time>
      </trkpt>
      <trkpt lat="20.624156" lon="-100.357238">
        <ele>1955.699011</ele>
        <time>2026-10-03T20:08:57.850Z</time>
      </trkpt>
      <trkpt lat="20.624169" lon="-100.357255">
        <ele>1955.629570</ele>
        <time>2026-10-03T20:08:58.382Z</time>
      </trkpt>
      <trkpt lat="20.624186" lon="-100.357275">
        <ele>1955.544109</ele>
        <time>2026-10-03T20:08:59.036Z</time>
      </trkpt>
      <trkpt lat="20.624204" lon="-100.357296">
        <ele>1955.454035</ele>
        <time>2026-10-03T20:08:59.725Z</time>
      </trkpt>
      <trkpt lat="20.624223" lon="-100.357319">
        <ele>1955.356996</ele>
        <time>2026-10-03T20:09:00.468Z</time>
      </trkpt>
      <trkpt lat="20.624244" lon="-100.357342">
        <ele>1955.255357</ele>
        <time>2026-10-03T20:09:01.246Z</time>
      </trkpt>
      <trkpt lat="20.624267" lon="-100.357364">
        <ele>1955.151024</ele>
        <time>2026-10-03T20:09:02.045Z</time>
      </trkpt>
      <trkpt lat="20.624290" lon="-100.357382">
        <ele>1955.054668</ele>
        <time>2026-10-03T20:09:02.782Z</time>
      </trkpt>
      <trkpt lat="20.624314" lon="-100.357399">
        <ele>1954.957348</ele>
        <time>2026-10-03T20:09:03.527Z</time>
      </trkpt>
      <trkpt lat="20.624335" lon="-100.357414">
        <ele>1954.871974</ele>
        <time>2026-10-03T20:09:04.181Z</time>
      </trkpt>
      <trkpt lat="20.624354" lon="-100.357426">
        <ele>1954.797379</ele>
        <time>2026-10-03T20:09:04.752Z</time>
      </trkpt>
      <trkpt lat="20.624372" lon="-100.357434">
        <ele>1954.731490</ele>
        <time>2026-10-03T20:09:05.256Z</time>
      </trkpt>
      <trkpt lat="20.624387" lon="-100.357441">
        <ele>1954.676169</ele>
        <time>2026-10-03T20:09:05.680Z</time>
      </trkpt>
      <trkpt lat="20.624398" lon="-100.357449">
        <ele>1954.631197</ele>
        <time>2026-10-03T20:09:06.024Z</time>
      </trkpt>
      <trkpt lat="20.624403" lon="-100.357459">
        <ele>1954.595334</ele>
        <time>2026-10-03T20:09:06.298Z</time>
      </trkpt>
      <trkpt lat="20.624402" lon="-100.357468">
        <ele>1954.566666</ele>
        <time>2026-10-03T20:09:06.518Z</time>
      </trkpt>
      <trkpt lat="20.624393" lon="-100.357473">
        <ele>1954.532382</ele>
        <time>2026-10-03T20:09:06.780Z</time>
      </trkpt>
      <trkpt lat="20.624382" lon="-100.357474">
        <ele>1954.495070</ele>
        <time>2026-10-03T20:09:07.066Z</time>
      </trkpt>
      <trkpt lat="20.624371" lon="-100.357469">
        <ele>1954.454669</ele>
        <time>2026-10-03T20:09:07.375Z</time>
      </trkpt>
      <trkpt lat="20.624360" lon="-100.357458">
        <ele>1954.403749</ele>
        <time>2026-10-03T20:09:07.765Z</time>
      </trkpt>
      <trkpt lat="20.624346" lon="-100.357441">
        <ele>1954.332121</ele>
        <time>2026-10-03T20:09:08.313Z</time>
      </trkpt>
      <trkpt lat="20.624326" lon="-100.357421">
        <ele>1954.239540</ele>
        <time>2026-10-03T20:09:09.022Z</time>
      </trkpt>
      <trkpt lat="20.624296" lon="-100.357397">
        <ele>1954.112876</ele>
        <time>2026-10-03T20:09:09.991Z</time>
      </trkpt>
      <trkpt lat="20.624260" lon="-100.357369">
        <ele>1953.962382</ele>
        <time>2026-10-03T20:09:11.143Z</time>
      </trkpt>
      <trkpt lat="20.624221" lon="-100.357338">
        <ele>1953.798097</ele>
        <time>2026-10-03T20:09:12.401Z</time>
      </trkpt>
      <trkpt lat="20.624182" lon="-100.357304">
        <ele>1953.627978</ele>
        <time>2026-10-03T20:09:13.703Z</time>
      </trkpt>
      <trkpt lat="20.624149" lon="-100.357271">
        <ele>1953.475218</ele>
        <time>2026-10-03T20:09:14.872Z</time>
      </trkpt>
      <trkpt lat="20.624123" lon="-100.357241">
        <ele>1953.345886</ele>
        <time>2026-10-03T20:09:15.862Z</time>
      </trkpt>
      <trkpt lat="20.624105" lon="-100.357217">
        <ele>1953.248602</ele>
        <time>2026-10-03T20:09:16.607Z</time>
      </trkpt>
      <trkpt lat="20.624095" lon="-100.357200">
        <ele>1953.185089</ele>
        <time>2026-10-03T20:09:17.093Z</time>
      </trkpt>
      <trkpt lat="20.624091" lon="-100.357194">
        <ele>1953.161787</ele>
        <time>2026-10-03T20:09:17.271Z</time>
      </trkpt>
      <trkpt lat="20.624094" lon="-100.357192">
        <ele>1953.149836</ele>
        <time>2026-10-03T20:09:17.363Z</time>
      </trkpt>
      <trkpt lat="20.624101" lon="-100.357194">
        <ele>1953.125347</ele>
        <time>2026-10-03T20:09:17.550Z</time>
      </trkpt>
      <trkpt lat="20.624109" lon="-100.357201">
        <ele>1953.090399</ele>
        <time>2026-10-03T20:09:17.818Z</time>
      </trkpt>
      <trkpt lat="20.624114" lon="-100.357203">
        <ele>1953.072355</ele>
        <time>2026-10-03T20:09:17.956Z</time>
      </trkpt>
      <trkpt lat="20.624121" lon="-100.357210">
        <ele>1953.039951</ele>
        <time>2026-10-03T20:09:18.204Z</time>
      </trkpt>
      <trkpt lat="20.624128" lon="-100.357215">
        <ele>1953.011493</ele>
        <time>2026-10-03T20:09:18.422Z</time>
      </trkpt>
      <trkpt lat="20.624133" lon="-100.357219">
        <ele>1952.990383</ele>
        <time>2026-10-03T20:09:18.583Z</time>
      </trkpt>
      <trkpt lat="20.624135" lon="-100.357222">
        <ele>1952.978732</ele>
        <time>2026-10-03T20:09:18.673Z</time>
      </trkpt>
      <trkpt lat="20.624136" lon="-100.357223">
        <ele>1952.974103</ele>
        <time>2026-10-03T20:09:18.708Z</time>
      </trkpt>
      <trkpt lat="20.624136" lon="-100.357224">
        <ele>1952.970940</ele>
        <time>2026-10-03T20:09:18.732Z</time>
      </trkpt>
      <trkpt lat="20.624135" lon="-100.357223">
        <ele>1952.966311</ele>
        <time>2026-10-03T20:09:18.768Z</time>
      </trkpt>
      <trkpt lat="20.624134" lon="-100.357223">
        <ele>1952.962931</ele>
        <time>2026-10-03T20:09:18.793Z</time>
      </trkpt>
      <trkpt lat="20.624134" lon="-100.357222">
        <ele>1952.959768</ele>
        <time>2026-10-03T20:09:18.818Z</time>
      </trkpt>
      <trkpt lat="20.624139" lon="-100.357228">
        <ele>1952.934356</ele>
        <time>2026-10-03T20:09:19.012Z</time>
      </trkpt>
      <trkpt lat="20.624147" lon="-100.357237">
        <ele>1952.895093</ele>
        <time>2026-10-03T20:09:19.313Z</time>
      </trkpt>
      <trkpt lat="20.624159" lon="-100.357249">
        <ele>1952.839544</ele>
        <time>2026-10-03T20:09:19.738Z</time>
      </trkpt>
      <trkpt lat="20.624175" lon="-100.357264">
        <ele>1952.767604</ele>
        <time>2026-10-03T20:09:20.289Z</time>
      </trkpt>
      <trkpt lat="20.624192" lon="-100.357280">
        <ele>1952.691036</ele>
        <time>2026-10-03T20:09:20.875Z</time>
      </trkpt>
      <trkpt lat="20.624210" lon="-100.357298">
        <ele>1952.607712</ele>
        <time>2026-10-03T20:09:21.512Z</time>
      </trkpt>
      <trkpt lat="20.624225" lon="-100.357318">
        <ele>1952.526642</ele>
        <time>2026-10-03T20:09:22.133Z</time>
      </trkpt>
      <trkpt lat="20.624241" lon="-100.357337">
        <ele>1952.445795</ele>
        <time>2026-10-03T20:09:22.752Z</time>
      </trkpt>
      <trkpt lat="20.624258" lon="-100.357354">
        <ele>1952.367101</ele>
        <time>2026-10-03T20:09:23.354Z</time>
      </trkpt>
      <trkpt lat="20.624277" lon="-100.357369">
        <ele>1952.287258</ele>
        <time>2026-10-03T20:09:23.965Z</time>
      </trkpt>
      <trkpt lat="20.624295" lon="-100.357384">
        <ele>1952.210107</ele>
        <time>2026-10-03T20:09:24.556Z</time>
      </trkpt>
      <trkpt lat="20.624314" lon="-100.357400">
        <ele>1952.128345</ele>
        <time>2026-10-03T20:09:25.182Z</time>
      </trkpt>
      <trkpt lat="20.624331" lon="-100.357417">
        <ele>1952.049650</ele>
        <time>2026-10-03T20:09:25.784Z</time>
      </trkpt>
      <trkpt lat="20.624350" lon="-100.357435">
        <ele>1951.962773</ele>
        <time>2026-10-03T20:09:26.441Z</time>
      </trkpt>
      <trkpt lat="20.624372" lon="-100.357453">
        <ele>1951.867735</ele>
        <time>2026-10-03T20:09:27.158Z</time>
      </trkpt>
      <trkpt lat="20.624394" lon="-100.357467">
        <ele>1951.779909</ele>
        <time>2026-10-03T20:09:27.820Z</time>
      </trkpt>
      <trkpt lat="20.624415" lon="-100.357476">
        <ele>1951.702305</ele>
        <time>2026-10-03T20:09:28.406Z</time>
      </trkpt>
      <trkpt lat="20.624434" lon="-100.357478">
        <ele>1951.636822</ele>
        <time>2026-10-03T20:09:28.900Z</time>
      </trkpt>
      <trkpt lat="20.624450" lon="-100.357475">
        <ele>1951.581106</ele>
        <time>2026-10-03T20:09:29.320Z</time>
      </trkpt>
      <trkpt lat="20.624468" lon="-100.357471">
        <ele>1951.518048</ele>
        <time>2026-10-03T20:09:29.795Z</time>
      </trkpt>
      <trkpt lat="20.624484" lon="-100.357471">
        <ele>1951.463170</ele>
        <time>2026-10-03T20:09:30.209Z</time>
      </trkpt>
      <trkpt lat="20.624496" lon="-100.357479">
        <ele>1951.414658</ele>
        <time>2026-10-03T20:09:30.575Z</time>
      </trkpt>
      <trkpt lat="20.624497" lon="-100.357491">
        <ele>1951.375985</ele>
        <time>2026-10-03T20:09:30.867Z</time>
      </trkpt>
      <trkpt lat="20.624489" lon="-100.357499">
        <ele>1951.338404</ele>
        <time>2026-10-03T20:09:31.150Z</time>
      </trkpt>
      <trkpt lat="20.624476" lon="-100.357503">
        <ele>1951.292004</ele>
        <time>2026-10-03T20:09:31.500Z</time>
      </trkpt>
      <trkpt lat="20.624461" lon="-100.357503">
        <ele>1951.240556</ele>
        <time>2026-10-03T20:09:31.888Z</time>
      </trkpt>
      <trkpt lat="20.624448" lon="-100.357500">
        <ele>1951.194940</ele>
        <time>2026-10-03T20:09:32.232Z</time>
      </trkpt>
      <trkpt lat="20.624440" lon="-100.357496">
        <ele>1951.164646</ele>
        <time>2026-10-03T20:09:32.461Z</time>
      </trkpt>
      <trkpt lat="20.624437" lon="-100.357495">
        <ele>1951.153867</ele>
        <time>2026-10-03T20:09:32.542Z</time>
      </trkpt>
      <trkpt lat="20.624436" lon="-100.357495">
        <ele>1951.150437</ele>
        <time>2026-10-03T20:09:32.568Z</time>
      </trkpt>
      <trkpt lat="20.624437" lon="-100.357495">
        <ele>1951.147007</ele>
        <time>2026-10-03T20:09:32.594Z</time>
      </trkpt>
      <trkpt lat="20.624433" lon="-100.357489">
        <ele>1951.123360</ele>
        <time>2026-10-03T20:09:32.772Z</time>
      </trkpt>
      <trkpt lat="20.624428" lon="-100.357483">
        <ele>1951.097572</ele>
        <time>2026-10-03T20:09:32.967Z</time>
      </trkpt>
      <trkpt lat="20.624421" lon="-100.357477">
        <ele>1951.066792</ele>
        <time>2026-10-03T20:09:33.199Z</time>
      </trkpt>
      <trkpt lat="20.624409" lon="-100.357469">
        <ele>1951.018280</ele>
        <time>2026-10-03T20:09:33.565Z</time>
      </trkpt>
      <trkpt lat="20.624389" lon="-100.357457">
        <ele>1950.939607</ele>
        <time>2026-10-03T20:09:34.158Z</time>
      </trkpt>
      <trkpt lat="20.624356" lon="-100.357439">
        <ele>1950.812527</ele>
        <time>2026-10-03T20:09:35.117Z</time>
      </trkpt>
      <trkpt lat="20.624314" lon="-100.357414">
        <ele>1950.647629</ele>
        <time>2026-10-03T20:09:36.361Z</time>
      </trkpt>
      <trkpt lat="20.624265" lon="-100.357385">
        <ele>1950.455507</ele>
        <time>2026-10-03T20:09:37.810Z</time>
      </trkpt>
      <trkpt lat="20.624214" lon="-100.357347">
        <ele>1950.242253</ele>
        <time>2026-10-03T20:09:39.418Z</time>
      </trkpt>
      <trkpt lat="20.624168" lon="-100.357299">
        <ele>1950.021723</ele>
        <time>2026-10-03T20:09:41.082Z</time>
      </trkpt>
      <trkpt lat="20.624126" lon="-100.357245">
        <ele>1949.796338</ele>
        <time>2026-10-03T20:09:42.782Z</time>
      </trkpt>
      <trkpt lat="20.624090" lon="-100.357195">
        <ele>1949.593837</ele>
        <time>2026-10-03T20:09:44.309Z</time>
      </trkpt>
      <trkpt lat="20.624061" lon="-100.357151">
        <ele>1949.421087</ele>
        <time>2026-10-03T20:09:45.612Z</time>
      </trkpt>
      <trkpt lat="20.624041" lon="-100.357120">
        <ele>1949.300223</ele>
        <time>2026-10-03T20:09:46.524Z</time>
      </trkpt>
      <trkpt lat="20.624030" lon="-100.357101">
        <ele>1949.228507</ele>
        <time>2026-10-03T20:09:47.065Z</time>
      </trkpt>
      <trkpt lat="20.624026" lon="-100.357094">
        <ele>1949.202179</ele>
        <time>2026-10-03T20:09:47.263Z</time>
      </trkpt>
      <trkpt lat="20.624029" lon="-100.357098">
        <ele>1949.185725</ele>
        <time>2026-10-03T20:09:47.388Z</time>
      </trkpt>
      <trkpt lat="20.624034" lon="-100.357103">
        <ele>1949.162237</ele>
        <time>2026-10-03T20:09:47.565Z</time>
      </trkpt>
      <trkpt lat="20.624037" lon="-100.357108">
        <ele>1949.143172</ele>
        <time>2026-10-03T20:09:47.709Z</time>
      </trkpt>
      <trkpt lat="20.624040" lon="-100.357112">
        <ele>1949.126717</ele>
        <time>2026-10-03T20:09:47.833Z</time>
      </trkpt>
      <trkpt lat="20.624042" lon="-100.357115">
        <ele>1949.114894</ele>
        <time>2026-10-03T20:09:47.922Z</time>
      </trkpt>
      <trkpt lat="20.624043" lon="-100.357116">
        <ele>1949.110196</ele>
        <time>2026-10-03T20:09:47.957Z</time>
      </trkpt>
      <trkpt lat="20.624044" lon="-100.357117">
        <ele>1949.105499</ele>
        <time>2026-10-03T20:09:47.993Z</time>
      </trkpt>
      <trkpt lat="20.624044" lon="-100.357118">
        <ele>1949.102288</ele>
        <time>2026-10-03T20:09:48.017Z</time>
      </trkpt>
      <trkpt lat="20.624044" lon="-100.357117">
        <ele>1949.099078</ele>
        <time>2026-10-03T20:09:48.041Z</time>
      </trkpt>
      <trkpt lat="20.624043" lon="-100.357117">
        <ele>1949.095649</ele>
        <time>2026-10-03T20:09:48.067Z</time>
      </trkpt>
      <trkpt lat="20.624058" lon="-100.357123">
        <ele>1949.040714</ele>
        <time>2026-10-03T20:09:48.481Z</time>
      </trkpt>
      <trkpt lat="20.624071" lon="-100.357128">
        <ele>1948.993325</ele>
        <time>2026-10-03T20:09:48.839Z</time>
      </trkpt>
      <trkpt lat="20.624084" lon="-100.357135">
        <ele>1948.943395</ele>
        <time>2026-10-03T20:09:49.215Z</time>
      </trkpt>
      <trkpt lat="20.624096" lon="-100.357144">
        <ele>1948.893110</ele>
        <time>2026-10-03T20:09:49.595Z</time>
      </trkpt>
      <trkpt lat="20.624106" lon="-100.357155">
        <ele>1948.843884</ele>
        <time>2026-10-03T20:09:49.966Z</time>
      </trkpt>
      <trkpt lat="20.624113" lon="-100.357167">
        <ele>1948.798494</ele>
        <time>2026-10-03T20:09:50.308Z</time>
      </trkpt>
      <trkpt lat="20.624115" lon="-100.357180">
        <ele>1948.756203</ele>
        <time>2026-10-03T20:09:50.627Z</time>
      </trkpt>
      <trkpt lat="20.624112" lon="-100.357190">
        <ele>1948.722494</ele>
        <time>2026-10-03T20:09:50.882Z</time>
      </trkpt>
      <trkpt lat="20.624104" lon="-100.357198">
        <ele>1948.684913</ele>
        <time>2026-10-03T20:09:51.165Z</time>
      </trkpt>
      <trkpt lat="20.624092" lon="-100.357202">
        <ele>1948.641798</ele>
        <time>2026-10-03T20:09:51.490Z</time>
      </trkpt>
      <trkpt lat="20.624078" lon="-100.357201">
        <ele>1948.593673</ele>
        <time>2026-10-03T20:09:51.853Z</time>
      </trkpt>
      <trkpt lat="20.624062" lon="-100.357197">
        <ele>1948.537314</ele>
        <time>2026-10-03T20:09:52.279Z</time>
      </trkpt>
      <trkpt lat="20.624043" lon="-100.357195">
        <ele>1948.471831</ele>
        <time>2026-10-03T20:09:52.772Z</time>
      </trkpt>
      <trkpt lat="20.624024" lon="-100.357197">
        <ele>1948.406349</ele>
        <time>2026-10-03T20:09:53.266Z</time>
      </trkpt>
      <trkpt lat="20.624002" lon="-100.357201">
        <ele>1948.329807</ele>
        <time>2026-10-03T20:09:53.844Z</time>
      </trkpt>
      <trkpt lat="20.623977" lon="-100.357203">
        <ele>1948.243821</ele>
        <time>2026-10-03T20:09:54.492Z</time>
      </trkpt>
      <trkpt lat="20.623947" lon="-100.357204">
        <ele>1948.140876</ele>
        <time>2026-10-03T20:09:55.269Z</time>
      </trkpt>
      <trkpt lat="20.623913" lon="-100.357206">
        <ele>1948.024085</ele>
        <time>2026-10-03T20:09:56.150Z</time>
      </trkpt>
      <trkpt lat="20.623875" lon="-100.357209">
        <ele>1947.893395</ele>
        <time>2026-10-03T20:09:57.136Z</time>
      </trkpt>
      <trkpt lat="20.623834" lon="-100.357213">
        <ele>1947.752187</ele>
        <time>2026-10-03T20:09:58.201Z</time>
      </trkpt>
      <trkpt lat="20.623790" lon="-100.357218">
        <ele>1947.600422</ele>
        <time>2026-10-03T20:09:59.346Z</time>
      </trkpt>
      <trkpt lat="20.623746" lon="-100.357225">
        <ele>1947.447846</ele>
        <time>2026-10-03T20:10:00.497Z</time>
      </trkpt>
      <trkpt lat="20.623704" lon="-100.357234">
        <ele>1947.300924</ele>
        <time>2026-10-03T20:10:01.605Z</time>
      </trkpt>
      <trkpt lat="20.623664" lon="-100.357245">
        <ele>1947.159259</ele>
        <time>2026-10-03T20:10:02.674Z</time>
      </trkpt>
      <trkpt lat="20.623628" lon="-100.357257">
        <ele>1947.029915</ele>
        <time>2026-10-03T20:10:03.649Z</time>
      </trkpt>
      <trkpt lat="20.623596" lon="-100.357270">
        <ele>1946.912495</ele>
        <time>2026-10-03T20:10:04.535Z</time>
      </trkpt>
      <trkpt lat="20.623569" lon="-100.357283">
        <ele>1946.810921</ele>
        <time>2026-10-03T20:10:05.301Z</time>
      </trkpt>
      <trkpt lat="20.623545" lon="-100.357295">
        <ele>1946.720037</ele>
        <time>2026-10-03T20:10:05.987Z</time>
      </trkpt>
      <trkpt lat="20.623519" lon="-100.357307">
        <ele>1946.622897</ele>
        <time>2026-10-03T20:10:06.720Z</time>
      </trkpt>
      <trkpt lat="20.623492" lon="-100.357320">
        <ele>1946.521323</ele>
        <time>2026-10-03T20:10:07.486Z</time>
      </trkpt>
      <trkpt lat="20.623462" lon="-100.357334">
        <ele>1946.409042</ele>
        <time>2026-10-03T20:10:08.333Z</time>
      </trkpt>
      <trkpt lat="20.623429" lon="-100.357348">
        <ele>1946.287261</ele>
        <time>2026-10-03T20:10:09.251Z</time>
      </trkpt>
      <trkpt lat="20.623393" lon="-100.357361">
        <ele>1946.156926</ele>
        <time>2026-10-03T20:10:10.235Z</time>
      </trkpt>
      <trkpt lat="20.623357" lon="-100.357373">
        <ele>1946.027582</ele>
        <time>2026-10-03T20:10:11.210Z</time>
      </trkpt>
      <trkpt lat="20.623323" lon="-100.357383">
        <ele>1945.906630</ele>
        <time>2026-10-03T20:10:12.123Z</time>
      </trkpt>
      <trkpt lat="20.623289" lon="-100.357391">
        <ele>1945.768800</ele>
        <time>2026-10-03T20:10:13.024Z</time>
      </trkpt>
      <trkpt lat="20.623258" lon="-100.357401">
        <ele>1945.631755</ele>
        <time>2026-10-03T20:10:13.862Z</time>
      </trkpt>
      <trkpt lat="20.623228" lon="-100.357411">
        <ele>1945.498755</ele>
        <time>2026-10-03T20:10:14.675Z</time>
      </trkpt>
      <trkpt lat="20.623199" lon="-100.357423">
        <ele>1945.367139</ele>
        <time>2026-10-03T20:10:15.479Z</time>
      </trkpt>
      <trkpt lat="20.623169" lon="-100.357436">
        <ele>1945.230130</ele>
        <time>2026-10-03T20:10:16.317Z</time>
      </trkpt>
      <trkpt lat="20.623139" lon="-100.357449">
        <ele>1945.093121</ele>
        <time>2026-10-03T20:10:17.155Z</time>
      </trkpt>
      <trkpt lat="20.623111" lon="-100.357463">
        <ele>1944.962287</ele>
        <time>2026-10-03T20:10:17.955Z</time>
      </trkpt>
      <trkpt lat="20.623087" lon="-100.357475">
        <ele>1944.850144</ele>
        <time>2026-10-03T20:10:18.640Z</time>
      </trkpt>
      <trkpt lat="20.623064" lon="-100.357485">
        <ele>1944.745054</ele>
        <time>2026-10-03T20:10:19.283Z</time>
      </trkpt>
      <trkpt lat="20.623044" lon="-100.357497">
        <ele>1944.647978</ele>
        <time>2026-10-03T20:10:19.876Z</time>
      </trkpt>
      <trkpt lat="20.623024" lon="-100.357508">
        <ele>1944.552779</ele>
        <time>2026-10-03T20:10:20.458Z</time>
      </trkpt>
      <trkpt lat="20.623002" lon="-100.357518">
        <ele>1944.451596</ele>
        <time>2026-10-03T20:10:21.077Z</time>
      </trkpt>
      <trkpt lat="20.622979" lon="-100.357527">
        <ele>1944.347934</ele>
        <time>2026-10-03T20:10:21.711Z</time>
      </trkpt>
      <trkpt lat="20.622956" lon="-100.357536">
        <ele>1944.244271</ele>
        <time>2026-10-03T20:10:22.344Z</time>
      </trkpt>
      <trkpt lat="20.622933" lon="-100.357546">
        <ele>1944.139181</ele>
        <time>2026-10-03T20:10:22.987Z</time>
      </trkpt>
      <trkpt lat="20.622910" lon="-100.357554">
        <ele>1944.036813</ele>
        <time>2026-10-03T20:10:23.613Z</time>
      </trkpt>
      <trkpt lat="20.622889" lon="-100.357564">
        <ele>1943.939511</ele>
        <time>2026-10-03T20:10:24.208Z</time>
      </trkpt>
      <trkpt lat="20.622867" lon="-100.357573">
        <ele>1943.839812</ele>
        <time>2026-10-03T20:10:24.817Z</time>
      </trkpt>
      <trkpt lat="20.622846" lon="-100.357583">
        <ele>1943.742510</ele>
        <time>2026-10-03T20:10:25.412Z</time>
      </trkpt>
      <trkpt lat="20.622825" lon="-100.357594">
        <ele>1943.643529</ele>
        <time>2026-10-03T20:10:26.018Z</time>
      </trkpt>
      <trkpt lat="20.622804" lon="-100.357604">
        <ele>1943.546226</ele>
        <time>2026-10-03T20:10:26.612Z</time>
      </trkpt>
      <trkpt lat="20.622783" lon="-100.357616">
        <ele>1943.445439</ele>
        <time>2026-10-03T20:10:27.229Z</time>
      </trkpt>
      <trkpt lat="20.622762" lon="-100.357626">
        <ele>1943.348137</ele>
        <time>2026-10-03T20:10:27.823Z</time>
      </trkpt>
      <trkpt lat="20.622740" lon="-100.357639">
        <ele>1943.241739</ele>
        <time>2026-10-03T20:10:28.474Z</time>
      </trkpt>
      <trkpt lat="20.622719" lon="-100.357652">
        <ele>1943.139024</ele>
        <time>2026-10-03T20:10:29.102Z</time>
      </trkpt>
      <trkpt lat="20.622698" lon="-100.357665">
        <ele>1943.036309</ele>
        <time>2026-10-03T20:10:29.730Z</time>
      </trkpt>
      <trkpt lat="20.622677" lon="-100.357679">
        <ele>1942.931553</ele>
        <time>2026-10-03T20:10:30.371Z</time>
      </trkpt>
      <trkpt lat="20.622657" lon="-100.357691">
        <ele>1942.834477</ele>
        <time>2026-10-03T20:10:30.964Z</time>
      </trkpt>
      <trkpt lat="20.622638" lon="-100.357700">
        <ele>1942.746518</ele>
        <time>2026-10-03T20:10:31.502Z</time>
      </trkpt>
      <trkpt lat="20.622620" lon="-100.357708">
        <ele>1942.664011</ele>
        <time>2026-10-03T20:10:32.006Z</time>
      </trkpt>
      <trkpt lat="20.622602" lon="-100.357716">
        <ele>1942.581504</ele>
        <time>2026-10-03T20:10:32.511Z</time>
      </trkpt>
      <trkpt lat="20.622584" lon="-100.357724">
        <ele>1942.498998</ele>
        <time>2026-10-03T20:10:33.015Z</time>
      </trkpt>
      <trkpt lat="20.622566" lon="-100.357733">
        <ele>1942.414890</ele>
        <time>2026-10-03T20:10:33.530Z</time>
      </trkpt>
      <trkpt lat="20.622547" lon="-100.357743">
        <ele>1942.325253</ele>
        <time>2026-10-03T20:10:34.078Z</time>
      </trkpt>
      <trkpt lat="20.622526" lon="-100.357752">
        <ele>1942.229494</ele>
        <time>2026-10-03T20:10:34.663Z</time>
      </trkpt>
      <trkpt lat="20.622500" lon="-100.357760">
        <ele>1942.114986</ele>
        <time>2026-10-03T20:10:35.364Z</time>
      </trkpt>
      <trkpt lat="20.622470" lon="-100.357771">
        <ele>1941.980753</ele>
        <time>2026-10-03T20:10:36.184Z</time>
      </trkpt>
      <trkpt lat="20.622433" lon="-100.357785">
        <ele>1941.814634</ele>
        <time>2026-10-03T20:10:37.200Z</time>
      </trkpt>
      <trkpt lat="20.622390" lon="-100.357805">
        <ele>1941.616156</ele>
        <time>2026-10-03T20:10:38.414Z</time>
      </trkpt>
      <trkpt lat="20.622340" lon="-100.357830">
        <ele>1941.382524</ele>
        <time>2026-10-03T20:10:39.842Z</time>
      </trkpt>
      <trkpt lat="20.622283" lon="-100.357859">
        <ele>1941.115338</ele>
        <time>2026-10-03T20:10:41.476Z</time>
      </trkpt>
      <trkpt lat="20.622224" lon="-100.357891">
        <ele>1940.835312</ele>
        <time>2026-10-03T20:10:43.189Z</time>
      </trkpt>
      <trkpt lat="20.622163" lon="-100.357927">
        <ele>1940.540387</ele>
        <time>2026-10-03T20:10:44.992Z</time>
      </trkpt>
      <trkpt lat="20.622103" lon="-100.357963">
        <ele>1940.249158</ele>
        <time>2026-10-03T20:10:46.773Z</time>
      </trkpt>
      <trkpt lat="20.622044" lon="-100.358001">
        <ele>1939.957603</ele>
        <time>2026-10-03T20:10:48.556Z</time>
      </trkpt>
      <trkpt lat="20.621989" lon="-100.358045">
        <ele>1939.666818</ele>
        <time>2026-10-03T20:10:50.334Z</time>
      </trkpt>
      <trkpt lat="20.621940" lon="-100.358097">
        <ele>1939.374536</ele>
        <time>2026-10-03T20:10:52.121Z</time>
      </trkpt>
      <trkpt lat="20.621896" lon="-100.358154">
        <ele>1939.081874</ele>
        <time>2026-10-03T20:10:53.911Z</time>
      </trkpt>
      <trkpt lat="20.621854" lon="-100.358214">
        <ele>1938.785096</ele>
        <time>2026-10-03T20:10:55.726Z</time>
      </trkpt>
      <trkpt lat="20.621814" lon="-100.358274">
        <ele>1938.493308</ele>
        <time>2026-10-03T20:10:57.511Z</time>
      </trkpt>
      <trkpt lat="20.621775" lon="-100.358329">
        <ele>1938.213376</ele>
        <time>2026-10-03T20:10:59.182Z</time>
      </trkpt>
      <trkpt lat="20.621736" lon="-100.358382">
        <ele>1937.894128</ele>
        <time>2026-10-03T20:11:00.815Z</time>
      </trkpt>
      <trkpt lat="20.621695" lon="-100.358435">
        <ele>1937.568528</ele>
        <time>2026-10-03T20:11:02.481Z</time>
      </trkpt>
      <trkpt lat="20.621655" lon="-100.358490">
        <ele>1937.238703</ele>
        <time>2026-10-03T20:11:04.168Z</time>
      </trkpt>
      <trkpt lat="20.621614" lon="-100.358551">
        <ele>1936.883084</ele>
        <time>2026-10-03T20:11:05.988Z</time>
      </trkpt>
      <trkpt lat="20.621574" lon="-100.358614">
        <ele>1936.522596</ele>
        <time>2026-10-03T20:11:07.832Z</time>
      </trkpt>
      <trkpt lat="20.621533" lon="-100.358677">
        <ele>1936.159242</ele>
        <time>2026-10-03T20:11:09.691Z</time>
      </trkpt>
      <trkpt lat="20.621492" lon="-100.358742">
        <ele>1935.788074</ele>
        <time>2026-10-03T20:11:11.590Z</time>
      </trkpt>
      <trkpt lat="20.621459" lon="-100.358814">
        <ele>1935.408449</ele>
        <time>2026-10-03T20:11:13.532Z</time>
      </trkpt>
      <trkpt lat="20.621434" lon="-100.358891">
        <ele>1935.022518</ele>
        <time>2026-10-03T20:11:15.507Z</time>
      </trkpt>
      <trkpt lat="20.621411" lon="-100.358969">
        <ele>1934.635270</ele>
        <time>2026-10-03T20:11:17.488Z</time>
      </trkpt>
      <trkpt lat="20.621385" lon="-100.359047">
        <ele>1934.243194</ele>
        <time>2026-10-03T20:11:19.494Z</time>
      </trkpt>
      <trkpt lat="20.621354" lon="-100.359119">
        <ele>1933.867909</ele>
        <time>2026-10-03T20:11:21.414Z</time>
      </trkpt>
      <trkpt lat="20.621318" lon="-100.359182">
        <ele>1933.518379</ele>
        <time>2026-10-03T20:11:23.202Z</time>
      </trkpt>
      <trkpt lat="20.621278" lon="-100.359235">
        <ele>1933.195979</ele>
        <time>2026-10-03T20:11:24.852Z</time>
      </trkpt>
      <trkpt lat="20.621235" lon="-100.359284">
        <ele>1932.877911</ele>
        <time>2026-10-03T20:11:26.479Z</time>
      </trkpt>
      <trkpt lat="20.621190" lon="-100.359328">
        <ele>1932.569291</ele>
        <time>2026-10-03T20:11:28.058Z</time>
      </trkpt>
      <trkpt lat="20.621146" lon="-100.359371">
        <ele>1932.267601</ele>
        <time>2026-10-03T20:11:29.602Z</time>
      </trkpt>
      <trkpt lat="20.621104" lon="-100.359415">
        <ele>1931.970002</ele>
        <time>2026-10-03T20:11:31.125Z</time>
      </trkpt>
      <trkpt lat="20.621063" lon="-100.359458">
        <ele>1931.679331</ele>
        <time>2026-10-03T20:11:32.612Z</time>
      </trkpt>
      <trkpt lat="20.621022" lon="-100.359500">
        <ele>1931.391957</ele>
        <time>2026-10-03T20:11:34.083Z</time>
      </trkpt>
      <trkpt lat="20.620983" lon="-100.359541">
        <ele>1931.115141</ele>
        <time>2026-10-03T20:11:35.499Z</time>
      </trkpt>
      <trkpt lat="20.620943" lon="-100.359583">
        <ele>1930.831397</ele>
        <time>2026-10-03T20:11:36.951Z</time>
      </trkpt>
      <trkpt lat="20.620900" lon="-100.359621">
        <ele>1930.549069</ele>
        <time>2026-10-03T20:11:38.395Z</time>
      </trkpt>
      <trkpt lat="20.620855" lon="-100.359649">
        <ele>1930.285602</ele>
        <time>2026-10-03T20:11:39.744Z</time>
      </trkpt>
      <trkpt lat="20.620811" lon="-100.359669">
        <ele>1930.043679</ele>
        <time>2026-10-03T20:11:40.981Z</time>
      </trkpt>
      <trkpt lat="20.620769" lon="-100.359683">
        <ele>1929.821082</ele>
        <time>2026-10-03T20:11:42.120Z</time>
      </trkpt>
      <trkpt lat="20.620733" lon="-100.359696">
        <ele>1929.628821</ele>
        <time>2026-10-03T20:11:43.104Z</time>
      </trkpt>
      <trkpt lat="20.620699" lon="-100.359713">
        <ele>1929.438897</ele>
        <time>2026-10-03T20:11:44.076Z</time>
      </trkpt>
      <trkpt lat="20.620666" lon="-100.359734">
        <ele>1929.244566</ele>
        <time>2026-10-03T20:11:45.071Z</time>
      </trkpt>
      <trkpt lat="20.620636" lon="-100.359757">
        <ele>1929.053411</ele>
        <time>2026-10-03T20:11:46.026Z</time>
      </trkpt>
      <trkpt lat="20.620608" lon="-100.359782">
        <ele>1928.860445</ele>
        <time>2026-10-03T20:11:46.971Z</time>
      </trkpt>
      <trkpt lat="20.620582" lon="-100.359807">
        <ele>1928.675471</ele>
        <time>2026-10-03T20:11:47.877Z</time>
      </trkpt>
      <trkpt lat="20.620553" lon="-100.359832">
        <ele>1928.478418</ele>
        <time>2026-10-03T20:11:48.841Z</time>
      </trkpt>
      <trkpt lat="20.620524" lon="-100.359855">
        <ele>1928.287425</ele>
        <time>2026-10-03T20:11:49.776Z</time>
      </trkpt>
      <trkpt lat="20.620493" lon="-100.359874">
        <ele>1928.098432</ele>
        <time>2026-10-03T20:11:50.702Z</time>
      </trkpt>
      <trkpt lat="20.620466" lon="-100.359894">
        <ele>1927.924691</ele>
        <time>2026-10-03T20:11:51.552Z</time>
      </trkpt>
      <trkpt lat="20.620444" lon="-100.359918">
        <ele>1927.758421</ele>
        <time>2026-10-03T20:11:52.366Z</time>
      </trkpt>
      <trkpt lat="20.620427" lon="-100.359945">
        <ele>1927.597361</ele>
        <time>2026-10-03T20:11:53.155Z</time>
      </trkpt>
      <trkpt lat="20.620409" lon="-100.359978">
        <ele>1927.408315</ele>
        <time>2026-10-03T20:11:54.080Z</time>
      </trkpt>
      <trkpt lat="20.620387" lon="-100.360017">
        <ele>1927.182936</ele>
        <time>2026-10-03T20:11:55.184Z</time>
      </trkpt>
      <trkpt lat="20.620362" lon="-100.360061">
        <ele>1926.928172</ele>
        <time>2026-10-03T20:11:56.431Z</time>
      </trkpt>
      <trkpt lat="20.620333" lon="-100.360103">
        <ele>1926.669846</ele>
        <time>2026-10-03T20:11:57.696Z</time>
      </trkpt>
      <trkpt lat="20.620299" lon="-100.360139">
        <ele>1926.416712</ele>
        <time>2026-10-03T20:11:58.935Z</time>
      </trkpt>
      <trkpt lat="20.620262" lon="-100.360162">
        <ele>1926.190341</ele>
        <time>2026-10-03T20:12:00.043Z</time>
      </trkpt>
      <trkpt lat="20.620229" lon="-100.360173">
        <ele>1926.007533</ele>
        <time>2026-10-03T20:12:00.938Z</time>
      </trkpt>
      <trkpt lat="20.620202" lon="-100.360175">
        <ele>1925.864407</ele>
        <time>2026-10-03T20:12:01.639Z</time>
      </trkpt>
      <trkpt lat="20.620178" lon="-100.360175">
        <ele>1925.737489</ele>
        <time>2026-10-03T20:12:02.260Z</time>
      </trkpt>
      <trkpt lat="20.620151" lon="-100.360175">
        <ele>1925.594706</ele>
        <time>2026-10-03T20:12:02.959Z</time>
      </trkpt>
      <trkpt lat="20.620122" lon="-100.360180">
        <ele>1925.439362</ele>
        <time>2026-10-03T20:12:03.719Z</time>
      </trkpt>
      <trkpt lat="20.620088" lon="-100.360194">
        <ele>1925.246671</ele>
        <time>2026-10-03T20:12:04.663Z</time>
      </trkpt>
      <trkpt lat="20.620052" lon="-100.360219">
        <ele>1925.019616</ele>
        <time>2026-10-03T20:12:05.774Z</time>
      </trkpt>
      <trkpt lat="20.620014" lon="-100.360254">
        <ele>1924.754302</ele>
        <time>2026-10-03T20:12:07.073Z</time>
      </trkpt>
      <trkpt lat="20.619971" lon="-100.360292">
        <ele>1924.459204</ele>
        <time>2026-10-03T20:12:08.518Z</time>
      </trkpt>
      <trkpt lat="20.619924" lon="-100.360334">
        <ele>1924.135183</ele>
        <time>2026-10-03T20:12:10.104Z</time>
      </trkpt>
      <trkpt lat="20.619877" lon="-100.360382">
        <ele>1923.791355</ele>
        <time>2026-10-03T20:12:11.788Z</time>
      </trkpt>
      <trkpt lat="20.619827" lon="-100.360432">
        <ele>1923.429198</ele>
        <time>2026-10-03T20:12:13.561Z</time>
      </trkpt>
      <trkpt lat="20.619774" lon="-100.360479">
        <ele>1923.064959</ele>
        <time>2026-10-03T20:12:15.344Z</time>
      </trkpt>
      <trkpt lat="20.619722" lon="-100.360520">
        <ele>1922.723199</ele>
        <time>2026-10-03T20:12:17.017Z</time>
      </trkpt>
      <trkpt lat="20.619676" lon="-100.360560">
        <ele>1922.409558</ele>
        <time>2026-10-03T20:12:18.552Z</time>
      </trkpt>
      <trkpt lat="20.619638" lon="-100.360602">
        <ele>1922.120428</ele>
        <time>2026-10-03T20:12:19.968Z</time>
      </trkpt>
      <trkpt lat="20.619605" lon="-100.360645">
        <ele>1921.845200</ele>
        <time>2026-10-03T20:12:21.315Z</time>
      </trkpt>
      <trkpt lat="20.619570" lon="-100.360690">
        <ele>1921.555605</ele>
        <time>2026-10-03T20:12:22.733Z</time>
      </trkpt>
      <trkpt lat="20.619538" lon="-100.360733">
        <ele>1921.283700</ele>
        <time>2026-10-03T20:12:24.064Z</time>
      </trkpt>
      <trkpt lat="20.619512" lon="-100.360773">
        <ele>1921.042659</ele>
        <time>2026-10-03T20:12:25.244Z</time>
      </trkpt>
      <trkpt lat="20.619492" lon="-100.360810">
        <ele>1920.831180</ele>
        <time>2026-10-03T20:12:26.279Z</time>
      </trkpt>
      <trkpt lat="20.619471" lon="-100.360843">
        <ele>1920.633669</ele>
        <time>2026-10-03T20:12:27.246Z</time>
      </trkpt>
      <trkpt lat="20.619448" lon="-100.360870">
        <ele>1920.452969</ele>
        <time>2026-10-03T20:12:28.131Z</time>
      </trkpt>
      <trkpt lat="20.619424" lon="-100.360894">
        <ele>1920.279134</ele>
        <time>2026-10-03T20:12:28.982Z</time>
      </trkpt>
      <trkpt lat="20.619400" lon="-100.360918">
        <ele>1920.105298</ele>
        <time>2026-10-03T20:12:29.833Z</time>
      </trkpt>
      <trkpt lat="20.619375" lon="-100.360943">
        <ele>1919.924219</ele>
        <time>2026-10-03T20:12:30.719Z</time>
      </trkpt>
      <trkpt lat="20.619347" lon="-100.360974">
        <ele>1919.710989</ele>
        <time>2026-10-03T20:12:31.763Z</time>
      </trkpt>
      <trkpt lat="20.619318" lon="-100.361012">
        <ele>1919.485215</ele>
        <time>2026-10-03T20:12:32.951Z</time>
      </trkpt>
      <trkpt lat="20.619290" lon="-100.361052">
        <ele>1919.262050</ele>
        <time>2026-10-03T20:12:34.161Z</time>
      </trkpt>
      <trkpt lat="20.619265" lon="-100.361088">
        <ele>1919.061772</ele>
        <time>2026-10-03T20:12:35.247Z</time>
      </trkpt>
      <trkpt lat="20.619244" lon="-100.361119">
        <ele>1918.890799</ele>
        <time>2026-10-03T20:12:36.174Z</time>
      </trkpt>
      <trkpt lat="20.619226" lon="-100.361145">
        <ele>1918.746311</ele>
        <time>2026-10-03T20:12:36.958Z</time>
      </trkpt>
      <trkpt lat="20.619207" lon="-100.361167">
        <ele>1918.612568</ele>
        <time>2026-10-03T20:12:37.683Z</time>
      </trkpt>
      <trkpt lat="20.619185" lon="-100.361188">
        <ele>1918.471742</ele>
        <time>2026-10-03T20:12:38.447Z</time>
      </trkpt>
      <trkpt lat="20.619161" lon="-100.361210">
        <ele>1918.320790</ele>
        <time>2026-10-03T20:12:39.265Z</time>
      </trkpt>
      <trkpt lat="20.619134" lon="-100.361235">
        <ele>1918.150240</ele>
        <time>2026-10-03T20:12:40.190Z</time>
      </trkpt>
      <trkpt lat="20.619108" lon="-100.361263">
        <ele>1917.974020</ele>
        <time>2026-10-03T20:12:41.146Z</time>
      </trkpt>
      <trkpt lat="20.619084" lon="-100.361294">
        <ele>1917.794275</ele>
        <time>2026-10-03T20:12:42.121Z</time>
      </trkpt>
      <trkpt lat="20.619059" lon="-100.361326">
        <ele>1917.608044</ele>
        <time>2026-10-03T20:12:43.130Z</time>
      </trkpt>
      <trkpt lat="20.619033" lon="-100.361361">
        <ele>1917.408403</ele>
        <time>2026-10-03T20:12:44.213Z</time>
      </trkpt>
      <trkpt lat="20.619005" lon="-100.361400">
        <ele>1917.188799</ele>
        <time>2026-10-03T20:12:45.404Z</time>
      </trkpt>
      <trkpt lat="20.618978" lon="-100.361444">
        <ele>1916.953732</ele>
        <time>2026-10-03T20:12:46.679Z</time>
      </trkpt>
      <trkpt lat="20.618951" lon="-100.361489">
        <ele>1916.714916</ele>
        <time>2026-10-03T20:12:47.974Z</time>
      </trkpt>
      <trkpt lat="20.618924" lon="-100.361531">
        <ele>1916.487269</ele>
        <time>2026-10-03T20:12:49.208Z</time>
      </trkpt>
      <trkpt lat="20.618899" lon="-100.361569">
        <ele>1916.279745</ele>
        <time>2026-10-03T20:12:50.333Z</time>
      </trkpt>
      <trkpt lat="20.618874" lon="-100.361604">
        <ele>1916.083037</ele>
        <time>2026-10-03T20:12:51.400Z</time>
      </trkpt>
      <trkpt lat="20.618852" lon="-100.361635">
        <ele>1915.909222</ele>
        <time>2026-10-03T20:12:52.342Z</time>
      </trkpt>
      <trkpt lat="20.618835" lon="-100.361662">
        <ele>1915.763835</ele>
        <time>2026-10-03T20:12:53.131Z</time>
      </trkpt>
      <trkpt lat="20.618820" lon="-100.361686">
        <ele>1915.634898</ele>
        <time>2026-10-03T20:12:53.830Z</time>
      </trkpt>
      <trkpt lat="20.618808" lon="-100.361708">
        <ele>1915.521133</ele>
        <time>2026-10-03T20:12:54.447Z</time>
      </trkpt>
      <trkpt lat="20.618798" lon="-100.361730">
        <ele>1915.411863</ele>
        <time>2026-10-03T20:12:55.039Z</time>
      </trkpt>
      <trkpt lat="20.618788" lon="-100.361751">
        <ele>1915.306594</ele>
        <time>2026-10-03T20:12:55.610Z</time>
      </trkpt>
      <trkpt lat="20.618780" lon="-100.361771">
        <ele>1915.209419</ele>
        <time>2026-10-03T20:12:56.137Z</time>
      </trkpt>
      <trkpt lat="20.618774" lon="-100.361793">
        <ele>1915.107040</ele>
        <time>2026-10-03T20:12:56.692Z</time>
      </trkpt>
      <trkpt lat="20.618766" lon="-100.361815">
        <ele>1915.001590</ele>
        <time>2026-10-03T20:12:57.264Z</time>
      </trkpt>
      <trkpt lat="20.618756" lon="-100.361840">
        <ele>1914.880122</ele>
        <time>2026-10-03T20:12:57.922Z</time>
      </trkpt>
      <trkpt lat="20.618746" lon="-100.361865">
        <ele>1914.758654</ele>
        <time>2026-10-03T20:12:58.581Z</time>
      </trkpt>
      <trkpt lat="20.618738" lon="-100.361887">
        <ele>1914.653205</ele>
        <time>2026-10-03T20:12:59.153Z</time>
      </trkpt>
      <trkpt lat="20.618731" lon="-100.361905">
        <ele>1914.566118</ele>
        <time>2026-10-03T20:12:59.625Z</time>
      </trkpt>
      <trkpt lat="20.618722" lon="-100.361920">
        <ele>1914.486513</ele>
        <time>2026-10-03T20:13:00.057Z</time>
      </trkpt>
      <trkpt lat="20.618711" lon="-100.361932">
        <ele>1914.411469</ele>
        <time>2026-10-03T20:13:00.464Z</time>
      </trkpt>
      <trkpt lat="20.618696" lon="-100.361943">
        <ele>1914.324622</ele>
        <time>2026-10-03T20:13:00.934Z</time>
      </trkpt>
      <trkpt lat="20.618679" lon="-100.361955">
        <ele>1914.227360</ele>
        <time>2026-10-03T20:13:01.462Z</time>
      </trkpt>
      <trkpt lat="20.618662" lon="-100.361966">
        <ele>1914.132488</ele>
        <time>2026-10-03T20:13:01.976Z</time>
      </trkpt>
      <trkpt lat="20.618648" lon="-100.361977">
        <ele>1914.049532</ele>
        <time>2026-10-03T20:13:02.426Z</time>
      </trkpt>
      <trkpt lat="20.618639" lon="-100.361984">
        <ele>1913.996392</ele>
        <time>2026-10-03T20:13:02.714Z</time>
      </trkpt>
      <trkpt lat="20.618637" lon="-100.361987">
        <ele>1913.979936</ele>
        <time>2026-10-03T20:13:02.803Z</time>
      </trkpt>
      <trkpt lat="20.618638" lon="-100.361986">
        <ele>1913.973398</ele>
        <time>2026-10-03T20:13:02.839Z</time>
      </trkpt>
      <trkpt lat="20.618640" lon="-100.361985">
        <ele>1913.962857</ele>
        <time>2026-10-03T20:13:02.896Z</time>
      </trkpt>
      <trkpt lat="20.618642" lon="-100.361983">
        <ele>1913.949781</ele>
        <time>2026-10-03T20:13:02.967Z</time>
      </trkpt>
      <trkpt lat="20.618643" lon="-100.361982">
        <ele>1913.943243</ele>
        <time>2026-10-03T20:13:03.002Z</time>
      </trkpt>
      <trkpt lat="20.618644" lon="-100.361981">
        <ele>1913.936704</ele>
        <time>2026-10-03T20:13:03.038Z</time>
      </trkpt>
      <trkpt lat="20.618645" lon="-100.361980">
        <ele>1913.930166</ele>
        <time>2026-10-03T20:13:03.073Z</time>
      </trkpt>
      <trkpt lat="20.618642" lon="-100.361974">
        <ele>1913.899774</ele>
        <time>2026-10-03T20:13:03.238Z</time>
      </trkpt>
      <trkpt lat="20.618640" lon="-100.361967">
        <ele>1913.867075</ele>
        <time>2026-10-03T20:13:03.415Z</time>
      </trkpt>
      <trkpt lat="20.618641" lon="-100.361963">
        <ele>1913.848577</ele>
        <time>2026-10-03T20:13:03.516Z</time>
      </trkpt>
      <trkpt lat="20.618642" lon="-100.361962">
        <ele>1913.842039</ele>
        <time>2026-10-03T20:13:03.551Z</time>
      </trkpt>
      <trkpt lat="20.618643" lon="-100.361962">
        <ele>1913.837265</ele>
        <time>2026-10-03T20:13:03.577Z</time>
      </trkpt>
      <trkpt lat="20.618643" lon="-100.361963">
        <ele>1913.832797</ele>
        <time>2026-10-03T20:13:03.601Z</time>
      </trkpt>
      <trkpt lat="20.618643" lon="-100.361964">
        <ele>1913.828329</ele>
        <time>2026-10-03T20:13:03.625Z</time>
      </trkpt>
      <trkpt lat="20.618643" lon="-100.361965">
        <ele>1913.823862</ele>
        <time>2026-10-03T20:13:03.650Z</time>
      </trkpt>
      <trkpt lat="20.618631" lon="-100.361973">
        <ele>1913.756342</ele>
        <time>2026-10-03T20:13:04.016Z</time>
      </trkpt>
      <trkpt lat="20.618618" lon="-100.361985">
        <ele>1913.674334</ele>
        <time>2026-10-03T20:13:04.460Z</time>
      </trkpt>
      <trkpt lat="20.618605" lon="-100.362000">
        <ele>1913.582997</ele>
        <time>2026-10-03T20:13:04.955Z</time>
      </trkpt>
      <trkpt lat="20.618595" lon="-100.362015">
        <ele>1913.500718</ele>
        <time>2026-10-03T20:13:05.402Z</time>
      </trkpt>
      <trkpt lat="20.618586" lon="-100.362030">
        <ele>1913.421112</ele>
        <time>2026-10-03T20:13:05.833Z</time>
      </trkpt>
      <trkpt lat="20.618579" lon="-100.362040">
        <ele>1913.365321</ele>
        <time>2026-10-03T20:13:06.136Z</time>
      </trkpt>
      <trkpt lat="20.618576" lon="-100.362046">
        <ele>1913.334928</ele>
        <time>2026-10-03T20:13:06.301Z</time>
      </trkpt>
      <trkpt lat="20.618576" lon="-100.362048">
        <ele>1913.325993</ele>
        <time>2026-10-03T20:13:06.349Z</time>
      </trkpt>
      <trkpt lat="20.618578" lon="-100.362047">
        <ele>1913.315452</ele>
        <time>2026-10-03T20:13:06.406Z</time>
      </trkpt>
      <trkpt lat="20.618579" lon="-100.362046">
        <ele>1913.308914</ele>
        <time>2026-10-03T20:13:06.442Z</time>
      </trkpt>
      <trkpt lat="20.618580" lon="-100.362044">
        <ele>1913.298783</ele>
        <time>2026-10-03T20:13:06.496Z</time>
      </trkpt>
      <trkpt lat="20.618581" lon="-100.362043">
        <ele>1913.292245</ele>
        <time>2026-10-03T20:13:06.532Z</time>
      </trkpt>
      <trkpt lat="20.618581" lon="-100.362042">
        <ele>1913.287777</ele>
        <time>2026-10-03T20:13:06.556Z</time>
      </trkpt>
      <trkpt lat="20.618582" lon="-100.362042">
        <ele>1913.283003</ele>
        <time>2026-10-03T20:13:06.582Z</time>
      </trkpt>
      <trkpt lat="20.618582" lon="-100.362041">
        <ele>1913.278535</ele>
        <time>2026-10-03T20:13:06.606Z</time>
      </trkpt>
      <trkpt lat="20.618582" lon="-100.362042">
        <ele>1913.274068</ele>
        <time>2026-10-03T20:13:06.631Z</time>
      </trkpt>
      <trkpt lat="20.618584" lon="-100.362031">
        <ele>1913.224003</ele>
        <time>2026-10-03T20:13:06.902Z</time>
      </trkpt>
      <trkpt lat="20.618589" lon="-100.362019">
        <ele>1913.165317</ele>
        <time>2026-10-03T20:13:07.220Z</time>
      </trkpt>
      <trkpt lat="20.618596" lon="-100.362010">
        <ele>1913.113034</ele>
        <time>2026-10-03T20:13:07.504Z</time>
      </trkpt>
      <trkpt lat="20.618604" lon="-100.362001">
        <ele>1913.057580</ele>
        <time>2026-10-03T20:13:07.804Z</time>
      </trkpt>
      <trkpt lat="20.618612" lon="-100.361993">
        <ele>1913.005274</ele>
        <time>2026-10-03T20:13:08.088Z</time>
      </trkpt>
      <trkpt lat="20.618622" lon="-100.361985">
        <ele>1912.945640</ele>
        <time>2026-10-03T20:13:08.411Z</time>
      </trkpt>
      <trkpt lat="20.618631" lon="-100.361978">
        <ele>1912.892500</ele>
        <time>2026-10-03T20:13:08.699Z</time>
      </trkpt>
      <trkpt lat="20.618641" lon="-100.361970">
        <ele>1912.832866</ele>
        <time>2026-10-03T20:13:09.023Z</time>
      </trkpt>
      <trkpt lat="20.618648" lon="-100.361961">
        <ele>1912.780584</ele>
        <time>2026-10-03T20:13:09.306Z</time>
      </trkpt>
      <trkpt lat="20.618652" lon="-100.361954">
        <ele>1912.743941</ele>
        <time>2026-10-03T20:13:09.505Z</time>
      </trkpt>
      <trkpt lat="20.618654" lon="-100.361952">
        <ele>1912.730864</ele>
        <time>2026-10-03T20:13:09.576Z</time>
      </trkpt>
      <trkpt lat="20.618654" lon="-100.361953">
        <ele>1912.726397</ele>
        <time>2026-10-03T20:13:09.600Z</time>
      </trkpt>
      <trkpt lat="20.618652" lon="-100.361955">
        <ele>1912.713320</ele>
        <time>2026-10-03T20:13:09.671Z</time>
      </trkpt>
      <trkpt lat="20.618651" lon="-100.361957">
        <ele>1912.703189</ele>
        <time>2026-10-03T20:13:09.726Z</time>
      </trkpt>
      <trkpt lat="20.618650" lon="-100.361958">
        <ele>1912.696651</ele>
        <time>2026-10-03T20:13:09.761Z</time>
      </trkpt>
      <trkpt lat="20.618649" lon="-100.361959">
        <ele>1912.690113</ele>
        <time>2026-10-03T20:13:09.796Z</time>
      </trkpt>
      <trkpt lat="20.618649" lon="-100.361960">
        <ele>1912.685645</ele>
        <time>2026-10-03T20:13:09.821Z</time>
      </trkpt>
      <trkpt lat="20.618648" lon="-100.361960">
        <ele>1912.680872</ele>
        <time>2026-10-03T20:13:09.847Z</time>
      </trkpt>
      <trkpt lat="20.618643" lon="-100.361964">
        <ele>1912.651055</ele>
        <time>2026-10-03T20:13:10.008Z</time>
      </trkpt>
      <trkpt lat="20.618634" lon="-100.361970">
        <ele>1912.600415</ele>
        <time>2026-10-03T20:13:10.283Z</time>
      </trkpt>
      <trkpt lat="20.618623" lon="-100.361978">
        <ele>1912.536895</ele>
        <time>2026-10-03T20:13:10.627Z</time>
      </trkpt>
      <trkpt lat="20.618610" lon="-100.361988">
        <ele>1912.460429</ele>
        <time>2026-10-03T20:13:11.042Z</time>
      </trkpt>
      <trkpt lat="20.618598" lon="-100.362001">
        <ele>1912.378852</ele>
        <time>2026-10-03T20:13:11.484Z</time>
      </trkpt>
      <trkpt lat="20.618588" lon="-100.362016">
        <ele>1912.296572</ele>
        <time>2026-10-03T20:13:11.930Z</time>
      </trkpt>
      <trkpt lat="20.618580" lon="-100.362029">
        <ele>1912.227061</ele>
        <time>2026-10-03T20:13:12.307Z</time>
      </trkpt>
      <trkpt lat="20.618571" lon="-100.362044">
        <ele>1912.147455</ele>
        <time>2026-10-03T20:13:12.739Z</time>
      </trkpt>
      <trkpt lat="20.618561" lon="-100.362061">
        <ele>1912.057747</ele>
        <time>2026-10-03T20:13:13.225Z</time>
      </trkpt>
      <trkpt lat="20.618549" lon="-100.362078">
        <ele>1911.962615</ele>
        <time>2026-10-03T20:13:13.741Z</time>
      </trkpt>
      <trkpt lat="20.618536" lon="-100.362096">
        <ele>1911.861035</ele>
        <time>2026-10-03T20:13:14.291Z</time>
      </trkpt>
      <trkpt lat="20.618523" lon="-100.362115">
        <ele>1911.755883</ele>
        <time>2026-10-03T20:13:14.861Z</time>
      </trkpt>
      <trkpt lat="20.618510" lon="-100.362133">
        <ele>1911.654303</ele>
        <time>2026-10-03T20:13:15.412Z</time>
      </trkpt>
      <trkpt lat="20.618498" lon="-100.362146">
        <ele>1911.572726</ele>
        <time>2026-10-03T20:13:15.855Z</time>
      </trkpt>
      <trkpt lat="20.618492" lon="-100.362152">
        <ele>1911.533497</ele>
        <time>2026-10-03T20:13:16.067Z</time>
      </trkpt>
      <trkpt lat="20.618490" lon="-100.362153">
        <ele>1911.522956</ele>
        <time>2026-10-03T20:13:16.124Z</time>
      </trkpt>
      <trkpt lat="20.618491" lon="-100.362150">
        <ele>1911.508728</ele>
        <time>2026-10-03T20:13:16.202Z</time>
      </trkpt>
      <trkpt lat="20.618492" lon="-100.362147">
        <ele>1911.494500</ele>
        <time>2026-10-03T20:13:16.279Z</time>
      </trkpt>
      <trkpt lat="20.618494" lon="-100.362145">
        <ele>1911.481423</ele>
        <time>2026-10-03T20:13:16.350Z</time>
      </trkpt>
      <trkpt lat="20.618496" lon="-100.362143">
        <ele>1911.468347</ele>
        <time>2026-10-03T20:13:16.420Z</time>
      </trkpt>
      <trkpt lat="20.618497" lon="-100.362141">
        <ele>1911.458216</ele>
        <time>2026-10-03T20:13:16.475Z</time>
      </trkpt>
      <trkpt lat="20.618498" lon="-100.362140">
        <ele>1911.451678</ele>
        <time>2026-10-03T20:13:16.511Z</time>
      </trkpt>
      <trkpt lat="20.618499" lon="-100.362140">
        <ele>1911.446904</ele>
        <time>2026-10-03T20:13:16.537Z</time>
      </trkpt>
      <trkpt lat="20.618498" lon="-100.362140">
        <ele>1911.442130</ele>
        <time>2026-10-03T20:13:16.563Z</time>
      </trkpt>
      <trkpt lat="20.618508" lon="-100.362130">
        <ele>1911.376748</ele>
        <time>2026-10-03T20:13:16.917Z</time>
      </trkpt>
      <trkpt lat="20.618516" lon="-100.362120">
        <ele>1911.317973</ele>
        <time>2026-10-03T20:13:17.236Z</time>
      </trkpt>
      <trkpt lat="20.618523" lon="-100.362109">
        <ele>1911.258544</ele>
        <time>2026-10-03T20:13:17.558Z</time>
      </trkpt>
      <trkpt lat="20.618530" lon="-100.362100">
        <ele>1911.206261</ele>
        <time>2026-10-03T20:13:17.841Z</time>
      </trkpt>
      <trkpt lat="20.618538" lon="-100.362092">
        <ele>1911.153956</ele>
        <time>2026-10-03T20:13:18.125Z</time>
      </trkpt>
      <trkpt lat="20.618546" lon="-100.362084">
        <ele>1911.101650</ele>
        <time>2026-10-03T20:13:18.408Z</time>
      </trkpt>
      <trkpt lat="20.618553" lon="-100.362078">
        <ele>1911.058811</ele>
        <time>2026-10-03T20:13:18.641Z</time>
      </trkpt>
      <trkpt lat="20.618560" lon="-100.362071">
        <ele>1911.021229</ele>
        <time>2026-10-03T20:13:18.889Z</time>
      </trkpt>
      <trkpt lat="20.618565" lon="-100.362065">
        <ele>1910.992167</ele>
        <time>2026-10-03T20:13:19.083Z</time>
      </trkpt>
      <trkpt lat="20.618567" lon="-100.362061">
        <ele>1910.975761</ele>
        <time>2026-10-03T20:13:19.193Z</time>
      </trkpt>
      <trkpt lat="20.618568" lon="-100.362054">
        <ele>1910.950144</ele>
        <time>2026-10-03T20:13:19.365Z</time>
      </trkpt>
      <trkpt lat="20.618569" lon="-100.362048">
        <ele>1910.928097</ele>
        <time>2026-10-03T20:13:19.512Z</time>
      </trkpt>
      <trkpt lat="20.618570" lon="-100.362042">
        <ele>1910.906050</ele>
        <time>2026-10-03T20:13:19.660Z</time>
      </trkpt>
      <trkpt lat="20.618571" lon="-100.362038">
        <ele>1910.891072</ele>
        <time>2026-10-03T20:13:19.760Z</time>
      </trkpt>
      <trkpt lat="20.618571" lon="-100.362036">
        <ele>1910.883837</ele>
        <time>2026-10-03T20:13:19.809Z</time>
      </trkpt>
      <trkpt lat="20.618571" lon="-100.362037">
        <ele>1910.880219</ele>
        <time>2026-10-03T20:13:19.833Z</time>
      </trkpt>
      <trkpt lat="20.618575" lon="-100.362032">
        <ele>1910.856424</ele>
        <time>2026-10-03T20:13:19.992Z</time>
      </trkpt>
      <trkpt lat="20.618580" lon="-100.362027">
        <ele>1910.829954</ele>
        <time>2026-10-03T20:13:20.170Z</time>
      </trkpt>
      <trkpt lat="20.618586" lon="-100.362021">
        <ele>1910.798189</ele>
        <time>2026-10-03T20:13:20.382Z</time>
      </trkpt>
      <trkpt lat="20.618594" lon="-100.362014">
        <ele>1910.758222</ele>
        <time>2026-10-03T20:13:20.650Z</time>
      </trkpt>
      <trkpt lat="20.618601" lon="-100.362009">
        <ele>1910.725676</ele>
        <time>2026-10-03T20:13:20.868Z</time>
      </trkpt>
      <trkpt lat="20.618608" lon="-100.362003">
        <ele>1910.690989</ele>
        <time>2026-10-03T20:13:21.100Z</time>
      </trkpt>
      <trkpt lat="20.618617" lon="-100.361999">
        <ele>1910.653313</ele>
        <time>2026-10-03T20:13:21.352Z</time>
      </trkpt>
      <trkpt lat="20.618626" lon="-100.361995">
        <ele>1910.615636</ele>
        <time>2026-10-03T20:13:21.604Z</time>
      </trkpt>
      <trkpt lat="20.618633" lon="-100.361992">
        <ele>1910.586484</ele>
        <time>2026-10-03T20:13:21.799Z</time>
      </trkpt>
      <trkpt lat="20.618636" lon="-100.361990">
        <ele>1910.572817</ele>
        <time>2026-10-03T20:13:21.891Z</time>
      </trkpt>
      <trkpt lat="20.618636" lon="-100.361989">
        <ele>1910.569199</ele>
        <time>2026-10-03T20:13:21.915Z</time>
      </trkpt>
      <trkpt lat="20.618635" lon="-100.361990">
        <ele>1910.563905</ele>
        <time>2026-10-03T20:13:21.951Z</time>
      </trkpt>
      <trkpt lat="20.618640" lon="-100.361985">
        <ele>1910.537435</ele>
        <time>2026-10-03T20:13:22.128Z</time>
      </trkpt>
      <trkpt lat="20.618645" lon="-100.361979">
        <ele>1910.508372</ele>
        <time>2026-10-03T20:13:22.322Z</time>
      </trkpt>
      <trkpt lat="20.618650" lon="-100.361972">
        <ele>1910.476517</ele>
        <time>2026-10-03T20:13:22.536Z</time>
      </trkpt>
      <trkpt lat="20.618653" lon="-100.361966">
        <ele>1910.451908</ele>
        <time>2026-10-03T20:13:22.700Z</time>
      </trkpt>
      <trkpt lat="20.618654" lon="-100.361965">
        <ele>1910.446614</ele>
        <time>2026-10-03T20:13:22.736Z</time>
      </trkpt>
      <trkpt lat="20.618653" lon="-100.361966">
        <ele>1910.441320</ele>
        <time>2026-10-03T20:13:22.771Z</time>
      </trkpt>
      <trkpt lat="20.618652" lon="-100.361967">
        <ele>1910.436026</ele>
        <time>2026-10-03T20:13:22.807Z</time>
      </trkpt>
      <trkpt lat="20.618652" lon="-100.361968">
        <ele>1910.432408</ele>
        <time>2026-10-03T20:13:22.831Z</time>
      </trkpt>
      <trkpt lat="20.618651" lon="-100.361968">
        <ele>1910.428543</ele>
        <time>2026-10-03T20:13:22.857Z</time>
      </trkpt>
      <trkpt lat="20.618641" lon="-100.361975">
        <ele>1910.382335</ele>
        <time>2026-10-03T20:13:23.166Z</time>
      </trkpt>
      <trkpt lat="20.618629" lon="-100.361983">
        <ele>1910.327664</ele>
        <time>2026-10-03T20:13:23.532Z</time>
      </trkpt>
      <trkpt lat="20.618616" lon="-100.361994">
        <ele>1910.263567</ele>
        <time>2026-10-03T20:13:23.962Z</time>
      </trkpt>
      <trkpt lat="20.618603" lon="-100.362008">
        <ele>1910.192224</ele>
        <time>2026-10-03T20:13:24.439Z</time>
      </trkpt>
      <trkpt lat="20.618594" lon="-100.362022">
        <ele>1910.130781</ele>
        <time>2026-10-03T20:13:24.851Z</time>
      </trkpt>
      <trkpt lat="20.618586" lon="-100.362037">
        <ele>1910.068325</ele>
        <time>2026-10-03T20:13:25.269Z</time>
      </trkpt>
      <trkpt lat="20.618577" lon="-100.362057">
        <ele>1909.988045</ele>
        <time>2026-10-03T20:13:25.806Z</time>
      </trkpt>
      <trkpt lat="20.618559" lon="-100.362082">
        <ele>1909.873940</ele>
        <time>2026-10-03T20:13:26.570Z</time>
      </trkpt>
      <trkpt lat="20.618539" lon="-100.362114">
        <ele>1909.734738</ele>
        <time>2026-10-03T20:13:27.502Z</time>
      </trkpt>
      <trkpt lat="20.618519" lon="-100.362150">
        <ele>1909.583289</ele>
        <time>2026-10-03T20:13:28.516Z</time>
      </trkpt>
      <trkpt lat="20.618500" lon="-100.362191">
        <ele>1909.417781</ele>
        <time>2026-10-03T20:13:29.624Z</time>
      </trkpt>
      <trkpt lat="20.618481" lon="-100.362233">
        <ele>1909.249024</ele>
        <time>2026-10-03T20:13:30.754Z</time>
      </trkpt>
      <trkpt lat="20.618466" lon="-100.362270">
        <ele>1909.103155</ele>
        <time>2026-10-03T20:13:31.731Z</time>
      </trkpt>
      <trkpt lat="20.618454" lon="-100.362296">
        <ele>1908.998283</ele>
        <time>2026-10-03T20:13:32.433Z</time>
      </trkpt>
      <trkpt lat="20.618449" lon="-100.362308">
        <ele>1908.950764</ele>
        <time>2026-10-03T20:13:32.751Z</time>
      </trkpt>
      <trkpt lat="20.618446" lon="-100.362309">
        <ele>1908.938617</ele>
        <time>2026-10-03T20:13:32.832Z</time>
      </trkpt>
      <trkpt lat="20.618446" lon="-100.362305">
        <ele>1908.924147</ele>
        <time>2026-10-03T20:13:32.929Z</time>
      </trkpt>
      <trkpt lat="20.618447" lon="-100.362300">
        <ele>1908.905650</ele>
        <time>2026-10-03T20:13:33.053Z</time>
      </trkpt>
      <trkpt lat="20.618448" lon="-100.362295">
        <ele>1908.887154</ele>
        <time>2026-10-03T20:13:33.177Z</time>
      </trkpt>
      <trkpt lat="20.618450" lon="-100.362290">
        <ele>1908.867483</ele>
        <time>2026-10-03T20:13:33.308Z</time>
      </trkpt>
      <trkpt lat="20.618451" lon="-100.362287">
        <ele>1908.855963</ele>
        <time>2026-10-03T20:13:33.385Z</time>
      </trkpt>
      <trkpt lat="20.618452" lon="-100.362285">
        <ele>1908.847760</ele>
        <time>2026-10-03T20:13:33.440Z</time>
      </trkpt>
      <trkpt lat="20.618453" lon="-100.362284">
        <ele>1908.842466</ele>
        <time>2026-10-03T20:13:33.476Z</time>
      </trkpt>
      <trkpt lat="20.618454" lon="-100.362284">
        <ele>1908.838600</ele>
        <time>2026-10-03T20:13:33.502Z</time>
      </trkpt>
      <trkpt lat="20.618454" lon="-100.362285">
        <ele>1908.834983</ele>
        <time>2026-10-03T20:13:33.526Z</time>
      </trkpt>
      <trkpt lat="20.618453" lon="-100.362285">
        <ele>1908.831118</ele>
        <time>2026-10-03T20:13:33.552Z</time>
      </trkpt>
      <trkpt lat="20.618459" lon="-100.362164">
        <ele>1908.392772</ele>
        <time>2026-10-03T20:13:36.486Z</time>
      </trkpt>
      <trkpt lat="20.618485" lon="-100.362153">
        <ele>1908.284685</ele>
        <time>2026-10-03T20:13:37.210Z</time>
      </trkpt>
      <trkpt lat="20.618499" lon="-100.362144">
        <ele>1908.221533</ele>
        <time>2026-10-03T20:13:37.633Z</time>
      </trkpt>
      <trkpt lat="20.618512" lon="-100.362136">
        <ele>1908.163546</ele>
        <time>2026-10-03T20:13:38.021Z</time>
      </trkpt>
      <trkpt lat="20.618524" lon="-100.362128">
        <ele>1908.108876</ele>
        <time>2026-10-03T20:13:38.387Z</time>
      </trkpt>
      <trkpt lat="20.618535" lon="-100.362118">
        <ele>1908.053051</ele>
        <time>2026-10-03T20:13:38.760Z</time>
      </trkpt>
      <trkpt lat="20.618544" lon="-100.362109">
        <ele>1908.005404</ele>
        <time>2026-10-03T20:13:39.079Z</time>
      </trkpt>
      <trkpt lat="20.618548" lon="-100.362100">
        <ele>1907.969361</ele>
        <time>2026-10-03T20:13:39.321Z</time>
      </trkpt>
      <trkpt lat="20.618550" lon="-100.362093">
        <ele>1907.942884</ele>
        <time>2026-10-03T20:13:39.498Z</time>
      </trkpt>
      <trkpt lat="20.618549" lon="-100.362090">
        <ele>1907.931364</ele>
        <time>2026-10-03T20:13:39.575Z</time>
      </trkpt>
      <trkpt lat="20.618548" lon="-100.362090">
        <ele>1907.927499</ele>
        <time>2026-10-03T20:13:39.601Z</time>
      </trkpt>
      <trkpt lat="20.618548" lon="-100.362089">
        <ele>1907.923881</ele>
        <time>2026-10-03T20:13:39.625Z</time>
      </trkpt>
      <trkpt lat="20.618549" lon="-100.362085">
        <ele>1907.908903</ele>
        <time>2026-10-03T20:13:39.726Z</time>
      </trkpt>
      <trkpt lat="20.618553" lon="-100.362079">
        <ele>1907.882254</ele>
        <time>2026-10-03T20:13:39.904Z</time>
      </trkpt>
      <trkpt lat="20.618556" lon="-100.362071">
        <ele>1907.851077</ele>
        <time>2026-10-03T20:13:40.113Z</time>
      </trkpt>
      <trkpt lat="20.618561" lon="-100.362065">
        <ele>1907.822014</ele>
        <time>2026-10-03T20:13:40.307Z</time>
      </trkpt>
      <trkpt lat="20.618567" lon="-100.362059">
        <ele>1907.790250</ele>
        <time>2026-10-03T20:13:40.520Z</time>
      </trkpt>
      <trkpt lat="20.618575" lon="-100.362054">
        <ele>1907.754426</ele>
        <time>2026-10-03T20:13:40.760Z</time>
      </trkpt>
      <trkpt lat="20.618582" lon="-100.362049">
        <ele>1907.721881</ele>
        <time>2026-10-03T20:13:40.978Z</time>
      </trkpt>
      <trkpt lat="20.618587" lon="-100.362043">
        <ele>1907.692818</ele>
        <time>2026-10-03T20:13:41.172Z</time>
      </trkpt>
      <trkpt lat="20.618590" lon="-100.362037">
        <ele>1907.668209</ele>
        <time>2026-10-03T20:13:41.337Z</time>
      </trkpt>
      <trkpt lat="20.618591" lon="-100.362031">
        <ele>1907.646162</ele>
        <time>2026-10-03T20:13:41.484Z</time>
      </trkpt>
      <trkpt lat="20.618591" lon="-100.362025">
        <ele>1907.624457</ele>
        <time>2026-10-03T20:13:41.630Z</time>
      </trkpt>
      <trkpt lat="20.618592" lon="-100.362020">
        <ele>1907.605960</ele>
        <time>2026-10-03T20:13:41.754Z</time>
      </trkpt>
      <trkpt lat="20.618594" lon="-100.362012">
        <ele>1907.576005</ele>
        <time>2026-10-03T20:13:41.954Z</time>
      </trkpt>
      <trkpt lat="20.618599" lon="-100.362004">
        <ele>1907.541204</ele>
        <time>2026-10-03T20:13:42.187Z</time>
      </trkpt>
      <trkpt lat="20.618604" lon="-100.361998">
        <ele>1907.512142</ele>
        <time>2026-10-03T20:13:42.381Z</time>
      </trkpt>
      <trkpt lat="20.618611" lon="-100.361992">
        <ele>1907.477455</ele>
        <time>2026-10-03T20:13:42.614Z</time>
      </trkpt>
      <trkpt lat="20.618617" lon="-100.361990">
        <ele>1907.453161</ele>
        <time>2026-10-03T20:13:42.776Z</time>
      </trkpt>
      <trkpt lat="20.618625" lon="-100.361988">
        <ele>1907.421404</ele>
        <time>2026-10-03T20:13:42.989Z</time>
      </trkpt>
      <trkpt lat="20.618633" lon="-100.361986">
        <ele>1907.389648</ele>
        <time>2026-10-03T20:13:43.202Z</time>
      </trkpt>
      <trkpt lat="20.618642" lon="-100.361983">
        <ele>1907.353207</ele>
        <time>2026-10-03T20:13:43.446Z</time>
      </trkpt>
      <trkpt lat="20.618650" lon="-100.361980">
        <ele>1907.320436</ele>
        <time>2026-10-03T20:13:43.665Z</time>
      </trkpt>
      <trkpt lat="20.618659" lon="-100.361976">
        <ele>1907.282760</ele>
        <time>2026-10-03T20:13:43.917Z</time>
      </trkpt>
      <trkpt lat="20.618664" lon="-100.361971">
        <ele>1907.256290</ele>
        <time>2026-10-03T20:13:44.094Z</time>
      </trkpt>
      <trkpt lat="20.618667" lon="-100.361969">
        <ele>1907.242622</ele>
        <time>2026-10-03T20:13:44.186Z</time>
      </trkpt>
      <trkpt lat="20.618667" lon="-100.361966">
        <ele>1907.231769</ele>
        <time>2026-10-03T20:13:44.259Z</time>
      </trkpt>
      <trkpt lat="20.618665" lon="-100.361963">
        <ele>1907.218445</ele>
        <time>2026-10-03T20:13:44.348Z</time>
      </trkpt>
      <trkpt lat="20.618662" lon="-100.361962">
        <ele>1907.206298</ele>
        <time>2026-10-03T20:13:44.429Z</time>
      </trkpt>
      <trkpt lat="20.618659" lon="-100.361961">
        <ele>1907.194151</ele>
        <time>2026-10-03T20:13:44.510Z</time>
      </trkpt>
      <trkpt lat="20.618657" lon="-100.361961">
        <ele>1907.186421</ele>
        <time>2026-10-03T20:13:44.562Z</time>
      </trkpt>
      <trkpt lat="20.618654" lon="-100.361962">
        <ele>1907.174274</ele>
        <time>2026-10-03T20:13:44.643Z</time>
      </trkpt>
      <trkpt lat="20.618652" lon="-100.361963">
        <ele>1907.165739</ele>
        <time>2026-10-03T20:13:44.701Z</time>
      </trkpt>
      <trkpt lat="20.618651" lon="-100.361965">
        <ele>1907.157536</ele>
        <time>2026-10-03T20:13:44.755Z</time>
      </trkpt>
      <trkpt lat="20.618649" lon="-100.361967">
        <ele>1907.146948</ele>
        <time>2026-10-03T20:13:44.826Z</time>
      </trkpt>
      <trkpt lat="20.618649" lon="-100.361968">
        <ele>1907.143330</ele>
        <time>2026-10-03T20:13:44.851Z</time>
      </trkpt>
      <trkpt lat="20.618648" lon="-100.361970">
        <ele>1907.135127</ele>
        <time>2026-10-03T20:13:44.906Z</time>
      </trkpt>
      <trkpt lat="20.618648" lon="-100.361971">
        <ele>1907.131510</ele>
        <time>2026-10-03T20:13:44.930Z</time>
      </trkpt>
      <trkpt lat="20.618647" lon="-100.361972">
        <ele>1907.126216</ele>
        <time>2026-10-03T20:13:44.965Z</time>
      </trkpt>
      <trkpt lat="20.618648" lon="-100.361973">
        <ele>1907.120922</ele>
        <time>2026-10-03T20:13:45.001Z</time>
      </trkpt>
      <trkpt lat="20.618648" lon="-100.361974">
        <ele>1907.117304</ele>
        <time>2026-10-03T20:13:45.025Z</time>
      </trkpt>
      <trkpt lat="20.618647" lon="-100.361975">
        <ele>1907.112010</ele>
        <time>2026-10-03T20:13:45.060Z</time>
      </trkpt>
      <trkpt lat="20.618648" lon="-100.361976">
        <ele>1907.106716</ele>
        <time>2026-10-03T20:13:45.096Z</time>
      </trkpt>
      <trkpt lat="20.618648" lon="-100.361977">
        <ele>1907.103098</ele>
        <time>2026-10-03T20:13:45.120Z</time>
      </trkpt>
      <trkpt lat="20.618647" lon="-100.361977">
        <ele>1907.099233</ele>
        <time>2026-10-03T20:13:45.146Z</time>
      </trkpt>
      <trkpt lat="20.618648" lon="-100.361977">
        <ele>1907.095368</ele>
        <time>2026-10-03T20:13:45.172Z</time>
      </trkpt>
      <trkpt lat="20.618647" lon="-100.361977">
        <ele>1907.091503</ele>
        <time>2026-10-03T20:13:45.198Z</time>
      </trkpt>
      <trkpt lat="20.618647" lon="-100.361978">
        <ele>1907.087885</ele>
        <time>2026-10-03T20:13:45.222Z</time>
      </trkpt>
      <trkpt lat="20.618647" lon="-100.361979">
        <ele>1907.084267</ele>
        <time>2026-10-03T20:13:45.246Z</time>
      </trkpt>
      <trkpt lat="20.618646" lon="-100.361979">
        <ele>1907.080402</ele>
        <time>2026-10-03T20:13:45.272Z</time>
      </trkpt>
      <trkpt lat="20.618644" lon="-100.361979">
        <ele>1907.072672</ele>
        <time>2026-10-03T20:13:45.324Z</time>
      </trkpt>
      <trkpt lat="20.618641" lon="-100.361982">
        <ele>1907.056790</ele>
        <time>2026-10-03T20:13:45.430Z</time>
      </trkpt>
      <trkpt lat="20.618635" lon="-100.361988">
        <ele>1907.025026</ele>
        <time>2026-10-03T20:13:45.643Z</time>
      </trkpt>
      <trkpt lat="20.618627" lon="-100.361997">
        <ele>1906.980123</ele>
        <time>2026-10-03T20:13:45.943Z</time>
      </trkpt>
      <trkpt lat="20.618617" lon="-100.362009">
        <ele>1906.921998</ele>
        <time>2026-10-03T20:13:46.332Z</time>
      </trkpt>
      <trkpt lat="20.618608" lon="-100.362024">
        <ele>1906.857541</ele>
        <time>2026-10-03T20:13:46.764Z</time>
      </trkpt>
      <trkpt lat="20.618597" lon="-100.362043">
        <ele>1906.776719</ele>
        <time>2026-10-03T20:13:47.305Z</time>
      </trkpt>
      <trkpt lat="20.618583" lon="-100.362065">
        <ele>1906.680478</ele>
        <time>2026-10-03T20:13:47.949Z</time>
      </trkpt>
      <trkpt lat="20.618570" lon="-100.362091">
        <ele>1906.573840</ele>
        <time>2026-10-03T20:13:48.663Z</time>
      </trkpt>
      <trkpt lat="20.618560" lon="-100.362116">
        <ele>1906.475487</ele>
        <time>2026-10-03T20:13:49.321Z</time>
      </trkpt>
      <trkpt lat="20.618552" lon="-100.362136">
        <ele>1906.396804</ele>
        <time>2026-10-03T20:13:49.848Z</time>
      </trkpt>
      <trkpt lat="20.618539" lon="-100.362154">
        <ele>1906.314554</ele>
        <time>2026-10-03T20:13:50.398Z</time>
      </trkpt>
      <trkpt lat="20.618516" lon="-100.362172">
        <ele>1906.204357</ele>
        <time>2026-10-03T20:13:51.136Z</time>
      </trkpt>
      <trkpt lat="20.618491" lon="-100.362192">
        <ele>1906.083641</ele>
        <time>2026-10-03T20:13:51.944Z</time>
      </trkpt>
      <trkpt lat="20.618470" lon="-100.362218">
        <ele>1905.959402</ele>
        <time>2026-10-03T20:13:52.776Z</time>
      </trkpt>
      <trkpt lat="20.618455" lon="-100.362248">
        <ele>1905.836358</ele>
        <time>2026-10-03T20:13:53.599Z</time>
      </trkpt>
      <trkpt lat="20.618445" lon="-100.362273">
        <ele>1905.738005</ele>
        <time>2026-10-03T20:13:54.258Z</time>
      </trkpt>
      <trkpt lat="20.618441" lon="-100.362285">
        <ele>1905.691922</ele>
        <time>2026-10-03T20:13:54.566Z</time>
      </trkpt>
      <trkpt lat="20.618442" lon="-100.362290">
        <ele>1905.673426</ele>
        <time>2026-10-03T20:13:54.690Z</time>
      </trkpt>
      <trkpt lat="20.618443" lon="-100.362287">
        <ele>1905.661905</ele>
        <time>2026-10-03T20:13:54.767Z</time>
      </trkpt>
      <trkpt lat="20.618444" lon="-100.362284">
        <ele>1905.650385</ele>
        <time>2026-10-03T20:13:54.844Z</time>
      </trkpt>
      <trkpt lat="20.618446" lon="-100.362280">
        <ele>1905.633979</ele>
        <time>2026-10-03T20:13:54.954Z</time>
      </trkpt>
      <trkpt lat="20.618447" lon="-100.362278">
        <ele>1905.625776</ele>
        <time>2026-10-03T20:13:55.009Z</time>
      </trkpt>
      <trkpt lat="20.618448" lon="-100.362276">
        <ele>1905.617573</ele>
        <time>2026-10-03T20:13:55.064Z</time>
      </trkpt>
      <trkpt lat="20.618448" lon="-100.362275">
        <ele>1905.613955</ele>
        <time>2026-10-03T20:13:55.088Z</time>
      </trkpt>
      <trkpt lat="20.618448" lon="-100.362274">
        <ele>1905.610338</ele>
        <time>2026-10-03T20:13:55.113Z</time>
      </trkpt>
      <trkpt lat="20.618449" lon="-100.362274">
        <ele>1905.606472</ele>
        <time>2026-10-03T20:13:55.138Z</time>
      </trkpt>
      <trkpt lat="20.618448" lon="-100.362275">
        <ele>1905.601178</ele>
        <time>2026-10-03T20:13:55.174Z</time>
      </trkpt>
      <trkpt lat="20.618434" lon="-100.362290">
        <ele>1905.524544</ele>
        <time>2026-10-03T20:13:55.687Z</time>
      </trkpt>
      <trkpt lat="20.618422" lon="-100.362306">
        <ele>1905.450371</ele>
        <time>2026-10-03T20:13:56.183Z</time>
      </trkpt>
      <trkpt lat="20.618411" lon="-100.362323">
        <ele>1905.375606</ele>
        <time>2026-10-03T20:13:56.684Z</time>
      </trkpt>
      <trkpt lat="20.618400" lon="-100.362342">
        <ele>1905.294784</ele>
        <time>2026-10-03T20:13:57.225Z</time>
      </trkpt>
      <trkpt lat="20.618393" lon="-100.362365">
        <ele>1905.207290</ele>
        <time>2026-10-03T20:13:57.810Z</time>
      </trkpt>
      <trkpt lat="20.618388" lon="-100.362389">
        <ele>1905.118342</ele>
        <time>2026-10-03T20:13:58.406Z</time>
      </trkpt>
      <trkpt lat="20.618385" lon="-100.362412">
        <ele>1905.034333</ele>
        <time>2026-10-03T20:13:58.968Z</time>
      </trkpt>
      <trkpt lat="20.618381" lon="-100.362438">
        <ele>1904.939013</ele>
        <time>2026-10-03T20:13:59.606Z</time>
      </trkpt>
      <trkpt lat="20.618376" lon="-100.362465">
        <ele>1904.839443</ele>
        <time>2026-10-03T20:14:00.273Z</time>
      </trkpt>
      <trkpt lat="20.618371" lon="-100.362495">
        <ele>1904.729208</ele>
        <time>2026-10-03T20:14:01.011Z</time>
      </trkpt>
      <trkpt lat="20.618365" lon="-100.362525">
        <ele>1904.618229</ele>
        <time>2026-10-03T20:14:01.753Z</time>
      </trkpt>
      <trkpt lat="20.618360" lon="-100.362557">
        <ele>1904.500863</ele>
        <time>2026-10-03T20:14:02.539Z</time>
      </trkpt>
      <trkpt lat="20.618352" lon="-100.362591">
        <ele>1904.374037</ele>
        <time>2026-10-03T20:14:03.388Z</time>
      </trkpt>
      <trkpt lat="20.618337" lon="-100.362626">
        <ele>1904.234777</ele>
        <time>2026-10-03T20:14:04.320Z</time>
      </trkpt>
      <trkpt lat="20.618318" lon="-100.362661">
        <ele>1904.091060</ele>
        <time>2026-10-03T20:14:05.300Z</time>
      </trkpt>
      <trkpt lat="20.618296" lon="-100.362698">
        <ele>1903.959577</ele>
        <time>2026-10-03T20:14:06.361Z</time>
      </trkpt>
      <trkpt lat="20.618277" lon="-100.362736">
        <ele>1903.830351</ele>
        <time>2026-10-03T20:14:07.405Z</time>
      </trkpt>
      <trkpt lat="20.618263" lon="-100.362774">
        <ele>1903.707858</ele>
        <time>2026-10-03T20:14:08.393Z</time>
      </trkpt>
      <trkpt lat="20.618255" lon="-100.362812">
        <ele>1903.591029</ele>
        <time>2026-10-03T20:14:09.336Z</time>
      </trkpt>
      <trkpt lat="20.618254" lon="-100.362848">
        <ele>1903.482999</ele>
        <time>2026-10-03T20:14:10.209Z</time>
      </trkpt>
      <trkpt lat="20.618259" lon="-100.362881">
        <ele>1903.382727</ele>
        <time>2026-10-03T20:14:11.018Z</time>
      </trkpt>
      <trkpt lat="20.618264" lon="-100.362912">
        <ele>1903.288372</ele>
        <time>2026-10-03T20:14:11.780Z</time>
      </trkpt>
      <trkpt lat="20.618268" lon="-100.362941">
        <ele>1903.200447</ele>
        <time>2026-10-03T20:14:12.490Z</time>
      </trkpt>
      <trkpt lat="20.618267" lon="-100.362970">
        <ele>1903.113403</ele>
        <time>2026-10-03T20:14:13.192Z</time>
      </trkpt>
      <trkpt lat="20.618261" lon="-100.362997">
        <ele>1903.030165</ele>
        <time>2026-10-03T20:14:13.864Z</time>
      </trkpt>
      <trkpt lat="20.618248" lon="-100.363025">
        <ele>1902.936413</ele>
        <time>2026-10-03T20:14:14.621Z</time>
      </trkpt>
      <trkpt lat="20.618228" lon="-100.363054">
        <ele>1902.828363</ele>
        <time>2026-10-03T20:14:15.493Z</time>
      </trkpt>
      <trkpt lat="20.618203" lon="-100.363090">
        <ele>1902.693904</ele>
        <time>2026-10-03T20:14:16.579Z</time>
      </trkpt>
      <trkpt lat="20.618177" lon="-100.363132">
        <ele>1902.542863</ele>
        <time>2026-10-03T20:14:17.798Z</time>
      </trkpt>
      <trkpt lat="20.618151" lon="-100.363179">
        <ele>1902.379103</ele>
        <time>2026-10-03T20:14:19.120Z</time>
      </trkpt>
      <trkpt lat="20.618124" lon="-100.363228">
        <ele>1902.208548</ele>
        <time>2026-10-03T20:14:20.497Z</time>
      </trkpt>
      <trkpt lat="20.618098" lon="-100.363278">
        <ele>1902.036980</ele>
        <time>2026-10-03T20:14:21.882Z</time>
      </trkpt>
      <trkpt lat="20.618073" lon="-100.363327">
        <ele>1901.869585</ele>
        <time>2026-10-03T20:14:23.233Z</time>
      </trkpt>
      <trkpt lat="20.618050" lon="-100.363376">
        <ele>1901.705162</ele>
        <time>2026-10-03T20:14:24.560Z</time>
      </trkpt>
      <trkpt lat="20.618028" lon="-100.363422">
        <ele>1901.550215</ele>
        <time>2026-10-03T20:14:25.811Z</time>
      </trkpt>
      <trkpt lat="20.618009" lon="-100.363466">
        <ele>1901.404867</ele>
        <time>2026-10-03T20:14:26.984Z</time>
      </trkpt>
      <trkpt lat="20.617993" lon="-100.363508">
        <ele>1901.268853</ele>
        <time>2026-10-03T20:14:28.082Z</time>
      </trkpt>
      <trkpt lat="20.617979" lon="-100.363548">
        <ele>1901.140758</ele>
        <time>2026-10-03T20:14:29.116Z</time>
      </trkpt>
      <trkpt lat="20.617968" lon="-100.363588">
        <ele>1901.015706</ele>
        <time>2026-10-03T20:14:30.126Z</time>
      </trkpt>
      <trkpt lat="20.617958" lon="-100.363625">
        <ele>1900.900190</ele>
        <time>2026-10-03T20:14:31.058Z</time>
      </trkpt>
      <trkpt lat="20.617949" lon="-100.363663">
        <ele>1900.782616</ele>
        <time>2026-10-03T20:14:32.007Z</time>
      </trkpt>
      <trkpt lat="20.617941" lon="-100.363702">
        <ele>1900.662859</ele>
        <time>2026-10-03T20:14:32.974Z</time>
      </trkpt>
      <trkpt lat="20.617935" lon="-100.363744">
        <ele>1900.535420</ele>
        <time>2026-10-03T20:14:34.003Z</time>
      </trkpt>
      <trkpt lat="20.617929" lon="-100.363786">
        <ele>1900.407982</ele>
        <time>2026-10-03T20:14:35.031Z</time>
      </trkpt>
      <trkpt lat="20.617921" lon="-100.363833">
        <ele>1900.264693</ele>
        <time>2026-10-03T20:14:36.188Z</time>
      </trkpt>
      <trkpt lat="20.617913" lon="-100.363884">
        <ele>1900.109585</ele>
        <time>2026-10-03T20:14:37.440Z</time>
      </trkpt>
      <trkpt lat="20.617903" lon="-100.363940">
        <ele>1899.938582</ele>
        <time>2026-10-03T20:14:38.821Z</time>
      </trkpt>
      <trkpt lat="20.617893" lon="-100.364000">
        <ele>1899.755781</ele>
        <time>2026-10-03T20:14:40.296Z</time>
      </trkpt>
      <trkpt lat="20.617884" lon="-100.364062">
        <ele>1899.567588</ele>
        <time>2026-10-03T20:14:41.815Z</time>
      </trkpt>
      <trkpt lat="20.617877" lon="-100.364126">
        <ele>1899.374313</ele>
        <time>2026-10-03T20:14:43.375Z</time>
      </trkpt>
      <trkpt lat="20.617877" lon="-100.364189">
        <ele>1899.185344</ele>
        <time>2026-10-03T20:14:44.901Z</time>
      </trkpt>
      <trkpt lat="20.617884" lon="-100.364251">
        <ele>1898.998027</ele>
        <time>2026-10-03T20:14:46.413Z</time>
      </trkpt>
      <trkpt lat="20.617894" lon="-100.364313">
        <ele>1898.809316</ele>
        <time>2026-10-03T20:14:47.936Z</time>
      </trkpt>
      <trkpt lat="20.617905" lon="-100.364376">
        <ele>1898.617087</ele>
        <time>2026-10-03T20:14:49.488Z</time>
      </trkpt>
      <trkpt lat="20.617916" lon="-100.364442">
        <ele>1898.416005</ele>
        <time>2026-10-03T20:14:51.111Z</time>
      </trkpt>
      <trkpt lat="20.617928" lon="-100.364509">
        <ele>1898.212963</ele>
        <time>2026-10-03T20:14:52.762Z</time>
      </trkpt>
      <trkpt lat="20.617943" lon="-100.364573">
        <ele>1898.017490</ele>
        <time>2026-10-03T20:14:54.360Z</time>
      </trkpt>
      <trkpt lat="20.617962" lon="-100.364635">
        <ele>1897.824201</ele>
        <time>2026-10-03T20:14:55.939Z</time>
      </trkpt>
      <trkpt lat="20.617983" lon="-100.364694">
        <ele>1897.637183</ele>
        <time>2026-10-03T20:14:57.468Z</time>
      </trkpt>
      <trkpt lat="20.618001" lon="-100.364750">
        <ele>1897.461756</ele>
        <time>2026-10-03T20:14:58.901Z</time>
      </trkpt>
      <trkpt lat="20.618017" lon="-100.364800">
        <ele>1897.305197</ele>
        <time>2026-10-03T20:15:00.181Z</time>
      </trkpt>
      <trkpt lat="20.618033" lon="-100.364847">
        <ele>1897.157021</ele>
        <time>2026-10-03T20:15:01.392Z</time>
      </trkpt>
      <trkpt lat="20.618050" lon="-100.364893">
        <ele>1897.010494</ele>
        <time>2026-10-03T20:15:02.589Z</time>
      </trkpt>
      <trkpt lat="20.618069" lon="-100.364939">
        <ele>1896.861524</ele>
        <time>2026-10-03T20:15:03.806Z</time>
      </trkpt>
      <trkpt lat="20.618088" lon="-100.364986">
        <ele>1896.709840</ele>
        <time>2026-10-03T20:15:05.046Z</time>
      </trkpt>
      <trkpt lat="20.618105" lon="-100.365034">
        <ele>1896.557785</ele>
        <time>2026-10-03T20:15:06.289Z</time>
      </trkpt>
      <trkpt lat="20.618122" lon="-100.365083">
        <ele>1896.402955</ele>
        <time>2026-10-03T20:15:07.554Z</time>
      </trkpt>
      <trkpt lat="20.618137" lon="-100.365132">
        <ele>1896.250211</ele>
        <time>2026-10-03T20:15:08.802Z</time>
      </trkpt>
      <trkpt lat="20.618153" lon="-100.365184">
        <ele>1896.088035</ele>
        <time>2026-10-03T20:15:10.128Z</time>
      </trkpt>
      <trkpt lat="20.618168" lon="-100.365239">
        <ele>1895.918304</ele>
        <time>2026-10-03T20:15:11.515Z</time>
      </trkpt>
      <trkpt lat="20.618182" lon="-100.365296">
        <ele>1895.743708</ele>
        <time>2026-10-03T20:15:12.941Z</time>
      </trkpt>
      <trkpt lat="20.618195" lon="-100.365351">
        <ele>1895.575639</ele>
        <time>2026-10-03T20:15:14.315Z</time>
      </trkpt>
      <trkpt lat="20.618203" lon="-100.365406">
        <ele>1895.410730</ele>
        <time>2026-10-03T20:15:15.663Z</time>
      </trkpt>
      <trkpt lat="20.618198" lon="-100.365462">
        <ele>1895.244061</ele>
        <time>2026-10-03T20:15:17.025Z</time>
      </trkpt>
      <trkpt lat="20.618177" lon="-100.365520">
        <ele>1895.059809</ele>
        <time>2026-10-03T20:15:18.530Z</time>
      </trkpt>
      <trkpt lat="20.618144" lon="-100.365579">
        <ele>1894.856170</ele>
        <time>2026-10-03T20:15:20.195Z</time>
      </trkpt>
      <trkpt lat="20.618098" lon="-100.365629">
        <ele>1894.648447</ele>
        <time>2026-10-03T20:15:21.892Z</time>
      </trkpt>
      <trkpt lat="20.618046" lon="-100.365670">
        <ele>1894.443870</ele>
        <time>2026-10-03T20:15:23.564Z</time>
      </trkpt>
      <trkpt lat="20.617998" lon="-100.365705">
        <ele>1894.259911</ele>
        <time>2026-10-03T20:15:25.067Z</time>
      </trkpt>
      <trkpt lat="20.617956" lon="-100.365737">
        <ele>1894.096616</ele>
        <time>2026-10-03T20:15:26.402Z</time>
      </trkpt>
      <trkpt lat="20.617917" lon="-100.365768">
        <ele>1893.942743</ele>
        <time>2026-10-03T20:15:27.659Z</time>
      </trkpt>
      <trkpt lat="20.617879" lon="-100.365798">
        <ele>1893.793176</ele>
        <time>2026-10-03T20:15:28.882Z</time>
      </trkpt>
      <trkpt lat="20.617835" lon="-100.365826">
        <ele>1893.631059</ele>
        <time>2026-10-03T20:15:30.207Z</time>
      </trkpt>
      <trkpt lat="20.617787" lon="-100.365857">
        <ele>1893.453511</ele>
        <time>2026-10-03T20:15:31.658Z</time>
      </trkpt>
      <trkpt lat="20.617739" lon="-100.365897">
        <ele>1893.260812</ele>
        <time>2026-10-03T20:15:33.233Z</time>
      </trkpt>
      <trkpt lat="20.617695" lon="-100.365946">
        <ele>1893.059625</ele>
        <time>2026-10-03T20:15:34.877Z</time>
      </trkpt>
      <trkpt lat="20.617657" lon="-100.365994">
        <ele>1892.873360</ele>
        <time>2026-10-03T20:15:36.399Z</time>
      </trkpt>
      <trkpt lat="20.617628" lon="-100.366040">
        <ele>1892.709038</ele>
        <time>2026-10-03T20:15:37.742Z</time>
      </trkpt>
      <trkpt lat="20.617607" lon="-100.366082">
        <ele>1892.562809</ele>
        <time>2026-10-03T20:15:38.895Z</time>
      </trkpt>
      <trkpt lat="20.617594" lon="-100.366119">
        <ele>1892.437995</ele>
        <time>2026-10-03T20:15:39.852Z</time>
      </trkpt>
      <trkpt lat="20.617585" lon="-100.366153">
        <ele>1892.326406</ele>
        <time>2026-10-03T20:15:40.707Z</time>
      </trkpt>
      <trkpt lat="20.617579" lon="-100.366186">
        <ele>1892.220239</ele>
        <time>2026-10-03T20:15:41.522Z</time>
      </trkpt>
      <trkpt lat="20.617574" lon="-100.366217">
        <ele>1892.120893</ele>
        <time>2026-10-03T20:15:42.283Z</time>
      </trkpt>
      <trkpt lat="20.617568" lon="-100.366246">
        <ele>1892.027095</ele>
        <time>2026-10-03T20:15:43.002Z</time>
      </trkpt>
      <trkpt lat="20.617561" lon="-100.366276">
        <ele>1891.929450</ele>
        <time>2026-10-03T20:15:43.751Z</time>
      </trkpt>
      <trkpt lat="20.617552" lon="-100.366307">
        <ele>1891.826945</ele>
        <time>2026-10-03T20:15:44.537Z</time>
      </trkpt>
      <trkpt lat="20.617541" lon="-100.366340">
        <ele>1891.716314</ele>
        <time>2026-10-03T20:15:45.385Z</time>
      </trkpt>
      <trkpt lat="20.617527" lon="-100.366376">
        <ele>1891.593197</ele>
        <time>2026-10-03T20:15:46.329Z</time>
      </trkpt>
      <trkpt lat="20.617514" lon="-100.366417">
        <ele>1891.456484</ele>
        <time>2026-10-03T20:15:47.377Z</time>
      </trkpt>
      <trkpt lat="20.617504" lon="-100.366460">
        <ele>1891.316553</ele>
        <time>2026-10-03T20:15:48.450Z</time>
      </trkpt>
      <trkpt lat="20.617495" lon="-100.366509">
        <ele>1891.158852</ele>
        <time>2026-10-03T20:15:49.659Z</time>
      </trkpt>
      <trkpt lat="20.617484" lon="-100.366561">
        <ele>1890.990485</ele>
        <time>2026-10-03T20:15:50.950Z</time>
      </trkpt>
      <trkpt lat="20.617473" lon="-100.366615">
        <ele>1890.815952</ele>
        <time>2026-10-03T20:15:52.288Z</time>
      </trkpt>
      <trkpt lat="20.617461" lon="-100.366672">
        <ele>1890.631439</ele>
        <time>2026-10-03T20:15:53.703Z</time>
      </trkpt>
      <trkpt lat="20.617444" lon="-100.366730">
        <ele>1890.439494</ele>
        <time>2026-10-03T20:15:55.175Z</time>
      </trkpt>
      <trkpt lat="20.617422" lon="-100.366788">
        <ele>1890.241850</ele>
        <time>2026-10-03T20:15:56.690Z</time>
      </trkpt>
      <trkpt lat="20.617398" lon="-100.366848">
        <ele>1890.035781</ele>
        <time>2026-10-03T20:15:58.270Z</time>
      </trkpt>
      <trkpt lat="20.617375" lon="-100.366906">
        <ele>1889.836844</ele>
        <time>2026-10-03T20:15:59.795Z</time>
      </trkpt>
      <trkpt lat="20.617352" lon="-100.366964">
        <ele>1889.637908</ele>
        <time>2026-10-03T20:16:01.322Z</time>
      </trkpt>
      <trkpt lat="20.617335" lon="-100.367020">
        <ele>1889.451981</ele>
        <time>2026-10-03T20:16:02.748Z</time>
      </trkpt>
      <trkpt lat="20.617324" lon="-100.367072">
        <ele>1889.283614</ele>
        <time>2026-10-03T20:16:04.038Z</time>
      </trkpt>
      <trkpt lat="20.617323" lon="-100.367123">
        <ele>1889.122512</ele>
        <time>2026-10-03T20:16:05.275Z</time>
      </trkpt>
      <trkpt lat="20.617330" lon="-100.367178">
        <ele>1888.947215</ele>
        <time>2026-10-03T20:16:06.619Z</time>
      </trkpt>
      <trkpt lat="20.617339" lon="-100.367236">
        <ele>1888.761541</ele>
        <time>2026-10-03T20:16:08.042Z</time>
      </trkpt>
      <trkpt lat="20.617349" lon="-100.367299">
        <ele>1888.559736</ele>
        <time>2026-10-03T20:16:09.591Z</time>
      </trkpt>
      <trkpt lat="20.617355" lon="-100.367369">
        <ele>1888.337739</ele>
        <time>2026-10-03T20:16:11.292Z</time>
      </trkpt>
      <trkpt lat="20.617362" lon="-100.367443">
        <ele>1888.102844</ele>
        <time>2026-10-03T20:16:13.093Z</time>
      </trkpt>
      <trkpt lat="20.617370" lon="-100.367522">
        <ele>1887.851893</ele>
        <time>2026-10-03T20:16:15.017Z</time>
      </trkpt>
      <trkpt lat="20.617376" lon="-100.367601">
        <ele>1887.601578</ele>
        <time>2026-10-03T20:16:16.936Z</time>
      </trkpt>
      <trkpt lat="20.617372" lon="-100.367678">
        <ele>1887.358025</ele>
        <time>2026-10-03T20:16:18.803Z</time>
      </trkpt>
      <trkpt lat="20.617366" lon="-100.367750">
        <ele>1887.129738</ele>
        <time>2026-10-03T20:16:20.553Z</time>
      </trkpt>
      <trkpt lat="20.617369" lon="-100.367809">
        <ele>1886.943132</ele>
        <time>2026-10-03T20:16:21.984Z</time>
      </trkpt>
      <trkpt lat="20.617388" lon="-100.367853">
        <ele>1886.790096</ele>
        <time>2026-10-03T20:16:23.157Z</time>
      </trkpt>
      <trkpt lat="20.617419" lon="-100.367886">
        <ele>1886.642436</ele>
        <time>2026-10-03T20:16:24.289Z</time>
      </trkpt>
      <trkpt lat="20.617458" lon="-100.367912">
        <ele>1886.496042</ele>
        <time>2026-10-03T20:16:25.480Z</time>
      </trkpt>
      <trkpt lat="20.617505" lon="-100.367936">
        <ele>1886.337377</ele>
        <time>2026-10-03T20:16:26.827Z</time>
      </trkpt>
      <trkpt lat="20.617554" lon="-100.367963">
        <ele>1886.169451</ele>
        <time>2026-10-03T20:16:28.253Z</time>
      </trkpt>
      <trkpt lat="20.617570" lon="-100.367933">
        <ele>1886.071017</ele>
        <time>2026-10-03T20:16:29.092Z</time>
      </trkpt>
      <trkpt lat="20.617598" lon="-100.367949">
        <ele>1885.974302</ele>
        <time>2026-10-03T20:16:29.676Z</time>
      </trkpt>
      <trkpt lat="20.617645" lon="-100.368044">
        <ele>1885.667971</ele>
        <time>2026-10-03T20:16:31.392Z</time>
      </trkpt>
      <trkpt lat="20.617721" lon="-100.368608">
        <ele>1884.043556</ele>
        <time>2026-10-03T20:16:40.495Z</time>
      </trkpt>
      <trkpt lat="20.617680" lon="-100.368674">
        <ele>1883.817734</ele>
        <time>2026-10-03T20:16:41.738Z</time>
      </trkpt>
      <trkpt lat="20.617215" lon="-100.368907">
        <ele>1882.253388</ele>
        <time>2026-10-03T20:16:50.482Z</time>
      </trkpt>
      <trkpt lat="20.617147" lon="-100.368946">
        <ele>1882.018316</ele>
        <time>2026-10-03T20:16:51.827Z</time>
      </trkpt>
      <trkpt lat="20.617080" lon="-100.369023">
        <ele>1881.718599</ele>
        <time>2026-10-03T20:16:53.567Z</time>
      </trkpt>
      <trkpt lat="20.617032" lon="-100.369139">
        <ele>1881.357031</ele>
        <time>2026-10-03T20:16:55.549Z</time>
      </trkpt>
      <trkpt lat="20.616993" lon="-100.369453">
        <ele>1881.375201</ele>
        <time>2026-10-03T20:17:00.419Z</time>
      </trkpt>
      <trkpt lat="20.616465" lon="-100.370657">
        <ele>1883.002674</ele>
        <time>2026-10-03T20:17:31.604Z</time>
      </trkpt>
      <trkpt lat="20.616406" lon="-100.370722">
        <ele>1883.113505</ele>
        <time>2026-10-03T20:17:35.586Z</time>
      </trkpt>
      <trkpt lat="20.616092" lon="-100.370447">
        <ele>1884.012653</ele>
        <time>2026-10-03T20:17:56.118Z</time>
      </trkpt>
      <trkpt lat="20.615620" lon="-100.370021">
        <ele>1886.356119</ele>
        <time>2026-10-03T20:18:30.777Z</time>
      </trkpt>
      <trkpt lat="20.615176" lon="-100.370992">
        <ele>1890.192486</ele>
        <time>2026-10-03T20:19:09.473Z</time>
      </trkpt>
      <trkpt lat="20.614982" lon="-100.371339">
        <ele>1887.902604</ele>
        <time>2026-10-03T20:19:14.951Z</time>
      </trkpt>
      <trkpt lat="20.614780" lon="-100.371576">
        <ele>1885.911813</ele>
        <time>2026-10-03T20:19:19.146Z</time>
      </trkpt>
      <trkpt lat="20.614665" lon="-100.371821">
        <ele>1884.209562</ele>
        <time>2026-10-03T20:19:22.698Z</time>
      </trkpt>
      <trkpt lat="20.614648" lon="-100.371963">
        <ele>1883.320455</ele>
        <time>2026-10-03T20:19:24.530Z</time>
      </trkpt>
      <trkpt lat="20.614691" lon="-100.372252">
        <ele>1881.503019</ele>
        <time>2026-10-03T20:19:28.257Z</time>
      </trkpt>
      <trkpt lat="20.614519" lon="-100.372823">
        <ele>1878.067872</ele>
        <time>2026-10-03T20:19:36.063Z</time>
      </trkpt>
      <trkpt lat="20.614423" lon="-100.373137">
        <ele>1877.079822</ele>
        <time>2026-10-03T20:19:40.534Z</time>
      </trkpt>
      <trkpt lat="20.614315" lon="-100.373488">
        <ele>1875.974661</ele>
        <time>2026-10-03T20:19:46.262Z</time>
      </trkpt>
      <trkpt lat="20.613966" lon="-100.373735">
        <ele>1874.636838</ele>
        <time>2026-10-03T20:19:54.569Z</time>
      </trkpt>
      <trkpt lat="20.613318" lon="-100.374117">
        <ele>1872.186082</ele>
        <time>2026-10-03T20:20:08.942Z</time>
      </trkpt>
      <trkpt lat="20.613234" lon="-100.374161">
        <ele>1871.806608</ele>
        <time>2026-10-03T20:20:10.662Z</time>
      </trkpt>
      <trkpt lat="20.613002" lon="-100.374339">
        <ele>1870.648038</ele>
        <time>2026-10-03T20:20:15.541Z</time>
      </trkpt>
      <trkpt lat="20.612530" lon="-100.375016">
        <ele>1867.443043</ele>
        <time>2026-10-03T20:20:27.787Z</time>
      </trkpt>
      <trkpt lat="20.612487" lon="-100.375082">
        <ele>1867.137738</ele>
        <time>2026-10-03T20:20:28.891Z</time>
      </trkpt>
      <trkpt lat="20.612385" lon="-100.375238">
        <ele>1866.415266</ele>
        <time>2026-10-03T20:20:31.511Z</time>
      </trkpt>
      <trkpt lat="20.612148" lon="-100.375643">
        <ele>1864.551120</ele>
        <time>2026-10-03T20:20:37.969Z</time>
      </trkpt>
      <trkpt lat="20.612216" lon="-100.375789">
        <ele>1863.886583</ele>
        <time>2026-10-03T20:20:40.184Z</time>
      </trkpt>
      <trkpt lat="20.612298" lon="-100.375878">
        <ele>1863.377680</ele>
        <time>2026-10-03T20:20:41.897Z</time>
      </trkpt>
      <trkpt lat="20.612257" lon="-100.375996">
        <ele>1862.864769</ele>
        <time>2026-10-03T20:20:43.662Z</time>
      </trkpt>
      <trkpt lat="20.612161" lon="-100.376138">
        <ele>1862.150964</ele>
        <time>2026-10-03T20:20:46.133Z</time>
      </trkpt>
      <trkpt lat="20.612027" lon="-100.376234">
        <ele>1861.448550</ele>
        <time>2026-10-03T20:20:48.636Z</time>
      </trkpt>
      <trkpt lat="20.612048" lon="-100.376313">
        <ele>1861.113895</ele>
        <time>2026-10-03T20:20:49.924Z</time>
      </trkpt>
      <trkpt lat="20.612109" lon="-100.376434">
        <ele>1860.553849</ele>
        <time>2026-10-03T20:20:52.067Z</time>
      </trkpt>
      <trkpt lat="20.612127" lon="-100.376524">
        <ele>1860.178822</ele>
        <time>2026-10-03T20:20:53.494Z</time>
      </trkpt>
      <trkpt lat="20.611859" lon="-100.376613">
        <ele>1858.956968</ele>
        <time>2026-10-03T20:20:58.173Z</time>
      </trkpt>
      <trkpt lat="20.611743" lon="-100.376617">
        <ele>1858.451678</ele>
        <time>2026-10-03T20:21:00.138Z</time>
      </trkpt>
      <trkpt lat="20.611545" lon="-100.376581">
        <ele>1857.577254</ele>
        <time>2026-10-03T20:21:03.643Z</time>
      </trkpt>
      <trkpt lat="20.611354" lon="-100.376620">
        <ele>1857.194909</ele>
        <time>2026-10-03T20:21:07.062Z</time>
      </trkpt>
      <trkpt lat="20.611179" lon="-100.376768">
        <ele>1856.839162</ele>
        <time>2026-10-03T20:21:11.108Z</time>
      </trkpt>
      <trkpt lat="20.611028" lon="-100.377005">
        <ele>1856.411442</ele>
        <time>2026-10-03T20:21:16.343Z</time>
      </trkpt>
      <trkpt lat="20.610969" lon="-100.377185">
        <ele>1856.126912</ele>
        <time>2026-10-03T20:21:19.890Z</time>
      </trkpt>
      <trkpt lat="20.611095" lon="-100.377723">
        <ele>1855.299532</ele>
        <time>2026-10-03T20:21:33.035Z</time>
      </trkpt>
      <trkpt lat="20.611119" lon="-100.377808">
        <ele>1855.167078</ele>
        <time>2026-10-03T20:21:35.141Z</time>
      </trkpt>
      <trkpt lat="20.611445" lon="-100.379137">
        <ele>1853.511449</ele>
        <time>2026-10-03T20:22:09.130Z</time>
      </trkpt>
      <trkpt lat="20.611552" lon="-100.379543">
        <ele>1853.049869</ele>
        <time>2026-10-03T20:22:16.180Z</time>
      </trkpt>
      <trkpt lat="20.611532" lon="-100.379680">
        <ele>1852.898132</ele>
        <time>2026-10-03T20:22:18.570Z</time>
      </trkpt>
      <trkpt lat="20.611409" lon="-100.379881">
        <ele>1852.635330</ele>
        <time>2026-10-03T20:22:22.735Z</time>
      </trkpt>
      <trkpt lat="20.611214" lon="-100.380105">
        <ele>1852.481432</ele>
        <time>2026-10-03T20:22:28.126Z</time>
      </trkpt>
      <trkpt lat="20.611175" lon="-100.380241">
        <ele>1852.471906</ele>
        <time>2026-10-03T20:22:30.679Z</time>
      </trkpt>
      <trkpt lat="20.611410" lon="-100.380479">
        <ele>1852.448736</ele>
        <time>2026-10-03T20:22:39.427Z</time>
      </trkpt>
      <trkpt lat="20.611982" lon="-100.381230">
        <ele>1852.383889</ele>
        <time>2026-10-03T20:23:07.484Z</time>
      </trkpt>
      <trkpt lat="20.612016" lon="-100.381275">
        <ele>1852.380015</ele>
        <time>2026-10-03T20:23:09.317Z</time>
      </trkpt>
      <trkpt lat="20.613384" lon="-100.382954">
        <ele>1852.847085</ele>
        <time>2026-10-03T20:24:13.884Z</time>
      </trkpt>
      <trkpt lat="20.613484" lon="-100.383075">
        <ele>1852.691170</ele>
        <time>2026-10-03T20:24:17.993Z</time>
      </trkpt>
      <trkpt lat="20.614106" lon="-100.383918">
        <ele>1851.654332</ele>
        <time>2026-10-03T20:24:44.253Z</time>
      </trkpt>
      <trkpt lat="20.614147" lon="-100.383973">
        <ele>1851.586417</ele>
        <time>2026-10-03T20:24:45.894Z</time>
      </trkpt>
      <trkpt lat="20.614395" lon="-100.384269">
        <ele>1851.202695</ele>
        <time>2026-10-03T20:24:55.129Z</time>
      </trkpt>
      <trkpt lat="20.614660" lon="-100.384585">
        <ele>1850.376969</ele>
        <time>2026-10-03T20:25:04.878Z</time>
      </trkpt>
      <trkpt lat="20.614799" lon="-100.384757">
        <ele>1849.817580</ele>
        <time>2026-10-03T20:25:10.058Z</time>
      </trkpt>
      <trkpt lat="20.615464" lon="-100.385669">
        <ele>1846.971700</ele>
        <time>2026-10-03T20:25:35.085Z</time>
      </trkpt>
      <trkpt lat="20.615528" lon="-100.385763">
        <ele>1846.685561</ele>
        <time>2026-10-03T20:25:37.486Z</time>
      </trkpt>
      <trkpt lat="20.615636" lon="-100.385918">
        <ele>1846.201831</ele>
        <time>2026-10-03T20:25:41.484Z</time>
      </trkpt>
      <trkpt lat="20.615582" lon="-100.385930">
        <ele>1846.047113</ele>
        <time>2026-10-03T20:25:42.415Z</time>
      </trkpt>
      <trkpt lat="20.615582" lon="-100.385930">
        <ele>1846.047113</ele>
        <time>2026-10-03T20:25:42.428Z</time>
      </trkpt>
      <trkpt lat="20.615582" lon="-100.385930">
        <ele>1846.047113</ele>
        <time>2026-10-03T20:25:42.428Z</time>
      </trkpt>
      <trkpt lat="20.615061" lon="-100.386370">
        <ele>1844.184211</ele>
        <time>2026-10-03T20:25:59.614Z</time>
      </trkpt>
      <trkpt lat="20.614540" lon="-100.386810">
        <ele>1842.321306</ele>
        <time>2026-10-03T20:26:16.789Z</time>
      </trkpt>
      <trkpt lat="20.614492" lon="-100.386745">
        <ele>1842.103927</ele>
        <time>2026-10-03T20:26:18.143Z</time>
      </trkpt>
      <trkpt lat="20.614424" lon="-100.386655">
        <ele>1841.800249</ele>
        <time>2026-10-03T20:26:20.083Z</time>
      </trkpt>
      <trkpt lat="20.614043" lon="-100.386148">
        <ele>1841.555996</ele>
        <time>2026-10-03T20:26:32.184Z</time>
      </trkpt>
      <trkpt lat="20.613697" lon="-100.385751">
        <ele>1841.879052</ele>
        <time>2026-10-03T20:26:45.267Z</time>
      </trkpt>
      <trkpt lat="20.613557" lon="-100.385572">
        <ele>1842.017972</ele>
        <time>2026-10-03T20:26:51.874Z</time>
      </trkpt>
      <trkpt lat="20.613451" lon="-100.385437">
        <ele>1842.122913</ele>
        <time>2026-10-03T20:26:56.691Z</time>
      </trkpt>
      <trkpt lat="20.613340" lon="-100.385296">
        <ele>1842.232637</ele>
        <time>2026-10-03T20:27:01.652Z</time>
      </trkpt>
      <trkpt lat="20.612715" lon="-100.384504">
        <ele>1843.103088</ele>
        <time>2026-10-03T20:27:28.260Z</time>
      </trkpt>
      <trkpt lat="20.612541" lon="-100.384293">
        <ele>1843.371743</ele>
        <time>2026-10-03T20:27:35.066Z</time>
      </trkpt>
      <trkpt lat="20.612368" lon="-100.384059">
        <ele>1843.656621</ele>
        <time>2026-10-03T20:27:42.276Z</time>
      </trkpt>
      <trkpt lat="20.612205" lon="-100.383850">
        <ele>1843.916519</ele>
        <time>2026-10-03T20:27:48.921Z</time>
      </trkpt>
      <trkpt lat="20.611546" lon="-100.383008">
        <ele>1844.748225</ele>
        <time>2026-10-03T20:28:14.520Z</time>
      </trkpt>
      <trkpt lat="20.610957" lon="-100.382308">
        <ele>1845.368588</ele>
        <time>2026-10-03T20:28:37.394Z</time>
      </trkpt>
      <trkpt lat="20.610870" lon="-100.382205">
        <ele>1845.460027</ele>
        <time>2026-10-03T20:28:40.440Z</time>
      </trkpt>
      <trkpt lat="20.610827" lon="-100.382154">
        <ele>1845.505266</ele>
        <time>2026-10-03T20:28:41.874Z</time>
      </trkpt>
      <trkpt lat="20.610520" lon="-100.381739">
        <ele>1845.696788</ele>
        <time>2026-10-03T20:28:53.215Z</time>
      </trkpt>
      <trkpt lat="20.610346" lon="-100.381495">
        <ele>1845.800187</ele>
        <time>2026-10-03T20:29:00.069Z</time>
      </trkpt>
      <trkpt lat="20.610225" lon="-100.381345">
        <ele>1845.866936</ele>
        <time>2026-10-03T20:29:04.634Z</time>
      </trkpt>
      <trkpt lat="20.610169" lon="-100.381277">
        <ele>1845.897467</ele>
        <time>2026-10-03T20:29:06.680Z</time>
      </trkpt>
      <trkpt lat="20.610059" lon="-100.381145">
        <ele>1845.957042</ele>
        <time>2026-10-03T20:29:10.797Z</time>
      </trkpt>
      <trkpt lat="20.609874" lon="-100.380915">
        <ele>1846.059265</ele>
        <time>2026-10-03T20:29:17.459Z</time>
      </trkpt>
      <trkpt lat="20.609410" lon="-100.380356">
        <ele>1846.098781</ele>
        <time>2026-10-03T20:29:33.026Z</time>
      </trkpt>
      <trkpt lat="20.609179" lon="-100.380161">
        <ele>1846.033013</ele>
        <time>2026-10-03T20:29:40.259Z</time>
      </trkpt>
      <trkpt lat="20.608334" lon="-100.379378">
        <ele>1845.783135</ele>
        <time>2026-10-03T20:30:04.425Z</time>
      </trkpt>
      <trkpt lat="20.607973" lon="-100.379831">
        <ele>1845.778264</ele>
        <time>2026-10-03T20:30:15.149Z</time>
      </trkpt>
      <trkpt lat="20.607979" lon="-100.379852">
        <ele>1845.778264</ele>
        <time>2026-10-03T20:30:15.532Z</time>
      </trkpt>
      <trkpt lat="20.607939" lon="-100.379947">
        <ele>1845.778264</ele>
        <time>2026-10-03T20:30:17.341Z</time>
      </trkpt>
      <trkpt lat="20.607863" lon="-100.379958">
        <ele>1845.778264</ele>
        <time>2026-10-03T20:30:18.749Z</time>
      </trkpt>
      <trkpt lat="20.607401" lon="-100.380523">
        <ele>1845.778264</ele>
        <time>2026-10-03T20:30:31.408Z</time>
      </trkpt>
      <trkpt lat="20.607026" lon="-100.380981">
        <ele>1845.778264</ele>
        <time>2026-10-03T20:30:41.880Z</time>
      </trkpt>
      <trkpt lat="20.606859" lon="-100.381185">
        <ele>1845.778264</ele>
        <time>2026-10-03T20:30:46.799Z</time>
      </trkpt>
    </trkseg>
  </trk>
</gpx>
