<?xml version="1.0" encoding="UTF-8"?>
<gpx creator="StravaGPX" version="1.1" xmlns="http://www.topografix.com/GPX/1/1" xmlns:xsi="http://www.w3.org/2001/XMLSchema-instance" xsi:schemaLocation="http://www.topografix.com/GPX/1/1 http://www.topografix.com/GPX/1/1/gpx.xsd http://www.garmin.com/xmlschemas/GpxExtensions/v3 http://www.garmin.com/xmlschemas/GpxExtensionsv3.xsd http://www.garmin.com/xmlschemas/TrackPointExtension/v1 http://www.garmin.com/xmlschemas/TrackPointExtensionv1.xsd" xmlns:gpxtpx="http://www.garmin.com/xmlschemas/TrackPointExtension/v1" xmlns:gpxx="http://www.garmin.com/xmlschemas/GpxExtensions/v3">
 <metadata>
  <time>2026-07-16T13:21:15Z</time>
 </metadata>
 <trk>
  <name>Vuelta ciclista por la mañana</name>
  <type>cycling</type>
  <trkseg>
   <trkpt lat="20.6511560" lon="-100.3248080">
    <ele>2005.0</ele>
    <time>2026-07-16T13:21:15Z</time>
    <extensions>
     <gpxtpx:TrackPointExtension>
      <gpxtpx:atemp>14</gpxtpx:atemp>
     </gpxtpx:TrackPointExtension>
    </extensions>
   </trkpt>
   <trkpt lat="20.6511600" lon="-100.3248100">
    <ele>2005.0</ele>
    <time>2026-07-16T13:21:16Z</time>
    <extensions>
     <gpxtpx:TrackPointExtension>
      <gpxtpx:atemp>14</gpxtpx:atemp>
     </gpxtpx:TrackPointExtension>
    </extensions>
   </trkpt>
   <trkpt lat="20.6511660" lon="-100.3248140">
    <ele>2005.0</ele>
    <time>2026-07-16T13:21:17Z</time>
    <extensions>
     <gpxtpx:TrackPointExtension>
      <gpxtpx:atemp>14</gpxtpx:atemp>
     </gpxtpx:TrackPointExtension>
    </extensions>
   </trkpt>
   <trkpt lat="20.6511740" lon="-100.3248170">
    <ele>2005.0</ele>
    <time>2026-07-16T13:21:18Z</time>
    <extensions>
     <gpxtpx:TrackPointExtension>
      <gpxtpx:atemp>14</gpxtpx:atemp>
     </gpxtpx:TrackPointExtension>
    </extensions>
   </trkpt>
   <trkpt lat="20.6511830" lon="-100.3248180">
    <ele>2005.0</ele>
    <time>2026-07-16T13:21:19Z</time>
    <extensions>
     <gpxtpx:TrackPointExtension>
      <gpxtpx:atemp>14</gpxtpx:atemp>
     </gpxtpx:TrackPointExtension>
    </extensions>
   </trkpt>
   <trkpt lat="20.6511920" lon="-100.3248190">
    <ele>2005.0</ele>
    <time>2026-07-16T13:21:20Z</time>
    <extensions>
     <gpxtpx:TrackPointExtension>
      <gpxtpx:atemp>14</gpxtpx:atemp>
     </gpxtpx:TrackPointExtension>
    </extensions>
   </trkpt>
   <trkpt lat="20.6512010" lon="-100.3248190">
    <ele>2005.0</ele>
    <time>2026-07-16T13:21:21Z</time>
    <extensions>
     <gpxtpx:TrackPointExtension>
      <gpxtpx:atemp>14</gpxtpx:atemp>
     </gpxtpx:TrackPointExtension>
    </extensions>
   </trkpt>
   <trkpt lat="20.6512100" lon="-100.3248190">
    <ele>2005.0</ele>
    <time>2026-07-16T13:21:22Z</time>
    <extensions>
     <gpxtpx:TrackPointExtension>
      <gpxtpx:atemp>14</gpxtpx:atemp>
     </gpxtpx:TrackPointExtension>
    </extensions>
   </trkpt>
   <trkpt lat="20.6512210" lon="-100.3248190">
    <ele>2005.0</ele>
    <time>2026-07-16T13:21:23Z</time>
    <extensions>
     <gpxtpx:TrackPointExtension>
      <gpxtpx:atemp>14</gpxtpx:atemp>
     </gpxtpx:TrackPointExtension>
    </extensions>
   </trkpt>
   <trkpt lat="20.6512330" lon="-100.3248190">
    <ele>2005.0</ele>
    <time>2026-07-16T13:21:24Z</time>
    <extensions>
     <gpxtpx:TrackPointExtension>
      <gpxtpx:atemp>14</gpxtpx:atemp>
     </gpxtpx:TrackPointExtension>
    </extensions>
   </trkpt>
   <trkpt lat="20.6512430" lon="-100.3248200">
    <ele>2005.0</ele>
    <time>2026-07-16T13:21:25Z</time>
    <extensions>
     <gpxtpx:TrackPointExtension>
      <gpxtpx:atemp>14</gpxtpx:atemp>
     </gpxtpx:TrackPointExtension>
    </extensions>
   </trkpt>
   <trkpt lat="20.6512540" lon="-100.3248220">
    <ele>2005.0</ele>
    <time>2026-07-16T13:21:26Z</time>
    <extensions>
     <gpxtpx:TrackPointExtension>
      <gpxtpx:atemp>14</gpxtpx:atemp>
     </gpxtpx:TrackPointExtension>
    </extensions>
   </trkpt>
   <trkpt lat="20.6512630" lon="-100.3248220">
    <ele>2005.0</ele>
    <time>2026-07-16T13:21:27Z</time>
    <extensions>
     <gpxtpx:TrackPointExtension>
      <gpxtpx:atemp>14</gpxtpx:atemp>
     </gpxtpx:TrackPointExtension>
    </extensions>
   </trkpt>
   <trkpt lat="20.6512680" lon="-100.3248220">
    <ele>2005.0</ele>
    <time>2026-07-16T13:21:28Z</time>
    <extensions>
     <gpxtpx:TrackPointExtension>
      <gpxtpx:atemp>14</gpxtpx:atemp>
     </gpxtpx:TrackPointExtension>
    </extensions>
   </trkpt>
   <trkpt lat="20.6512690" lon="-100.3248220">
    <ele>2005.0</ele>
    <time>2026-07-16T13:21:29Z</time>
    <extensions>
     <gpxtpx:TrackPointExtension>
      <gpxtpx:atemp>14</gpxtpx:atemp>
     </gpxtpx:TrackPointExtension>
    </extensions>
   </trkpt>
   <trkpt lat="20.6512670" lon="-100.3248220">
    <ele>2005.0</ele>
    <time>2026-07-16T13:21:30Z</time>
    <extensions>
     <gpxtpx:TrackPointExtension>
      <gpxtpx:atemp>14</gpxtpx:atemp>
     </gpxtpx:TrackPointExtension>
    </extensions>
   </trkpt>
   <trkpt lat="20.6512650" lon="-100.3248230">
    <ele>2005.0</ele>
    <time>2026-07-16T13:21:31Z</time>
    <extensions>
     <gpxtpx:TrackPointExtension>
      <gpxtpx:atemp>14</gpxtpx:atemp>
     </gpxtpx:TrackPointExtension>
    </extensions>
   </trkpt>
   <trkpt lat="20.6512620" lon="-100.3248240">
    <ele>2005.0</ele>
    <time>2026-07-16T13:21:32Z</time>
    <extensions>
     <gpxtpx:TrackPointExtension>
      <gpxtpx:atemp>14</gpxtpx:atemp>
     </gpxtpx:TrackPointExtension>
    </extensions>
   </trkpt>
   <trkpt lat="20.6512600" lon="-100.3248250">
    <ele>2005.0</ele>
    <time>2026-07-16T13:21:33Z</time>
    <extensions>
     <gpxtpx:TrackPointExtension>
      <gpxtpx:atemp>14</gpxtpx:atemp>
     </gpxtpx:TrackPointExtension>
    </extensions>
   </trkpt>
   <trkpt lat="20.6512580" lon="-100.3248260">
    <ele>2005.0</ele>
    <time>2026-07-16T13:21:34Z</time>
    <extensions>
     <gpxtpx:TrackPointExtension>
      <gpxtpx:atemp>14</gpxtpx:atemp>
     </gpxtpx:TrackPointExtension>
    </extensions>
   </trkpt>
   <trkpt lat="20.6512570" lon="-100.3248270">
    <ele>2005.0</ele>
    <time>2026-07-16T13:21:35Z</time>
    <extensions>
     <gpxtpx:TrackPointExtension>
      <gpxtpx:atemp>14</gpxtpx:atemp>
     </gpxtpx:TrackPointExtension>
    </extensions>
   </trkpt>
   <trkpt lat="20.6512560" lon="-100.3248280">
    <ele>2005.0</ele>
    <time>2026-07-16T13:21:36Z</time>
    <extensions>
     <gpxtpx:TrackPointExtension>
      <gpxtpx:atemp>14</gpxtpx:atemp>
     </gpxtpx:TrackPointExtension>
    </extensions>
   </trkpt>
   <trkpt lat="20.6512550" lon="-100.3248290">
    <ele>2005.0</ele>
    <time>2026-07-16T13:21:37Z</time>
    <extensions>
     <gpxtpx:TrackPointExtension>
      <gpxtpx:atemp>14</gpxtpx:atemp>
     </gpxtpx:TrackPointExtension>
    </extensions>
   </trkpt>
   <trkpt lat="20.6512540" lon="-100.3248280">
    <ele>2005.0</ele>
    <time>2026-07-16T13:21:38Z</time>
    <extensions>
     <gpxtpx:TrackPointExtension>
      <gpxtpx:atemp>14</gpxtpx:atemp>
     </gpxtpx:TrackPointExtension>
    </extensions>
   </trkpt>
   <trkpt lat="20.6512540" lon="-100.3248270">
    <ele>2005.0</ele>
    <time>2026-07-16T13:21:39Z</time>
    <extensions>
     <gpxtpx:TrackPointExtension>
      <gpxtpx:atemp>14</gpxtpx:atemp>
     </gpxtpx:TrackPointExtension>
    </extensions>
   </trkpt>
   <trkpt lat="20.6512580" lon="-100.3248240">
    <ele>2005.0</ele>
    <time>2026-07-16T13:21:40Z</time>
    <extensions>
     <gpxtpx:TrackPointExtension>
      <gpxtpx:atemp>14</gpxtpx:atemp>
     </gpxtpx:TrackPointExtension>
    </extensions>
   </trkpt>
   <trkpt lat="20.6512620" lon="-100.3248210">
    <ele>2005.0</ele>
    <time>2026-07-16T13:21:41Z</time>
    <extensions>
     <gpxtpx:TrackPointExtension>
      <gpxtpx:atemp>14</gpxtpx:atemp>
     </gpxtpx:TrackPointExtension>
    </extensions>
   </trkpt>
   <trkpt lat="20.6512660" lon="-100.3248180">
    <ele>2005.0</ele>
    <time>2026-07-16T13:21:42Z</time>
    <extensions>
     <gpxtpx:TrackPointExtension>
      <gpxtpx:atemp>14</gpxtpx:atemp>
     </gpxtpx:TrackPointExtension>
    </extensions>
   </trkpt>
   <trkpt lat="20.6512720" lon="-100.3248150">
    <ele>2005.0</ele>
    <time>2026-07-16T13:21:43Z</time>
    <extensions>
     <gpxtpx:TrackPointExtension>
      <gpxtpx:atemp>14</gpxtpx:atemp>
     </gpxtpx:TrackPointExtension>
    </extensions>
   </trkpt>
   <trkpt lat="20.6512800" lon="-100.3248110">
    <ele>2005.0</ele>
    <time>2026-07-16T13:21:44Z</time>
    <extensions>
     <gpxtpx:TrackPointExtension>
      <gpxtpx:atemp>14</gpxtpx:atemp>
     </gpxtpx:TrackPointExtension>
    </extensions>
   </trkpt>
   <trkpt lat="20.6512900" lon="-100.3248070">
    <ele>2005.0</ele>
    <time>2026-07-16T13:21:45Z</time>
    <extensions>
     <gpxtpx:TrackPointExtension>
      <gpxtpx:atemp>14</gpxtpx:atemp>
     </gpxtpx:TrackPointExtension>
    </extensions>
   </trkpt>
   <trkpt lat="20.6513010" lon="-100.3248010">
    <ele>2005.0</ele>
    <time>2026-07-16T13:21:46Z</time>
    <extensions>
     <gpxtpx:TrackPointExtension>
      <gpxtpx:atemp>14</gpxtpx:atemp>
     </gpxtpx:TrackPointExtension>
    </extensions>
   </trkpt>
   <trkpt lat="20.6513150" lon="-100.3247930">
    <ele>2005.0</ele>
    <time>2026-07-16T13:21:47Z</time>
    <extensions>
     <gpxtpx:TrackPointExtension>
      <gpxtpx:atemp>14</gpxtpx:atemp>
     </gpxtpx:TrackPointExtension>
    </extensions>
   </trkpt>
   <trkpt lat="20.6513320" lon="-100.3247850">
    <ele>2005.0</ele>
    <time>2026-07-16T13:21:48Z</time>
    <extensions>
     <gpxtpx:TrackPointExtension>
      <gpxtpx:atemp>14</gpxtpx:atemp>
     </gpxtpx:TrackPointExtension>
    </extensions>
   </trkpt>
   <trkpt lat="20.6513520" lon="-100.3247800">
    <ele>2005.0</ele>
    <time>2026-07-16T13:21:49Z</time>
    <extensions>
     <gpxtpx:TrackPointExtension>
      <gpxtpx:atemp>14</gpxtpx:atemp>
     </gpxtpx:TrackPointExtension>
    </extensions>
   </trkpt>
   <trkpt lat="20.6513760" lon="-100.3247780">
    <ele>2005.0</ele>
    <time>2026-07-16T13:21:50Z</time>
    <extensions>
     <gpxtpx:TrackPointExtension>
      <gpxtpx:atemp>14</gpxtpx:atemp>
     </gpxtpx:TrackPointExtension>
    </extensions>
   </trkpt>
   <trkpt lat="20.6514050" lon="-100.3247760">
    <ele>2005.0</ele>
    <time>2026-07-16T13:21:51Z</time>
    <extensions>
     <gpxtpx:TrackPointExtension>
      <gpxtpx:atemp>14</gpxtpx:atemp>
     </gpxtpx:TrackPointExtension>
    </extensions>
   </trkpt>
   <trkpt lat="20.6514370" lon="-100.3247720">
    <ele>2005.0</ele>
    <time>2026-07-16T13:21:52Z</time>
    <extensions>
     <gpxtpx:TrackPointExtension>
      <gpxtpx:atemp>14</gpxtpx:atemp>
     </gpxtpx:TrackPointExtension>
    </extensions>
   </trkpt>
   <trkpt lat="20.6514710" lon="-100.3247660">
    <ele>2005.0</ele>
    <time>2026-07-16T13:21:53Z</time>
    <extensions>
     <gpxtpx:TrackPointExtension>
      <gpxtpx:atemp>14</gpxtpx:atemp>
     </gpxtpx:TrackPointExtension>
    </extensions>
   </trkpt>
   <trkpt lat="20.6515080" lon="-100.3247580">
    <ele>2005.0</ele>
    <time>2026-07-16T13:21:54Z</time>
    <extensions>
     <gpxtpx:TrackPointExtension>
      <gpxtpx:atemp>14</gpxtpx:atemp>
     </gpxtpx:TrackPointExtension>
    </extensions>
   </trkpt>
   <trkpt lat="20.6515480" lon="-100.3247490">
    <ele>2005.0</ele>
    <time>2026-07-16T13:21:55Z</time>
    <extensions>
     <gpxtpx:TrackPointExtension>
      <gpxtpx:atemp>14</gpxtpx:atemp>
     </gpxtpx:TrackPointExtension>
    </extensions>
   </trkpt>
   <trkpt lat="20.6515890" lon="-100.3247380">
    <ele>2005.0</ele>
    <time>2026-07-16T13:21:56Z</time>
    <extensions>
     <gpxtpx:TrackPointExtension>
      <gpxtpx:atemp>14</gpxtpx:atemp>
     </gpxtpx:TrackPointExtension>
    </extensions>
   </trkpt>
   <trkpt lat="20.6516350" lon="-100.3247270">
    <ele>2005.0</ele>
    <time>2026-07-16T13:21:57Z</time>
    <extensions>
     <gpxtpx:TrackPointExtension>
      <gpxtpx:atemp>14</gpxtpx:atemp>
     </gpxtpx:TrackPointExtension>
    </extensions>
   </trkpt>
   <trkpt lat="20.6516820" lon="-100.3247140">
    <ele>2005.0</ele>
    <time>2026-07-16T13:21:58Z</time>
    <extensions>
     <gpxtpx:TrackPointExtension>
      <gpxtpx:atemp>14</gpxtpx:atemp>
     </gpxtpx:TrackPointExtension>
    </extensions>
   </trkpt>
   <trkpt lat="20.6517300" lon="-100.3247000">
    <ele>2005.0</ele>
    <time>2026-07-16T13:21:59Z</time>
    <extensions>
     <gpxtpx:TrackPointExtension>
      <gpxtpx:atemp>14</gpxtpx:atemp>
     </gpxtpx:TrackPointExtension>
    </extensions>
   </trkpt>
   <trkpt lat="20.6517770" lon="-100.3246850">
    <ele>2005.0</ele>
    <time>2026-07-16T13:22:00Z</time>
    <extensions>
     <gpxtpx:TrackPointExtension>
      <gpxtpx:atemp>14</gpxtpx:atemp>
     </gpxtpx:TrackPointExtension>
    </extensions>
   </trkpt>
   <trkpt lat="20.6518240" lon="-100.3246680">
    <ele>2005.0</ele>
    <time>2026-07-16T13:22:01Z</time>
    <extensions>
     <gpxtpx:TrackPointExtension>
      <gpxtpx:atemp>14</gpxtpx:atemp>
     </gpxtpx:TrackPointExtension>
    </extensions>
   </trkpt>
   <trkpt lat="20.6518700" lon="-100.3246500">
    <ele>2005.0</ele>
    <time>2026-07-16T13:22:02Z</time>
    <extensions>
     <gpxtpx:TrackPointExtension>
      <gpxtpx:atemp>14</gpxtpx:atemp>
     </gpxtpx:TrackPointExtension>
    </extensions>
   </trkpt>
   <trkpt lat="20.6519170" lon="-100.3246310">
    <ele>2005.0</ele>
    <time>2026-07-16T13:22:03Z</time>
    <extensions>
     <gpxtpx:TrackPointExtension>
      <gpxtpx:atemp>14</gpxtpx:atemp>
     </gpxtpx:TrackPointExtension>
    </extensions>
   </trkpt>
   <trkpt lat="20.6519650" lon="-100.3246120">
    <ele>2005.0</ele>
    <time>2026-07-16T13:22:04Z</time>
    <extensions>
     <gpxtpx:TrackPointExtension>
      <gpxtpx:atemp>14</gpxtpx:atemp>
     </gpxtpx:TrackPointExtension>
    </extensions>
   </trkpt>
   <trkpt lat="20.6520140" lon="-100.3245950">
    <ele>2005.0</ele>
    <time>2026-07-16T13:22:05Z</time>
    <extensions>
     <gpxtpx:TrackPointExtension>
      <gpxtpx:atemp>14</gpxtpx:atemp>
     </gpxtpx:TrackPointExtension>
    </extensions>
   </trkpt>
   <trkpt lat="20.6520640" lon="-100.3245790">
    <ele>2005.0</ele>
    <time>2026-07-16T13:22:06Z</time>
    <extensions>
     <gpxtpx:TrackPointExtension>
      <gpxtpx:atemp>14</gpxtpx:atemp>
     </gpxtpx:TrackPointExtension>
    </extensions>
   </trkpt>
   <trkpt lat="20.6521120" lon="-100.3245660">
    <ele>2005.4</ele>
    <time>2026-07-16T13:22:07Z</time>
    <extensions>
     <gpxtpx:TrackPointExtension>
      <gpxtpx:atemp>14</gpxtpx:atemp>
     </gpxtpx:TrackPointExtension>
    </extensions>
   </trkpt>
   <trkpt lat="20.6521600" lon="-100.3245520">
    <ele>2005.6</ele>
    <time>2026-07-16T13:22:08Z</time>
    <extensions>
     <gpxtpx:TrackPointExtension>
      <gpxtpx:atemp>14</gpxtpx:atemp>
     </gpxtpx:TrackPointExtension>
    </extensions>
   </trkpt>
   <trkpt lat="20.6522080" lon="-100.3245380">
    <ele>2006.0</ele>
    <time>2026-07-16T13:22:09Z</time>
    <extensions>
     <gpxtpx:TrackPointExtension>
      <gpxtpx:atemp>14</gpxtpx:atemp>
     </gpxtpx:TrackPointExtension>
    </extensions>
   </trkpt>
   <trkpt lat="20.6522540" lon="-100.3245240">
    <ele>2006.2</ele>
    <time>2026-07-16T13:22:10Z</time>
    <extensions>
     <gpxtpx:TrackPointExtension>
      <gpxtpx:atemp>14</gpxtpx:atemp>
     </gpxtpx:TrackPointExtension>
    </extensions>
   </trkpt>
   <trkpt lat="20.6523000" lon="-100.3245100">
    <ele>2006.4</ele>
    <time>2026-07-16T13:22:11Z</time>
    <extensions>
     <gpxtpx:TrackPointExtension>
      <gpxtpx:atemp>14</gpxtpx:atemp>
     </gpxtpx:TrackPointExtension>
    </extensions>
   </trkpt>
   <trkpt lat="20.6523470" lon="-100.3244950">
    <ele>2006.6</ele>
    <time>2026-07-16T13:22:12Z</time>
    <extensions>
     <gpxtpx:TrackPointExtension>
      <gpxtpx:atemp>14</gpxtpx:atemp>
     </gpxtpx:TrackPointExtension>
    </extensions>
   </trkpt>
   <trkpt lat="20.6523940" lon="-100.3244800">
    <ele>2006.8</ele>
    <time>2026-07-16T13:22:13Z</time>
    <extensions>
     <gpxtpx:TrackPointExtension>
      <gpxtpx:atemp>14</gpxtpx:atemp>
     </gpxtpx:TrackPointExtension>
    </extensions>
   </trkpt>
   <trkpt lat="20.6524410" lon="-100.3244650">
    <ele>2007.0</ele>
    <time>2026-07-16T13:22:14Z</time>
    <extensions>
     <gpxtpx:TrackPointExtension>
      <gpxtpx:atemp>14</gpxtpx:atemp>
     </gpxtpx:TrackPointExtension>
    </extensions>
   </trkpt>
   <trkpt lat="20.6524890" lon="-100.3244490">
    <ele>2007.2</ele>
    <time>2026-07-16T13:22:15Z</time>
    <extensions>
     <gpxtpx:TrackPointExtension>
      <gpxtpx:atemp>14</gpxtpx:atemp>
     </gpxtpx:TrackPointExtension>
    </extensions>
   </trkpt>
   <trkpt lat="20.6525380" lon="-100.3244320">
    <ele>2007.4</ele>
    <time>2026-07-16T13:22:16Z</time>
    <extensions>
     <gpxtpx:TrackPointExtension>
      <gpxtpx:atemp>14</gpxtpx:atemp>
     </gpxtpx:TrackPointExtension>
    </extensions>
   </trkpt>
   <trkpt lat="20.6525890" lon="-100.3244160">
    <ele>2007.6</ele>
    <time>2026-07-16T13:22:17Z</time>
    <extensions>
     <gpxtpx:TrackPointExtension>
      <gpxtpx:atemp>14</gpxtpx:atemp>
     </gpxtpx:TrackPointExtension>
    </extensions>
   </trkpt>
   <trkpt lat="20.6526390" lon="-100.3244010">
    <ele>2007.8</ele>
    <time>2026-07-16T13:22:18Z</time>
    <extensions>
     <gpxtpx:TrackPointExtension>
      <gpxtpx:atemp>14</gpxtpx:atemp>
     </gpxtpx:TrackPointExtension>
    </extensions>
   </trkpt>
   <trkpt lat="20.6526880" lon="-100.3243860">
    <ele>2007.8</ele>
    <time>2026-07-16T13:22:19Z</time>
    <extensions>
     <gpxtpx:TrackPointExtension>
      <gpxtpx:atemp>14</gpxtpx:atemp>
     </gpxtpx:TrackPointExtension>
    </extensions>
   </trkpt>
   <trkpt lat="20.6527350" lon="-100.3243690">
    <ele>2008.0</ele>
    <time>2026-07-16T13:22:20Z</time>
    <extensions>
     <gpxtpx:TrackPointExtension>
      <gpxtpx:atemp>14</gpxtpx:atemp>
     </gpxtpx:TrackPointExtension>
    </extensions>
   </trkpt>
   <trkpt lat="20.6527800" lon="-100.3243520">
    <ele>2008.0</ele>
    <time>2026-07-16T13:22:21Z</time>
    <extensions>
     <gpxtpx:TrackPointExtension>
      <gpxtpx:atemp>14</gpxtpx:atemp>
     </gpxtpx:TrackPointExtension>
    </extensions>
   </trkpt>
   <trkpt lat="20.6528230" lon="-100.3243340">
    <ele>2008.0</ele>
    <time>2026-07-16T13:22:22Z</time>
    <extensions>
     <gpxtpx:TrackPointExtension>
      <gpxtpx:atemp>14</gpxtpx:atemp>
     </gpxtpx:TrackPointExtension>
    </extensions>
   </trkpt>
   <trkpt lat="20.6528650" lon="-100.3243180">
    <ele>2008.0</ele>
    <time>2026-07-16T13:22:23Z</time>
    <extensions>
     <gpxtpx:TrackPointExtension>
      <gpxtpx:atemp>14</gpxtpx:atemp>
     </gpxtpx:TrackPointExtension>
    </extensions>
   </trkpt>
   <trkpt lat="20.6529090" lon="-100.3243020">
    <ele>2008.0</ele>
    <time>2026-07-16T13:22:24Z</time>
    <extensions>
     <gpxtpx:TrackPointExtension>
      <gpxtpx:atemp>14</gpxtpx:atemp>
     </gpxtpx:TrackPointExtension>
    </extensions>
   </trkpt>
   <trkpt lat="20.6529560" lon="-100.3242880">
    <ele>2008.0</ele>
    <time>2026-07-16T13:22:25Z</time>
    <extensions>
     <gpxtpx:TrackPointExtension>
      <gpxtpx:atemp>14</gpxtpx:atemp>
     </gpxtpx:TrackPointExtension>
    </extensions>
   </trkpt>
   <trkpt lat="20.6530060" lon="-100.3242740">
    <ele>2008.0</ele>
    <time>2026-07-16T13:22:26Z</time>
    <extensions>
     <gpxtpx:TrackPointExtension>
      <gpxtpx:atemp>14</gpxtpx:atemp>
     </gpxtpx:TrackPointExtension>
    </extensions>
   </trkpt>
   <trkpt lat="20.6530580" lon="-100.3242600">
    <ele>2008.0</ele>
    <time>2026-07-16T13:22:27Z</time>
    <extensions>
     <gpxtpx:TrackPointExtension>
      <gpxtpx:atemp>14</gpxtpx:atemp>
     </gpxtpx:TrackPointExtension>
    </extensions>
   </trkpt>
   <trkpt lat="20.6531090" lon="-100.3242460">
    <ele>2008.0</ele>
    <time>2026-07-16T13:22:28Z</time>
    <extensions>
     <gpxtpx:TrackPointExtension>
      <gpxtpx:atemp>14</gpxtpx:atemp>
     </gpxtpx:TrackPointExtension>
    </extensions>
   </trkpt>
   <trkpt lat="20.6531590" lon="-100.3242320">
    <ele>2008.0</ele>
    <time>2026-07-16T13:22:29Z</time>
    <extensions>
     <gpxtpx:TrackPointExtension>
      <gpxtpx:atemp>14</gpxtpx:atemp>
     </gpxtpx:TrackPointExtension>
    </extensions>
   </trkpt>
   <trkpt lat="20.6532070" lon="-100.3242160">
    <ele>2008.0</ele>
    <time>2026-07-16T13:22:30Z</time>
    <extensions>
     <gpxtpx:TrackPointExtension>
      <gpxtpx:atemp>14</gpxtpx:atemp>
     </gpxtpx:TrackPointExtension>
    </extensions>
   </trkpt>
   <trkpt lat="20.6532560" lon="-100.3241990">
    <ele>2008.0</ele>
    <time>2026-07-16T13:22:31Z</time>
    <extensions>
     <gpxtpx:TrackPointExtension>
      <gpxtpx:atemp>14</gpxtpx:atemp>
     </gpxtpx:TrackPointExtension>
    </extensions>
   </trkpt>
   <trkpt lat="20.6533050" lon="-100.3241800">
    <ele>2008.0</ele>
    <time>2026-07-16T13:22:32Z</time>
    <extensions>
     <gpxtpx:TrackPointExtension>
      <gpxtpx:atemp>14</gpxtpx:atemp>
     </gpxtpx:TrackPointExtension>
    </extensions>
   </trkpt>
   <trkpt lat="20.6533540" lon="-100.3241600">
    <ele>2007.8</ele>
    <time>2026-07-16T13:22:33Z</time>
    <extensions>
     <gpxtpx:TrackPointExtension>
      <gpxtpx:atemp>14</gpxtpx:atemp>
     </gpxtpx:TrackPointExtension>
    </extensions>
   </trkpt>
   <trkpt lat="20.6534030" lon="-100.3241390">
    <ele>2007.8</ele>
    <time>2026-07-16T13:22:34Z</time>
    <extensions>
     <gpxtpx:TrackPointExtension>
      <gpxtpx:atemp>14</gpxtpx:atemp>
     </gpxtpx:TrackPointExtension>
    </extensions>
   </trkpt>
   <trkpt lat="20.6534520" lon="-100.3241180">
    <ele>2007.8</ele>
    <time>2026-07-16T13:22:35Z</time>
    <extensions>
     <gpxtpx:TrackPointExtension>
      <gpxtpx:atemp>14</gpxtpx:atemp>
     </gpxtpx:TrackPointExtension>
    </extensions>
   </trkpt>
   <trkpt lat="20.6535010" lon="-100.3240960">
    <ele>2007.6</ele>
    <time>2026-07-16T13:22:36Z</time>
    <extensions>
     <gpxtpx:TrackPointExtension>
      <gpxtpx:atemp>14</gpxtpx:atemp>
     </gpxtpx:TrackPointExtension>
    </extensions>
   </trkpt>
   <trkpt lat="20.6535500" lon="-100.3240760">
    <ele>2007.6</ele>
    <time>2026-07-16T13:22:37Z</time>
    <extensions>
     <gpxtpx:TrackPointExtension>
      <gpxtpx:atemp>14</gpxtpx:atemp>
     </gpxtpx:TrackPointExtension>
    </extensions>
   </trkpt>
   <trkpt lat="20.6535980" lon="-100.3240540">
    <ele>2007.4</ele>
    <time>2026-07-16T13:22:38Z</time>
    <extensions>
     <gpxtpx:TrackPointExtension>
      <gpxtpx:atemp>14</gpxtpx:atemp>
     </gpxtpx:TrackPointExtension>
    </extensions>
   </trkpt>
   <trkpt lat="20.6536480" lon="-100.3240330">
    <ele>2007.4</ele>
    <time>2026-07-16T13:22:39Z</time>
    <extensions>
     <gpxtpx:TrackPointExtension>
      <gpxtpx:atemp>14</gpxtpx:atemp>
     </gpxtpx:TrackPointExtension>
    </extensions>
   </trkpt>
   <trkpt lat="20.6536960" lon="-100.3240120">
    <ele>2007.4</ele>
    <time>2026-07-16T13:22:40Z</time>
    <extensions>
     <gpxtpx:TrackPointExtension>
      <gpxtpx:atemp>15</gpxtpx:atemp>
     </gpxtpx:TrackPointExtension>
    </extensions>
   </trkpt>
   <trkpt lat="20.6537430" lon="-100.3239910">
    <ele>2007.2</ele>
    <time>2026-07-16T13:22:41Z</time>
    <extensions>
     <gpxtpx:TrackPointExtension>
      <gpxtpx:atemp>14</gpxtpx:atemp>
     </gpxtpx:TrackPointExtension>
    </extensions>
   </trkpt>
   <trkpt lat="20.6537870" lon="-100.3239730">
    <ele>2007.0</ele>
    <time>2026-07-16T13:22:42Z</time>
    <extensions>
     <gpxtpx:TrackPointExtension>
      <gpxtpx:atemp>14</gpxtpx:atemp>
     </gpxtpx:TrackPointExtension>
    </extensions>
   </trkpt>
   <trkpt lat="20.6538290" lon="-100.3239560">
    <ele>2006.8</ele>
    <time>2026-07-16T13:22:43Z</time>
    <extensions>
     <gpxtpx:TrackPointExtension>
      <gpxtpx:atemp>14</gpxtpx:atemp>
     </gpxtpx:TrackPointExtension>
    </extensions>
   </trkpt>
   <trkpt lat="20.6538690" lon="-100.3239400">
    <ele>2006.6</ele>
    <time>2026-07-16T13:22:44Z</time>
    <extensions>
     <gpxtpx:TrackPointExtension>
      <gpxtpx:atemp>14</gpxtpx:atemp>
     </gpxtpx:TrackPointExtension>
    </extensions>
   </trkpt>
   <trkpt lat="20.6539070" lon="-100.3239250">
    <ele>2006.6</ele>
    <time>2026-07-16T13:22:45Z</time>
    <extensions>
     <gpxtpx:TrackPointExtension>
      <gpxtpx:atemp>14</gpxtpx:atemp>
     </gpxtpx:TrackPointExtension>
    </extensions>
   </trkpt>
   <trkpt lat="20.6539460" lon="-100.3239100">
    <ele>2006.4</ele>
    <time>2026-07-16T13:22:46Z</time>
    <extensions>
     <gpxtpx:TrackPointExtension>
      <gpxtpx:atemp>14</gpxtpx:atemp>
     </gpxtpx:TrackPointExtension>
    </extensions>
   </trkpt>
   <trkpt lat="20.6539860" lon="-100.3238920">
    <ele>2006.0</ele>
    <time>2026-07-16T13:22:47Z</time>
    <extensions>
     <gpxtpx:TrackPointExtension>
      <gpxtpx:atemp>14</gpxtpx:atemp>
     </gpxtpx:TrackPointExtension>
    </extensions>
   </trkpt>
   <trkpt lat="20.6540270" lon="-100.3238720">
    <ele>2005.8</ele>
    <time>2026-07-16T13:22:48Z</time>
    <extensions>
     <gpxtpx:TrackPointExtension>
      <gpxtpx:atemp>14</gpxtpx:atemp>
     </gpxtpx:TrackPointExtension>
    </extensions>
   </trkpt>
   <trkpt lat="20.6540700" lon="-100.3238510">
    <ele>2005.6</ele>
    <time>2026-07-16T13:22:49Z</time>
    <extensions>
     <gpxtpx:TrackPointExtension>
      <gpxtpx:atemp>15</gpxtpx:atemp>
     </gpxtpx:TrackPointExtension>
    </extensions>
   </trkpt>
   <trkpt lat="20.6541100" lon="-100.3238310">
    <ele>2005.4</ele>
    <time>2026-07-16T13:22:50Z</time>
    <extensions>
     <gpxtpx:TrackPointExtension>
      <gpxtpx:atemp>14</gpxtpx:atemp>
     </gpxtpx:TrackPointExtension>
    </extensions>
   </trkpt>
   <trkpt lat="20.6541510" lon="-100.3238130">
    <ele>2005.2</ele>
    <time>2026-07-16T13:22:51Z</time>
    <extensions>
     <gpxtpx:TrackPointExtension>
      <gpxtpx:atemp>14</gpxtpx:atemp>
     </gpxtpx:TrackPointExtension>
    </extensions>
   </trkpt>
   <trkpt lat="20.6541910" lon="-100.3237950">
    <ele>2005.0</ele>
    <time>2026-07-16T13:22:52Z</time>
    <extensions>
     <gpxtpx:TrackPointExtension>
      <gpxtpx:atemp>14</gpxtpx:atemp>
     </gpxtpx:TrackPointExtension>
    </extensions>
   </trkpt>
   <trkpt lat="20.6542320" lon="-100.3237780">
    <ele>2004.6</ele>
    <time>2026-07-16T13:22:53Z</time>
    <extensions>
     <gpxtpx:TrackPointExtension>
      <gpxtpx:atemp>14</gpxtpx:atemp>
     </gpxtpx:TrackPointExtension>
    </extensions>
   </trkpt>
   <trkpt lat="20.6542750" lon="-100.3237620">
    <ele>2004.4</ele>
    <time>2026-07-16T13:22:54Z</time>
    <extensions>
     <gpxtpx:TrackPointExtension>
      <gpxtpx:atemp>15</gpxtpx:atemp>
     </gpxtpx:TrackPointExtension>
    </extensions>
   </trkpt>
   <trkpt lat="20.6543180" lon="-100.3237450">
    <ele>2004.2</ele>
    <time>2026-07-16T13:22:55Z</time>
    <extensions>
     <gpxtpx:TrackPointExtension>
      <gpxtpx:atemp>14</gpxtpx:atemp>
     </gpxtpx:TrackPointExtension>
    </extensions>
   </trkpt>
   <trkpt lat="20.6543640" lon="-100.3237290">
    <ele>2004.0</ele>
    <time>2026-07-16T13:22:56Z</time>
    <extensions>
     <gpxtpx:TrackPointExtension>
      <gpxtpx:atemp>15</gpxtpx:atemp>
     </gpxtpx:TrackPointExtension>
    </extensions>
   </trkpt>
   <trkpt lat="20.6544100" lon="-100.3237140">
    <ele>2003.8</ele>
    <time>2026-07-16T13:22:57Z</time>
    <extensions>
     <gpxtpx:TrackPointExtension>
      <gpxtpx:atemp>14</gpxtpx:atemp>
     </gpxtpx:TrackPointExtension>
    </extensions>
   </trkpt>
   <trkpt lat="20.6544550" lon="-100.3237000">
    <ele>2003.6</ele>
    <time>2026-07-16T13:22:58Z</time>
    <extensions>
     <gpxtpx:TrackPointExtension>
      <gpxtpx:atemp>15</gpxtpx:atemp>
     </gpxtpx:TrackPointExtension>
    </extensions>
   </trkpt>
   <trkpt lat="20.6544990" lon="-100.3236860">
    <ele>2003.4</ele>
    <time>2026-07-16T13:22:59Z</time>
    <extensions>
     <gpxtpx:TrackPointExtension>
      <gpxtpx:atemp>14</gpxtpx:atemp>
     </gpxtpx:TrackPointExtension>
    </extensions>
   </trkpt>
   <trkpt lat="20.6545410" lon="-100.3236720">
    <ele>2003.2</ele>
    <time>2026-07-16T13:23:00Z</time>
    <extensions>
     <gpxtpx:TrackPointExtension>
      <gpxtpx:atemp>14</gpxtpx:atemp>
     </gpxtpx:TrackPointExtension>
    </extensions>
   </trkpt>
   <trkpt lat="20.6545820" lon="-100.3236540">
    <ele>2003.0</ele>
    <time>2026-07-16T13:23:01Z</time>
    <extensions>
     <gpxtpx:TrackPointExtension>
      <gpxtpx:atemp>15</gpxtpx:atemp>
     </gpxtpx:TrackPointExtension>
    </extensions>
   </trkpt>
   <trkpt lat="20.6546240" lon="-100.3236360">
    <ele>2002.8</ele>
    <time>2026-07-16T13:23:02Z</time>
    <extensions>
     <gpxtpx:TrackPointExtension>
      <gpxtpx:atemp>14</gpxtpx:atemp>
     </gpxtpx:TrackPointExtension>
    </extensions>
   </trkpt>
   <trkpt lat="20.6546670" lon="-100.3236180">
    <ele>2002.6</ele>
    <time>2026-07-16T13:23:03Z</time>
    <extensions>
     <gpxtpx:TrackPointExtension>
      <gpxtpx:atemp>15</gpxtpx:atemp>
     </gpxtpx:TrackPointExtension>
    </extensions>
   </trkpt>
   <trkpt lat="20.6547090" lon="-100.3236010">
    <ele>2002.4</ele>
    <time>2026-07-16T13:23:04Z</time>
    <extensions>
     <gpxtpx:TrackPointExtension>
      <gpxtpx:atemp>15</gpxtpx:atemp>
     </gpxtpx:TrackPointExtension>
    </extensions>
   </trkpt>
   <trkpt lat="20.6547520" lon="-100.3235850">
    <ele>2002.4</ele>
    <time>2026-07-16T13:23:05Z</time>
    <extensions>
     <gpxtpx:TrackPointExtension>
      <gpxtpx:atemp>15</gpxtpx:atemp>
     </gpxtpx:TrackPointExtension>
    </extensions>
   </trkpt>
   <trkpt lat="20.6547970" lon="-100.3235680">
    <ele>2002.4</ele>
    <time>2026-07-16T13:23:06Z</time>
    <extensions>
     <gpxtpx:TrackPointExtension>
      <gpxtpx:atemp>15</gpxtpx:atemp>
     </gpxtpx:TrackPointExtension>
    </extensions>
   </trkpt>
   <trkpt lat="20.6548420" lon="-100.3235510">
    <ele>2002.4</ele>
    <time>2026-07-16T13:23:07Z</time>
    <extensions>
     <gpxtpx:TrackPointExtension>
      <gpxtpx:atemp>15</gpxtpx:atemp>
     </gpxtpx:TrackPointExtension>
    </extensions>
   </trkpt>
   <trkpt lat="20.6548870" lon="-100.3235330">
    <ele>2002.2</ele>
    <time>2026-07-16T13:23:08Z</time>
    <extensions>
     <gpxtpx:TrackPointExtension>
      <gpxtpx:atemp>15</gpxtpx:atemp>
     </gpxtpx:TrackPointExtension>
    </extensions>
   </trkpt>
   <trkpt lat="20.6549330" lon="-100.3235140">
    <ele>2002.2</ele>
    <time>2026-07-16T13:23:09Z</time>
    <extensions>
     <gpxtpx:TrackPointExtension>
      <gpxtpx:atemp>15</gpxtpx:atemp>
     </gpxtpx:TrackPointExtension>
    </extensions>
   </trkpt>
   <trkpt lat="20.6549800" lon="-100.3234940">
    <ele>2002.2</ele>
    <time>2026-07-16T13:23:10Z</time>
    <extensions>
     <gpxtpx:TrackPointExtension>
      <gpxtpx:atemp>15</gpxtpx:atemp>
     </gpxtpx:TrackPointExtension>
    </extensions>
   </trkpt>
   <trkpt lat="20.6550270" lon="-100.3234740">
    <ele>2002.2</ele>
    <time>2026-07-16T13:23:11Z</time>
    <extensions>
     <gpxtpx:TrackPointExtension>
      <gpxtpx:atemp>15</gpxtpx:atemp>
     </gpxtpx:TrackPointExtension>
    </extensions>
   </trkpt>
   <trkpt lat="20.6550760" lon="-100.3234530">
    <ele>2002.2</ele>
    <time>2026-07-16T13:23:12Z</time>
    <extensions>
     <gpxtpx:TrackPointExtension>
      <gpxtpx:atemp>15</gpxtpx:atemp>
     </gpxtpx:TrackPointExtension>
    </extensions>
   </trkpt>
   <trkpt lat="20.6551260" lon="-100.3234320">
    <ele>2002.2</ele>
    <time>2026-07-16T13:23:13Z</time>
    <extensions>
     <gpxtpx:TrackPointExtension>
      <gpxtpx:atemp>15</gpxtpx:atemp>
     </gpxtpx:TrackPointExtension>
    </extensions>
   </trkpt>
   <trkpt lat="20.6551790" lon="-100.3234110">
    <ele>2002.0</ele>
    <time>2026-07-16T13:23:14Z</time>
    <extensions>
     <gpxtpx:TrackPointExtension>
      <gpxtpx:atemp>15</gpxtpx:atemp>
     </gpxtpx:TrackPointExtension>
    </extensions>
   </trkpt>
   <trkpt lat="20.6552320" lon="-100.3233900">
    <ele>2002.0</ele>
    <time>2026-07-16T13:23:15Z</time>
    <extensions>
     <gpxtpx:TrackPointExtension>
      <gpxtpx:atemp>15</gpxtpx:atemp>
     </gpxtpx:TrackPointExtension>
    </extensions>
   </trkpt>
   <trkpt lat="20.6552840" lon="-100.3233680">
    <ele>2001.8</ele>
    <time>2026-07-16T13:23:16Z</time>
    <extensions>
     <gpxtpx:TrackPointExtension>
      <gpxtpx:atemp>15</gpxtpx:atemp>
     </gpxtpx:TrackPointExtension>
    </extensions>
   </trkpt>
   <trkpt lat="20.6553360" lon="-100.3233470">
    <ele>2001.8</ele>
    <time>2026-07-16T13:23:17Z</time>
    <extensions>
     <gpxtpx:TrackPointExtension>
      <gpxtpx:atemp>15</gpxtpx:atemp>
     </gpxtpx:TrackPointExtension>
    </extensions>
   </trkpt>
   <trkpt lat="20.6553900" lon="-100.3233270">
    <ele>2001.6</ele>
    <time>2026-07-16T13:23:18Z</time>
    <extensions>
     <gpxtpx:TrackPointExtension>
      <gpxtpx:atemp>15</gpxtpx:atemp>
     </gpxtpx:TrackPointExtension>
    </extensions>
   </trkpt>
   <trkpt lat="20.6554450" lon="-100.3233060">
    <ele>2001.4</ele>
    <time>2026-07-16T13:23:19Z</time>
    <extensions>
     <gpxtpx:TrackPointExtension>
      <gpxtpx:atemp>15</gpxtpx:atemp>
     </gpxtpx:TrackPointExtension>
    </extensions>
   </trkpt>
   <trkpt lat="20.6555030" lon="-100.3232830">
    <ele>2001.2</ele>
    <time>2026-07-16T13:23:20Z</time>
    <extensions>
     <gpxtpx:TrackPointExtension>
      <gpxtpx:atemp>15</gpxtpx:atemp>
     </gpxtpx:TrackPointExtension>
    </extensions>
   </trkpt>
   <trkpt lat="20.6555590" lon="-100.3232610">
    <ele>2001.0</ele>
    <time>2026-07-16T13:23:21Z</time>
    <extensions>
     <gpxtpx:TrackPointExtension>
      <gpxtpx:atemp>15</gpxtpx:atemp>
     </gpxtpx:TrackPointExtension>
    </extensions>
   </trkpt>
   <trkpt lat="20.6556100" lon="-100.3232400">
    <ele>2000.8</ele>
    <time>2026-07-16T13:23:22Z</time>
    <extensions>
     <gpxtpx:TrackPointExtension>
      <gpxtpx:atemp>15</gpxtpx:atemp>
     </gpxtpx:TrackPointExtension>
    </extensions>
   </trkpt>
   <trkpt lat="20.6556560" lon="-100.3232210">
    <ele>2000.4</ele>
    <time>2026-07-16T13:23:23Z</time>
    <extensions>
     <gpxtpx:TrackPointExtension>
      <gpxtpx:atemp>15</gpxtpx:atemp>
     </gpxtpx:TrackPointExtension>
    </extensions>
   </trkpt>
   <trkpt lat="20.6556930" lon="-100.3232060">
    <ele>2000.2</ele>
    <time>2026-07-16T13:23:24Z</time>
    <extensions>
     <gpxtpx:TrackPointExtension>
      <gpxtpx:atemp>15</gpxtpx:atemp>
     </gpxtpx:TrackPointExtension>
    </extensions>
   </trkpt>
   <trkpt lat="20.6557230" lon="-100.3231960">
    <ele>2000.0</ele>
    <time>2026-07-16T13:23:25Z</time>
    <extensions>
     <gpxtpx:TrackPointExtension>
      <gpxtpx:atemp>15</gpxtpx:atemp>
     </gpxtpx:TrackPointExtension>
    </extensions>
   </trkpt>
   <trkpt lat="20.6557440" lon="-100.3231880">
    <ele>1999.6</ele>
    <time>2026-07-16T13:23:26Z</time>
    <extensions>
     <gpxtpx:TrackPointExtension>
      <gpxtpx:atemp>15</gpxtpx:atemp>
     </gpxtpx:TrackPointExtension>
    </extensions>
   </trkpt>
   <trkpt lat="20.6557580" lon="-100.3231820">
    <ele>1999.4</ele>
    <time>2026-07-16T13:23:27Z</time>
    <extensions>
     <gpxtpx:TrackPointExtension>
      <gpxtpx:atemp>15</gpxtpx:atemp>
     </gpxtpx:TrackPointExtension>
    </extensions>
   </trkpt>
   <trkpt lat="20.6557660" lon="-100.3231770">
    <ele>1999.2</ele>
    <time>2026-07-16T13:23:28Z</time>
    <extensions>
     <gpxtpx:TrackPointExtension>
      <gpxtpx:atemp>15</gpxtpx:atemp>
     </gpxtpx:TrackPointExtension>
    </extensions>
   </trkpt>
   <trkpt lat="20.6557700" lon="-100.3231730">
    <ele>1999.2</ele>
    <time>2026-07-16T13:23:29Z</time>
    <extensions>
     <gpxtpx:TrackPointExtension>
      <gpxtpx:atemp>15</gpxtpx:atemp>
     </gpxtpx:TrackPointExtension>
    </extensions>
   </trkpt>
   <trkpt lat="20.6557680" lon="-100.3231710">
    <ele>1999.0</ele>
    <time>2026-07-16T13:23:30Z</time>
    <extensions>
     <gpxtpx:TrackPointExtension>
      <gpxtpx:atemp>15</gpxtpx:atemp>
     </gpxtpx:TrackPointExtension>
    </extensions>
   </trkpt>
   <trkpt lat="20.6557650" lon="-100.3231720">
    <ele>1999.0</ele>
    <time>2026-07-16T13:23:31Z</time>
    <extensions>
     <gpxtpx:TrackPointExtension>
      <gpxtpx:atemp>15</gpxtpx:atemp>
     </gpxtpx:TrackPointExtension>
    </extensions>
   </trkpt>
   <trkpt lat="20.6557620" lon="-100.3231740">
    <ele>1998.8</ele>
    <time>2026-07-16T13:23:32Z</time>
    <extensions>
     <gpxtpx:TrackPointExtension>
      <gpxtpx:atemp>15</gpxtpx:atemp>
     </gpxtpx:TrackPointExtension>
    </extensions>
   </trkpt>
   <trkpt lat="20.6557580" lon="-100.3231750">
    <ele>1998.8</ele>
    <time>2026-07-16T13:23:33Z</time>
    <extensions>
     <gpxtpx:TrackPointExtension>
      <gpxtpx:atemp>15</gpxtpx:atemp>
     </gpxtpx:TrackPointExtension>
    </extensions>
   </trkpt>
   <trkpt lat="20.6557560" lon="-100.3231770">
    <ele>1998.8</ele>
    <time>2026-07-16T13:23:34Z</time>
    <extensions>
     <gpxtpx:TrackPointExtension>
      <gpxtpx:atemp>15</gpxtpx:atemp>
     </gpxtpx:TrackPointExtension>
    </extensions>
   </trkpt>
   <trkpt lat="20.6557540" lon="-100.3231780">
    <ele>1998.8</ele>
    <time>2026-07-16T13:23:35Z</time>
    <extensions>
     <gpxtpx:TrackPointExtension>
      <gpxtpx:atemp>15</gpxtpx:atemp>
     </gpxtpx:TrackPointExtension>
    </extensions>
   </trkpt>
   <trkpt lat="20.6557530" lon="-100.3231780">
    <ele>1998.8</ele>
    <time>2026-07-16T13:23:36Z</time>
    <extensions>
     <gpxtpx:TrackPointExtension>
      <gpxtpx:atemp>15</gpxtpx:atemp>
     </gpxtpx:TrackPointExtension>
    </extensions>
   </trkpt>
   <trkpt lat="20.6557530" lon="-100.3231790">
    <ele>1998.8</ele>
    <time>2026-07-16T13:23:37Z</time>
    <extensions>
     <gpxtpx:TrackPointExtension>
      <gpxtpx:atemp>15</gpxtpx:atemp>
     </gpxtpx:TrackPointExtension>
    </extensions>
   </trkpt>
   <trkpt lat="20.6557530" lon="-100.3231790">
    <ele>1998.8</ele>
    <time>2026-07-16T13:23:38Z</time>
    <extensions>
     <gpxtpx:TrackPointExtension>
      <gpxtpx:atemp>15</gpxtpx:atemp>
     </gpxtpx:TrackPointExtension>
    </extensions>
   </trkpt>
   <trkpt lat="20.6557530" lon="-100.3231790">
    <ele>1998.8</ele>
    <time>2026-07-16T13:23:39Z</time>
    <extensions>
     <gpxtpx:TrackPointExtension>
      <gpxtpx:atemp>15</gpxtpx:atemp>
     </gpxtpx:TrackPointExtension>
    </extensions>
   </trkpt>
   <trkpt lat="20.6557530" lon="-100.3231790">
    <ele>1998.8</ele>
    <time>2026-07-16T13:23:40Z</time>
    <extensions>
     <gpxtpx:TrackPointExtension>
      <gpxtpx:atemp>15</gpxtpx:atemp>
     </gpxtpx:TrackPointExtension>
    </extensions>
   </trkpt>
   <trkpt lat="20.6557530" lon="-100.3231790">
    <ele>1998.8</ele>
    <time>2026-07-16T13:23:41Z</time>
    <extensions>
     <gpxtpx:TrackPointExtension>
      <gpxtpx:atemp>15</gpxtpx:atemp>
     </gpxtpx:TrackPointExtension>
    </extensions>
   </trkpt>
   <trkpt lat="20.6557530" lon="-100.3231790">
    <ele>1998.8</ele>
    <time>2026-07-16T13:23:42Z</time>
    <extensions>
     <gpxtpx:TrackPointExtension>
      <gpxtpx:atemp>15</gpxtpx:atemp>
     </gpxtpx:TrackPointExtension>
    </extensions>
   </trkpt>
   <trkpt lat="20.6557530" lon="-100.3231780">
    <ele>1998.8</ele>
    <time>2026-07-16T13:23:43Z</time>
    <extensions>
     <gpxtpx:TrackPointExtension>
      <gpxtpx:atemp>15</gpxtpx:atemp>
     </gpxtpx:TrackPointExtension>
    </extensions>
   </trkpt>
   <trkpt lat="20.6557530" lon="-100.3231780">
    <ele>1998.8</ele>
    <time>2026-07-16T13:23:44Z</time>
    <extensions>
     <gpxtpx:TrackPointExtension>
      <gpxtpx:atemp>15</gpxtpx:atemp>
     </gpxtpx:TrackPointExtension>
    </extensions>
   </trkpt>
   <trkpt lat="20.6557530" lon="-100.3231780">
    <ele>1998.8</ele>
    <time>2026-07-16T13:23:45Z</time>
    <extensions>
     <gpxtpx:TrackPointExtension>
      <gpxtpx:atemp>15</gpxtpx:atemp>
     </gpxtpx:TrackPointExtension>
    </extensions>
   </trkpt>
   <trkpt lat="20.6557530" lon="-100.3231780">
    <ele>1998.8</ele>
    <time>2026-07-16T13:23:46Z</time>
    <extensions>
     <gpxtpx:TrackPointExtension>
      <gpxtpx:atemp>15</gpxtpx:atemp>
     </gpxtpx:TrackPointExtension>
    </extensions>
   </trkpt>
   <trkpt lat="20.6557530" lon="-100.3231780">
    <ele>1998.8</ele>
    <time>2026-07-16T13:23:47Z</time>
    <extensions>
     <gpxtpx:TrackPointExtension>
      <gpxtpx:atemp>15</gpxtpx:atemp>
     </gpxtpx:TrackPointExtension>
    </extensions>
   </trkpt>
   <trkpt lat="20.6557530" lon="-100.3231780">
    <ele>1998.8</ele>
    <time>2026-07-16T13:23:48Z</time>
    <extensions>
     <gpxtpx:TrackPointExtension>
      <gpxtpx:atemp>15</gpxtpx:atemp>
     </gpxtpx:TrackPointExtension>
    </extensions>
   </trkpt>
   <trkpt lat="20.6557530" lon="-100.3231780">
    <ele>1998.8</ele>
    <time>2026-07-16T13:23:49Z</time>
    <extensions>
     <gpxtpx:TrackPointExtension>
      <gpxtpx:atemp>15</gpxtpx:atemp>
     </gpxtpx:TrackPointExtension>
    </extensions>
   </trkpt>
   <trkpt lat="20.6557530" lon="-100.3231780">
    <ele>1998.8</ele>
    <time>2026-07-16T13:23:50Z</time>
    <extensions>
     <gpxtpx:TrackPointExtension>
      <gpxtpx:atemp>15</gpxtpx:atemp>
     </gpxtpx:TrackPointExtension>
    </extensions>
   </trkpt>
   <trkpt lat="20.6557530" lon="-100.3231780">
    <ele>1998.8</ele>
    <time>2026-07-16T13:23:51Z</time>
    <extensions>
     <gpxtpx:TrackPointExtension>
      <gpxtpx:atemp>15</gpxtpx:atemp>
     </gpxtpx:TrackPointExtension>
    </extensions>
   </trkpt>
   <trkpt lat="20.6557530" lon="-100.3231780">
    <ele>1998.8</ele>
    <time>2026-07-16T13:23:52Z</time>
    <extensions>
     <gpxtpx:TrackPointExtension>
      <gpxtpx:atemp>15</gpxtpx:atemp>
     </gpxtpx:TrackPointExtension>
    </extensions>
   </trkpt>
   <trkpt lat="20.6557530" lon="-100.3231780">
    <ele>1998.8</ele>
    <time>2026-07-16T13:23:53Z</time>
    <extensions>
     <gpxtpx:TrackPointExtension>
      <gpxtpx:atemp>15</gpxtpx:atemp>
     </gpxtpx:TrackPointExtension>
    </extensions>
   </trkpt>
   <trkpt lat="20.6557530" lon="-100.3231780">
    <ele>1998.8</ele>
    <time>2026-07-16T13:23:54Z</time>
    <extensions>
     <gpxtpx:TrackPointExtension>
      <gpxtpx:atemp>15</gpxtpx:atemp>
     </gpxtpx:TrackPointExtension>
    </extensions>
   </trkpt>
   <trkpt lat="20.6557530" lon="-100.3231780">
    <ele>1998.8</ele>
    <time>2026-07-16T13:23:55Z</time>
    <extensions>
     <gpxtpx:TrackPointExtension>
      <gpxtpx:atemp>15</gpxtpx:atemp>
     </gpxtpx:TrackPointExtension>
    </extensions>
   </trkpt>
   <trkpt lat="20.6557530" lon="-100.3231780">
    <ele>1998.8</ele>
    <time>2026-07-16T13:23:56Z</time>
    <extensions>
     <gpxtpx:TrackPointExtension>
      <gpxtpx:atemp>15</gpxtpx:atemp>
     </gpxtpx:TrackPointExtension>
    </extensions>
   </trkpt>
   <trkpt lat="20.6557530" lon="-100.3231780">
    <ele>1998.8</ele>
    <time>2026-07-16T13:23:57Z</time>
    <extensions>
     <gpxtpx:TrackPointExtension>
      <gpxtpx:atemp>15</gpxtpx:atemp>
     </gpxtpx:TrackPointExtension>
    </extensions>
   </trkpt>
   <trkpt lat="20.6557530" lon="-100.3231780">
    <ele>1998.8</ele>
    <time>2026-07-16T13:23:58Z</time>
    <extensions>
     <gpxtpx:TrackPointExtension>
      <gpxtpx:atemp>15</gpxtpx:atemp>
     </gpxtpx:TrackPointExtension>
    </extensions>
   </trkpt>
   <trkpt lat="20.6557530" lon="-100.3231780">
    <ele>1998.8</ele>
    <time>2026-07-16T13:23:59Z</time>
    <extensions>
     <gpxtpx:TrackPointExtension>
      <gpxtpx:atemp>15</gpxtpx:atemp>
     </gpxtpx:TrackPointExtension>
    </extensions>
   </trkpt>
   <trkpt lat="20.6557530" lon="-100.3231780">
    <ele>1998.8</ele>
    <time>2026-07-16T13:24:00Z</time>
    <extensions>
     <gpxtpx:TrackPointExtension>
      <gpxtpx:atemp>15</gpxtpx:atemp>
     </gpxtpx:TrackPointExtension>
    </extensions>
   </trkpt>
   <trkpt lat="20.6557530" lon="-100.3231780">
    <ele>1998.8</ele>
    <time>2026-07-16T13:24:01Z</time>
    <extensions>
     <gpxtpx:TrackPointExtension>
      <gpxtpx:atemp>15</gpxtpx:atemp>
     </gpxtpx:TrackPointExtension>
    </extensions>
   </trkpt>
   <trkpt lat="20.6557530" lon="-100.3231780">
    <ele>1998.8</ele>
    <time>2026-07-16T13:24:02Z</time>
    <extensions>
     <gpxtpx:TrackPointExtension>
      <gpxtpx:atemp>15</gpxtpx:atemp>
     </gpxtpx:TrackPointExtension>
    </extensions>
   </trkpt>
   <trkpt lat="20.6557530" lon="-100.3231780">
    <ele>1998.8</ele>
    <time>2026-07-16T13:24:03Z</time>
    <extensions>
     <gpxtpx:TrackPointExtension>
      <gpxtpx:atemp>15</gpxtpx:atemp>
     </gpxtpx:TrackPointExtension>
    </extensions>
   </trkpt>
   <trkpt lat="20.6557530" lon="-100.3231780">
    <ele>1998.8</ele>
    <time>2026-07-16T13:24:04Z</time>
    <extensions>
     <gpxtpx:TrackPointExtension>
      <gpxtpx:atemp>15</gpxtpx:atemp>
     </gpxtpx:TrackPointExtension>
    </extensions>
   </trkpt>
   <trkpt lat="20.6557530" lon="-100.3231780">
    <ele>1998.8</ele>
    <time>2026-07-16T13:24:05Z</time>
    <extensions>
     <gpxtpx:TrackPointExtension>
      <gpxtpx:atemp>15</gpxtpx:atemp>
     </gpxtpx:TrackPointExtension>
    </extensions>
   </trkpt>
   <trkpt lat="20.6557530" lon="-100.3231780">
    <ele>1998.8</ele>
    <time>2026-07-16T13:24:06Z</time>
    <extensions>
     <gpxtpx:TrackPointExtension>
      <gpxtpx:atemp>15</gpxtpx:atemp>
     </gpxtpx:TrackPointExtension>
    </extensions>
   </trkpt>
   <trkpt lat="20.6557530" lon="-100.3231780">
    <ele>1998.8</ele>
    <time>2026-07-16T13:24:07Z</time>
    <extensions>
     <gpxtpx:TrackPointExtension>
      <gpxtpx:atemp>15</gpxtpx:atemp>
     </gpxtpx:TrackPointExtension>
    </extensions>
   </trkpt>
   <trkpt lat="20.6557530" lon="-100.3231780">
    <ele>1998.8</ele>
    <time>2026-07-16T13:24:08Z</time>
    <extensions>
     <gpxtpx:TrackPointExtension>
      <gpxtpx:atemp>15</gpxtpx:atemp>
     </gpxtpx:TrackPointExtension>
    </extensions>
   </trkpt>
   <trkpt lat="20.6557530" lon="-100.3231780">
    <ele>1998.8</ele>
    <time>2026-07-16T13:24:09Z</time>
    <extensions>
     <gpxtpx:TrackPointExtension>
      <gpxtpx:atemp>15</gpxtpx:atemp>
     </gpxtpx:TrackPointExtension>
    </extensions>
   </trkpt>
   <trkpt lat="20.6557530" lon="-100.3231780">
    <ele>1998.8</ele>
    <time>2026-07-16T13:24:10Z</time>
    <extensions>
     <gpxtpx:TrackPointExtension>
      <gpxtpx:atemp>15</gpxtpx:atemp>
     </gpxtpx:TrackPointExtension>
    </extensions>
   </trkpt>
   <trkpt lat="20.6557530" lon="-100.3231780">
    <ele>1998.8</ele>
    <time>2026-07-16T13:24:11Z</time>
    <extensions>
     <gpxtpx:TrackPointExtension>
      <gpxtpx:atemp>15</gpxtpx:atemp>
     </gpxtpx:TrackPointExtension>
    </extensions>
   </trkpt>
   <trkpt lat="20.6557530" lon="-100.3231780">
    <ele>1998.8</ele>
    <time>2026-07-16T13:24:12Z</time>
    <extensions>
     <gpxtpx:TrackPointExtension>
      <gpxtpx:atemp>15</gpxtpx:atemp>
     </gpxtpx:TrackPointExtension>
    </extensions>
   </trkpt>
   <trkpt lat="20.6557530" lon="-100.3231780">
    <ele>1998.8</ele>
    <time>2026-07-16T13:24:13Z</time>
    <extensions>
     <gpxtpx:TrackPointExtension>
      <gpxtpx:atemp>15</gpxtpx:atemp>
     </gpxtpx:TrackPointExtension>
    </extensions>
   </trkpt>
   <trkpt lat="20.6557580" lon="-100.3231920">
    <ele>1998.8</ele>
    <time>2026-07-16T13:24:14Z</time>
    <extensions>
     <gpxtpx:TrackPointExtension>
      <gpxtpx:atemp>15</gpxtpx:atemp>
     </gpxtpx:TrackPointExtension>
    </extensions>
   </trkpt>
   <trkpt lat="20.6557630" lon="-100.3232040">
    <ele>1998.8</ele>
    <time>2026-07-16T13:24:15Z</time>
    <extensions>
     <gpxtpx:TrackPointExtension>
      <gpxtpx:atemp>15</gpxtpx:atemp>
     </gpxtpx:TrackPointExtension>
    </extensions>
   </trkpt>
   <trkpt lat="20.6557690" lon="-100.3232120">
    <ele>1998.8</ele>
    <time>2026-07-16T13:24:16Z</time>
    <extensions>
     <gpxtpx:TrackPointExtension>
      <gpxtpx:atemp>15</gpxtpx:atemp>
     </gpxtpx:TrackPointExtension>
    </extensions>
   </trkpt>
   <trkpt lat="20.6557720" lon="-100.3232170">
    <ele>1998.8</ele>
    <time>2026-07-16T13:24:17Z</time>
    <extensions>
     <gpxtpx:TrackPointExtension>
      <gpxtpx:atemp>15</gpxtpx:atemp>
     </gpxtpx:TrackPointExtension>
    </extensions>
   </trkpt>
   <trkpt lat="20.6557740" lon="-100.3232190">
    <ele>1998.8</ele>
    <time>2026-07-16T13:24:18Z</time>
    <extensions>
     <gpxtpx:TrackPointExtension>
      <gpxtpx:atemp>15</gpxtpx:atemp>
     </gpxtpx:TrackPointExtension>
    </extensions>
   </trkpt>
   <trkpt lat="20.6557740" lon="-100.3232190">
    <ele>1998.8</ele>
    <time>2026-07-16T13:24:19Z</time>
    <extensions>
     <gpxtpx:TrackPointExtension>
      <gpxtpx:atemp>15</gpxtpx:atemp>
     </gpxtpx:TrackPointExtension>
    </extensions>
   </trkpt>
   <trkpt lat="20.6557740" lon="-100.3232190">
    <ele>1998.8</ele>
    <time>2026-07-16T13:24:20Z</time>
    <extensions>
     <gpxtpx:TrackPointExtension>
      <gpxtpx:atemp>15</gpxtpx:atemp>
     </gpxtpx:TrackPointExtension>
    </extensions>
   </trkpt>
   <trkpt lat="20.6557730" lon="-100.3232180">
    <ele>1998.8</ele>
    <time>2026-07-16T13:24:21Z</time>
    <extensions>
     <gpxtpx:TrackPointExtension>
      <gpxtpx:atemp>15</gpxtpx:atemp>
     </gpxtpx:TrackPointExtension>
    </extensions>
   </trkpt>
   <trkpt lat="20.6557730" lon="-100.3232170">
    <ele>1998.8</ele>
    <time>2026-07-16T13:24:22Z</time>
    <extensions>
     <gpxtpx:TrackPointExtension>
      <gpxtpx:atemp>15</gpxtpx:atemp>
     </gpxtpx:TrackPointExtension>
    </extensions>
   </trkpt>
   <trkpt lat="20.6557720" lon="-100.3232160">
    <ele>1998.6</ele>
    <time>2026-07-16T13:24:23Z</time>
    <extensions>
     <gpxtpx:TrackPointExtension>
      <gpxtpx:atemp>15</gpxtpx:atemp>
     </gpxtpx:TrackPointExtension>
    </extensions>
   </trkpt>
   <trkpt lat="20.6557720" lon="-100.3232160">
    <ele>1998.6</ele>
    <time>2026-07-16T13:24:24Z</time>
    <extensions>
     <gpxtpx:TrackPointExtension>
      <gpxtpx:atemp>15</gpxtpx:atemp>
     </gpxtpx:TrackPointExtension>
    </extensions>
   </trkpt>
   <trkpt lat="20.6557730" lon="-100.3232300">
    <ele>1998.6</ele>
    <time>2026-07-16T13:24:25Z</time>
    <extensions>
     <gpxtpx:TrackPointExtension>
      <gpxtpx:atemp>15</gpxtpx:atemp>
     </gpxtpx:TrackPointExtension>
    </extensions>
   </trkpt>
   <trkpt lat="20.6557740" lon="-100.3232470">
    <ele>1998.6</ele>
    <time>2026-07-16T13:24:26Z</time>
    <extensions>
     <gpxtpx:TrackPointExtension>
      <gpxtpx:atemp>15</gpxtpx:atemp>
     </gpxtpx:TrackPointExtension>
    </extensions>
   </trkpt>
   <trkpt lat="20.6557710" lon="-100.3232690">
    <ele>1998.6</ele>
    <time>2026-07-16T13:24:27Z</time>
    <extensions>
     <gpxtpx:TrackPointExtension>
      <gpxtpx:atemp>15</gpxtpx:atemp>
     </gpxtpx:TrackPointExtension>
    </extensions>
   </trkpt>
   <trkpt lat="20.6557660" lon="-100.3232920">
    <ele>1998.4</ele>
    <time>2026-07-16T13:24:28Z</time>
    <extensions>
     <gpxtpx:TrackPointExtension>
      <gpxtpx:atemp>15</gpxtpx:atemp>
     </gpxtpx:TrackPointExtension>
    </extensions>
   </trkpt>
   <trkpt lat="20.6557590" lon="-100.3233130">
    <ele>1998.4</ele>
    <time>2026-07-16T13:24:29Z</time>
    <extensions>
     <gpxtpx:TrackPointExtension>
      <gpxtpx:atemp>15</gpxtpx:atemp>
     </gpxtpx:TrackPointExtension>
    </extensions>
   </trkpt>
   <trkpt lat="20.6557520" lon="-100.3233300">
    <ele>1998.2</ele>
    <time>2026-07-16T13:24:30Z</time>
    <extensions>
     <gpxtpx:TrackPointExtension>
      <gpxtpx:atemp>15</gpxtpx:atemp>
     </gpxtpx:TrackPointExtension>
    </extensions>
   </trkpt>
   <trkpt lat="20.6557420" lon="-100.3233470">
    <ele>1998.2</ele>
    <time>2026-07-16T13:24:31Z</time>
    <extensions>
     <gpxtpx:TrackPointExtension>
      <gpxtpx:atemp>15</gpxtpx:atemp>
     </gpxtpx:TrackPointExtension>
    </extensions>
   </trkpt>
   <trkpt lat="20.6557300" lon="-100.3233630">
    <ele>1998.0</ele>
    <time>2026-07-16T13:24:32Z</time>
    <extensions>
     <gpxtpx:TrackPointExtension>
      <gpxtpx:atemp>15</gpxtpx:atemp>
     </gpxtpx:TrackPointExtension>
    </extensions>
   </trkpt>
   <trkpt lat="20.6557170" lon="-100.3233750">
    <ele>1998.0</ele>
    <time>2026-07-16T13:24:33Z</time>
    <extensions>
     <gpxtpx:TrackPointExtension>
      <gpxtpx:atemp>15</gpxtpx:atemp>
     </gpxtpx:TrackPointExtension>
    </extensions>
   </trkpt>
   <trkpt lat="20.6557040" lon="-100.3233860">
    <ele>1997.8</ele>
    <time>2026-07-16T13:24:34Z</time>
    <extensions>
     <gpxtpx:TrackPointExtension>
      <gpxtpx:atemp>15</gpxtpx:atemp>
     </gpxtpx:TrackPointExtension>
    </extensions>
   </trkpt>
   <trkpt lat="20.6556930" lon="-100.3233930">
    <ele>1997.8</ele>
    <time>2026-07-16T13:24:35Z</time>
    <extensions>
     <gpxtpx:TrackPointExtension>
      <gpxtpx:atemp>15</gpxtpx:atemp>
     </gpxtpx:TrackPointExtension>
    </extensions>
   </trkpt>
   <trkpt lat="20.6556830" lon="-100.3233980">
    <ele>1997.8</ele>
    <time>2026-07-16T13:24:36Z</time>
    <extensions>
     <gpxtpx:TrackPointExtension>
      <gpxtpx:atemp>15</gpxtpx:atemp>
     </gpxtpx:TrackPointExtension>
    </extensions>
   </trkpt>
   <trkpt lat="20.6556730" lon="-100.3234040">
    <ele>1997.6</ele>
    <time>2026-07-16T13:24:37Z</time>
    <extensions>
     <gpxtpx:TrackPointExtension>
      <gpxtpx:atemp>15</gpxtpx:atemp>
     </gpxtpx:TrackPointExtension>
    </extensions>
   </trkpt>
   <trkpt lat="20.6556620" lon="-100.3234140">
    <ele>1997.6</ele>
    <time>2026-07-16T13:24:38Z</time>
    <extensions>
     <gpxtpx:TrackPointExtension>
      <gpxtpx:atemp>15</gpxtpx:atemp>
     </gpxtpx:TrackPointExtension>
    </extensions>
   </trkpt>
   <trkpt lat="20.6556500" lon="-100.3234310">
    <ele>1997.6</ele>
    <time>2026-07-16T13:24:39Z</time>
    <extensions>
     <gpxtpx:TrackPointExtension>
      <gpxtpx:atemp>15</gpxtpx:atemp>
     </gpxtpx:TrackPointExtension>
    </extensions>
   </trkpt>
   <trkpt lat="20.6556400" lon="-100.3234510">
    <ele>1997.6</ele>
    <time>2026-07-16T13:24:40Z</time>
    <extensions>
     <gpxtpx:TrackPointExtension>
      <gpxtpx:atemp>15</gpxtpx:atemp>
     </gpxtpx:TrackPointExtension>
    </extensions>
   </trkpt>
   <trkpt lat="20.6556280" lon="-100.3234700">
    <ele>1997.6</ele>
    <time>2026-07-16T13:24:41Z</time>
    <extensions>
     <gpxtpx:TrackPointExtension>
      <gpxtpx:atemp>15</gpxtpx:atemp>
     </gpxtpx:TrackPointExtension>
    </extensions>
   </trkpt>
   <trkpt lat="20.6556160" lon="-100.3234880">
    <ele>1997.6</ele>
    <time>2026-07-16T13:24:42Z</time>
    <extensions>
     <gpxtpx:TrackPointExtension>
      <gpxtpx:atemp>15</gpxtpx:atemp>
     </gpxtpx:TrackPointExtension>
    </extensions>
   </trkpt>
   <trkpt lat="20.6556030" lon="-100.3235040">
    <ele>1997.6</ele>
    <time>2026-07-16T13:24:43Z</time>
    <extensions>
     <gpxtpx:TrackPointExtension>
      <gpxtpx:atemp>15</gpxtpx:atemp>
     </gpxtpx:TrackPointExtension>
    </extensions>
   </trkpt>
   <trkpt lat="20.6555880" lon="-100.3235200">
    <ele>1997.6</ele>
    <time>2026-07-16T13:24:44Z</time>
    <extensions>
     <gpxtpx:TrackPointExtension>
      <gpxtpx:atemp>15</gpxtpx:atemp>
     </gpxtpx:TrackPointExtension>
    </extensions>
   </trkpt>
   <trkpt lat="20.6555690" lon="-100.3235400">
    <ele>1997.6</ele>
    <time>2026-07-16T13:24:45Z</time>
    <extensions>
     <gpxtpx:TrackPointExtension>
      <gpxtpx:atemp>15</gpxtpx:atemp>
     </gpxtpx:TrackPointExtension>
    </extensions>
   </trkpt>
   <trkpt lat="20.6555480" lon="-100.3235610">
    <ele>1997.6</ele>
    <time>2026-07-16T13:24:46Z</time>
    <extensions>
     <gpxtpx:TrackPointExtension>
      <gpxtpx:atemp>15</gpxtpx:atemp>
     </gpxtpx:TrackPointExtension>
    </extensions>
   </trkpt>
   <trkpt lat="20.6555230" lon="-100.3235850">
    <ele>1997.8</ele>
    <time>2026-07-16T13:24:47Z</time>
    <extensions>
     <gpxtpx:TrackPointExtension>
      <gpxtpx:atemp>15</gpxtpx:atemp>
     </gpxtpx:TrackPointExtension>
    </extensions>
   </trkpt>
   <trkpt lat="20.6554970" lon="-100.3236110">
    <ele>1997.8</ele>
    <time>2026-07-16T13:24:48Z</time>
    <extensions>
     <gpxtpx:TrackPointExtension>
      <gpxtpx:atemp>15</gpxtpx:atemp>
     </gpxtpx:TrackPointExtension>
    </extensions>
   </trkpt>
   <trkpt lat="20.6554680" lon="-100.3236400">
    <ele>1997.8</ele>
    <time>2026-07-16T13:24:49Z</time>
    <extensions>
     <gpxtpx:TrackPointExtension>
      <gpxtpx:atemp>15</gpxtpx:atemp>
     </gpxtpx:TrackPointExtension>
    </extensions>
   </trkpt>
   <trkpt lat="20.6554370" lon="-100.3236690">
    <ele>1997.8</ele>
    <time>2026-07-16T13:24:50Z</time>
    <extensions>
     <gpxtpx:TrackPointExtension>
      <gpxtpx:atemp>15</gpxtpx:atemp>
     </gpxtpx:TrackPointExtension>
    </extensions>
   </trkpt>
   <trkpt lat="20.6554060" lon="-100.3236980">
    <ele>1998.0</ele>
    <time>2026-07-16T13:24:51Z</time>
    <extensions>
     <gpxtpx:TrackPointExtension>
      <gpxtpx:atemp>15</gpxtpx:atemp>
     </gpxtpx:TrackPointExtension>
    </extensions>
   </trkpt>
   <trkpt lat="20.6553750" lon="-100.3237290">
    <ele>1998.0</ele>
    <time>2026-07-16T13:24:52Z</time>
    <extensions>
     <gpxtpx:TrackPointExtension>
      <gpxtpx:atemp>15</gpxtpx:atemp>
     </gpxtpx:TrackPointExtension>
    </extensions>
   </trkpt>
   <trkpt lat="20.6553430" lon="-100.3237580">
    <ele>1998.0</ele>
    <time>2026-07-16T13:24:53Z</time>
    <extensions>
     <gpxtpx:TrackPointExtension>
      <gpxtpx:atemp>15</gpxtpx:atemp>
     </gpxtpx:TrackPointExtension>
    </extensions>
   </trkpt>
   <trkpt lat="20.6553110" lon="-100.3237860">
    <ele>1998.2</ele>
    <time>2026-07-16T13:24:54Z</time>
    <extensions>
     <gpxtpx:TrackPointExtension>
      <gpxtpx:atemp>15</gpxtpx:atemp>
     </gpxtpx:TrackPointExtension>
    </extensions>
   </trkpt>
   <trkpt lat="20.6552790" lon="-100.3238130">
    <ele>1998.2</ele>
    <time>2026-07-16T13:24:55Z</time>
    <extensions>
     <gpxtpx:TrackPointExtension>
      <gpxtpx:atemp>15</gpxtpx:atemp>
     </gpxtpx:TrackPointExtension>
    </extensions>
   </trkpt>
   <trkpt lat="20.6552480" lon="-100.3238400">
    <ele>1998.2</ele>
    <time>2026-07-16T13:24:56Z</time>
    <extensions>
     <gpxtpx:TrackPointExtension>
      <gpxtpx:atemp>15</gpxtpx:atemp>
     </gpxtpx:TrackPointExtension>
    </extensions>
   </trkpt>
   <trkpt lat="20.6552180" lon="-100.3238660">
    <ele>1998.4</ele>
    <time>2026-07-16T13:24:57Z</time>
    <extensions>
     <gpxtpx:TrackPointExtension>
      <gpxtpx:atemp>15</gpxtpx:atemp>
     </gpxtpx:TrackPointExtension>
    </extensions>
   </trkpt>
   <trkpt lat="20.6551880" lon="-100.3238940">
    <ele>1998.4</ele>
    <time>2026-07-16T13:24:58Z</time>
    <extensions>
     <gpxtpx:TrackPointExtension>
      <gpxtpx:atemp>15</gpxtpx:atemp>
     </gpxtpx:TrackPointExtension>
    </extensions>
   </trkpt>
   <trkpt lat="20.6551590" lon="-100.3239230">
    <ele>1998.4</ele>
    <time>2026-07-16T13:24:59Z</time>
    <extensions>
     <gpxtpx:TrackPointExtension>
      <gpxtpx:atemp>15</gpxtpx:atemp>
     </gpxtpx:TrackPointExtension>
    </extensions>
   </trkpt>
   <trkpt lat="20.6551290" lon="-100.3239520">
    <ele>1998.4</ele>
    <time>2026-07-16T13:25:00Z</time>
    <extensions>
     <gpxtpx:TrackPointExtension>
      <gpxtpx:atemp>15</gpxtpx:atemp>
     </gpxtpx:TrackPointExtension>
    </extensions>
   </trkpt>
   <trkpt lat="20.6551010" lon="-100.3239840">
    <ele>1998.4</ele>
    <time>2026-07-16T13:25:01Z</time>
    <extensions>
     <gpxtpx:TrackPointExtension>
      <gpxtpx:atemp>15</gpxtpx:atemp>
     </gpxtpx:TrackPointExtension>
    </extensions>
   </trkpt>
   <trkpt lat="20.6550770" lon="-100.3240180">
    <ele>1998.6</ele>
    <time>2026-07-16T13:25:02Z</time>
    <extensions>
     <gpxtpx:TrackPointExtension>
      <gpxtpx:atemp>15</gpxtpx:atemp>
     </gpxtpx:TrackPointExtension>
    </extensions>
   </trkpt>
   <trkpt lat="20.6550560" lon="-100.3240560">
    <ele>1998.6</ele>
    <time>2026-07-16T13:25:03Z</time>
    <extensions>
     <gpxtpx:TrackPointExtension>
      <gpxtpx:atemp>15</gpxtpx:atemp>
     </gpxtpx:TrackPointExtension>
    </extensions>
   </trkpt>
   <trkpt lat="20.6550350" lon="-100.3240950">
    <ele>1998.6</ele>
    <time>2026-07-16T13:25:04Z</time>
    <extensions>
     <gpxtpx:TrackPointExtension>
      <gpxtpx:atemp>15</gpxtpx:atemp>
     </gpxtpx:TrackPointExtension>
    </extensions>
   </trkpt>
   <trkpt lat="20.6550150" lon="-100.3241360">
    <ele>1998.6</ele>
    <time>2026-07-16T13:25:05Z</time>
    <extensions>
     <gpxtpx:TrackPointExtension>
      <gpxtpx:atemp>15</gpxtpx:atemp>
     </gpxtpx:TrackPointExtension>
    </extensions>
   </trkpt>
   <trkpt lat="20.6549950" lon="-100.3241750">
    <ele>1998.4</ele>
    <time>2026-07-16T13:25:06Z</time>
    <extensions>
     <gpxtpx:TrackPointExtension>
      <gpxtpx:atemp>15</gpxtpx:atemp>
     </gpxtpx:TrackPointExtension>
    </extensions>
   </trkpt>
   <trkpt lat="20.6549750" lon="-100.3242110">
    <ele>1998.4</ele>
    <time>2026-07-16T13:25:07Z</time>
    <extensions>
     <gpxtpx:TrackPointExtension>
      <gpxtpx:atemp>15</gpxtpx:atemp>
     </gpxtpx:TrackPointExtension>
    </extensions>
   </trkpt>
   <trkpt lat="20.6549570" lon="-100.3242430">
    <ele>1998.4</ele>
    <time>2026-07-16T13:25:08Z</time>
    <extensions>
     <gpxtpx:TrackPointExtension>
      <gpxtpx:atemp>15</gpxtpx:atemp>
     </gpxtpx:TrackPointExtension>
    </extensions>
   </trkpt>
   <trkpt lat="20.6549410" lon="-100.3242700">
    <ele>1998.2</ele>
    <time>2026-07-16T13:25:09Z</time>
    <extensions>
     <gpxtpx:TrackPointExtension>
      <gpxtpx:atemp>15</gpxtpx:atemp>
     </gpxtpx:TrackPointExtension>
    </extensions>
   </trkpt>
   <trkpt lat="20.6549280" lon="-100.3242930">
    <ele>1998.2</ele>
    <time>2026-07-16T13:25:10Z</time>
    <extensions>
     <gpxtpx:TrackPointExtension>
      <gpxtpx:atemp>15</gpxtpx:atemp>
     </gpxtpx:TrackPointExtension>
    </extensions>
   </trkpt>
   <trkpt lat="20.6549150" lon="-100.3243110">
    <ele>1998.0</ele>
    <time>2026-07-16T13:25:11Z</time>
    <extensions>
     <gpxtpx:TrackPointExtension>
      <gpxtpx:atemp>15</gpxtpx:atemp>
     </gpxtpx:TrackPointExtension>
    </extensions>
   </trkpt>
   <trkpt lat="20.6549030" lon="-100.3243260">
    <ele>1997.8</ele>
    <time>2026-07-16T13:25:12Z</time>
    <extensions>
     <gpxtpx:TrackPointExtension>
      <gpxtpx:atemp>15</gpxtpx:atemp>
     </gpxtpx:TrackPointExtension>
    </extensions>
   </trkpt>
   <trkpt lat="20.6548940" lon="-100.3243390">
    <ele>1997.6</ele>
    <time>2026-07-16T13:25:13Z</time>
    <extensions>
     <gpxtpx:TrackPointExtension>
      <gpxtpx:atemp>15</gpxtpx:atemp>
     </gpxtpx:TrackPointExtension>
    </extensions>
   </trkpt>
   <trkpt lat="20.6548850" lon="-100.3243510">
    <ele>1997.6</ele>
    <time>2026-07-16T13:25:14Z</time>
    <extensions>
     <gpxtpx:TrackPointExtension>
      <gpxtpx:atemp>15</gpxtpx:atemp>
     </gpxtpx:TrackPointExtension>
    </extensions>
   </trkpt>
   <trkpt lat="20.6548750" lon="-100.3243630">
    <ele>1997.4</ele>
    <time>2026-07-16T13:25:15Z</time>
    <extensions>
     <gpxtpx:TrackPointExtension>
      <gpxtpx:atemp>15</gpxtpx:atemp>
     </gpxtpx:TrackPointExtension>
    </extensions>
   </trkpt>
   <trkpt lat="20.6548660" lon="-100.3243760">
    <ele>1997.4</ele>
    <time>2026-07-16T13:25:16Z</time>
    <extensions>
     <gpxtpx:TrackPointExtension>
      <gpxtpx:atemp>15</gpxtpx:atemp>
     </gpxtpx:TrackPointExtension>
    </extensions>
   </trkpt>
   <trkpt lat="20.6548560" lon="-100.3243870">
    <ele>1997.4</ele>
    <time>2026-07-16T13:25:17Z</time>
    <extensions>
     <gpxtpx:TrackPointExtension>
      <gpxtpx:atemp>15</gpxtpx:atemp>
     </gpxtpx:TrackPointExtension>
    </extensions>
   </trkpt>
   <trkpt lat="20.6548460" lon="-100.3243980">
    <ele>1997.2</ele>
    <time>2026-07-16T13:25:18Z</time>
    <extensions>
     <gpxtpx:TrackPointExtension>
      <gpxtpx:atemp>15</gpxtpx:atemp>
     </gpxtpx:TrackPointExtension>
    </extensions>
   </trkpt>
   <trkpt lat="20.6548330" lon="-100.3244070">
    <ele>1997.2</ele>
    <time>2026-07-16T13:25:19Z</time>
    <extensions>
     <gpxtpx:TrackPointExtension>
      <gpxtpx:atemp>15</gpxtpx:atemp>
     </gpxtpx:TrackPointExtension>
    </extensions>
   </trkpt>
   <trkpt lat="20.6548200" lon="-100.3244140">
    <ele>1997.2</ele>
    <time>2026-07-16T13:25:20Z</time>
    <extensions>
     <gpxtpx:TrackPointExtension>
      <gpxtpx:atemp>15</gpxtpx:atemp>
     </gpxtpx:TrackPointExtension>
    </extensions>
   </trkpt>
   <trkpt lat="20.6548070" lon="-100.3244210">
    <ele>1997.2</ele>
    <time>2026-07-16T13:25:21Z</time>
    <extensions>
     <gpxtpx:TrackPointExtension>
      <gpxtpx:atemp>15</gpxtpx:atemp>
     </gpxtpx:TrackPointExtension>
    </extensions>
   </trkpt>
   <trkpt lat="20.6547930" lon="-100.3244270">
    <ele>1997.2</ele>
    <time>2026-07-16T13:25:22Z</time>
    <extensions>
     <gpxtpx:TrackPointExtension>
      <gpxtpx:atemp>15</gpxtpx:atemp>
     </gpxtpx:TrackPointExtension>
    </extensions>
   </trkpt>
   <trkpt lat="20.6547800" lon="-100.3244350">
    <ele>1997.2</ele>
    <time>2026-07-16T13:25:23Z</time>
    <extensions>
     <gpxtpx:TrackPointExtension>
      <gpxtpx:atemp>15</gpxtpx:atemp>
     </gpxtpx:TrackPointExtension>
    </extensions>
   </trkpt>
   <trkpt lat="20.6547680" lon="-100.3244470">
    <ele>1997.2</ele>
    <time>2026-07-16T13:25:24Z</time>
    <extensions>
     <gpxtpx:TrackPointExtension>
      <gpxtpx:atemp>15</gpxtpx:atemp>
     </gpxtpx:TrackPointExtension>
    </extensions>
   </trkpt>
   <trkpt lat="20.6547540" lon="-100.3244640">
    <ele>1997.2</ele>
    <time>2026-07-16T13:25:25Z</time>
    <extensions>
     <gpxtpx:TrackPointExtension>
      <gpxtpx:atemp>15</gpxtpx:atemp>
     </gpxtpx:TrackPointExtension>
    </extensions>
   </trkpt>
   <trkpt lat="20.6547370" lon="-100.3244820">
    <ele>1997.2</ele>
    <time>2026-07-16T13:25:26Z</time>
    <extensions>
     <gpxtpx:TrackPointExtension>
      <gpxtpx:atemp>15</gpxtpx:atemp>
     </gpxtpx:TrackPointExtension>
    </extensions>
   </trkpt>
   <trkpt lat="20.6547170" lon="-100.3245010">
    <ele>1997.2</ele>
    <time>2026-07-16T13:25:27Z</time>
    <extensions>
     <gpxtpx:TrackPointExtension>
      <gpxtpx:atemp>15</gpxtpx:atemp>
     </gpxtpx:TrackPointExtension>
    </extensions>
   </trkpt>
   <trkpt lat="20.6546950" lon="-100.3245200">
    <ele>1997.4</ele>
    <time>2026-07-16T13:25:28Z</time>
    <extensions>
     <gpxtpx:TrackPointExtension>
      <gpxtpx:atemp>15</gpxtpx:atemp>
     </gpxtpx:TrackPointExtension>
    </extensions>
   </trkpt>
   <trkpt lat="20.6546720" lon="-100.3245400">
    <ele>1997.4</ele>
    <time>2026-07-16T13:25:29Z</time>
    <extensions>
     <gpxtpx:TrackPointExtension>
      <gpxtpx:atemp>15</gpxtpx:atemp>
     </gpxtpx:TrackPointExtension>
    </extensions>
   </trkpt>
   <trkpt lat="20.6546510" lon="-100.3245620">
    <ele>1997.4</ele>
    <time>2026-07-16T13:25:30Z</time>
    <extensions>
     <gpxtpx:TrackPointExtension>
      <gpxtpx:atemp>15</gpxtpx:atemp>
     </gpxtpx:TrackPointExtension>
    </extensions>
   </trkpt>
   <trkpt lat="20.6546300" lon="-100.3245890">
    <ele>1997.4</ele>
    <time>2026-07-16T13:25:31Z</time>
    <extensions>
     <gpxtpx:TrackPointExtension>
      <gpxtpx:atemp>15</gpxtpx:atemp>
     </gpxtpx:TrackPointExtension>
    </extensions>
   </trkpt>
   <trkpt lat="20.6546130" lon="-100.3246200">
    <ele>1997.4</ele>
    <time>2026-07-16T13:25:32Z</time>
    <extensions>
     <gpxtpx:TrackPointExtension>
      <gpxtpx:atemp>15</gpxtpx:atemp>
     </gpxtpx:TrackPointExtension>
    </extensions>
   </trkpt>
   <trkpt lat="20.6545990" lon="-100.3246560">
    <ele>1997.4</ele>
    <time>2026-07-16T13:25:33Z</time>
    <extensions>
     <gpxtpx:TrackPointExtension>
      <gpxtpx:atemp>15</gpxtpx:atemp>
     </gpxtpx:TrackPointExtension>
    </extensions>
   </trkpt>
   <trkpt lat="20.6545910" lon="-100.3246930">
    <ele>1997.4</ele>
    <time>2026-07-16T13:25:34Z</time>
    <extensions>
     <gpxtpx:TrackPointExtension>
      <gpxtpx:atemp>15</gpxtpx:atemp>
     </gpxtpx:TrackPointExtension>
    </extensions>
   </trkpt>
   <trkpt lat="20.6545890" lon="-100.3247320">
    <ele>1997.4</ele>
    <time>2026-07-16T13:25:35Z</time>
    <extensions>
     <gpxtpx:TrackPointExtension>
      <gpxtpx:atemp>15</gpxtpx:atemp>
     </gpxtpx:TrackPointExtension>
    </extensions>
   </trkpt>
   <trkpt lat="20.6545890" lon="-100.3247710">
    <ele>1997.4</ele>
    <time>2026-07-16T13:25:36Z</time>
    <extensions>
     <gpxtpx:TrackPointExtension>
      <gpxtpx:atemp>15</gpxtpx:atemp>
     </gpxtpx:TrackPointExtension>
    </extensions>
   </trkpt>
   <trkpt lat="20.6545880" lon="-100.3248110">
    <ele>1997.4</ele>
    <time>2026-07-16T13:25:37Z</time>
    <extensions>
     <gpxtpx:TrackPointExtension>
      <gpxtpx:atemp>15</gpxtpx:atemp>
     </gpxtpx:TrackPointExtension>
    </extensions>
   </trkpt>
   <trkpt lat="20.6545910" lon="-100.3248510">
    <ele>1997.4</ele>
    <time>2026-07-16T13:25:38Z</time>
    <extensions>
     <gpxtpx:TrackPointExtension>
      <gpxtpx:atemp>15</gpxtpx:atemp>
     </gpxtpx:TrackPointExtension>
    </extensions>
   </trkpt>
   <trkpt lat="20.6545990" lon="-100.3248900">
    <ele>1997.2</ele>
    <time>2026-07-16T13:25:39Z</time>
    <extensions>
     <gpxtpx:TrackPointExtension>
      <gpxtpx:atemp>15</gpxtpx:atemp>
     </gpxtpx:TrackPointExtension>
    </extensions>
   </trkpt>
   <trkpt lat="20.6546120" lon="-100.3249260">
    <ele>1997.2</ele>
    <time>2026-07-16T13:25:40Z</time>
    <extensions>
     <gpxtpx:TrackPointExtension>
      <gpxtpx:atemp>15</gpxtpx:atemp>
     </gpxtpx:TrackPointExtension>
    </extensions>
   </trkpt>
   <trkpt lat="20.6546290" lon="-100.3249610">
    <ele>1997.0</ele>
    <time>2026-07-16T13:25:41Z</time>
    <extensions>
     <gpxtpx:TrackPointExtension>
      <gpxtpx:atemp>15</gpxtpx:atemp>
     </gpxtpx:TrackPointExtension>
    </extensions>
   </trkpt>
   <trkpt lat="20.6546450" lon="-100.3249960">
    <ele>1996.8</ele>
    <time>2026-07-16T13:25:42Z</time>
    <extensions>
     <gpxtpx:TrackPointExtension>
      <gpxtpx:atemp>15</gpxtpx:atemp>
     </gpxtpx:TrackPointExtension>
    </extensions>
   </trkpt>
   <trkpt lat="20.6546570" lon="-100.3250310">
    <ele>1996.6</ele>
    <time>2026-07-16T13:25:43Z</time>
    <extensions>
     <gpxtpx:TrackPointExtension>
      <gpxtpx:atemp>15</gpxtpx:atemp>
     </gpxtpx:TrackPointExtension>
    </extensions>
   </trkpt>
   <trkpt lat="20.6546660" lon="-100.3250680">
    <ele>1996.2</ele>
    <time>2026-07-16T13:25:44Z</time>
    <extensions>
     <gpxtpx:TrackPointExtension>
      <gpxtpx:atemp>15</gpxtpx:atemp>
     </gpxtpx:TrackPointExtension>
    </extensions>
   </trkpt>
   <trkpt lat="20.6546740" lon="-100.3251050">
    <ele>1996.0</ele>
    <time>2026-07-16T13:25:45Z</time>
    <extensions>
     <gpxtpx:TrackPointExtension>
      <gpxtpx:atemp>15</gpxtpx:atemp>
     </gpxtpx:TrackPointExtension>
    </extensions>
   </trkpt>
   <trkpt lat="20.6546840" lon="-100.3251450">
    <ele>1995.6</ele>
    <time>2026-07-16T13:25:46Z</time>
    <extensions>
     <gpxtpx:TrackPointExtension>
      <gpxtpx:atemp>15</gpxtpx:atemp>
     </gpxtpx:TrackPointExtension>
    </extensions>
   </trkpt>
   <trkpt lat="20.6546920" lon="-100.3251870">
    <ele>1995.4</ele>
    <time>2026-07-16T13:25:47Z</time>
    <extensions>
     <gpxtpx:TrackPointExtension>
      <gpxtpx:atemp>15</gpxtpx:atemp>
     </gpxtpx:TrackPointExtension>
    </extensions>
   </trkpt>
   <trkpt lat="20.6547010" lon="-100.3252310">
    <ele>1995.0</ele>
    <time>2026-07-16T13:25:48Z</time>
    <extensions>
     <gpxtpx:TrackPointExtension>
      <gpxtpx:atemp>15</gpxtpx:atemp>
     </gpxtpx:TrackPointExtension>
    </extensions>
   </trkpt>
   <trkpt lat="20.6547060" lon="-100.3252730">
    <ele>1994.8</ele>
    <time>2026-07-16T13:25:49Z</time>
    <extensions>
     <gpxtpx:TrackPointExtension>
      <gpxtpx:atemp>15</gpxtpx:atemp>
     </gpxtpx:TrackPointExtension>
    </extensions>
   </trkpt>
   <trkpt lat="20.6547040" lon="-100.3253150">
    <ele>1994.4</ele>
    <time>2026-07-16T13:25:50Z</time>
    <extensions>
     <gpxtpx:TrackPointExtension>
      <gpxtpx:atemp>15</gpxtpx:atemp>
     </gpxtpx:TrackPointExtension>
    </extensions>
   </trkpt>
   <trkpt lat="20.6546940" lon="-100.3253540">
    <ele>1994.2</ele>
    <time>2026-07-16T13:25:51Z</time>
    <extensions>
     <gpxtpx:TrackPointExtension>
      <gpxtpx:atemp>15</gpxtpx:atemp>
     </gpxtpx:TrackPointExtension>
    </extensions>
   </trkpt>
   <trkpt lat="20.6546760" lon="-100.3253900">
    <ele>1993.8</ele>
    <time>2026-07-16T13:25:52Z</time>
    <extensions>
     <gpxtpx:TrackPointExtension>
      <gpxtpx:atemp>15</gpxtpx:atemp>
     </gpxtpx:TrackPointExtension>
    </extensions>
   </trkpt>
   <trkpt lat="20.6546540" lon="-100.3254250">
    <ele>1993.6</ele>
    <time>2026-07-16T13:25:53Z</time>
    <extensions>
     <gpxtpx:TrackPointExtension>
      <gpxtpx:atemp>15</gpxtpx:atemp>
     </gpxtpx:TrackPointExtension>
    </extensions>
   </trkpt>
   <trkpt lat="20.6546290" lon="-100.3254580">
    <ele>1993.4</ele>
    <time>2026-07-16T13:25:54Z</time>
    <extensions>
     <gpxtpx:TrackPointExtension>
      <gpxtpx:atemp>15</gpxtpx:atemp>
     </gpxtpx:TrackPointExtension>
    </extensions>
   </trkpt>
   <trkpt lat="20.6546020" lon="-100.3254910">
    <ele>1993.2</ele>
    <time>2026-07-16T13:25:55Z</time>
    <extensions>
     <gpxtpx:TrackPointExtension>
      <gpxtpx:atemp>15</gpxtpx:atemp>
     </gpxtpx:TrackPointExtension>
    </extensions>
   </trkpt>
   <trkpt lat="20.6545730" lon="-100.3255210">
    <ele>1993.0</ele>
    <time>2026-07-16T13:25:56Z</time>
    <extensions>
     <gpxtpx:TrackPointExtension>
      <gpxtpx:atemp>15</gpxtpx:atemp>
     </gpxtpx:TrackPointExtension>
    </extensions>
   </trkpt>
   <trkpt lat="20.6545470" lon="-100.3255530">
    <ele>1993.0</ele>
    <time>2026-07-16T13:25:57Z</time>
    <extensions>
     <gpxtpx:TrackPointExtension>
      <gpxtpx:atemp>15</gpxtpx:atemp>
     </gpxtpx:TrackPointExtension>
    </extensions>
   </trkpt>
   <trkpt lat="20.6545280" lon="-100.3255890">
    <ele>1992.8</ele>
    <time>2026-07-16T13:25:58Z</time>
    <extensions>
     <gpxtpx:TrackPointExtension>
      <gpxtpx:atemp>15</gpxtpx:atemp>
     </gpxtpx:TrackPointExtension>
    </extensions>
   </trkpt>
   <trkpt lat="20.6545110" lon="-100.3256290">
    <ele>1992.6</ele>
    <time>2026-07-16T13:25:59Z</time>
    <extensions>
     <gpxtpx:TrackPointExtension>
      <gpxtpx:atemp>15</gpxtpx:atemp>
     </gpxtpx:TrackPointExtension>
    </extensions>
   </trkpt>
   <trkpt lat="20.6544940" lon="-100.3256720">
    <ele>1992.4</ele>
    <time>2026-07-16T13:26:00Z</time>
    <extensions>
     <gpxtpx:TrackPointExtension>
      <gpxtpx:atemp>15</gpxtpx:atemp>
     </gpxtpx:TrackPointExtension>
    </extensions>
   </trkpt>
   <trkpt lat="20.6544750" lon="-100.3257160">
    <ele>1992.2</ele>
    <time>2026-07-16T13:26:01Z</time>
    <extensions>
     <gpxtpx:TrackPointExtension>
      <gpxtpx:atemp>15</gpxtpx:atemp>
     </gpxtpx:TrackPointExtension>
    </extensions>
   </trkpt>
   <trkpt lat="20.6544510" lon="-100.3257590">
    <ele>1992.0</ele>
    <time>2026-07-16T13:26:02Z</time>
    <extensions>
     <gpxtpx:TrackPointExtension>
      <gpxtpx:atemp>15</gpxtpx:atemp>
     </gpxtpx:TrackPointExtension>
    </extensions>
   </trkpt>
   <trkpt lat="20.6544230" lon="-100.3258010">
    <ele>1991.8</ele>
    <time>2026-07-16T13:26:03Z</time>
    <extensions>
     <gpxtpx:TrackPointExtension>
      <gpxtpx:atemp>15</gpxtpx:atemp>
     </gpxtpx:TrackPointExtension>
    </extensions>
   </trkpt>
   <trkpt lat="20.6543920" lon="-100.3258410">
    <ele>1991.6</ele>
    <time>2026-07-16T13:26:04Z</time>
    <extensions>
     <gpxtpx:TrackPointExtension>
      <gpxtpx:atemp>15</gpxtpx:atemp>
     </gpxtpx:TrackPointExtension>
    </extensions>
   </trkpt>
   <trkpt lat="20.6543580" lon="-100.3258780">
    <ele>1991.4</ele>
    <time>2026-07-16T13:26:05Z</time>
    <extensions>
     <gpxtpx:TrackPointExtension>
      <gpxtpx:atemp>15</gpxtpx:atemp>
     </gpxtpx:TrackPointExtension>
    </extensions>
   </trkpt>
   <trkpt lat="20.6543240" lon="-100.3259160">
    <ele>1991.2</ele>
    <time>2026-07-16T13:26:06Z</time>
    <extensions>
     <gpxtpx:TrackPointExtension>
      <gpxtpx:atemp>15</gpxtpx:atemp>
     </gpxtpx:TrackPointExtension>
    </extensions>
   </trkpt>
   <trkpt lat="20.6542910" lon="-100.3259550">
    <ele>1991.0</ele>
    <time>2026-07-16T13:26:07Z</time>
    <extensions>
     <gpxtpx:TrackPointExtension>
      <gpxtpx:atemp>15</gpxtpx:atemp>
     </gpxtpx:TrackPointExtension>
    </extensions>
   </trkpt>
   <trkpt lat="20.6542600" lon="-100.3259960">
    <ele>1991.0</ele>
    <time>2026-07-16T13:26:08Z</time>
    <extensions>
     <gpxtpx:TrackPointExtension>
      <gpxtpx:atemp>15</gpxtpx:atemp>
     </gpxtpx:TrackPointExtension>
    </extensions>
   </trkpt>
   <trkpt lat="20.6542330" lon="-100.3260400">
    <ele>1990.8</ele>
    <time>2026-07-16T13:26:09Z</time>
    <extensions>
     <gpxtpx:TrackPointExtension>
      <gpxtpx:atemp>15</gpxtpx:atemp>
     </gpxtpx:TrackPointExtension>
    </extensions>
   </trkpt>
   <trkpt lat="20.6542080" lon="-100.3260850">
    <ele>1990.8</ele>
    <time>2026-07-16T13:26:10Z</time>
    <extensions>
     <gpxtpx:TrackPointExtension>
      <gpxtpx:atemp>15</gpxtpx:atemp>
     </gpxtpx:TrackPointExtension>
    </extensions>
   </trkpt>
   <trkpt lat="20.6541810" lon="-100.3261320">
    <ele>1990.6</ele>
    <time>2026-07-16T13:26:11Z</time>
    <extensions>
     <gpxtpx:TrackPointExtension>
      <gpxtpx:atemp>15</gpxtpx:atemp>
     </gpxtpx:TrackPointExtension>
    </extensions>
   </trkpt>
   <trkpt lat="20.6541560" lon="-100.3261810">
    <ele>1990.6</ele>
    <time>2026-07-16T13:26:12Z</time>
    <extensions>
     <gpxtpx:TrackPointExtension>
      <gpxtpx:atemp>15</gpxtpx:atemp>
     </gpxtpx:TrackPointExtension>
    </extensions>
   </trkpt>
   <trkpt lat="20.6541320" lon="-100.3262300">
    <ele>1990.6</ele>
    <time>2026-07-16T13:26:13Z</time>
    <extensions>
     <gpxtpx:TrackPointExtension>
      <gpxtpx:atemp>15</gpxtpx:atemp>
     </gpxtpx:TrackPointExtension>
    </extensions>
   </trkpt>
   <trkpt lat="20.6541080" lon="-100.3262800">
    <ele>1990.4</ele>
    <time>2026-07-16T13:26:14Z</time>
    <extensions>
     <gpxtpx:TrackPointExtension>
      <gpxtpx:atemp>15</gpxtpx:atemp>
     </gpxtpx:TrackPointExtension>
    </extensions>
   </trkpt>
   <trkpt lat="20.6540830" lon="-100.3263290">
    <ele>1990.4</ele>
    <time>2026-07-16T13:26:15Z</time>
    <extensions>
     <gpxtpx:TrackPointExtension>
      <gpxtpx:atemp>15</gpxtpx:atemp>
     </gpxtpx:TrackPointExtension>
    </extensions>
   </trkpt>
   <trkpt lat="20.6540580" lon="-100.3263770">
    <ele>1990.0</ele>
    <time>2026-07-16T13:26:16Z</time>
    <extensions>
     <gpxtpx:TrackPointExtension>
      <gpxtpx:atemp>15</gpxtpx:atemp>
     </gpxtpx:TrackPointExtension>
    </extensions>
   </trkpt>
   <trkpt lat="20.6540330" lon="-100.3264240">
    <ele>1989.8</ele>
    <time>2026-07-16T13:26:17Z</time>
    <extensions>
     <gpxtpx:TrackPointExtension>
      <gpxtpx:atemp>15</gpxtpx:atemp>
     </gpxtpx:TrackPointExtension>
    </extensions>
   </trkpt>
   <trkpt lat="20.6540080" lon="-100.3264690">
    <ele>1989.6</ele>
    <time>2026-07-16T13:26:18Z</time>
    <extensions>
     <gpxtpx:TrackPointExtension>
      <gpxtpx:atemp>15</gpxtpx:atemp>
     </gpxtpx:TrackPointExtension>
    </extensions>
   </trkpt>
   <trkpt lat="20.6539830" lon="-100.3265140">
    <ele>1989.2</ele>
    <time>2026-07-16T13:26:19Z</time>
    <extensions>
     <gpxtpx:TrackPointExtension>
      <gpxtpx:atemp>15</gpxtpx:atemp>
     </gpxtpx:TrackPointExtension>
    </extensions>
   </trkpt>
   <trkpt lat="20.6539570" lon="-100.3265570">
    <ele>1989.0</ele>
    <time>2026-07-16T13:26:20Z</time>
    <extensions>
     <gpxtpx:TrackPointExtension>
      <gpxtpx:atemp>15</gpxtpx:atemp>
     </gpxtpx:TrackPointExtension>
    </extensions>
   </trkpt>
   <trkpt lat="20.6539330" lon="-100.3266010">
    <ele>1988.6</ele>
    <time>2026-07-16T13:26:21Z</time>
    <extensions>
     <gpxtpx:TrackPointExtension>
      <gpxtpx:atemp>15</gpxtpx:atemp>
     </gpxtpx:TrackPointExtension>
    </extensions>
   </trkpt>
   <trkpt lat="20.6539070" lon="-100.3266430">
    <ele>1988.2</ele>
    <time>2026-07-16T13:26:22Z</time>
    <extensions>
     <gpxtpx:TrackPointExtension>
      <gpxtpx:atemp>15</gpxtpx:atemp>
     </gpxtpx:TrackPointExtension>
    </extensions>
   </trkpt>
   <trkpt lat="20.6538800" lon="-100.3266810">
    <ele>1988.0</ele>
    <time>2026-07-16T13:26:23Z</time>
    <extensions>
     <gpxtpx:TrackPointExtension>
      <gpxtpx:atemp>15</gpxtpx:atemp>
     </gpxtpx:TrackPointExtension>
    </extensions>
   </trkpt>
   <trkpt lat="20.6538510" lon="-100.3267140">
    <ele>1987.6</ele>
    <time>2026-07-16T13:26:24Z</time>
    <extensions>
     <gpxtpx:TrackPointExtension>
      <gpxtpx:atemp>15</gpxtpx:atemp>
     </gpxtpx:TrackPointExtension>
    </extensions>
   </trkpt>
   <trkpt lat="20.6538220" lon="-100.3267450">
    <ele>1987.4</ele>
    <time>2026-07-16T13:26:25Z</time>
    <extensions>
     <gpxtpx:TrackPointExtension>
      <gpxtpx:atemp>15</gpxtpx:atemp>
     </gpxtpx:TrackPointExtension>
    </extensions>
   </trkpt>
   <trkpt lat="20.6537910" lon="-100.3267730">
    <ele>1987.2</ele>
    <time>2026-07-16T13:26:26Z</time>
    <extensions>
     <gpxtpx:TrackPointExtension>
      <gpxtpx:atemp>15</gpxtpx:atemp>
     </gpxtpx:TrackPointExtension>
    </extensions>
   </trkpt>
   <trkpt lat="20.6537600" lon="-100.3268000">
    <ele>1987.2</ele>
    <time>2026-07-16T13:26:27Z</time>
    <extensions>
     <gpxtpx:TrackPointExtension>
      <gpxtpx:atemp>15</gpxtpx:atemp>
     </gpxtpx:TrackPointExtension>
    </extensions>
   </trkpt>
   <trkpt lat="20.6537280" lon="-100.3268280">
    <ele>1987.0</ele>
    <time>2026-07-16T13:26:28Z</time>
    <extensions>
     <gpxtpx:TrackPointExtension>
      <gpxtpx:atemp>15</gpxtpx:atemp>
     </gpxtpx:TrackPointExtension>
    </extensions>
   </trkpt>
   <trkpt lat="20.6536970" lon="-100.3268550">
    <ele>1986.8</ele>
    <time>2026-07-16T13:26:29Z</time>
    <extensions>
     <gpxtpx:TrackPointExtension>
      <gpxtpx:atemp>15</gpxtpx:atemp>
     </gpxtpx:TrackPointExtension>
    </extensions>
   </trkpt>
   <trkpt lat="20.6536670" lon="-100.3268810">
    <ele>1986.8</ele>
    <time>2026-07-16T13:26:30Z</time>
    <extensions>
     <gpxtpx:TrackPointExtension>
      <gpxtpx:atemp>15</gpxtpx:atemp>
     </gpxtpx:TrackPointExtension>
    </extensions>
   </trkpt>
   <trkpt lat="20.6536400" lon="-100.3269090">
    <ele>1986.6</ele>
    <time>2026-07-16T13:26:31Z</time>
    <extensions>
     <gpxtpx:TrackPointExtension>
      <gpxtpx:atemp>15</gpxtpx:atemp>
     </gpxtpx:TrackPointExtension>
    </extensions>
   </trkpt>
   <trkpt lat="20.6536170" lon="-100.3269370">
    <ele>1986.6</ele>
    <time>2026-07-16T13:26:32Z</time>
    <extensions>
     <gpxtpx:TrackPointExtension>
      <gpxtpx:atemp>15</gpxtpx:atemp>
     </gpxtpx:TrackPointExtension>
    </extensions>
   </trkpt>
   <trkpt lat="20.6535990" lon="-100.3269690">
    <ele>1986.6</ele>
    <time>2026-07-16T13:26:33Z</time>
    <extensions>
     <gpxtpx:TrackPointExtension>
      <gpxtpx:atemp>15</gpxtpx:atemp>
     </gpxtpx:TrackPointExtension>
    </extensions>
   </trkpt>
   <trkpt lat="20.6535830" lon="-100.3270050">
    <ele>1986.6</ele>
    <time>2026-07-16T13:26:34Z</time>
    <extensions>
     <gpxtpx:TrackPointExtension>
      <gpxtpx:atemp>15</gpxtpx:atemp>
     </gpxtpx:TrackPointExtension>
    </extensions>
   </trkpt>
   <trkpt lat="20.6535690" lon="-100.3270440">
    <ele>1986.6</ele>
    <time>2026-07-16T13:26:35Z</time>
    <extensions>
     <gpxtpx:TrackPointExtension>
      <gpxtpx:atemp>15</gpxtpx:atemp>
     </gpxtpx:TrackPointExtension>
    </extensions>
   </trkpt>
   <trkpt lat="20.6535570" lon="-100.3270870">
    <ele>1986.4</ele>
    <time>2026-07-16T13:26:36Z</time>
    <extensions>
     <gpxtpx:TrackPointExtension>
      <gpxtpx:atemp>15</gpxtpx:atemp>
     </gpxtpx:TrackPointExtension>
    </extensions>
   </trkpt>
   <trkpt lat="20.6535450" lon="-100.3271310">
    <ele>1986.4</ele>
    <time>2026-07-16T13:26:37Z</time>
    <extensions>
     <gpxtpx:TrackPointExtension>
      <gpxtpx:atemp>15</gpxtpx:atemp>
     </gpxtpx:TrackPointExtension>
    </extensions>
   </trkpt>
   <trkpt lat="20.6535330" lon="-100.3271770">
    <ele>1986.2</ele>
    <time>2026-07-16T13:26:38Z</time>
    <extensions>
     <gpxtpx:TrackPointExtension>
      <gpxtpx:atemp>15</gpxtpx:atemp>
     </gpxtpx:TrackPointExtension>
    </extensions>
   </trkpt>
   <trkpt lat="20.6535200" lon="-100.3272250">
    <ele>1986.2</ele>
    <time>2026-07-16T13:26:39Z</time>
    <extensions>
     <gpxtpx:TrackPointExtension>
      <gpxtpx:atemp>15</gpxtpx:atemp>
     </gpxtpx:TrackPointExtension>
    </extensions>
   </trkpt>
   <trkpt lat="20.6535060" lon="-100.3272710">
    <ele>1986.0</ele>
    <time>2026-07-16T13:26:40Z</time>
    <extensions>
     <gpxtpx:TrackPointExtension>
      <gpxtpx:atemp>15</gpxtpx:atemp>
     </gpxtpx:TrackPointExtension>
    </extensions>
   </trkpt>
   <trkpt lat="20.6534910" lon="-100.3273150">
    <ele>1985.8</ele>
    <time>2026-07-16T13:26:41Z</time>
    <extensions>
     <gpxtpx:TrackPointExtension>
      <gpxtpx:atemp>15</gpxtpx:atemp>
     </gpxtpx:TrackPointExtension>
    </extensions>
   </trkpt>
   <trkpt lat="20.6534750" lon="-100.3273580">
    <ele>1985.6</ele>
    <time>2026-07-16T13:26:42Z</time>
    <extensions>
     <gpxtpx:TrackPointExtension>
      <gpxtpx:atemp>15</gpxtpx:atemp>
     </gpxtpx:TrackPointExtension>
    </extensions>
   </trkpt>
   <trkpt lat="20.6534580" lon="-100.3274010">
    <ele>1985.4</ele>
    <time>2026-07-16T13:26:43Z</time>
    <extensions>
     <gpxtpx:TrackPointExtension>
      <gpxtpx:atemp>15</gpxtpx:atemp>
     </gpxtpx:TrackPointExtension>
    </extensions>
   </trkpt>
   <trkpt lat="20.6534390" lon="-100.3274440">
    <ele>1985.2</ele>
    <time>2026-07-16T13:26:44Z</time>
    <extensions>
     <gpxtpx:TrackPointExtension>
      <gpxtpx:atemp>15</gpxtpx:atemp>
     </gpxtpx:TrackPointExtension>
    </extensions>
   </trkpt>
   <trkpt lat="20.6534190" lon="-100.3274870">
    <ele>1985.0</ele>
    <time>2026-07-16T13:26:45Z</time>
    <extensions>
     <gpxtpx:TrackPointExtension>
      <gpxtpx:atemp>15</gpxtpx:atemp>
     </gpxtpx:TrackPointExtension>
    </extensions>
   </trkpt>
   <trkpt lat="20.6533990" lon="-100.3275310">
    <ele>1985.0</ele>
    <time>2026-07-16T13:26:46Z</time>
    <extensions>
     <gpxtpx:TrackPointExtension>
      <gpxtpx:atemp>15</gpxtpx:atemp>
     </gpxtpx:TrackPointExtension>
    </extensions>
   </trkpt>
   <trkpt lat="20.6533780" lon="-100.3275750">
    <ele>1984.8</ele>
    <time>2026-07-16T13:26:47Z</time>
    <extensions>
     <gpxtpx:TrackPointExtension>
      <gpxtpx:atemp>15</gpxtpx:atemp>
     </gpxtpx:TrackPointExtension>
    </extensions>
   </trkpt>
   <trkpt lat="20.6533580" lon="-100.3276210">
    <ele>1984.6</ele>
    <time>2026-07-16T13:26:48Z</time>
    <extensions>
     <gpxtpx:TrackPointExtension>
      <gpxtpx:atemp>15</gpxtpx:atemp>
     </gpxtpx:TrackPointExtension>
    </extensions>
   </trkpt>
   <trkpt lat="20.6533370" lon="-100.3276650">
    <ele>1984.6</ele>
    <time>2026-07-16T13:26:49Z</time>
    <extensions>
     <gpxtpx:TrackPointExtension>
      <gpxtpx:atemp>15</gpxtpx:atemp>
     </gpxtpx:TrackPointExtension>
    </extensions>
   </trkpt>
   <trkpt lat="20.6533150" lon="-100.3277080">
    <ele>1984.4</ele>
    <time>2026-07-16T13:26:50Z</time>
    <extensions>
     <gpxtpx:TrackPointExtension>
      <gpxtpx:atemp>15</gpxtpx:atemp>
     </gpxtpx:TrackPointExtension>
    </extensions>
   </trkpt>
   <trkpt lat="20.6532900" lon="-100.3277480">
    <ele>1984.4</ele>
    <time>2026-07-16T13:26:51Z</time>
    <extensions>
     <gpxtpx:TrackPointExtension>
      <gpxtpx:atemp>15</gpxtpx:atemp>
     </gpxtpx:TrackPointExtension>
    </extensions>
   </trkpt>
   <trkpt lat="20.6532640" lon="-100.3277860">
    <ele>1984.2</ele>
    <time>2026-07-16T13:26:52Z</time>
    <extensions>
     <gpxtpx:TrackPointExtension>
      <gpxtpx:atemp>15</gpxtpx:atemp>
     </gpxtpx:TrackPointExtension>
    </extensions>
   </trkpt>
   <trkpt lat="20.6532370" lon="-100.3278230">
    <ele>1984.0</ele>
    <time>2026-07-16T13:26:53Z</time>
    <extensions>
     <gpxtpx:TrackPointExtension>
      <gpxtpx:atemp>15</gpxtpx:atemp>
     </gpxtpx:TrackPointExtension>
    </extensions>
   </trkpt>
   <trkpt lat="20.6532100" lon="-100.3278580">
    <ele>1984.0</ele>
    <time>2026-07-16T13:26:54Z</time>
    <extensions>
     <gpxtpx:TrackPointExtension>
      <gpxtpx:atemp>15</gpxtpx:atemp>
     </gpxtpx:TrackPointExtension>
    </extensions>
   </trkpt>
   <trkpt lat="20.6531860" lon="-100.3278920">
    <ele>1983.8</ele>
    <time>2026-07-16T13:26:55Z</time>
    <extensions>
     <gpxtpx:TrackPointExtension>
      <gpxtpx:atemp>15</gpxtpx:atemp>
     </gpxtpx:TrackPointExtension>
    </extensions>
   </trkpt>
   <trkpt lat="20.6531620" lon="-100.3279260">
    <ele>1983.8</ele>
    <time>2026-07-16T13:26:56Z</time>
    <extensions>
     <gpxtpx:TrackPointExtension>
      <gpxtpx:atemp>15</gpxtpx:atemp>
     </gpxtpx:TrackPointExtension>
    </extensions>
   </trkpt>
   <trkpt lat="20.6531390" lon="-100.3279600">
    <ele>1983.6</ele>
    <time>2026-07-16T13:26:57Z</time>
    <extensions>
     <gpxtpx:TrackPointExtension>
      <gpxtpx:atemp>15</gpxtpx:atemp>
     </gpxtpx:TrackPointExtension>
    </extensions>
   </trkpt>
   <trkpt lat="20.6531160" lon="-100.3279950">
    <ele>1983.4</ele>
    <time>2026-07-16T13:26:58Z</time>
    <extensions>
     <gpxtpx:TrackPointExtension>
      <gpxtpx:atemp>15</gpxtpx:atemp>
     </gpxtpx:TrackPointExtension>
    </extensions>
   </trkpt>
   <trkpt lat="20.6530880" lon="-100.3280280">
    <ele>1983.4</ele>
    <time>2026-07-16T13:26:59Z</time>
    <extensions>
     <gpxtpx:TrackPointExtension>
      <gpxtpx:atemp>15</gpxtpx:atemp>
     </gpxtpx:TrackPointExtension>
    </extensions>
   </trkpt>
   <trkpt lat="20.6530570" lon="-100.3280560">
    <ele>1983.2</ele>
    <time>2026-07-16T13:27:00Z</time>
    <extensions>
     <gpxtpx:TrackPointExtension>
      <gpxtpx:atemp>15</gpxtpx:atemp>
     </gpxtpx:TrackPointExtension>
    </extensions>
   </trkpt>
   <trkpt lat="20.6530220" lon="-100.3280830">
    <ele>1983.0</ele>
    <time>2026-07-16T13:27:01Z</time>
    <extensions>
     <gpxtpx:TrackPointExtension>
      <gpxtpx:atemp>15</gpxtpx:atemp>
     </gpxtpx:TrackPointExtension>
    </extensions>
   </trkpt>
   <trkpt lat="20.6529860" lon="-100.3281070">
    <ele>1983.0</ele>
    <time>2026-07-16T13:27:02Z</time>
    <extensions>
     <gpxtpx:TrackPointExtension>
      <gpxtpx:atemp>15</gpxtpx:atemp>
     </gpxtpx:TrackPointExtension>
    </extensions>
   </trkpt>
   <trkpt lat="20.6529490" lon="-100.3281320">
    <ele>1983.0</ele>
    <time>2026-07-16T13:27:03Z</time>
    <extensions>
     <gpxtpx:TrackPointExtension>
      <gpxtpx:atemp>15</gpxtpx:atemp>
     </gpxtpx:TrackPointExtension>
    </extensions>
   </trkpt>
   <trkpt lat="20.6529110" lon="-100.3281560">
    <ele>1982.8</ele>
    <time>2026-07-16T13:27:04Z</time>
    <extensions>
     <gpxtpx:TrackPointExtension>
      <gpxtpx:atemp>15</gpxtpx:atemp>
     </gpxtpx:TrackPointExtension>
    </extensions>
   </trkpt>
   <trkpt lat="20.6528730" lon="-100.3281790">
    <ele>1982.8</ele>
    <time>2026-07-16T13:27:05Z</time>
    <extensions>
     <gpxtpx:TrackPointExtension>
      <gpxtpx:atemp>15</gpxtpx:atemp>
     </gpxtpx:TrackPointExtension>
    </extensions>
   </trkpt>
   <trkpt lat="20.6528350" lon="-100.3282030">
    <ele>1982.6</ele>
    <time>2026-07-16T13:27:06Z</time>
    <extensions>
     <gpxtpx:TrackPointExtension>
      <gpxtpx:atemp>15</gpxtpx:atemp>
     </gpxtpx:TrackPointExtension>
    </extensions>
   </trkpt>
   <trkpt lat="20.6527990" lon="-100.3282280">
    <ele>1982.6</ele>
    <time>2026-07-16T13:27:07Z</time>
    <extensions>
     <gpxtpx:TrackPointExtension>
      <gpxtpx:atemp>15</gpxtpx:atemp>
     </gpxtpx:TrackPointExtension>
    </extensions>
   </trkpt>
   <trkpt lat="20.6527650" lon="-100.3282530">
    <ele>1982.4</ele>
    <time>2026-07-16T13:27:08Z</time>
    <extensions>
     <gpxtpx:TrackPointExtension>
      <gpxtpx:atemp>15</gpxtpx:atemp>
     </gpxtpx:TrackPointExtension>
    </extensions>
   </trkpt>
   <trkpt lat="20.6527330" lon="-100.3282770">
    <ele>1982.4</ele>
    <time>2026-07-16T13:27:09Z</time>
    <extensions>
     <gpxtpx:TrackPointExtension>
      <gpxtpx:atemp>15</gpxtpx:atemp>
     </gpxtpx:TrackPointExtension>
    </extensions>
   </trkpt>
   <trkpt lat="20.6527030" lon="-100.3283010">
    <ele>1982.4</ele>
    <time>2026-07-16T13:27:10Z</time>
    <extensions>
     <gpxtpx:TrackPointExtension>
      <gpxtpx:atemp>15</gpxtpx:atemp>
     </gpxtpx:TrackPointExtension>
    </extensions>
   </trkpt>
   <trkpt lat="20.6526710" lon="-100.3283230">
    <ele>1982.2</ele>
    <time>2026-07-16T13:27:11Z</time>
    <extensions>
     <gpxtpx:TrackPointExtension>
      <gpxtpx:atemp>15</gpxtpx:atemp>
     </gpxtpx:TrackPointExtension>
    </extensions>
   </trkpt>
   <trkpt lat="20.6526380" lon="-100.3283450">
    <ele>1982.2</ele>
    <time>2026-07-16T13:27:12Z</time>
    <extensions>
     <gpxtpx:TrackPointExtension>
      <gpxtpx:atemp>15</gpxtpx:atemp>
     </gpxtpx:TrackPointExtension>
    </extensions>
   </trkpt>
   <trkpt lat="20.6526050" lon="-100.3283670">
    <ele>1982.2</ele>
    <time>2026-07-16T13:27:13Z</time>
    <extensions>
     <gpxtpx:TrackPointExtension>
      <gpxtpx:atemp>15</gpxtpx:atemp>
     </gpxtpx:TrackPointExtension>
    </extensions>
   </trkpt>
   <trkpt lat="20.6525740" lon="-100.3283910">
    <ele>1982.0</ele>
    <time>2026-07-16T13:27:14Z</time>
    <extensions>
     <gpxtpx:TrackPointExtension>
      <gpxtpx:atemp>15</gpxtpx:atemp>
     </gpxtpx:TrackPointExtension>
    </extensions>
   </trkpt>
   <trkpt lat="20.6525430" lon="-100.3284150">
    <ele>1982.0</ele>
    <time>2026-07-16T13:27:15Z</time>
    <extensions>
     <gpxtpx:TrackPointExtension>
      <gpxtpx:atemp>15</gpxtpx:atemp>
     </gpxtpx:TrackPointExtension>
    </extensions>
   </trkpt>
   <trkpt lat="20.6525140" lon="-100.3284400">
    <ele>1982.2</ele>
    <time>2026-07-16T13:27:16Z</time>
    <extensions>
     <gpxtpx:TrackPointExtension>
      <gpxtpx:atemp>15</gpxtpx:atemp>
     </gpxtpx:TrackPointExtension>
    </extensions>
   </trkpt>
   <trkpt lat="20.6524850" lon="-100.3284670">
    <ele>1982.2</ele>
    <time>2026-07-16T13:27:17Z</time>
    <extensions>
     <gpxtpx:TrackPointExtension>
      <gpxtpx:atemp>15</gpxtpx:atemp>
     </gpxtpx:TrackPointExtension>
    </extensions>
   </trkpt>
   <trkpt lat="20.6524570" lon="-100.3284960">
    <ele>1982.2</ele>
    <time>2026-07-16T13:27:18Z</time>
    <extensions>
     <gpxtpx:TrackPointExtension>
      <gpxtpx:atemp>15</gpxtpx:atemp>
     </gpxtpx:TrackPointExtension>
    </extensions>
   </trkpt>
   <trkpt lat="20.6524320" lon="-100.3285290">
    <ele>1982.4</ele>
    <time>2026-07-16T13:27:19Z</time>
    <extensions>
     <gpxtpx:TrackPointExtension>
      <gpxtpx:atemp>15</gpxtpx:atemp>
     </gpxtpx:TrackPointExtension>
    </extensions>
   </trkpt>
   <trkpt lat="20.6524070" lon="-100.3285650">
    <ele>1982.4</ele>
    <time>2026-07-16T13:27:20Z</time>
    <extensions>
     <gpxtpx:TrackPointExtension>
      <gpxtpx:atemp>15</gpxtpx:atemp>
     </gpxtpx:TrackPointExtension>
    </extensions>
   </trkpt>
   <trkpt lat="20.6523850" lon="-100.3286060">
    <ele>1982.4</ele>
    <time>2026-07-16T13:27:21Z</time>
    <extensions>
     <gpxtpx:TrackPointExtension>
      <gpxtpx:atemp>15</gpxtpx:atemp>
     </gpxtpx:TrackPointExtension>
    </extensions>
   </trkpt>
   <trkpt lat="20.6523670" lon="-100.3286490">
    <ele>1982.4</ele>
    <time>2026-07-16T13:27:22Z</time>
    <extensions>
     <gpxtpx:TrackPointExtension>
      <gpxtpx:atemp>15</gpxtpx:atemp>
     </gpxtpx:TrackPointExtension>
    </extensions>
   </trkpt>
   <trkpt lat="20.6523500" lon="-100.3286910">
    <ele>1982.4</ele>
    <time>2026-07-16T13:27:23Z</time>
    <extensions>
     <gpxtpx:TrackPointExtension>
      <gpxtpx:atemp>15</gpxtpx:atemp>
     </gpxtpx:TrackPointExtension>
    </extensions>
   </trkpt>
   <trkpt lat="20.6523350" lon="-100.3287340">
    <ele>1982.2</ele>
    <time>2026-07-16T13:27:24Z</time>
    <extensions>
     <gpxtpx:TrackPointExtension>
      <gpxtpx:atemp>15</gpxtpx:atemp>
     </gpxtpx:TrackPointExtension>
    </extensions>
   </trkpt>
   <trkpt lat="20.6523210" lon="-100.3287770">
    <ele>1982.2</ele>
    <time>2026-07-16T13:27:25Z</time>
    <extensions>
     <gpxtpx:TrackPointExtension>
      <gpxtpx:atemp>15</gpxtpx:atemp>
     </gpxtpx:TrackPointExtension>
    </extensions>
   </trkpt>
   <trkpt lat="20.6523070" lon="-100.3288170">
    <ele>1982.0</ele>
    <time>2026-07-16T13:27:26Z</time>
    <extensions>
     <gpxtpx:TrackPointExtension>
      <gpxtpx:atemp>15</gpxtpx:atemp>
     </gpxtpx:TrackPointExtension>
    </extensions>
   </trkpt>
   <trkpt lat="20.6522930" lon="-100.3288560">
    <ele>1981.8</ele>
    <time>2026-07-16T13:27:27Z</time>
    <extensions>
     <gpxtpx:TrackPointExtension>
      <gpxtpx:atemp>15</gpxtpx:atemp>
     </gpxtpx:TrackPointExtension>
    </extensions>
   </trkpt>
   <trkpt lat="20.6522770" lon="-100.3288920">
    <ele>1981.6</ele>
    <time>2026-07-16T13:27:28Z</time>
    <extensions>
     <gpxtpx:TrackPointExtension>
      <gpxtpx:atemp>15</gpxtpx:atemp>
     </gpxtpx:TrackPointExtension>
    </extensions>
   </trkpt>
   <trkpt lat="20.6522590" lon="-100.3289260">
    <ele>1981.4</ele>
    <time>2026-07-16T13:27:29Z</time>
    <extensions>
     <gpxtpx:TrackPointExtension>
      <gpxtpx:atemp>15</gpxtpx:atemp>
     </gpxtpx:TrackPointExtension>
    </extensions>
   </trkpt>
   <trkpt lat="20.6522400" lon="-100.3289590">
    <ele>1981.2</ele>
    <time>2026-07-16T13:27:30Z</time>
    <extensions>
     <gpxtpx:TrackPointExtension>
      <gpxtpx:atemp>15</gpxtpx:atemp>
     </gpxtpx:TrackPointExtension>
    </extensions>
   </trkpt>
   <trkpt lat="20.6522180" lon="-100.3289910">
    <ele>1981.0</ele>
    <time>2026-07-16T13:27:31Z</time>
    <extensions>
     <gpxtpx:TrackPointExtension>
      <gpxtpx:atemp>15</gpxtpx:atemp>
     </gpxtpx:TrackPointExtension>
    </extensions>
   </trkpt>
   <trkpt lat="20.6521940" lon="-100.3290210">
    <ele>1980.8</ele>
    <time>2026-07-16T13:27:32Z</time>
    <extensions>
     <gpxtpx:TrackPointExtension>
      <gpxtpx:atemp>15</gpxtpx:atemp>
     </gpxtpx:TrackPointExtension>
    </extensions>
   </trkpt>
   <trkpt lat="20.6521650" lon="-100.3290470">
    <ele>1980.8</ele>
    <time>2026-07-16T13:27:33Z</time>
    <extensions>
     <gpxtpx:TrackPointExtension>
      <gpxtpx:atemp>15</gpxtpx:atemp>
     </gpxtpx:TrackPointExtension>
    </extensions>
   </trkpt>
   <trkpt lat="20.6521320" lon="-100.3290690">
    <ele>1980.6</ele>
    <time>2026-07-16T13:27:34Z</time>
    <extensions>
     <gpxtpx:TrackPointExtension>
      <gpxtpx:atemp>15</gpxtpx:atemp>
     </gpxtpx:TrackPointExtension>
    </extensions>
   </trkpt>
   <trkpt lat="20.6520970" lon="-100.3290890">
    <ele>1980.4</ele>
    <time>2026-07-16T13:27:35Z</time>
    <extensions>
     <gpxtpx:TrackPointExtension>
      <gpxtpx:atemp>15</gpxtpx:atemp>
     </gpxtpx:TrackPointExtension>
    </extensions>
   </trkpt>
   <trkpt lat="20.6520610" lon="-100.3291070">
    <ele>1980.2</ele>
    <time>2026-07-16T13:27:36Z</time>
    <extensions>
     <gpxtpx:TrackPointExtension>
      <gpxtpx:atemp>15</gpxtpx:atemp>
     </gpxtpx:TrackPointExtension>
    </extensions>
   </trkpt>
   <trkpt lat="20.6520250" lon="-100.3291220">
    <ele>1980.0</ele>
    <time>2026-07-16T13:27:37Z</time>
    <extensions>
     <gpxtpx:TrackPointExtension>
      <gpxtpx:atemp>15</gpxtpx:atemp>
     </gpxtpx:TrackPointExtension>
    </extensions>
   </trkpt>
   <trkpt lat="20.6519870" lon="-100.3291330">
    <ele>1980.0</ele>
    <time>2026-07-16T13:27:38Z</time>
    <extensions>
     <gpxtpx:TrackPointExtension>
      <gpxtpx:atemp>15</gpxtpx:atemp>
     </gpxtpx:TrackPointExtension>
    </extensions>
   </trkpt>
   <trkpt lat="20.6519490" lon="-100.3291420">
    <ele>1979.8</ele>
    <time>2026-07-16T13:27:39Z</time>
    <extensions>
     <gpxtpx:TrackPointExtension>
      <gpxtpx:atemp>15</gpxtpx:atemp>
     </gpxtpx:TrackPointExtension>
    </extensions>
   </trkpt>
   <trkpt lat="20.6519090" lon="-100.3291480">
    <ele>1979.6</ele>
    <time>2026-07-16T13:27:40Z</time>
    <extensions>
     <gpxtpx:TrackPointExtension>
      <gpxtpx:atemp>15</gpxtpx:atemp>
     </gpxtpx:TrackPointExtension>
    </extensions>
   </trkpt>
   <trkpt lat="20.6518670" lon="-100.3291520">
    <ele>1979.4</ele>
    <time>2026-07-16T13:27:41Z</time>
    <extensions>
     <gpxtpx:TrackPointExtension>
      <gpxtpx:atemp>15</gpxtpx:atemp>
     </gpxtpx:TrackPointExtension>
    </extensions>
   </trkpt>
   <trkpt lat="20.6518240" lon="-100.3291530">
    <ele>1979.4</ele>
    <time>2026-07-16T13:27:42Z</time>
    <extensions>
     <gpxtpx:TrackPointExtension>
      <gpxtpx:atemp>15</gpxtpx:atemp>
     </gpxtpx:TrackPointExtension>
    </extensions>
   </trkpt>
   <trkpt lat="20.6517800" lon="-100.3291530">
    <ele>1979.2</ele>
    <time>2026-07-16T13:27:43Z</time>
    <extensions>
     <gpxtpx:TrackPointExtension>
      <gpxtpx:atemp>15</gpxtpx:atemp>
     </gpxtpx:TrackPointExtension>
    </extensions>
   </trkpt>
   <trkpt lat="20.6517370" lon="-100.3291510">
    <ele>1979.0</ele>
    <time>2026-07-16T13:27:44Z</time>
    <extensions>
     <gpxtpx:TrackPointExtension>
      <gpxtpx:atemp>15</gpxtpx:atemp>
     </gpxtpx:TrackPointExtension>
    </extensions>
   </trkpt>
   <trkpt lat="20.6516940" lon="-100.3291470">
    <ele>1979.0</ele>
    <time>2026-07-16T13:27:45Z</time>
    <extensions>
     <gpxtpx:TrackPointExtension>
      <gpxtpx:atemp>15</gpxtpx:atemp>
     </gpxtpx:TrackPointExtension>
    </extensions>
   </trkpt>
   <trkpt lat="20.6516510" lon="-100.3291410">
    <ele>1978.8</ele>
    <time>2026-07-16T13:27:46Z</time>
    <extensions>
     <gpxtpx:TrackPointExtension>
      <gpxtpx:atemp>15</gpxtpx:atemp>
     </gpxtpx:TrackPointExtension>
    </extensions>
   </trkpt>
   <trkpt lat="20.6516100" lon="-100.3291350">
    <ele>1978.8</ele>
    <time>2026-07-16T13:27:47Z</time>
    <extensions>
     <gpxtpx:TrackPointExtension>
      <gpxtpx:atemp>15</gpxtpx:atemp>
     </gpxtpx:TrackPointExtension>
    </extensions>
   </trkpt>
   <trkpt lat="20.6515690" lon="-100.3291310">
    <ele>1978.8</ele>
    <time>2026-07-16T13:27:48Z</time>
    <extensions>
     <gpxtpx:TrackPointExtension>
      <gpxtpx:atemp>15</gpxtpx:atemp>
     </gpxtpx:TrackPointExtension>
    </extensions>
   </trkpt>
   <trkpt lat="20.6515300" lon="-100.3291280">
    <ele>1978.6</ele>
    <time>2026-07-16T13:27:49Z</time>
    <extensions>
     <gpxtpx:TrackPointExtension>
      <gpxtpx:atemp>15</gpxtpx:atemp>
     </gpxtpx:TrackPointExtension>
    </extensions>
   </trkpt>
   <trkpt lat="20.6514910" lon="-100.3291290">
    <ele>1978.6</ele>
    <time>2026-07-16T13:27:50Z</time>
    <extensions>
     <gpxtpx:TrackPointExtension>
      <gpxtpx:atemp>15</gpxtpx:atemp>
     </gpxtpx:TrackPointExtension>
    </extensions>
   </trkpt>
   <trkpt lat="20.6514530" lon="-100.3291340">
    <ele>1978.6</ele>
    <time>2026-07-16T13:27:51Z</time>
    <extensions>
     <gpxtpx:TrackPointExtension>
      <gpxtpx:atemp>15</gpxtpx:atemp>
     </gpxtpx:TrackPointExtension>
    </extensions>
   </trkpt>
   <trkpt lat="20.6514160" lon="-100.3291400">
    <ele>1978.6</ele>
    <time>2026-07-16T13:27:52Z</time>
    <extensions>
     <gpxtpx:TrackPointExtension>
      <gpxtpx:atemp>15</gpxtpx:atemp>
     </gpxtpx:TrackPointExtension>
    </extensions>
   </trkpt>
   <trkpt lat="20.6513790" lon="-100.3291470">
    <ele>1978.6</ele>
    <time>2026-07-16T13:27:53Z</time>
    <extensions>
     <gpxtpx:TrackPointExtension>
      <gpxtpx:atemp>15</gpxtpx:atemp>
     </gpxtpx:TrackPointExtension>
    </extensions>
   </trkpt>
   <trkpt lat="20.6513440" lon="-100.3291560">
    <ele>1978.6</ele>
    <time>2026-07-16T13:27:54Z</time>
    <extensions>
     <gpxtpx:TrackPointExtension>
      <gpxtpx:atemp>15</gpxtpx:atemp>
     </gpxtpx:TrackPointExtension>
    </extensions>
   </trkpt>
   <trkpt lat="20.6513090" lon="-100.3291660">
    <ele>1978.6</ele>
    <time>2026-07-16T13:27:55Z</time>
    <extensions>
     <gpxtpx:TrackPointExtension>
      <gpxtpx:atemp>15</gpxtpx:atemp>
     </gpxtpx:TrackPointExtension>
    </extensions>
   </trkpt>
   <trkpt lat="20.6512730" lon="-100.3291760">
    <ele>1978.6</ele>
    <time>2026-07-16T13:27:56Z</time>
    <extensions>
     <gpxtpx:TrackPointExtension>
      <gpxtpx:atemp>15</gpxtpx:atemp>
     </gpxtpx:TrackPointExtension>
    </extensions>
   </trkpt>
   <trkpt lat="20.6512360" lon="-100.3291860">
    <ele>1978.4</ele>
    <time>2026-07-16T13:27:57Z</time>
    <extensions>
     <gpxtpx:TrackPointExtension>
      <gpxtpx:atemp>15</gpxtpx:atemp>
     </gpxtpx:TrackPointExtension>
    </extensions>
   </trkpt>
   <trkpt lat="20.6511990" lon="-100.3291980">
    <ele>1978.4</ele>
    <time>2026-07-16T13:27:58Z</time>
    <extensions>
     <gpxtpx:TrackPointExtension>
      <gpxtpx:atemp>15</gpxtpx:atemp>
     </gpxtpx:TrackPointExtension>
    </extensions>
   </trkpt>
   <trkpt lat="20.6511610" lon="-100.3292110">
    <ele>1978.4</ele>
    <time>2026-07-16T13:27:59Z</time>
    <extensions>
     <gpxtpx:TrackPointExtension>
      <gpxtpx:atemp>15</gpxtpx:atemp>
     </gpxtpx:TrackPointExtension>
    </extensions>
   </trkpt>
   <trkpt lat="20.6511230" lon="-100.3292250">
    <ele>1978.2</ele>
    <time>2026-07-16T13:28:00Z</time>
    <extensions>
     <gpxtpx:TrackPointExtension>
      <gpxtpx:atemp>15</gpxtpx:atemp>
     </gpxtpx:TrackPointExtension>
    </extensions>
   </trkpt>
   <trkpt lat="20.6510840" lon="-100.3292390">
    <ele>1978.2</ele>
    <time>2026-07-16T13:28:01Z</time>
    <extensions>
     <gpxtpx:TrackPointExtension>
      <gpxtpx:atemp>15</gpxtpx:atemp>
     </gpxtpx:TrackPointExtension>
    </extensions>
   </trkpt>
   <trkpt lat="20.6510450" lon="-100.3292530">
    <ele>1978.2</ele>
    <time>2026-07-16T13:28:02Z</time>
    <extensions>
     <gpxtpx:TrackPointExtension>
      <gpxtpx:atemp>15</gpxtpx:atemp>
     </gpxtpx:TrackPointExtension>
    </extensions>
   </trkpt>
   <trkpt lat="20.6510060" lon="-100.3292660">
    <ele>1978.0</ele>
    <time>2026-07-16T13:28:03Z</time>
    <extensions>
     <gpxtpx:TrackPointExtension>
      <gpxtpx:atemp>15</gpxtpx:atemp>
     </gpxtpx:TrackPointExtension>
    </extensions>
   </trkpt>
   <trkpt lat="20.6509660" lon="-100.3292800">
    <ele>1978.0</ele>
    <time>2026-07-16T13:28:04Z</time>
    <extensions>
     <gpxtpx:TrackPointExtension>
      <gpxtpx:atemp>15</gpxtpx:atemp>
     </gpxtpx:TrackPointExtension>
    </extensions>
   </trkpt>
   <trkpt lat="20.6509260" lon="-100.3292960">
    <ele>1978.0</ele>
    <time>2026-07-16T13:28:05Z</time>
    <extensions>
     <gpxtpx:TrackPointExtension>
      <gpxtpx:atemp>15</gpxtpx:atemp>
     </gpxtpx:TrackPointExtension>
    </extensions>
   </trkpt>
   <trkpt lat="20.6508860" lon="-100.3293140">
    <ele>1977.8</ele>
    <time>2026-07-16T13:28:06Z</time>
    <extensions>
     <gpxtpx:TrackPointExtension>
      <gpxtpx:atemp>15</gpxtpx:atemp>
     </gpxtpx:TrackPointExtension>
    </extensions>
   </trkpt>
   <trkpt lat="20.6508470" lon="-100.3293300">
    <ele>1977.8</ele>
    <time>2026-07-16T13:28:07Z</time>
    <extensions>
     <gpxtpx:TrackPointExtension>
      <gpxtpx:atemp>15</gpxtpx:atemp>
     </gpxtpx:TrackPointExtension>
    </extensions>
   </trkpt>
   <trkpt lat="20.6508120" lon="-100.3293480">
    <ele>1977.6</ele>
    <time>2026-07-16T13:28:08Z</time>
    <extensions>
     <gpxtpx:TrackPointExtension>
      <gpxtpx:atemp>15</gpxtpx:atemp>
     </gpxtpx:TrackPointExtension>
    </extensions>
   </trkpt>
   <trkpt lat="20.6507800" lon="-100.3293680">
    <ele>1977.6</ele>
    <time>2026-07-16T13:28:09Z</time>
    <extensions>
     <gpxtpx:TrackPointExtension>
      <gpxtpx:atemp>15</gpxtpx:atemp>
     </gpxtpx:TrackPointExtension>
    </extensions>
   </trkpt>
   <trkpt lat="20.6507510" lon="-100.3293890">
    <ele>1977.6</ele>
    <time>2026-07-16T13:28:10Z</time>
    <extensions>
     <gpxtpx:TrackPointExtension>
      <gpxtpx:atemp>15</gpxtpx:atemp>
     </gpxtpx:TrackPointExtension>
    </extensions>
   </trkpt>
   <trkpt lat="20.6507220" lon="-100.3294100">
    <ele>1977.6</ele>
    <time>2026-07-16T13:28:11Z</time>
    <extensions>
     <gpxtpx:TrackPointExtension>
      <gpxtpx:atemp>15</gpxtpx:atemp>
     </gpxtpx:TrackPointExtension>
    </extensions>
   </trkpt>
   <trkpt lat="20.6506940" lon="-100.3294340">
    <ele>1977.6</ele>
    <time>2026-07-16T13:28:12Z</time>
    <extensions>
     <gpxtpx:TrackPointExtension>
      <gpxtpx:atemp>15</gpxtpx:atemp>
     </gpxtpx:TrackPointExtension>
    </extensions>
   </trkpt>
   <trkpt lat="20.6506670" lon="-100.3294590">
    <ele>1977.6</ele>
    <time>2026-07-16T13:28:13Z</time>
    <extensions>
     <gpxtpx:TrackPointExtension>
      <gpxtpx:atemp>15</gpxtpx:atemp>
     </gpxtpx:TrackPointExtension>
    </extensions>
   </trkpt>
   <trkpt lat="20.6506410" lon="-100.3294880">
    <ele>1977.6</ele>
    <time>2026-07-16T13:28:14Z</time>
    <extensions>
     <gpxtpx:TrackPointExtension>
      <gpxtpx:atemp>15</gpxtpx:atemp>
     </gpxtpx:TrackPointExtension>
    </extensions>
   </trkpt>
   <trkpt lat="20.6506150" lon="-100.3295170">
    <ele>1977.6</ele>
    <time>2026-07-16T13:28:15Z</time>
    <extensions>
     <gpxtpx:TrackPointExtension>
      <gpxtpx:atemp>15</gpxtpx:atemp>
     </gpxtpx:TrackPointExtension>
    </extensions>
   </trkpt>
   <trkpt lat="20.6505880" lon="-100.3295480">
    <ele>1977.6</ele>
    <time>2026-07-16T13:28:16Z</time>
    <extensions>
     <gpxtpx:TrackPointExtension>
      <gpxtpx:atemp>15</gpxtpx:atemp>
     </gpxtpx:TrackPointExtension>
    </extensions>
   </trkpt>
   <trkpt lat="20.6505600" lon="-100.3295810">
    <ele>1977.4</ele>
    <time>2026-07-16T13:28:17Z</time>
    <extensions>
     <gpxtpx:TrackPointExtension>
      <gpxtpx:atemp>15</gpxtpx:atemp>
     </gpxtpx:TrackPointExtension>
    </extensions>
   </trkpt>
   <trkpt lat="20.6505310" lon="-100.3296140">
    <ele>1977.4</ele>
    <time>2026-07-16T13:28:18Z</time>
    <extensions>
     <gpxtpx:TrackPointExtension>
      <gpxtpx:atemp>15</gpxtpx:atemp>
     </gpxtpx:TrackPointExtension>
    </extensions>
   </trkpt>
   <trkpt lat="20.6505020" lon="-100.3296490">
    <ele>1977.2</ele>
    <time>2026-07-16T13:28:19Z</time>
    <extensions>
     <gpxtpx:TrackPointExtension>
      <gpxtpx:atemp>15</gpxtpx:atemp>
     </gpxtpx:TrackPointExtension>
    </extensions>
   </trkpt>
   <trkpt lat="20.6504730" lon="-100.3296820">
    <ele>1977.2</ele>
    <time>2026-07-16T13:28:20Z</time>
    <extensions>
     <gpxtpx:TrackPointExtension>
      <gpxtpx:atemp>15</gpxtpx:atemp>
     </gpxtpx:TrackPointExtension>
    </extensions>
   </trkpt>
   <trkpt lat="20.6504410" lon="-100.3297140">
    <ele>1977.0</ele>
    <time>2026-07-16T13:28:21Z</time>
    <extensions>
     <gpxtpx:TrackPointExtension>
      <gpxtpx:atemp>15</gpxtpx:atemp>
     </gpxtpx:TrackPointExtension>
    </extensions>
   </trkpt>
   <trkpt lat="20.6504070" lon="-100.3297400">
    <ele>1976.8</ele>
    <time>2026-07-16T13:28:22Z</time>
    <extensions>
     <gpxtpx:TrackPointExtension>
      <gpxtpx:atemp>15</gpxtpx:atemp>
     </gpxtpx:TrackPointExtension>
    </extensions>
   </trkpt>
   <trkpt lat="20.6503710" lon="-100.3297600">
    <ele>1976.6</ele>
    <time>2026-07-16T13:28:23Z</time>
    <extensions>
     <gpxtpx:TrackPointExtension>
      <gpxtpx:atemp>15</gpxtpx:atemp>
     </gpxtpx:TrackPointExtension>
    </extensions>
   </trkpt>
   <trkpt lat="20.6503320" lon="-100.3297750">
    <ele>1976.4</ele>
    <time>2026-07-16T13:28:24Z</time>
    <extensions>
     <gpxtpx:TrackPointExtension>
      <gpxtpx:atemp>15</gpxtpx:atemp>
     </gpxtpx:TrackPointExtension>
    </extensions>
   </trkpt>
   <trkpt lat="20.6502920" lon="-100.3297840">
    <ele>1976.2</ele>
    <time>2026-07-16T13:28:25Z</time>
    <extensions>
     <gpxtpx:TrackPointExtension>
      <gpxtpx:atemp>15</gpxtpx:atemp>
     </gpxtpx:TrackPointExtension>
    </extensions>
   </trkpt>
   <trkpt lat="20.6502510" lon="-100.3297920">
    <ele>1976.0</ele>
    <time>2026-07-16T13:28:26Z</time>
    <extensions>
     <gpxtpx:TrackPointExtension>
      <gpxtpx:atemp>15</gpxtpx:atemp>
     </gpxtpx:TrackPointExtension>
    </extensions>
   </trkpt>
   <trkpt lat="20.6502090" lon="-100.3297970">
    <ele>1975.8</ele>
    <time>2026-07-16T13:28:27Z</time>
    <extensions>
     <gpxtpx:TrackPointExtension>
      <gpxtpx:atemp>15</gpxtpx:atemp>
     </gpxtpx:TrackPointExtension>
    </extensions>
   </trkpt>
   <trkpt lat="20.6501660" lon="-100.3297990">
    <ele>1975.8</ele>
    <time>2026-07-16T13:28:28Z</time>
    <extensions>
     <gpxtpx:TrackPointExtension>
      <gpxtpx:atemp>15</gpxtpx:atemp>
     </gpxtpx:TrackPointExtension>
    </extensions>
   </trkpt>
   <trkpt lat="20.6501240" lon="-100.3297990">
    <ele>1975.6</ele>
    <time>2026-07-16T13:28:29Z</time>
    <extensions>
     <gpxtpx:TrackPointExtension>
      <gpxtpx:atemp>15</gpxtpx:atemp>
     </gpxtpx:TrackPointExtension>
    </extensions>
   </trkpt>
   <trkpt lat="20.6500800" lon="-100.3298000">
    <ele>1975.4</ele>
    <time>2026-07-16T13:28:30Z</time>
    <extensions>
     <gpxtpx:TrackPointExtension>
      <gpxtpx:atemp>15</gpxtpx:atemp>
     </gpxtpx:TrackPointExtension>
    </extensions>
   </trkpt>
   <trkpt lat="20.6500380" lon="-100.3298010">
    <ele>1975.4</ele>
    <time>2026-07-16T13:28:31Z</time>
    <extensions>
     <gpxtpx:TrackPointExtension>
      <gpxtpx:atemp>15</gpxtpx:atemp>
     </gpxtpx:TrackPointExtension>
    </extensions>
   </trkpt>
   <trkpt lat="20.6499950" lon="-100.3298010">
    <ele>1975.2</ele>
    <time>2026-07-16T13:28:32Z</time>
    <extensions>
     <gpxtpx:TrackPointExtension>
      <gpxtpx:atemp>15</gpxtpx:atemp>
     </gpxtpx:TrackPointExtension>
    </extensions>
   </trkpt>
   <trkpt lat="20.6499550" lon="-100.3298000">
    <ele>1975.2</ele>
    <time>2026-07-16T13:28:33Z</time>
    <extensions>
     <gpxtpx:TrackPointExtension>
      <gpxtpx:atemp>15</gpxtpx:atemp>
     </gpxtpx:TrackPointExtension>
    </extensions>
   </trkpt>
   <trkpt lat="20.6499170" lon="-100.3297980">
    <ele>1975.0</ele>
    <time>2026-07-16T13:28:34Z</time>
    <extensions>
     <gpxtpx:TrackPointExtension>
      <gpxtpx:atemp>15</gpxtpx:atemp>
     </gpxtpx:TrackPointExtension>
    </extensions>
   </trkpt>
   <trkpt lat="20.6498810" lon="-100.3298010">
    <ele>1975.0</ele>
    <time>2026-07-16T13:28:35Z</time>
    <extensions>
     <gpxtpx:TrackPointExtension>
      <gpxtpx:atemp>15</gpxtpx:atemp>
     </gpxtpx:TrackPointExtension>
    </extensions>
   </trkpt>
   <trkpt lat="20.6498460" lon="-100.3298070">
    <ele>1975.0</ele>
    <time>2026-07-16T13:28:36Z</time>
    <extensions>
     <gpxtpx:TrackPointExtension>
      <gpxtpx:atemp>15</gpxtpx:atemp>
     </gpxtpx:TrackPointExtension>
    </extensions>
   </trkpt>
   <trkpt lat="20.6498120" lon="-100.3298150">
    <ele>1975.0</ele>
    <time>2026-07-16T13:28:37Z</time>
    <extensions>
     <gpxtpx:TrackPointExtension>
      <gpxtpx:atemp>15</gpxtpx:atemp>
     </gpxtpx:TrackPointExtension>
    </extensions>
   </trkpt>
   <trkpt lat="20.6497780" lon="-100.3298220">
    <ele>1974.8</ele>
    <time>2026-07-16T13:28:38Z</time>
    <extensions>
     <gpxtpx:TrackPointExtension>
      <gpxtpx:atemp>15</gpxtpx:atemp>
     </gpxtpx:TrackPointExtension>
    </extensions>
   </trkpt>
   <trkpt lat="20.6497450" lon="-100.3298280">
    <ele>1974.8</ele>
    <time>2026-07-16T13:28:39Z</time>
    <extensions>
     <gpxtpx:TrackPointExtension>
      <gpxtpx:atemp>15</gpxtpx:atemp>
     </gpxtpx:TrackPointExtension>
    </extensions>
   </trkpt>
   <trkpt lat="20.6497150" lon="-100.3298340">
    <ele>1975.0</ele>
    <time>2026-07-16T13:28:40Z</time>
    <extensions>
     <gpxtpx:TrackPointExtension>
      <gpxtpx:atemp>15</gpxtpx:atemp>
     </gpxtpx:TrackPointExtension>
    </extensions>
   </trkpt>
   <trkpt lat="20.6496830" lon="-100.3298420">
    <ele>1975.0</ele>
    <time>2026-07-16T13:28:41Z</time>
    <extensions>
     <gpxtpx:TrackPointExtension>
      <gpxtpx:atemp>15</gpxtpx:atemp>
     </gpxtpx:TrackPointExtension>
    </extensions>
   </trkpt>
   <trkpt lat="20.6496500" lon="-100.3298480">
    <ele>1975.0</ele>
    <time>2026-07-16T13:28:42Z</time>
    <extensions>
     <gpxtpx:TrackPointExtension>
      <gpxtpx:atemp>15</gpxtpx:atemp>
     </gpxtpx:TrackPointExtension>
    </extensions>
   </trkpt>
   <trkpt lat="20.6496140" lon="-100.3298560">
    <ele>1975.0</ele>
    <time>2026-07-16T13:28:43Z</time>
    <extensions>
     <gpxtpx:TrackPointExtension>
      <gpxtpx:atemp>15</gpxtpx:atemp>
     </gpxtpx:TrackPointExtension>
    </extensions>
   </trkpt>
   <trkpt lat="20.6495780" lon="-100.3298640">
    <ele>1975.0</ele>
    <time>2026-07-16T13:28:44Z</time>
    <extensions>
     <gpxtpx:TrackPointExtension>
      <gpxtpx:atemp>15</gpxtpx:atemp>
     </gpxtpx:TrackPointExtension>
    </extensions>
   </trkpt>
   <trkpt lat="20.6495440" lon="-100.3298750">
    <ele>1975.0</ele>
    <time>2026-07-16T13:28:45Z</time>
    <extensions>
     <gpxtpx:TrackPointExtension>
      <gpxtpx:atemp>15</gpxtpx:atemp>
     </gpxtpx:TrackPointExtension>
    </extensions>
   </trkpt>
   <trkpt lat="20.6495100" lon="-100.3298910">
    <ele>1975.0</ele>
    <time>2026-07-16T13:28:46Z</time>
    <extensions>
     <gpxtpx:TrackPointExtension>
      <gpxtpx:atemp>15</gpxtpx:atemp>
     </gpxtpx:TrackPointExtension>
    </extensions>
   </trkpt>
   <trkpt lat="20.6494780" lon="-100.3299060">
    <ele>1975.0</ele>
    <time>2026-07-16T13:28:47Z</time>
    <extensions>
     <gpxtpx:TrackPointExtension>
      <gpxtpx:atemp>15</gpxtpx:atemp>
     </gpxtpx:TrackPointExtension>
    </extensions>
   </trkpt>
   <trkpt lat="20.6494470" lon="-100.3299220">
    <ele>1975.0</ele>
    <time>2026-07-16T13:28:48Z</time>
    <extensions>
     <gpxtpx:TrackPointExtension>
      <gpxtpx:atemp>15</gpxtpx:atemp>
     </gpxtpx:TrackPointExtension>
    </extensions>
   </trkpt>
   <trkpt lat="20.6494140" lon="-100.3299390">
    <ele>1974.8</ele>
    <time>2026-07-16T13:28:49Z</time>
    <extensions>
     <gpxtpx:TrackPointExtension>
      <gpxtpx:atemp>15</gpxtpx:atemp>
     </gpxtpx:TrackPointExtension>
    </extensions>
   </trkpt>
   <trkpt lat="20.6493810" lon="-100.3299590">
    <ele>1974.8</ele>
    <time>2026-07-16T13:28:50Z</time>
    <extensions>
     <gpxtpx:TrackPointExtension>
      <gpxtpx:atemp>15</gpxtpx:atemp>
     </gpxtpx:TrackPointExtension>
    </extensions>
   </trkpt>
   <trkpt lat="20.6493470" lon="-100.3299790">
    <ele>1974.6</ele>
    <time>2026-07-16T13:28:51Z</time>
    <extensions>
     <gpxtpx:TrackPointExtension>
      <gpxtpx:atemp>15</gpxtpx:atemp>
     </gpxtpx:TrackPointExtension>
    </extensions>
   </trkpt>
   <trkpt lat="20.6493130" lon="-100.3299990">
    <ele>1974.4</ele>
    <time>2026-07-16T13:28:52Z</time>
    <extensions>
     <gpxtpx:TrackPointExtension>
      <gpxtpx:atemp>15</gpxtpx:atemp>
     </gpxtpx:TrackPointExtension>
    </extensions>
   </trkpt>
   <trkpt lat="20.6492780" lon="-100.3300180">
    <ele>1974.4</ele>
    <time>2026-07-16T13:28:53Z</time>
    <extensions>
     <gpxtpx:TrackPointExtension>
      <gpxtpx:atemp>15</gpxtpx:atemp>
     </gpxtpx:TrackPointExtension>
    </extensions>
   </trkpt>
   <trkpt lat="20.6492450" lon="-100.3300370">
    <ele>1974.2</ele>
    <time>2026-07-16T13:28:54Z</time>
    <extensions>
     <gpxtpx:TrackPointExtension>
      <gpxtpx:atemp>15</gpxtpx:atemp>
     </gpxtpx:TrackPointExtension>
    </extensions>
   </trkpt>
   <trkpt lat="20.6492110" lon="-100.3300550">
    <ele>1974.0</ele>
    <time>2026-07-16T13:28:55Z</time>
    <extensions>
     <gpxtpx:TrackPointExtension>
      <gpxtpx:atemp>15</gpxtpx:atemp>
     </gpxtpx:TrackPointExtension>
    </extensions>
   </trkpt>
   <trkpt lat="20.6491780" lon="-100.3300730">
    <ele>1973.8</ele>
    <time>2026-07-16T13:28:56Z</time>
    <extensions>
     <gpxtpx:TrackPointExtension>
      <gpxtpx:atemp>15</gpxtpx:atemp>
     </gpxtpx:TrackPointExtension>
    </extensions>
   </trkpt>
   <trkpt lat="20.6491430" lon="-100.3300910">
    <ele>1973.6</ele>
    <time>2026-07-16T13:28:57Z</time>
    <extensions>
     <gpxtpx:TrackPointExtension>
      <gpxtpx:atemp>15</gpxtpx:atemp>
     </gpxtpx:TrackPointExtension>
    </extensions>
   </trkpt>
   <trkpt lat="20.6491070" lon="-100.3301110">
    <ele>1973.4</ele>
    <time>2026-07-16T13:28:58Z</time>
    <extensions>
     <gpxtpx:TrackPointExtension>
      <gpxtpx:atemp>15</gpxtpx:atemp>
     </gpxtpx:TrackPointExtension>
    </extensions>
   </trkpt>
   <trkpt lat="20.6490690" lon="-100.3301300">
    <ele>1973.2</ele>
    <time>2026-07-16T13:28:59Z</time>
    <extensions>
     <gpxtpx:TrackPointExtension>
      <gpxtpx:atemp>15</gpxtpx:atemp>
     </gpxtpx:TrackPointExtension>
    </extensions>
   </trkpt>
   <trkpt lat="20.6490310" lon="-100.3301480">
    <ele>1973.0</ele>
    <time>2026-07-16T13:29:00Z</time>
    <extensions>
     <gpxtpx:TrackPointExtension>
      <gpxtpx:atemp>15</gpxtpx:atemp>
     </gpxtpx:TrackPointExtension>
    </extensions>
   </trkpt>
   <trkpt lat="20.6489930" lon="-100.3301640">
    <ele>1973.0</ele>
    <time>2026-07-16T13:29:01Z</time>
    <extensions>
     <gpxtpx:TrackPointExtension>
      <gpxtpx:atemp>15</gpxtpx:atemp>
     </gpxtpx:TrackPointExtension>
    </extensions>
   </trkpt>
   <trkpt lat="20.6489560" lon="-100.3301800">
    <ele>1972.6</ele>
    <time>2026-07-16T13:29:02Z</time>
    <extensions>
     <gpxtpx:TrackPointExtension>
      <gpxtpx:atemp>15</gpxtpx:atemp>
     </gpxtpx:TrackPointExtension>
    </extensions>
   </trkpt>
   <trkpt lat="20.6489170" lon="-100.3301940">
    <ele>1972.4</ele>
    <time>2026-07-16T13:29:03Z</time>
    <extensions>
     <gpxtpx:TrackPointExtension>
      <gpxtpx:atemp>15</gpxtpx:atemp>
     </gpxtpx:TrackPointExtension>
    </extensions>
   </trkpt>
   <trkpt lat="20.6488750" lon="-100.3302080">
    <ele>1972.2</ele>
    <time>2026-07-16T13:29:04Z</time>
    <extensions>
     <gpxtpx:TrackPointExtension>
      <gpxtpx:atemp>15</gpxtpx:atemp>
     </gpxtpx:TrackPointExtension>
    </extensions>
   </trkpt>
   <trkpt lat="20.6488340" lon="-100.3302170">
    <ele>1972.0</ele>
    <time>2026-07-16T13:29:05Z</time>
    <extensions>
     <gpxtpx:TrackPointExtension>
      <gpxtpx:atemp>15</gpxtpx:atemp>
     </gpxtpx:TrackPointExtension>
    </extensions>
   </trkpt>
   <trkpt lat="20.6487930" lon="-100.3302230">
    <ele>1971.8</ele>
    <time>2026-07-16T13:29:06Z</time>
    <extensions>
     <gpxtpx:TrackPointExtension>
      <gpxtpx:atemp>15</gpxtpx:atemp>
     </gpxtpx:TrackPointExtension>
    </extensions>
   </trkpt>
   <trkpt lat="20.6487520" lon="-100.3302230">
    <ele>1971.8</ele>
    <time>2026-07-16T13:29:07Z</time>
    <extensions>
     <gpxtpx:TrackPointExtension>
      <gpxtpx:atemp>15</gpxtpx:atemp>
     </gpxtpx:TrackPointExtension>
    </extensions>
   </trkpt>
   <trkpt lat="20.6487120" lon="-100.3302180">
    <ele>1971.6</ele>
    <time>2026-07-16T13:29:08Z</time>
    <extensions>
     <gpxtpx:TrackPointExtension>
      <gpxtpx:atemp>15</gpxtpx:atemp>
     </gpxtpx:TrackPointExtension>
    </extensions>
   </trkpt>
   <trkpt lat="20.6486710" lon="-100.3302100">
    <ele>1971.4</ele>
    <time>2026-07-16T13:29:09Z</time>
    <extensions>
     <gpxtpx:TrackPointExtension>
      <gpxtpx:atemp>15</gpxtpx:atemp>
     </gpxtpx:TrackPointExtension>
    </extensions>
   </trkpt>
   <trkpt lat="20.6486280" lon="-100.3302010">
    <ele>1971.4</ele>
    <time>2026-07-16T13:29:10Z</time>
    <extensions>
     <gpxtpx:TrackPointExtension>
      <gpxtpx:atemp>15</gpxtpx:atemp>
     </gpxtpx:TrackPointExtension>
    </extensions>
   </trkpt>
   <trkpt lat="20.6485870" lon="-100.3301910">
    <ele>1971.4</ele>
    <time>2026-07-16T13:29:11Z</time>
    <extensions>
     <gpxtpx:TrackPointExtension>
      <gpxtpx:atemp>15</gpxtpx:atemp>
     </gpxtpx:TrackPointExtension>
    </extensions>
   </trkpt>
   <trkpt lat="20.6485460" lon="-100.3301810">
    <ele>1971.2</ele>
    <time>2026-07-16T13:29:12Z</time>
    <extensions>
     <gpxtpx:TrackPointExtension>
      <gpxtpx:atemp>15</gpxtpx:atemp>
     </gpxtpx:TrackPointExtension>
    </extensions>
   </trkpt>
   <trkpt lat="20.6485070" lon="-100.3301730">
    <ele>1971.2</ele>
    <time>2026-07-16T13:29:13Z</time>
    <extensions>
     <gpxtpx:TrackPointExtension>
      <gpxtpx:atemp>15</gpxtpx:atemp>
     </gpxtpx:TrackPointExtension>
    </extensions>
   </trkpt>
   <trkpt lat="20.6484680" lon="-100.3301660">
    <ele>1971.2</ele>
    <time>2026-07-16T13:29:14Z</time>
    <extensions>
     <gpxtpx:TrackPointExtension>
      <gpxtpx:atemp>15</gpxtpx:atemp>
     </gpxtpx:TrackPointExtension>
    </extensions>
   </trkpt>
   <trkpt lat="20.6484300" lon="-100.3301600">
    <ele>1971.2</ele>
    <time>2026-07-16T13:29:15Z</time>
    <extensions>
     <gpxtpx:TrackPointExtension>
      <gpxtpx:atemp>15</gpxtpx:atemp>
     </gpxtpx:TrackPointExtension>
    </extensions>
   </trkpt>
   <trkpt lat="20.6483910" lon="-100.3301570">
    <ele>1971.2</ele>
    <time>2026-07-16T13:29:16Z</time>
    <extensions>
     <gpxtpx:TrackPointExtension>
      <gpxtpx:atemp>15</gpxtpx:atemp>
     </gpxtpx:TrackPointExtension>
    </extensions>
   </trkpt>
   <trkpt lat="20.6483520" lon="-100.3301550">
    <ele>1971.2</ele>
    <time>2026-07-16T13:29:17Z</time>
    <extensions>
     <gpxtpx:TrackPointExtension>
      <gpxtpx:atemp>15</gpxtpx:atemp>
     </gpxtpx:TrackPointExtension>
    </extensions>
   </trkpt>
   <trkpt lat="20.6483110" lon="-100.3301520">
    <ele>1971.2</ele>
    <time>2026-07-16T13:29:18Z</time>
    <extensions>
     <gpxtpx:TrackPointExtension>
      <gpxtpx:atemp>15</gpxtpx:atemp>
     </gpxtpx:TrackPointExtension>
    </extensions>
   </trkpt>
   <trkpt lat="20.6482700" lon="-100.3301470">
    <ele>1971.0</ele>
    <time>2026-07-16T13:29:19Z</time>
    <extensions>
     <gpxtpx:TrackPointExtension>
      <gpxtpx:atemp>15</gpxtpx:atemp>
     </gpxtpx:TrackPointExtension>
    </extensions>
   </trkpt>
   <trkpt lat="20.6482280" lon="-100.3301440">
    <ele>1971.0</ele>
    <time>2026-07-16T13:29:20Z</time>
    <extensions>
     <gpxtpx:TrackPointExtension>
      <gpxtpx:atemp>15</gpxtpx:atemp>
     </gpxtpx:TrackPointExtension>
    </extensions>
   </trkpt>
   <trkpt lat="20.6481870" lon="-100.3301410">
    <ele>1971.0</ele>
    <time>2026-07-16T13:29:21Z</time>
    <extensions>
     <gpxtpx:TrackPointExtension>
      <gpxtpx:atemp>15</gpxtpx:atemp>
     </gpxtpx:TrackPointExtension>
    </extensions>
   </trkpt>
   <trkpt lat="20.6481460" lon="-100.3301380">
    <ele>1971.0</ele>
    <time>2026-07-16T13:29:22Z</time>
    <extensions>
     <gpxtpx:TrackPointExtension>
      <gpxtpx:atemp>15</gpxtpx:atemp>
     </gpxtpx:TrackPointExtension>
    </extensions>
   </trkpt>
   <trkpt lat="20.6481060" lon="-100.3301350">
    <ele>1971.0</ele>
    <time>2026-07-16T13:29:23Z</time>
    <extensions>
     <gpxtpx:TrackPointExtension>
      <gpxtpx:atemp>15</gpxtpx:atemp>
     </gpxtpx:TrackPointExtension>
    </extensions>
   </trkpt>
   <trkpt lat="20.6480650" lon="-100.3301310">
    <ele>1970.8</ele>
    <time>2026-07-16T13:29:24Z</time>
    <extensions>
     <gpxtpx:TrackPointExtension>
      <gpxtpx:atemp>15</gpxtpx:atemp>
     </gpxtpx:TrackPointExtension>
    </extensions>
   </trkpt>
   <trkpt lat="20.6480240" lon="-100.3301270">
    <ele>1970.8</ele>
    <time>2026-07-16T13:29:25Z</time>
    <extensions>
     <gpxtpx:TrackPointExtension>
      <gpxtpx:atemp>15</gpxtpx:atemp>
     </gpxtpx:TrackPointExtension>
    </extensions>
   </trkpt>
   <trkpt lat="20.6479820" lon="-100.3301220">
    <ele>1970.8</ele>
    <time>2026-07-16T13:29:26Z</time>
    <extensions>
     <gpxtpx:TrackPointExtension>
      <gpxtpx:atemp>15</gpxtpx:atemp>
     </gpxtpx:TrackPointExtension>
    </extensions>
   </trkpt>
   <trkpt lat="20.6479420" lon="-100.3301170">
    <ele>1970.6</ele>
    <time>2026-07-16T13:29:27Z</time>
    <extensions>
     <gpxtpx:TrackPointExtension>
      <gpxtpx:atemp>15</gpxtpx:atemp>
     </gpxtpx:TrackPointExtension>
    </extensions>
   </trkpt>
   <trkpt lat="20.6479020" lon="-100.3301130">
    <ele>1970.6</ele>
    <time>2026-07-16T13:29:28Z</time>
    <extensions>
     <gpxtpx:TrackPointExtension>
      <gpxtpx:atemp>15</gpxtpx:atemp>
     </gpxtpx:TrackPointExtension>
    </extensions>
   </trkpt>
   <trkpt lat="20.6478640" lon="-100.3301100">
    <ele>1970.4</ele>
    <time>2026-07-16T13:29:29Z</time>
    <extensions>
     <gpxtpx:TrackPointExtension>
      <gpxtpx:atemp>15</gpxtpx:atemp>
     </gpxtpx:TrackPointExtension>
    </extensions>
   </trkpt>
   <trkpt lat="20.6478240" lon="-100.3301050">
    <ele>1970.2</ele>
    <time>2026-07-16T13:29:30Z</time>
    <extensions>
     <gpxtpx:TrackPointExtension>
      <gpxtpx:atemp>15</gpxtpx:atemp>
     </gpxtpx:TrackPointExtension>
    </extensions>
   </trkpt>
   <trkpt lat="20.6477850" lon="-100.3301010">
    <ele>1970.2</ele>
    <time>2026-07-16T13:29:31Z</time>
    <extensions>
     <gpxtpx:TrackPointExtension>
      <gpxtpx:atemp>15</gpxtpx:atemp>
     </gpxtpx:TrackPointExtension>
    </extensions>
   </trkpt>
   <trkpt lat="20.6477460" lon="-100.3300980">
    <ele>1970.0</ele>
    <time>2026-07-16T13:29:32Z</time>
    <extensions>
     <gpxtpx:TrackPointExtension>
      <gpxtpx:atemp>15</gpxtpx:atemp>
     </gpxtpx:TrackPointExtension>
    </extensions>
   </trkpt>
   <trkpt lat="20.6477080" lon="-100.3300940">
    <ele>1969.8</ele>
    <time>2026-07-16T13:29:33Z</time>
    <extensions>
     <gpxtpx:TrackPointExtension>
      <gpxtpx:atemp>15</gpxtpx:atemp>
     </gpxtpx:TrackPointExtension>
    </extensions>
   </trkpt>
   <trkpt lat="20.6476680" lon="-100.3300890">
    <ele>1969.8</ele>
    <time>2026-07-16T13:29:34Z</time>
    <extensions>
     <gpxtpx:TrackPointExtension>
      <gpxtpx:atemp>15</gpxtpx:atemp>
     </gpxtpx:TrackPointExtension>
    </extensions>
   </trkpt>
   <trkpt lat="20.6476290" lon="-100.3300840">
    <ele>1969.6</ele>
    <time>2026-07-16T13:29:35Z</time>
    <extensions>
     <gpxtpx:TrackPointExtension>
      <gpxtpx:atemp>15</gpxtpx:atemp>
     </gpxtpx:TrackPointExtension>
    </extensions>
   </trkpt>
   <trkpt lat="20.6475890" lon="-100.3300790">
    <ele>1969.4</ele>
    <time>2026-07-16T13:29:36Z</time>
    <extensions>
     <gpxtpx:TrackPointExtension>
      <gpxtpx:atemp>15</gpxtpx:atemp>
     </gpxtpx:TrackPointExtension>
    </extensions>
   </trkpt>
   <trkpt lat="20.6475490" lon="-100.3300750">
    <ele>1969.4</ele>
    <time>2026-07-16T13:29:37Z</time>
    <extensions>
     <gpxtpx:TrackPointExtension>
      <gpxtpx:atemp>15</gpxtpx:atemp>
     </gpxtpx:TrackPointExtension>
    </extensions>
   </trkpt>
   <trkpt lat="20.6475090" lon="-100.3300690">
    <ele>1969.2</ele>
    <time>2026-07-16T13:29:38Z</time>
    <extensions>
     <gpxtpx:TrackPointExtension>
      <gpxtpx:atemp>15</gpxtpx:atemp>
     </gpxtpx:TrackPointExtension>
    </extensions>
   </trkpt>
   <trkpt lat="20.6474690" lon="-100.3300630">
    <ele>1969.0</ele>
    <time>2026-07-16T13:29:39Z</time>
    <extensions>
     <gpxtpx:TrackPointExtension>
      <gpxtpx:atemp>15</gpxtpx:atemp>
     </gpxtpx:TrackPointExtension>
    </extensions>
   </trkpt>
   <trkpt lat="20.6474290" lon="-100.3300590">
    <ele>1969.0</ele>
    <time>2026-07-16T13:29:40Z</time>
    <extensions>
     <gpxtpx:TrackPointExtension>
      <gpxtpx:atemp>15</gpxtpx:atemp>
     </gpxtpx:TrackPointExtension>
    </extensions>
   </trkpt>
   <trkpt lat="20.6473910" lon="-100.3300540">
    <ele>1968.8</ele>
    <time>2026-07-16T13:29:41Z</time>
    <extensions>
     <gpxtpx:TrackPointExtension>
      <gpxtpx:atemp>15</gpxtpx:atemp>
     </gpxtpx:TrackPointExtension>
    </extensions>
   </trkpt>
   <trkpt lat="20.6473520" lon="-100.3300470">
    <ele>1968.6</ele>
    <time>2026-07-16T13:29:42Z</time>
    <extensions>
     <gpxtpx:TrackPointExtension>
      <gpxtpx:atemp>15</gpxtpx:atemp>
     </gpxtpx:TrackPointExtension>
    </extensions>
   </trkpt>
   <trkpt lat="20.6473140" lon="-100.3300420">
    <ele>1968.6</ele>
    <time>2026-07-16T13:29:43Z</time>
    <extensions>
     <gpxtpx:TrackPointExtension>
      <gpxtpx:atemp>15</gpxtpx:atemp>
     </gpxtpx:TrackPointExtension>
    </extensions>
   </trkpt>
   <trkpt lat="20.6472750" lon="-100.3300350">
    <ele>1968.4</ele>
    <time>2026-07-16T13:29:44Z</time>
    <extensions>
     <gpxtpx:TrackPointExtension>
      <gpxtpx:atemp>15</gpxtpx:atemp>
     </gpxtpx:TrackPointExtension>
    </extensions>
   </trkpt>
   <trkpt lat="20.6472350" lon="-100.3300260">
    <ele>1968.4</ele>
    <time>2026-07-16T13:29:45Z</time>
    <extensions>
     <gpxtpx:TrackPointExtension>
      <gpxtpx:atemp>15</gpxtpx:atemp>
     </gpxtpx:TrackPointExtension>
    </extensions>
   </trkpt>
   <trkpt lat="20.6471950" lon="-100.3300130">
    <ele>1968.2</ele>
    <time>2026-07-16T13:29:46Z</time>
    <extensions>
     <gpxtpx:TrackPointExtension>
      <gpxtpx:atemp>15</gpxtpx:atemp>
     </gpxtpx:TrackPointExtension>
    </extensions>
   </trkpt>
   <trkpt lat="20.6471590" lon="-100.3299950">
    <ele>1968.2</ele>
    <time>2026-07-16T13:29:47Z</time>
    <extensions>
     <gpxtpx:TrackPointExtension>
      <gpxtpx:atemp>15</gpxtpx:atemp>
     </gpxtpx:TrackPointExtension>
    </extensions>
   </trkpt>
   <trkpt lat="20.6471240" lon="-100.3299760">
    <ele>1968.0</ele>
    <time>2026-07-16T13:29:48Z</time>
    <extensions>
     <gpxtpx:TrackPointExtension>
      <gpxtpx:atemp>15</gpxtpx:atemp>
     </gpxtpx:TrackPointExtension>
    </extensions>
   </trkpt>
   <trkpt lat="20.6470880" lon="-100.3299610">
    <ele>1967.8</ele>
    <time>2026-07-16T13:29:49Z</time>
    <extensions>
     <gpxtpx:TrackPointExtension>
      <gpxtpx:atemp>15</gpxtpx:atemp>
     </gpxtpx:TrackPointExtension>
    </extensions>
   </trkpt>
   <trkpt lat="20.6470530" lon="-100.3299490">
    <ele>1967.6</ele>
    <time>2026-07-16T13:29:50Z</time>
    <extensions>
     <gpxtpx:TrackPointExtension>
      <gpxtpx:atemp>15</gpxtpx:atemp>
     </gpxtpx:TrackPointExtension>
    </extensions>
   </trkpt>
   <trkpt lat="20.6470200" lon="-100.3299410">
    <ele>1967.6</ele>
    <time>2026-07-16T13:29:51Z</time>
    <extensions>
     <gpxtpx:TrackPointExtension>
      <gpxtpx:atemp>15</gpxtpx:atemp>
     </gpxtpx:TrackPointExtension>
    </extensions>
   </trkpt>
   <trkpt lat="20.6469870" lon="-100.3299370">
    <ele>1967.4</ele>
    <time>2026-07-16T13:29:52Z</time>
    <extensions>
     <gpxtpx:TrackPointExtension>
      <gpxtpx:atemp>15</gpxtpx:atemp>
     </gpxtpx:TrackPointExtension>
    </extensions>
   </trkpt>
   <trkpt lat="20.6469570" lon="-100.3299380">
    <ele>1967.2</ele>
    <time>2026-07-16T13:29:53Z</time>
    <extensions>
     <gpxtpx:TrackPointExtension>
      <gpxtpx:atemp>15</gpxtpx:atemp>
     </gpxtpx:TrackPointExtension>
    </extensions>
   </trkpt>
   <trkpt lat="20.6469260" lon="-100.3299400">
    <ele>1967.0</ele>
    <time>2026-07-16T13:29:54Z</time>
    <extensions>
     <gpxtpx:TrackPointExtension>
      <gpxtpx:atemp>15</gpxtpx:atemp>
     </gpxtpx:TrackPointExtension>
    </extensions>
   </trkpt>
   <trkpt lat="20.6468940" lon="-100.3299450">
    <ele>1966.8</ele>
    <time>2026-07-16T13:29:55Z</time>
    <extensions>
     <gpxtpx:TrackPointExtension>
      <gpxtpx:atemp>15</gpxtpx:atemp>
     </gpxtpx:TrackPointExtension>
    </extensions>
   </trkpt>
   <trkpt lat="20.6468600" lon="-100.3299490">
    <ele>1966.8</ele>
    <time>2026-07-16T13:29:56Z</time>
    <extensions>
     <gpxtpx:TrackPointExtension>
      <gpxtpx:atemp>15</gpxtpx:atemp>
     </gpxtpx:TrackPointExtension>
    </extensions>
   </trkpt>
   <trkpt lat="20.6468240" lon="-100.3299540">
    <ele>1966.6</ele>
    <time>2026-07-16T13:29:57Z</time>
    <extensions>
     <gpxtpx:TrackPointExtension>
      <gpxtpx:atemp>15</gpxtpx:atemp>
     </gpxtpx:TrackPointExtension>
    </extensions>
   </trkpt>
   <trkpt lat="20.6467880" lon="-100.3299580">
    <ele>1966.6</ele>
    <time>2026-07-16T13:29:58Z</time>
    <extensions>
     <gpxtpx:TrackPointExtension>
      <gpxtpx:atemp>15</gpxtpx:atemp>
     </gpxtpx:TrackPointExtension>
    </extensions>
   </trkpt>
   <trkpt lat="20.6467500" lon="-100.3299620">
    <ele>1966.4</ele>
    <time>2026-07-16T13:29:59Z</time>
    <extensions>
     <gpxtpx:TrackPointExtension>
      <gpxtpx:atemp>15</gpxtpx:atemp>
     </gpxtpx:TrackPointExtension>
    </extensions>
   </trkpt>
   <trkpt lat="20.6467100" lon="-100.3299660">
    <ele>1966.4</ele>
    <time>2026-07-16T13:30:00Z</time>
    <extensions>
     <gpxtpx:TrackPointExtension>
      <gpxtpx:atemp>15</gpxtpx:atemp>
     </gpxtpx:TrackPointExtension>
    </extensions>
   </trkpt>
   <trkpt lat="20.6466700" lon="-100.3299690">
    <ele>1966.2</ele>
    <time>2026-07-16T13:30:01Z</time>
    <extensions>
     <gpxtpx:TrackPointExtension>
      <gpxtpx:atemp>15</gpxtpx:atemp>
     </gpxtpx:TrackPointExtension>
    </extensions>
   </trkpt>
   <trkpt lat="20.6466300" lon="-100.3299700">
    <ele>1966.0</ele>
    <time>2026-07-16T13:30:02Z</time>
    <extensions>
     <gpxtpx:TrackPointExtension>
      <gpxtpx:atemp>15</gpxtpx:atemp>
     </gpxtpx:TrackPointExtension>
    </extensions>
   </trkpt>
   <trkpt lat="20.6465910" lon="-100.3299690">
    <ele>1966.0</ele>
    <time>2026-07-16T13:30:03Z</time>
    <extensions>
     <gpxtpx:TrackPointExtension>
      <gpxtpx:atemp>15</gpxtpx:atemp>
     </gpxtpx:TrackPointExtension>
    </extensions>
   </trkpt>
   <trkpt lat="20.6465520" lon="-100.3299650">
    <ele>1965.8</ele>
    <time>2026-07-16T13:30:04Z</time>
    <extensions>
     <gpxtpx:TrackPointExtension>
      <gpxtpx:atemp>15</gpxtpx:atemp>
     </gpxtpx:TrackPointExtension>
    </extensions>
   </trkpt>
   <trkpt lat="20.6465140" lon="-100.3299600">
    <ele>1965.6</ele>
    <time>2026-07-16T13:30:05Z</time>
    <extensions>
     <gpxtpx:TrackPointExtension>
      <gpxtpx:atemp>15</gpxtpx:atemp>
     </gpxtpx:TrackPointExtension>
    </extensions>
   </trkpt>
   <trkpt lat="20.6464760" lon="-100.3299550">
    <ele>1965.6</ele>
    <time>2026-07-16T13:30:06Z</time>
    <extensions>
     <gpxtpx:TrackPointExtension>
      <gpxtpx:atemp>15</gpxtpx:atemp>
     </gpxtpx:TrackPointExtension>
    </extensions>
   </trkpt>
   <trkpt lat="20.6464380" lon="-100.3299490">
    <ele>1965.4</ele>
    <time>2026-07-16T13:30:07Z</time>
    <extensions>
     <gpxtpx:TrackPointExtension>
      <gpxtpx:atemp>15</gpxtpx:atemp>
     </gpxtpx:TrackPointExtension>
    </extensions>
   </trkpt>
   <trkpt lat="20.6464000" lon="-100.3299420">
    <ele>1965.4</ele>
    <time>2026-07-16T13:30:08Z</time>
    <extensions>
     <gpxtpx:TrackPointExtension>
      <gpxtpx:atemp>15</gpxtpx:atemp>
     </gpxtpx:TrackPointExtension>
    </extensions>
   </trkpt>
   <trkpt lat="20.6463620" lon="-100.3299340">
    <ele>1965.2</ele>
    <time>2026-07-16T13:30:09Z</time>
    <extensions>
     <gpxtpx:TrackPointExtension>
      <gpxtpx:atemp>15</gpxtpx:atemp>
     </gpxtpx:TrackPointExtension>
    </extensions>
   </trkpt>
   <trkpt lat="20.6463220" lon="-100.3299280">
    <ele>1965.2</ele>
    <time>2026-07-16T13:30:10Z</time>
    <extensions>
     <gpxtpx:TrackPointExtension>
      <gpxtpx:atemp>15</gpxtpx:atemp>
     </gpxtpx:TrackPointExtension>
    </extensions>
   </trkpt>
   <trkpt lat="20.6462830" lon="-100.3299220">
    <ele>1965.0</ele>
    <time>2026-07-16T13:30:11Z</time>
    <extensions>
     <gpxtpx:TrackPointExtension>
      <gpxtpx:atemp>15</gpxtpx:atemp>
     </gpxtpx:TrackPointExtension>
    </extensions>
   </trkpt>
   <trkpt lat="20.6462430" lon="-100.3299140">
    <ele>1965.0</ele>
    <time>2026-07-16T13:30:12Z</time>
    <extensions>
     <gpxtpx:TrackPointExtension>
      <gpxtpx:atemp>15</gpxtpx:atemp>
     </gpxtpx:TrackPointExtension>
    </extensions>
   </trkpt>
   <trkpt lat="20.6462040" lon="-100.3299050">
    <ele>1964.8</ele>
    <time>2026-07-16T13:30:13Z</time>
    <extensions>
     <gpxtpx:TrackPointExtension>
      <gpxtpx:atemp>15</gpxtpx:atemp>
     </gpxtpx:TrackPointExtension>
    </extensions>
   </trkpt>
   <trkpt lat="20.6461670" lon="-100.3298960">
    <ele>1964.6</ele>
    <time>2026-07-16T13:30:14Z</time>
    <extensions>
     <gpxtpx:TrackPointExtension>
      <gpxtpx:atemp>15</gpxtpx:atemp>
     </gpxtpx:TrackPointExtension>
    </extensions>
   </trkpt>
   <trkpt lat="20.6461290" lon="-100.3298910">
    <ele>1964.6</ele>
    <time>2026-07-16T13:30:15Z</time>
    <extensions>
     <gpxtpx:TrackPointExtension>
      <gpxtpx:atemp>15</gpxtpx:atemp>
     </gpxtpx:TrackPointExtension>
    </extensions>
   </trkpt>
   <trkpt lat="20.6460920" lon="-100.3298870">
    <ele>1964.4</ele>
    <time>2026-07-16T13:30:16Z</time>
    <extensions>
     <gpxtpx:TrackPointExtension>
      <gpxtpx:atemp>15</gpxtpx:atemp>
     </gpxtpx:TrackPointExtension>
    </extensions>
   </trkpt>
   <trkpt lat="20.6460540" lon="-100.3298830">
    <ele>1964.2</ele>
    <time>2026-07-16T13:30:17Z</time>
    <extensions>
     <gpxtpx:TrackPointExtension>
      <gpxtpx:atemp>15</gpxtpx:atemp>
     </gpxtpx:TrackPointExtension>
    </extensions>
   </trkpt>
   <trkpt lat="20.6460150" lon="-100.3298790">
    <ele>1964.2</ele>
    <time>2026-07-16T13:30:18Z</time>
    <extensions>
     <gpxtpx:TrackPointExtension>
      <gpxtpx:atemp>15</gpxtpx:atemp>
     </gpxtpx:TrackPointExtension>
    </extensions>
   </trkpt>
   <trkpt lat="20.6459770" lon="-100.3298750">
    <ele>1964.0</ele>
    <time>2026-07-16T13:30:19Z</time>
    <extensions>
     <gpxtpx:TrackPointExtension>
      <gpxtpx:atemp>15</gpxtpx:atemp>
     </gpxtpx:TrackPointExtension>
    </extensions>
   </trkpt>
   <trkpt lat="20.6459380" lon="-100.3298750">
    <ele>1964.0</ele>
    <time>2026-07-16T13:30:20Z</time>
    <extensions>
     <gpxtpx:TrackPointExtension>
      <gpxtpx:atemp>15</gpxtpx:atemp>
     </gpxtpx:TrackPointExtension>
    </extensions>
   </trkpt>
   <trkpt lat="20.6459000" lon="-100.3298740">
    <ele>1963.8</ele>
    <time>2026-07-16T13:30:21Z</time>
    <extensions>
     <gpxtpx:TrackPointExtension>
      <gpxtpx:atemp>15</gpxtpx:atemp>
     </gpxtpx:TrackPointExtension>
    </extensions>
   </trkpt>
   <trkpt lat="20.6458630" lon="-100.3298730">
    <ele>1963.6</ele>
    <time>2026-07-16T13:30:22Z</time>
    <extensions>
     <gpxtpx:TrackPointExtension>
      <gpxtpx:atemp>15</gpxtpx:atemp>
     </gpxtpx:TrackPointExtension>
    </extensions>
   </trkpt>
   <trkpt lat="20.6458270" lon="-100.3298720">
    <ele>1963.6</ele>
    <time>2026-07-16T13:30:23Z</time>
    <extensions>
     <gpxtpx:TrackPointExtension>
      <gpxtpx:atemp>15</gpxtpx:atemp>
     </gpxtpx:TrackPointExtension>
    </extensions>
   </trkpt>
   <trkpt lat="20.6457900" lon="-100.3298720">
    <ele>1963.4</ele>
    <time>2026-07-16T13:30:24Z</time>
    <extensions>
     <gpxtpx:TrackPointExtension>
      <gpxtpx:atemp>15</gpxtpx:atemp>
     </gpxtpx:TrackPointExtension>
    </extensions>
   </trkpt>
   <trkpt lat="20.6457510" lon="-100.3298710">
    <ele>1963.2</ele>
    <time>2026-07-16T13:30:25Z</time>
    <extensions>
     <gpxtpx:TrackPointExtension>
      <gpxtpx:atemp>15</gpxtpx:atemp>
     </gpxtpx:TrackPointExtension>
    </extensions>
   </trkpt>
   <trkpt lat="20.6457110" lon="-100.3298680">
    <ele>1963.0</ele>
    <time>2026-07-16T13:30:26Z</time>
    <extensions>
     <gpxtpx:TrackPointExtension>
      <gpxtpx:atemp>15</gpxtpx:atemp>
     </gpxtpx:TrackPointExtension>
    </extensions>
   </trkpt>
   <trkpt lat="20.6456690" lon="-100.3298610">
    <ele>1963.0</ele>
    <time>2026-07-16T13:30:27Z</time>
    <extensions>
     <gpxtpx:TrackPointExtension>
      <gpxtpx:atemp>15</gpxtpx:atemp>
     </gpxtpx:TrackPointExtension>
    </extensions>
   </trkpt>
   <trkpt lat="20.6456260" lon="-100.3298530">
    <ele>1962.8</ele>
    <time>2026-07-16T13:30:28Z</time>
    <extensions>
     <gpxtpx:TrackPointExtension>
      <gpxtpx:atemp>15</gpxtpx:atemp>
     </gpxtpx:TrackPointExtension>
    </extensions>
   </trkpt>
   <trkpt lat="20.6455830" lon="-100.3298440">
    <ele>1962.6</ele>
    <time>2026-07-16T13:30:29Z</time>
    <extensions>
     <gpxtpx:TrackPointExtension>
      <gpxtpx:atemp>15</gpxtpx:atemp>
     </gpxtpx:TrackPointExtension>
    </extensions>
   </trkpt>
   <trkpt lat="20.6455410" lon="-100.3298350">
    <ele>1962.4</ele>
    <time>2026-07-16T13:30:30Z</time>
    <extensions>
     <gpxtpx:TrackPointExtension>
      <gpxtpx:atemp>15</gpxtpx:atemp>
     </gpxtpx:TrackPointExtension>
    </extensions>
   </trkpt>
   <trkpt lat="20.6455000" lon="-100.3298250">
    <ele>1962.2</ele>
    <time>2026-07-16T13:30:31Z</time>
    <extensions>
     <gpxtpx:TrackPointExtension>
      <gpxtpx:atemp>15</gpxtpx:atemp>
     </gpxtpx:TrackPointExtension>
    </extensions>
   </trkpt>
   <trkpt lat="20.6454610" lon="-100.3298110">
    <ele>1962.0</ele>
    <time>2026-07-16T13:30:32Z</time>
    <extensions>
     <gpxtpx:TrackPointExtension>
      <gpxtpx:atemp>15</gpxtpx:atemp>
     </gpxtpx:TrackPointExtension>
    </extensions>
   </trkpt>
   <trkpt lat="20.6454240" lon="-100.3297960">
    <ele>1961.8</ele>
    <time>2026-07-16T13:30:33Z</time>
    <extensions>
     <gpxtpx:TrackPointExtension>
      <gpxtpx:atemp>15</gpxtpx:atemp>
     </gpxtpx:TrackPointExtension>
    </extensions>
   </trkpt>
   <trkpt lat="20.6453890" lon="-100.3297810">
    <ele>1961.6</ele>
    <time>2026-07-16T13:30:34Z</time>
    <extensions>
     <gpxtpx:TrackPointExtension>
      <gpxtpx:atemp>15</gpxtpx:atemp>
     </gpxtpx:TrackPointExtension>
    </extensions>
   </trkpt>
   <trkpt lat="20.6453530" lon="-100.3297660">
    <ele>1961.4</ele>
    <time>2026-07-16T13:30:35Z</time>
    <extensions>
     <gpxtpx:TrackPointExtension>
      <gpxtpx:atemp>15</gpxtpx:atemp>
     </gpxtpx:TrackPointExtension>
    </extensions>
   </trkpt>
   <trkpt lat="20.6453160" lon="-100.3297510">
    <ele>1961.2</ele>
    <time>2026-07-16T13:30:36Z</time>
    <extensions>
     <gpxtpx:TrackPointExtension>
      <gpxtpx:atemp>15</gpxtpx:atemp>
     </gpxtpx:TrackPointExtension>
    </extensions>
   </trkpt>
   <trkpt lat="20.6452790" lon="-100.3297350">
    <ele>1961.0</ele>
    <time>2026-07-16T13:30:37Z</time>
    <extensions>
     <gpxtpx:TrackPointExtension>
      <gpxtpx:atemp>15</gpxtpx:atemp>
     </gpxtpx:TrackPointExtension>
    </extensions>
   </trkpt>
   <trkpt lat="20.6452420" lon="-100.3297180">
    <ele>1960.8</ele>
    <time>2026-07-16T13:30:38Z</time>
    <extensions>
     <gpxtpx:TrackPointExtension>
      <gpxtpx:atemp>15</gpxtpx:atemp>
     </gpxtpx:TrackPointExtension>
    </extensions>
   </trkpt>
   <trkpt lat="20.6452060" lon="-100.3297010">
    <ele>1960.8</ele>
    <time>2026-07-16T13:30:39Z</time>
    <extensions>
     <gpxtpx:TrackPointExtension>
      <gpxtpx:atemp>15</gpxtpx:atemp>
     </gpxtpx:TrackPointExtension>
    </extensions>
   </trkpt>
   <trkpt lat="20.6451710" lon="-100.3296830">
    <ele>1960.6</ele>
    <time>2026-07-16T13:30:40Z</time>
    <extensions>
     <gpxtpx:TrackPointExtension>
      <gpxtpx:atemp>15</gpxtpx:atemp>
     </gpxtpx:TrackPointExtension>
    </extensions>
   </trkpt>
   <trkpt lat="20.6451390" lon="-100.3296650">
    <ele>1960.6</ele>
    <time>2026-07-16T13:30:41Z</time>
    <extensions>
     <gpxtpx:TrackPointExtension>
      <gpxtpx:atemp>15</gpxtpx:atemp>
     </gpxtpx:TrackPointExtension>
    </extensions>
   </trkpt>
   <trkpt lat="20.6451100" lon="-100.3296470">
    <ele>1960.6</ele>
    <time>2026-07-16T13:30:42Z</time>
    <extensions>
     <gpxtpx:TrackPointExtension>
      <gpxtpx:atemp>15</gpxtpx:atemp>
     </gpxtpx:TrackPointExtension>
    </extensions>
   </trkpt>
   <trkpt lat="20.6450820" lon="-100.3296310">
    <ele>1960.6</ele>
    <time>2026-07-16T13:30:43Z</time>
    <extensions>
     <gpxtpx:TrackPointExtension>
      <gpxtpx:atemp>15</gpxtpx:atemp>
     </gpxtpx:TrackPointExtension>
    </extensions>
   </trkpt>
   <trkpt lat="20.6450560" lon="-100.3296150">
    <ele>1960.4</ele>
    <time>2026-07-16T13:30:44Z</time>
    <extensions>
     <gpxtpx:TrackPointExtension>
      <gpxtpx:atemp>15</gpxtpx:atemp>
     </gpxtpx:TrackPointExtension>
    </extensions>
   </trkpt>
   <trkpt lat="20.6450290" lon="-100.3296000">
    <ele>1960.6</ele>
    <time>2026-07-16T13:30:45Z</time>
    <extensions>
     <gpxtpx:TrackPointExtension>
      <gpxtpx:atemp>15</gpxtpx:atemp>
     </gpxtpx:TrackPointExtension>
    </extensions>
   </trkpt>
   <trkpt lat="20.6450030" lon="-100.3295820">
    <ele>1960.6</ele>
    <time>2026-07-16T13:30:46Z</time>
    <extensions>
     <gpxtpx:TrackPointExtension>
      <gpxtpx:atemp>15</gpxtpx:atemp>
     </gpxtpx:TrackPointExtension>
    </extensions>
   </trkpt>
   <trkpt lat="20.6449750" lon="-100.3295620">
    <ele>1960.6</ele>
    <time>2026-07-16T13:30:47Z</time>
    <extensions>
     <gpxtpx:TrackPointExtension>
      <gpxtpx:atemp>15</gpxtpx:atemp>
     </gpxtpx:TrackPointExtension>
    </extensions>
   </trkpt>
   <trkpt lat="20.6449460" lon="-100.3295400">
    <ele>1960.8</ele>
    <time>2026-07-16T13:30:48Z</time>
    <extensions>
     <gpxtpx:TrackPointExtension>
      <gpxtpx:atemp>15</gpxtpx:atemp>
     </gpxtpx:TrackPointExtension>
    </extensions>
   </trkpt>
   <trkpt lat="20.6449170" lon="-100.3295180">
    <ele>1960.8</ele>
    <time>2026-07-16T13:30:49Z</time>
    <extensions>
     <gpxtpx:TrackPointExtension>
      <gpxtpx:atemp>15</gpxtpx:atemp>
     </gpxtpx:TrackPointExtension>
    </extensions>
   </trkpt>
   <trkpt lat="20.6448840" lon="-100.3294980">
    <ele>1960.8</ele>
    <time>2026-07-16T13:30:50Z</time>
    <extensions>
     <gpxtpx:TrackPointExtension>
      <gpxtpx:atemp>15</gpxtpx:atemp>
     </gpxtpx:TrackPointExtension>
    </extensions>
   </trkpt>
   <trkpt lat="20.6448490" lon="-100.3294790">
    <ele>1960.8</ele>
    <time>2026-07-16T13:30:51Z</time>
    <extensions>
     <gpxtpx:TrackPointExtension>
      <gpxtpx:atemp>15</gpxtpx:atemp>
     </gpxtpx:TrackPointExtension>
    </extensions>
   </trkpt>
   <trkpt lat="20.6448150" lon="-100.3294580">
    <ele>1960.8</ele>
    <time>2026-07-16T13:30:52Z</time>
    <extensions>
     <gpxtpx:TrackPointExtension>
      <gpxtpx:atemp>15</gpxtpx:atemp>
     </gpxtpx:TrackPointExtension>
    </extensions>
   </trkpt>
   <trkpt lat="20.6447820" lon="-100.3294350">
    <ele>1960.8</ele>
    <time>2026-07-16T13:30:53Z</time>
    <extensions>
     <gpxtpx:TrackPointExtension>
      <gpxtpx:atemp>15</gpxtpx:atemp>
     </gpxtpx:TrackPointExtension>
    </extensions>
   </trkpt>
   <trkpt lat="20.6447500" lon="-100.3294090">
    <ele>1960.8</ele>
    <time>2026-07-16T13:30:54Z</time>
    <extensions>
     <gpxtpx:TrackPointExtension>
      <gpxtpx:atemp>15</gpxtpx:atemp>
     </gpxtpx:TrackPointExtension>
    </extensions>
   </trkpt>
   <trkpt lat="20.6447210" lon="-100.3293820">
    <ele>1960.8</ele>
    <time>2026-07-16T13:30:55Z</time>
    <extensions>
     <gpxtpx:TrackPointExtension>
      <gpxtpx:atemp>15</gpxtpx:atemp>
     </gpxtpx:TrackPointExtension>
    </extensions>
   </trkpt>
   <trkpt lat="20.6446920" lon="-100.3293540">
    <ele>1960.6</ele>
    <time>2026-07-16T13:30:56Z</time>
    <extensions>
     <gpxtpx:TrackPointExtension>
      <gpxtpx:atemp>15</gpxtpx:atemp>
     </gpxtpx:TrackPointExtension>
    </extensions>
   </trkpt>
   <trkpt lat="20.6446650" lon="-100.3293250">
    <ele>1960.6</ele>
    <time>2026-07-16T13:30:57Z</time>
    <extensions>
     <gpxtpx:TrackPointExtension>
      <gpxtpx:atemp>15</gpxtpx:atemp>
     </gpxtpx:TrackPointExtension>
    </extensions>
   </trkpt>
   <trkpt lat="20.6446410" lon="-100.3292960">
    <ele>1960.4</ele>
    <time>2026-07-16T13:30:58Z</time>
    <extensions>
     <gpxtpx:TrackPointExtension>
      <gpxtpx:atemp>15</gpxtpx:atemp>
     </gpxtpx:TrackPointExtension>
    </extensions>
   </trkpt>
   <trkpt lat="20.6446200" lon="-100.3292660">
    <ele>1960.2</ele>
    <time>2026-07-16T13:30:59Z</time>
    <extensions>
     <gpxtpx:TrackPointExtension>
      <gpxtpx:atemp>15</gpxtpx:atemp>
     </gpxtpx:TrackPointExtension>
    </extensions>
   </trkpt>
   <trkpt lat="20.6446020" lon="-100.3292380">
    <ele>1960.0</ele>
    <time>2026-07-16T13:31:00Z</time>
    <extensions>
     <gpxtpx:TrackPointExtension>
      <gpxtpx:atemp>15</gpxtpx:atemp>
     </gpxtpx:TrackPointExtension>
    </extensions>
   </trkpt>
   <trkpt lat="20.6445860" lon="-100.3292090">
    <ele>1959.8</ele>
    <time>2026-07-16T13:31:01Z</time>
    <extensions>
     <gpxtpx:TrackPointExtension>
      <gpxtpx:atemp>15</gpxtpx:atemp>
     </gpxtpx:TrackPointExtension>
    </extensions>
   </trkpt>
   <trkpt lat="20.6445700" lon="-100.3291790">
    <ele>1959.8</ele>
    <time>2026-07-16T13:31:02Z</time>
    <extensions>
     <gpxtpx:TrackPointExtension>
      <gpxtpx:atemp>15</gpxtpx:atemp>
     </gpxtpx:TrackPointExtension>
    </extensions>
   </trkpt>
   <trkpt lat="20.6445560" lon="-100.3291490">
    <ele>1959.6</ele>
    <time>2026-07-16T13:31:03Z</time>
    <extensions>
     <gpxtpx:TrackPointExtension>
      <gpxtpx:atemp>15</gpxtpx:atemp>
     </gpxtpx:TrackPointExtension>
    </extensions>
   </trkpt>
   <trkpt lat="20.6445390" lon="-100.3291200">
    <ele>1959.6</ele>
    <time>2026-07-16T13:31:04Z</time>
    <extensions>
     <gpxtpx:TrackPointExtension>
      <gpxtpx:atemp>15</gpxtpx:atemp>
     </gpxtpx:TrackPointExtension>
    </extensions>
   </trkpt>
   <trkpt lat="20.6445210" lon="-100.3290930">
    <ele>1959.4</ele>
    <time>2026-07-16T13:31:05Z</time>
    <extensions>
     <gpxtpx:TrackPointExtension>
      <gpxtpx:atemp>15</gpxtpx:atemp>
     </gpxtpx:TrackPointExtension>
    </extensions>
   </trkpt>
   <trkpt lat="20.6445000" lon="-100.3290690">
    <ele>1959.4</ele>
    <time>2026-07-16T13:31:06Z</time>
    <extensions>
     <gpxtpx:TrackPointExtension>
      <gpxtpx:atemp>15</gpxtpx:atemp>
     </gpxtpx:TrackPointExtension>
    </extensions>
   </trkpt>
   <trkpt lat="20.6444770" lon="-100.3290460">
    <ele>1959.4</ele>
    <time>2026-07-16T13:31:07Z</time>
    <extensions>
     <gpxtpx:TrackPointExtension>
      <gpxtpx:atemp>15</gpxtpx:atemp>
     </gpxtpx:TrackPointExtension>
    </extensions>
   </trkpt>
   <trkpt lat="20.6444520" lon="-100.3290230">
    <ele>1959.4</ele>
    <time>2026-07-16T13:31:08Z</time>
    <extensions>
     <gpxtpx:TrackPointExtension>
      <gpxtpx:atemp>15</gpxtpx:atemp>
     </gpxtpx:TrackPointExtension>
    </extensions>
   </trkpt>
   <trkpt lat="20.6444270" lon="-100.3290000">
    <ele>1959.6</ele>
    <time>2026-07-16T13:31:09Z</time>
    <extensions>
     <gpxtpx:TrackPointExtension>
      <gpxtpx:atemp>15</gpxtpx:atemp>
     </gpxtpx:TrackPointExtension>
    </extensions>
   </trkpt>
   <trkpt lat="20.6444060" lon="-100.3289760">
    <ele>1959.6</ele>
    <time>2026-07-16T13:31:10Z</time>
    <extensions>
     <gpxtpx:TrackPointExtension>
      <gpxtpx:atemp>15</gpxtpx:atemp>
     </gpxtpx:TrackPointExtension>
    </extensions>
   </trkpt>
   <trkpt lat="20.6443910" lon="-100.3289500">
    <ele>1959.6</ele>
    <time>2026-07-16T13:31:11Z</time>
    <extensions>
     <gpxtpx:TrackPointExtension>
      <gpxtpx:atemp>15</gpxtpx:atemp>
     </gpxtpx:TrackPointExtension>
    </extensions>
   </trkpt>
   <trkpt lat="20.6443820" lon="-100.3289220">
    <ele>1959.6</ele>
    <time>2026-07-16T13:31:12Z</time>
    <extensions>
     <gpxtpx:TrackPointExtension>
      <gpxtpx:atemp>15</gpxtpx:atemp>
     </gpxtpx:TrackPointExtension>
    </extensions>
   </trkpt>
   <trkpt lat="20.6443770" lon="-100.3288930">
    <ele>1959.6</ele>
    <time>2026-07-16T13:31:13Z</time>
    <extensions>
     <gpxtpx:TrackPointExtension>
      <gpxtpx:atemp>15</gpxtpx:atemp>
     </gpxtpx:TrackPointExtension>
    </extensions>
   </trkpt>
   <trkpt lat="20.6443760" lon="-100.3288620">
    <ele>1959.6</ele>
    <time>2026-07-16T13:31:14Z</time>
    <extensions>
     <gpxtpx:TrackPointExtension>
      <gpxtpx:atemp>15</gpxtpx:atemp>
     </gpxtpx:TrackPointExtension>
    </extensions>
   </trkpt>
   <trkpt lat="20.6443760" lon="-100.3288310">
    <ele>1959.6</ele>
    <time>2026-07-16T13:31:15Z</time>
    <extensions>
     <gpxtpx:TrackPointExtension>
      <gpxtpx:atemp>15</gpxtpx:atemp>
     </gpxtpx:TrackPointExtension>
    </extensions>
   </trkpt>
   <trkpt lat="20.6443770" lon="-100.3288010">
    <ele>1959.4</ele>
    <time>2026-07-16T13:31:16Z</time>
    <extensions>
     <gpxtpx:TrackPointExtension>
      <gpxtpx:atemp>15</gpxtpx:atemp>
     </gpxtpx:TrackPointExtension>
    </extensions>
   </trkpt>
   <trkpt lat="20.6443780" lon="-100.3287730">
    <ele>1959.4</ele>
    <time>2026-07-16T13:31:17Z</time>
    <extensions>
     <gpxtpx:TrackPointExtension>
      <gpxtpx:atemp>15</gpxtpx:atemp>
     </gpxtpx:TrackPointExtension>
    </extensions>
   </trkpt>
   <trkpt lat="20.6443780" lon="-100.3287490">
    <ele>1959.4</ele>
    <time>2026-07-16T13:31:18Z</time>
    <extensions>
     <gpxtpx:TrackPointExtension>
      <gpxtpx:atemp>15</gpxtpx:atemp>
     </gpxtpx:TrackPointExtension>
    </extensions>
   </trkpt>
   <trkpt lat="20.6443760" lon="-100.3287280">
    <ele>1959.4</ele>
    <time>2026-07-16T13:31:19Z</time>
    <extensions>
     <gpxtpx:TrackPointExtension>
      <gpxtpx:atemp>15</gpxtpx:atemp>
     </gpxtpx:TrackPointExtension>
    </extensions>
   </trkpt>
   <trkpt lat="20.6443720" lon="-100.3287130">
    <ele>1959.4</ele>
    <time>2026-07-16T13:31:20Z</time>
    <extensions>
     <gpxtpx:TrackPointExtension>
      <gpxtpx:atemp>15</gpxtpx:atemp>
     </gpxtpx:TrackPointExtension>
    </extensions>
   </trkpt>
   <trkpt lat="20.6443660" lon="-100.3287030">
    <ele>1959.4</ele>
    <time>2026-07-16T13:31:21Z</time>
    <extensions>
     <gpxtpx:TrackPointExtension>
      <gpxtpx:atemp>15</gpxtpx:atemp>
     </gpxtpx:TrackPointExtension>
    </extensions>
   </trkpt>
   <trkpt lat="20.6443620" lon="-100.3287000">
    <ele>1959.4</ele>
    <time>2026-07-16T13:31:22Z</time>
    <extensions>
     <gpxtpx:TrackPointExtension>
      <gpxtpx:atemp>15</gpxtpx:atemp>
     </gpxtpx:TrackPointExtension>
    </extensions>
   </trkpt>
   <trkpt lat="20.6443610" lon="-100.3287010">
    <ele>1959.4</ele>
    <time>2026-07-16T13:31:23Z</time>
    <extensions>
     <gpxtpx:TrackPointExtension>
      <gpxtpx:atemp>15</gpxtpx:atemp>
     </gpxtpx:TrackPointExtension>
    </extensions>
   </trkpt>
   <trkpt lat="20.6443610" lon="-100.3287040">
    <ele>1959.4</ele>
    <time>2026-07-16T13:31:24Z</time>
    <extensions>
     <gpxtpx:TrackPointExtension>
      <gpxtpx:atemp>15</gpxtpx:atemp>
     </gpxtpx:TrackPointExtension>
    </extensions>
   </trkpt>
   <trkpt lat="20.6443610" lon="-100.3287080">
    <ele>1959.4</ele>
    <time>2026-07-16T13:31:25Z</time>
    <extensions>
     <gpxtpx:TrackPointExtension>
      <gpxtpx:atemp>15</gpxtpx:atemp>
     </gpxtpx:TrackPointExtension>
    </extensions>
   </trkpt>
   <trkpt lat="20.6443620" lon="-100.3287110">
    <ele>1959.4</ele>
    <time>2026-07-16T13:31:26Z</time>
    <extensions>
     <gpxtpx:TrackPointExtension>
      <gpxtpx:atemp>15</gpxtpx:atemp>
     </gpxtpx:TrackPointExtension>
    </extensions>
   </trkpt>
   <trkpt lat="20.6443620" lon="-100.3287130">
    <ele>1959.4</ele>
    <time>2026-07-16T13:31:27Z</time>
    <extensions>
     <gpxtpx:TrackPointExtension>
      <gpxtpx:atemp>15</gpxtpx:atemp>
     </gpxtpx:TrackPointExtension>
    </extensions>
   </trkpt>
   <trkpt lat="20.6443630" lon="-100.3287140">
    <ele>1959.4</ele>
    <time>2026-07-16T13:31:28Z</time>
    <extensions>
     <gpxtpx:TrackPointExtension>
      <gpxtpx:atemp>15</gpxtpx:atemp>
     </gpxtpx:TrackPointExtension>
    </extensions>
   </trkpt>
   <trkpt lat="20.6443630" lon="-100.3287150">
    <ele>1959.4</ele>
    <time>2026-07-16T13:31:29Z</time>
    <extensions>
     <gpxtpx:TrackPointExtension>
      <gpxtpx:atemp>15</gpxtpx:atemp>
     </gpxtpx:TrackPointExtension>
    </extensions>
   </trkpt>
   <trkpt lat="20.6443630" lon="-100.3287160">
    <ele>1959.4</ele>
    <time>2026-07-16T13:31:30Z</time>
    <extensions>
     <gpxtpx:TrackPointExtension>
      <gpxtpx:atemp>15</gpxtpx:atemp>
     </gpxtpx:TrackPointExtension>
    </extensions>
   </trkpt>
   <trkpt lat="20.6443630" lon="-100.3287160">
    <ele>1959.4</ele>
    <time>2026-07-16T13:31:31Z</time>
    <extensions>
     <gpxtpx:TrackPointExtension>
      <gpxtpx:atemp>15</gpxtpx:atemp>
     </gpxtpx:TrackPointExtension>
    </extensions>
   </trkpt>
   <trkpt lat="20.6443630" lon="-100.3287160">
    <ele>1959.4</ele>
    <time>2026-07-16T13:31:32Z</time>
    <extensions>
     <gpxtpx:TrackPointExtension>
      <gpxtpx:atemp>15</gpxtpx:atemp>
     </gpxtpx:TrackPointExtension>
    </extensions>
   </trkpt>
   <trkpt lat="20.6443630" lon="-100.3287150">
    <ele>1959.4</ele>
    <time>2026-07-16T13:31:33Z</time>
    <extensions>
     <gpxtpx:TrackPointExtension>
      <gpxtpx:atemp>15</gpxtpx:atemp>
     </gpxtpx:TrackPointExtension>
    </extensions>
   </trkpt>
   <trkpt lat="20.6443630" lon="-100.3287150">
    <ele>1959.2</ele>
    <time>2026-07-16T13:31:34Z</time>
    <extensions>
     <gpxtpx:TrackPointExtension>
      <gpxtpx:atemp>15</gpxtpx:atemp>
     </gpxtpx:TrackPointExtension>
    </extensions>
   </trkpt>
   <trkpt lat="20.6443630" lon="-100.3287150">
    <ele>1959.4</ele>
    <time>2026-07-16T13:31:35Z</time>
    <extensions>
     <gpxtpx:TrackPointExtension>
      <gpxtpx:atemp>15</gpxtpx:atemp>
     </gpxtpx:TrackPointExtension>
    </extensions>
   </trkpt>
   <trkpt lat="20.6443630" lon="-100.3287150">
    <ele>1959.4</ele>
    <time>2026-07-16T13:31:36Z</time>
    <extensions>
     <gpxtpx:TrackPointExtension>
      <gpxtpx:atemp>15</gpxtpx:atemp>
     </gpxtpx:TrackPointExtension>
    </extensions>
   </trkpt>
   <trkpt lat="20.6443630" lon="-100.3287150">
    <ele>1959.4</ele>
    <time>2026-07-16T13:31:37Z</time>
    <extensions>
     <gpxtpx:TrackPointExtension>
      <gpxtpx:atemp>15</gpxtpx:atemp>
     </gpxtpx:TrackPointExtension>
    </extensions>
   </trkpt>
   <trkpt lat="20.6443630" lon="-100.3287150">
    <ele>1959.4</ele>
    <time>2026-07-16T13:31:38Z</time>
    <extensions>
     <gpxtpx:TrackPointExtension>
      <gpxtpx:atemp>15</gpxtpx:atemp>
     </gpxtpx:TrackPointExtension>
    </extensions>
   </trkpt>
   <trkpt lat="20.6443630" lon="-100.3287150">
    <ele>1959.4</ele>
    <time>2026-07-16T13:31:39Z</time>
    <extensions>
     <gpxtpx:TrackPointExtension>
      <gpxtpx:atemp>15</gpxtpx:atemp>
     </gpxtpx:TrackPointExtension>
    </extensions>
   </trkpt>
   <trkpt lat="20.6443630" lon="-100.3287150">
    <ele>1959.4</ele>
    <time>2026-07-16T13:31:40Z</time>
    <extensions>
     <gpxtpx:TrackPointExtension>
      <gpxtpx:atemp>15</gpxtpx:atemp>
     </gpxtpx:TrackPointExtension>
    </extensions>
   </trkpt>
   <trkpt lat="20.6443630" lon="-100.3287150">
    <ele>1959.4</ele>
    <time>2026-07-16T13:31:41Z</time>
    <extensions>
     <gpxtpx:TrackPointExtension>
      <gpxtpx:atemp>15</gpxtpx:atemp>
     </gpxtpx:TrackPointExtension>
    </extensions>
   </trkpt>
   <trkpt lat="20.6443630" lon="-100.3287150">
    <ele>1959.4</ele>
    <time>2026-07-16T13:31:42Z</time>
    <extensions>
     <gpxtpx:TrackPointExtension>
      <gpxtpx:atemp>15</gpxtpx:atemp>
     </gpxtpx:TrackPointExtension>
    </extensions>
   </trkpt>
   <trkpt lat="20.6443630" lon="-100.3287150">
    <ele>1959.4</ele>
    <time>2026-07-16T13:31:43Z</time>
    <extensions>
     <gpxtpx:TrackPointExtension>
      <gpxtpx:atemp>15</gpxtpx:atemp>
     </gpxtpx:TrackPointExtension>
    </extensions>
   </trkpt>
   <trkpt lat="20.6443630" lon="-100.3287150">
    <ele>1959.2</ele>
    <time>2026-07-16T13:31:44Z</time>
    <extensions>
     <gpxtpx:TrackPointExtension>
      <gpxtpx:atemp>15</gpxtpx:atemp>
     </gpxtpx:TrackPointExtension>
    </extensions>
   </trkpt>
   <trkpt lat="20.6443630" lon="-100.3287150">
    <ele>1959.4</ele>
    <time>2026-07-16T13:31:45Z</time>
    <extensions>
     <gpxtpx:TrackPointExtension>
      <gpxtpx:atemp>15</gpxtpx:atemp>
     </gpxtpx:TrackPointExtension>
    </extensions>
   </trkpt>
   <trkpt lat="20.6443630" lon="-100.3287150">
    <ele>1959.2</ele>
    <time>2026-07-16T13:31:46Z</time>
    <extensions>
     <gpxtpx:TrackPointExtension>
      <gpxtpx:atemp>15</gpxtpx:atemp>
     </gpxtpx:TrackPointExtension>
    </extensions>
   </trkpt>
   <trkpt lat="20.6443630" lon="-100.3287150">
    <ele>1959.2</ele>
    <time>2026-07-16T13:31:47Z</time>
    <extensions>
     <gpxtpx:TrackPointExtension>
      <gpxtpx:atemp>15</gpxtpx:atemp>
     </gpxtpx:TrackPointExtension>
    </extensions>
   </trkpt>
   <trkpt lat="20.6443630" lon="-100.3287150">
    <ele>1959.2</ele>
    <time>2026-07-16T13:31:48Z</time>
    <extensions>
     <gpxtpx:TrackPointExtension>
      <gpxtpx:atemp>15</gpxtpx:atemp>
     </gpxtpx:TrackPointExtension>
    </extensions>
   </trkpt>
   <trkpt lat="20.6443630" lon="-100.3287150">
    <ele>1959.2</ele>
    <time>2026-07-16T13:31:49Z</time>
    <extensions>
     <gpxtpx:TrackPointExtension>
      <gpxtpx:atemp>15</gpxtpx:atemp>
     </gpxtpx:TrackPointExtension>
    </extensions>
   </trkpt>
   <trkpt lat="20.6443630" lon="-100.3287150">
    <ele>1959.2</ele>
    <time>2026-07-16T13:31:50Z</time>
    <extensions>
     <gpxtpx:TrackPointExtension>
      <gpxtpx:atemp>15</gpxtpx:atemp>
     </gpxtpx:TrackPointExtension>
    </extensions>
   </trkpt>
   <trkpt lat="20.6443630" lon="-100.3287150">
    <ele>1959.2</ele>
    <time>2026-07-16T13:31:51Z</time>
    <extensions>
     <gpxtpx:TrackPointExtension>
      <gpxtpx:atemp>15</gpxtpx:atemp>
     </gpxtpx:TrackPointExtension>
    </extensions>
   </trkpt>
   <trkpt lat="20.6443630" lon="-100.3287150">
    <ele>1959.2</ele>
    <time>2026-07-16T13:31:52Z</time>
    <extensions>
     <gpxtpx:TrackPointExtension>
      <gpxtpx:atemp>15</gpxtpx:atemp>
     </gpxtpx:TrackPointExtension>
    </extensions>
   </trkpt>
   <trkpt lat="20.6443630" lon="-100.3287150">
    <ele>1959.2</ele>
    <time>2026-07-16T13:31:53Z</time>
    <extensions>
     <gpxtpx:TrackPointExtension>
      <gpxtpx:atemp>15</gpxtpx:atemp>
     </gpxtpx:TrackPointExtension>
    </extensions>
   </trkpt>
   <trkpt lat="20.6443630" lon="-100.3287150">
    <ele>1959.2</ele>
    <time>2026-07-16T13:31:54Z</time>
    <extensions>
     <gpxtpx:TrackPointExtension>
      <gpxtpx:atemp>15</gpxtpx:atemp>
     </gpxtpx:TrackPointExtension>
    </extensions>
   </trkpt>
   <trkpt lat="20.6443630" lon="-100.3287150">
    <ele>1959.4</ele>
    <time>2026-07-16T13:31:55Z</time>
    <extensions>
     <gpxtpx:TrackPointExtension>
      <gpxtpx:atemp>15</gpxtpx:atemp>
     </gpxtpx:TrackPointExtension>
    </extensions>
   </trkpt>
   <trkpt lat="20.6443630" lon="-100.3287150">
    <ele>1959.4</ele>
    <time>2026-07-16T13:31:56Z</time>
    <extensions>
     <gpxtpx:TrackPointExtension>
      <gpxtpx:atemp>15</gpxtpx:atemp>
     </gpxtpx:TrackPointExtension>
    </extensions>
   </trkpt>
   <trkpt lat="20.6443630" lon="-100.3287150">
    <ele>1959.2</ele>
    <time>2026-07-16T13:31:57Z</time>
    <extensions>
     <gpxtpx:TrackPointExtension>
      <gpxtpx:atemp>15</gpxtpx:atemp>
     </gpxtpx:TrackPointExtension>
    </extensions>
   </trkpt>
   <trkpt lat="20.6443630" lon="-100.3287150">
    <ele>1959.2</ele>
    <time>2026-07-16T13:31:58Z</time>
    <extensions>
     <gpxtpx:TrackPointExtension>
      <gpxtpx:atemp>15</gpxtpx:atemp>
     </gpxtpx:TrackPointExtension>
    </extensions>
   </trkpt>
   <trkpt lat="20.6443630" lon="-100.3287150">
    <ele>1959.2</ele>
    <time>2026-07-16T13:31:59Z</time>
    <extensions>
     <gpxtpx:TrackPointExtension>
      <gpxtpx:atemp>15</gpxtpx:atemp>
     </gpxtpx:TrackPointExtension>
    </extensions>
   </trkpt>
   <trkpt lat="20.6443630" lon="-100.3287150">
    <ele>1959.2</ele>
    <time>2026-07-16T13:32:00Z</time>
    <extensions>
     <gpxtpx:TrackPointExtension>
      <gpxtpx:atemp>15</gpxtpx:atemp>
     </gpxtpx:TrackPointExtension>
    </extensions>
   </trkpt>
   <trkpt lat="20.6443630" lon="-100.3287150">
    <ele>1959.2</ele>
    <time>2026-07-16T13:32:01Z</time>
    <extensions>
     <gpxtpx:TrackPointExtension>
      <gpxtpx:atemp>15</gpxtpx:atemp>
     </gpxtpx:TrackPointExtension>
    </extensions>
   </trkpt>
   <trkpt lat="20.6443630" lon="-100.3287150">
    <ele>1959.4</ele>
    <time>2026-07-16T13:32:02Z</time>
    <extensions>
     <gpxtpx:TrackPointExtension>
      <gpxtpx:atemp>15</gpxtpx:atemp>
     </gpxtpx:TrackPointExtension>
    </extensions>
   </trkpt>
   <trkpt lat="20.6443630" lon="-100.3287150">
    <ele>1959.2</ele>
    <time>2026-07-16T13:32:03Z</time>
    <extensions>
     <gpxtpx:TrackPointExtension>
      <gpxtpx:atemp>15</gpxtpx:atemp>
     </gpxtpx:TrackPointExtension>
    </extensions>
   </trkpt>
   <trkpt lat="20.6443630" lon="-100.3287150">
    <ele>1959.2</ele>
    <time>2026-07-16T13:32:04Z</time>
    <extensions>
     <gpxtpx:TrackPointExtension>
      <gpxtpx:atemp>15</gpxtpx:atemp>
     </gpxtpx:TrackPointExtension>
    </extensions>
   </trkpt>
   <trkpt lat="20.6443630" lon="-100.3287150">
    <ele>1959.2</ele>
    <time>2026-07-16T13:32:05Z</time>
    <extensions>
     <gpxtpx:TrackPointExtension>
      <gpxtpx:atemp>15</gpxtpx:atemp>
     </gpxtpx:TrackPointExtension>
    </extensions>
   </trkpt>
   <trkpt lat="20.6443630" lon="-100.3287150">
    <ele>1959.4</ele>
    <time>2026-07-16T13:32:06Z</time>
    <extensions>
     <gpxtpx:TrackPointExtension>
      <gpxtpx:atemp>15</gpxtpx:atemp>
     </gpxtpx:TrackPointExtension>
    </extensions>
   </trkpt>
   <trkpt lat="20.6443630" lon="-100.3287150">
    <ele>1959.4</ele>
    <time>2026-07-16T13:32:07Z</time>
    <extensions>
     <gpxtpx:TrackPointExtension>
      <gpxtpx:atemp>15</gpxtpx:atemp>
     </gpxtpx:TrackPointExtension>
    </extensions>
   </trkpt>
   <trkpt lat="20.6443630" lon="-100.3287150">
    <ele>1959.4</ele>
    <time>2026-07-16T13:32:08Z</time>
    <extensions>
     <gpxtpx:TrackPointExtension>
      <gpxtpx:atemp>15</gpxtpx:atemp>
     </gpxtpx:TrackPointExtension>
    </extensions>
   </trkpt>
   <trkpt lat="20.6443630" lon="-100.3287150">
    <ele>1959.2</ele>
    <time>2026-07-16T13:32:09Z</time>
    <extensions>
     <gpxtpx:TrackPointExtension>
      <gpxtpx:atemp>15</gpxtpx:atemp>
     </gpxtpx:TrackPointExtension>
    </extensions>
   </trkpt>
   <trkpt lat="20.6443630" lon="-100.3287150">
    <ele>1959.2</ele>
    <time>2026-07-16T13:32:10Z</time>
    <extensions>
     <gpxtpx:TrackPointExtension>
      <gpxtpx:atemp>15</gpxtpx:atemp>
     </gpxtpx:TrackPointExtension>
    </extensions>
   </trkpt>
   <trkpt lat="20.6443630" lon="-100.3287150">
    <ele>1959.2</ele>
    <time>2026-07-16T13:32:11Z</time>
    <extensions>
     <gpxtpx:TrackPointExtension>
      <gpxtpx:atemp>15</gpxtpx:atemp>
     </gpxtpx:TrackPointExtension>
    </extensions>
   </trkpt>
   <trkpt lat="20.6443630" lon="-100.3287150">
    <ele>1959.2</ele>
    <time>2026-07-16T13:32:12Z</time>
    <extensions>
     <gpxtpx:TrackPointExtension>
      <gpxtpx:atemp>15</gpxtpx:atemp>
     </gpxtpx:TrackPointExtension>
    </extensions>
   </trkpt>
   <trkpt lat="20.6443630" lon="-100.3287150">
    <ele>1959.2</ele>
    <time>2026-07-16T13:32:13Z</time>
    <extensions>
     <gpxtpx:TrackPointExtension>
      <gpxtpx:atemp>15</gpxtpx:atemp>
     </gpxtpx:TrackPointExtension>
    </extensions>
   </trkpt>
   <trkpt lat="20.6443630" lon="-100.3287150">
    <ele>1959.2</ele>
    <time>2026-07-16T13:32:14Z</time>
    <extensions>
     <gpxtpx:TrackPointExtension>
      <gpxtpx:atemp>15</gpxtpx:atemp>
     </gpxtpx:TrackPointExtension>
    </extensions>
   </trkpt>
   <trkpt lat="20.6443630" lon="-100.3287150">
    <ele>1959.2</ele>
    <time>2026-07-16T13:32:15Z</time>
    <extensions>
     <gpxtpx:TrackPointExtension>
      <gpxtpx:atemp>15</gpxtpx:atemp>
     </gpxtpx:TrackPointExtension>
    </extensions>
   </trkpt>
   <trkpt lat="20.6443630" lon="-100.3287150">
    <ele>1959.2</ele>
    <time>2026-07-16T13:32:16Z</time>
    <extensions>
     <gpxtpx:TrackPointExtension>
      <gpxtpx:atemp>15</gpxtpx:atemp>
     </gpxtpx:TrackPointExtension>
    </extensions>
   </trkpt>
   <trkpt lat="20.6443630" lon="-100.3287150">
    <ele>1959.2</ele>
    <time>2026-07-16T13:32:17Z</time>
    <extensions>
     <gpxtpx:TrackPointExtension>
      <gpxtpx:atemp>15</gpxtpx:atemp>
     </gpxtpx:TrackPointExtension>
    </extensions>
   </trkpt>
   <trkpt lat="20.6443630" lon="-100.3287150">
    <ele>1959.2</ele>
    <time>2026-07-16T13:32:18Z</time>
    <extensions>
     <gpxtpx:TrackPointExtension>
      <gpxtpx:atemp>15</gpxtpx:atemp>
     </gpxtpx:TrackPointExtension>
    </extensions>
   </trkpt>
   <trkpt lat="20.6443630" lon="-100.3287150">
    <ele>1959.2</ele>
    <time>2026-07-16T13:32:19Z</time>
    <extensions>
     <gpxtpx:TrackPointExtension>
      <gpxtpx:atemp>15</gpxtpx:atemp>
     </gpxtpx:TrackPointExtension>
    </extensions>
   </trkpt>
   <trkpt lat="20.6443630" lon="-100.3287150">
    <ele>1959.2</ele>
    <time>2026-07-16T13:32:20Z</time>
    <extensions>
     <gpxtpx:TrackPointExtension>
      <gpxtpx:atemp>15</gpxtpx:atemp>
     </gpxtpx:TrackPointExtension>
    </extensions>
   </trkpt>
   <trkpt lat="20.6443630" lon="-100.3287150">
    <ele>1959.2</ele>
    <time>2026-07-16T13:32:21Z</time>
    <extensions>
     <gpxtpx:TrackPointExtension>
      <gpxtpx:atemp>15</gpxtpx:atemp>
     </gpxtpx:TrackPointExtension>
    </extensions>
   </trkpt>
   <trkpt lat="20.6443630" lon="-100.3287150">
    <ele>1959.2</ele>
    <time>2026-07-16T13:32:22Z</time>
    <extensions>
     <gpxtpx:TrackPointExtension>
      <gpxtpx:atemp>15</gpxtpx:atemp>
     </gpxtpx:TrackPointExtension>
    </extensions>
   </trkpt>
   <trkpt lat="20.6443630" lon="-100.3287150">
    <ele>1959.2</ele>
    <time>2026-07-16T13:32:23Z</time>
    <extensions>
     <gpxtpx:TrackPointExtension>
      <gpxtpx:atemp>15</gpxtpx:atemp>
     </gpxtpx:TrackPointExtension>
    </extensions>
   </trkpt>
   <trkpt lat="20.6443630" lon="-100.3287150">
    <ele>1959.2</ele>
    <time>2026-07-16T13:32:24Z</time>
    <extensions>
     <gpxtpx:TrackPointExtension>
      <gpxtpx:atemp>15</gpxtpx:atemp>
     </gpxtpx:TrackPointExtension>
    </extensions>
   </trkpt>
   <trkpt lat="20.6443550" lon="-100.3287020">
    <ele>1959.2</ele>
    <time>2026-07-16T13:32:25Z</time>
    <extensions>
     <gpxtpx:TrackPointExtension>
      <gpxtpx:atemp>15</gpxtpx:atemp>
     </gpxtpx:TrackPointExtension>
    </extensions>
   </trkpt>
   <trkpt lat="20.6443420" lon="-100.3286870">
    <ele>1959.4</ele>
    <time>2026-07-16T13:32:26Z</time>
    <extensions>
     <gpxtpx:TrackPointExtension>
      <gpxtpx:atemp>15</gpxtpx:atemp>
     </gpxtpx:TrackPointExtension>
    </extensions>
   </trkpt>
   <trkpt lat="20.6443270" lon="-100.3286710">
    <ele>1959.4</ele>
    <time>2026-07-16T13:32:27Z</time>
    <extensions>
     <gpxtpx:TrackPointExtension>
      <gpxtpx:atemp>15</gpxtpx:atemp>
     </gpxtpx:TrackPointExtension>
    </extensions>
   </trkpt>
   <trkpt lat="20.6443080" lon="-100.3286540">
    <ele>1959.4</ele>
    <time>2026-07-16T13:32:28Z</time>
    <extensions>
     <gpxtpx:TrackPointExtension>
      <gpxtpx:atemp>15</gpxtpx:atemp>
     </gpxtpx:TrackPointExtension>
    </extensions>
   </trkpt>
   <trkpt lat="20.6442850" lon="-100.3286350">
    <ele>1959.4</ele>
    <time>2026-07-16T13:32:29Z</time>
    <extensions>
     <gpxtpx:TrackPointExtension>
      <gpxtpx:atemp>15</gpxtpx:atemp>
     </gpxtpx:TrackPointExtension>
    </extensions>
   </trkpt>
   <trkpt lat="20.6442570" lon="-100.3286140">
    <ele>1959.4</ele>
    <time>2026-07-16T13:32:30Z</time>
    <extensions>
     <gpxtpx:TrackPointExtension>
      <gpxtpx:atemp>15</gpxtpx:atemp>
     </gpxtpx:TrackPointExtension>
    </extensions>
   </trkpt>
   <trkpt lat="20.6442270" lon="-100.3285900">
    <ele>1959.6</ele>
    <time>2026-07-16T13:32:31Z</time>
    <extensions>
     <gpxtpx:TrackPointExtension>
      <gpxtpx:atemp>15</gpxtpx:atemp>
     </gpxtpx:TrackPointExtension>
    </extensions>
   </trkpt>
   <trkpt lat="20.6441910" lon="-100.3285640">
    <ele>1959.6</ele>
    <time>2026-07-16T13:32:32Z</time>
    <extensions>
     <gpxtpx:TrackPointExtension>
      <gpxtpx:atemp>15</gpxtpx:atemp>
     </gpxtpx:TrackPointExtension>
    </extensions>
   </trkpt>
   <trkpt lat="20.6441540" lon="-100.3285340">
    <ele>1959.8</ele>
    <time>2026-07-16T13:32:33Z</time>
    <extensions>
     <gpxtpx:TrackPointExtension>
      <gpxtpx:atemp>15</gpxtpx:atemp>
     </gpxtpx:TrackPointExtension>
    </extensions>
   </trkpt>
   <trkpt lat="20.6441160" lon="-100.3285010">
    <ele>1959.8</ele>
    <time>2026-07-16T13:32:34Z</time>
    <extensions>
     <gpxtpx:TrackPointExtension>
      <gpxtpx:atemp>15</gpxtpx:atemp>
     </gpxtpx:TrackPointExtension>
    </extensions>
   </trkpt>
   <trkpt lat="20.6440790" lon="-100.3284630">
    <ele>1960.0</ele>
    <time>2026-07-16T13:32:35Z</time>
    <extensions>
     <gpxtpx:TrackPointExtension>
      <gpxtpx:atemp>15</gpxtpx:atemp>
     </gpxtpx:TrackPointExtension>
    </extensions>
   </trkpt>
   <trkpt lat="20.6440420" lon="-100.3284230">
    <ele>1960.0</ele>
    <time>2026-07-16T13:32:36Z</time>
    <extensions>
     <gpxtpx:TrackPointExtension>
      <gpxtpx:atemp>15</gpxtpx:atemp>
     </gpxtpx:TrackPointExtension>
    </extensions>
   </trkpt>
   <trkpt lat="20.6440060" lon="-100.3283830">
    <ele>1960.0</ele>
    <time>2026-07-16T13:32:37Z</time>
    <extensions>
     <gpxtpx:TrackPointExtension>
      <gpxtpx:atemp>15</gpxtpx:atemp>
     </gpxtpx:TrackPointExtension>
    </extensions>
   </trkpt>
   <trkpt lat="20.6439690" lon="-100.3283420">
    <ele>1960.0</ele>
    <time>2026-07-16T13:32:38Z</time>
    <extensions>
     <gpxtpx:TrackPointExtension>
      <gpxtpx:atemp>15</gpxtpx:atemp>
     </gpxtpx:TrackPointExtension>
    </extensions>
   </trkpt>
   <trkpt lat="20.6439320" lon="-100.3283020">
    <ele>1960.2</ele>
    <time>2026-07-16T13:32:39Z</time>
    <extensions>
     <gpxtpx:TrackPointExtension>
      <gpxtpx:atemp>15</gpxtpx:atemp>
     </gpxtpx:TrackPointExtension>
    </extensions>
   </trkpt>
   <trkpt lat="20.6438930" lon="-100.3282630">
    <ele>1960.2</ele>
    <time>2026-07-16T13:32:40Z</time>
    <extensions>
     <gpxtpx:TrackPointExtension>
      <gpxtpx:atemp>15</gpxtpx:atemp>
     </gpxtpx:TrackPointExtension>
    </extensions>
   </trkpt>
   <trkpt lat="20.6438560" lon="-100.3282240">
    <ele>1960.2</ele>
    <time>2026-07-16T13:32:41Z</time>
    <extensions>
     <gpxtpx:TrackPointExtension>
      <gpxtpx:atemp>15</gpxtpx:atemp>
     </gpxtpx:TrackPointExtension>
    </extensions>
   </trkpt>
   <trkpt lat="20.6438170" lon="-100.3281850">
    <ele>1960.2</ele>
    <time>2026-07-16T13:32:42Z</time>
    <extensions>
     <gpxtpx:TrackPointExtension>
      <gpxtpx:atemp>15</gpxtpx:atemp>
     </gpxtpx:TrackPointExtension>
    </extensions>
   </trkpt>
   <trkpt lat="20.6437800" lon="-100.3281480">
    <ele>1960.2</ele>
    <time>2026-07-16T13:32:43Z</time>
    <extensions>
     <gpxtpx:TrackPointExtension>
      <gpxtpx:atemp>15</gpxtpx:atemp>
     </gpxtpx:TrackPointExtension>
    </extensions>
   </trkpt>
   <trkpt lat="20.6437440" lon="-100.3281130">
    <ele>1960.2</ele>
    <time>2026-07-16T13:32:44Z</time>
    <extensions>
     <gpxtpx:TrackPointExtension>
      <gpxtpx:atemp>15</gpxtpx:atemp>
     </gpxtpx:TrackPointExtension>
    </extensions>
   </trkpt>
   <trkpt lat="20.6437090" lon="-100.3280800">
    <ele>1960.4</ele>
    <time>2026-07-16T13:32:45Z</time>
    <extensions>
     <gpxtpx:TrackPointExtension>
      <gpxtpx:atemp>15</gpxtpx:atemp>
     </gpxtpx:TrackPointExtension>
    </extensions>
   </trkpt>
   <trkpt lat="20.6436760" lon="-100.3280450">
    <ele>1960.4</ele>
    <time>2026-07-16T13:32:46Z</time>
    <extensions>
     <gpxtpx:TrackPointExtension>
      <gpxtpx:atemp>15</gpxtpx:atemp>
     </gpxtpx:TrackPointExtension>
    </extensions>
   </trkpt>
   <trkpt lat="20.6436440" lon="-100.3280100">
    <ele>1960.4</ele>
    <time>2026-07-16T13:32:47Z</time>
    <extensions>
     <gpxtpx:TrackPointExtension>
      <gpxtpx:atemp>15</gpxtpx:atemp>
     </gpxtpx:TrackPointExtension>
    </extensions>
   </trkpt>
   <trkpt lat="20.6436150" lon="-100.3279750">
    <ele>1960.6</ele>
    <time>2026-07-16T13:32:48Z</time>
    <extensions>
     <gpxtpx:TrackPointExtension>
      <gpxtpx:atemp>15</gpxtpx:atemp>
     </gpxtpx:TrackPointExtension>
    </extensions>
   </trkpt>
   <trkpt lat="20.6435880" lon="-100.3279400">
    <ele>1960.6</ele>
    <time>2026-07-16T13:32:49Z</time>
    <extensions>
     <gpxtpx:TrackPointExtension>
      <gpxtpx:atemp>15</gpxtpx:atemp>
     </gpxtpx:TrackPointExtension>
    </extensions>
   </trkpt>
   <trkpt lat="20.6435650" lon="-100.3279060">
    <ele>1960.6</ele>
    <time>2026-07-16T13:32:50Z</time>
    <extensions>
     <gpxtpx:TrackPointExtension>
      <gpxtpx:atemp>15</gpxtpx:atemp>
     </gpxtpx:TrackPointExtension>
    </extensions>
   </trkpt>
   <trkpt lat="20.6435480" lon="-100.3278700">
    <ele>1960.6</ele>
    <time>2026-07-16T13:32:51Z</time>
    <extensions>
     <gpxtpx:TrackPointExtension>
      <gpxtpx:atemp>15</gpxtpx:atemp>
     </gpxtpx:TrackPointExtension>
    </extensions>
   </trkpt>
   <trkpt lat="20.6435370" lon="-100.3278350">
    <ele>1960.6</ele>
    <time>2026-07-16T13:32:52Z</time>
    <extensions>
     <gpxtpx:TrackPointExtension>
      <gpxtpx:atemp>15</gpxtpx:atemp>
     </gpxtpx:TrackPointExtension>
    </extensions>
   </trkpt>
   <trkpt lat="20.6435330" lon="-100.3277980">
    <ele>1960.6</ele>
    <time>2026-07-16T13:32:53Z</time>
    <extensions>
     <gpxtpx:TrackPointExtension>
      <gpxtpx:atemp>15</gpxtpx:atemp>
     </gpxtpx:TrackPointExtension>
    </extensions>
   </trkpt>
   <trkpt lat="20.6435330" lon="-100.3277610">
    <ele>1960.6</ele>
    <time>2026-07-16T13:32:54Z</time>
    <extensions>
     <gpxtpx:TrackPointExtension>
      <gpxtpx:atemp>15</gpxtpx:atemp>
     </gpxtpx:TrackPointExtension>
    </extensions>
   </trkpt>
   <trkpt lat="20.6435380" lon="-100.3277260">
    <ele>1960.6</ele>
    <time>2026-07-16T13:32:55Z</time>
    <extensions>
     <gpxtpx:TrackPointExtension>
      <gpxtpx:atemp>15</gpxtpx:atemp>
     </gpxtpx:TrackPointExtension>
    </extensions>
   </trkpt>
   <trkpt lat="20.6435490" lon="-100.3276940">
    <ele>1960.6</ele>
    <time>2026-07-16T13:32:56Z</time>
    <extensions>
     <gpxtpx:TrackPointExtension>
      <gpxtpx:atemp>16</gpxtpx:atemp>
     </gpxtpx:TrackPointExtension>
    </extensions>
   </trkpt>
   <trkpt lat="20.6435630" lon="-100.3276670">
    <ele>1960.6</ele>
    <time>2026-07-16T13:32:57Z</time>
    <extensions>
     <gpxtpx:TrackPointExtension>
      <gpxtpx:atemp>15</gpxtpx:atemp>
     </gpxtpx:TrackPointExtension>
    </extensions>
   </trkpt>
   <trkpt lat="20.6435800" lon="-100.3276420">
    <ele>1960.6</ele>
    <time>2026-07-16T13:32:58Z</time>
    <extensions>
     <gpxtpx:TrackPointExtension>
      <gpxtpx:atemp>15</gpxtpx:atemp>
     </gpxtpx:TrackPointExtension>
    </extensions>
   </trkpt>
   <trkpt lat="20.6435950" lon="-100.3276210">
    <ele>1960.6</ele>
    <time>2026-07-16T13:32:59Z</time>
    <extensions>
     <gpxtpx:TrackPointExtension>
      <gpxtpx:atemp>15</gpxtpx:atemp>
     </gpxtpx:TrackPointExtension>
    </extensions>
   </trkpt>
   <trkpt lat="20.6436070" lon="-100.3276010">
    <ele>1960.6</ele>
    <time>2026-07-16T13:33:00Z</time>
    <extensions>
     <gpxtpx:TrackPointExtension>
      <gpxtpx:atemp>15</gpxtpx:atemp>
     </gpxtpx:TrackPointExtension>
    </extensions>
   </trkpt>
   <trkpt lat="20.6436160" lon="-100.3275830">
    <ele>1960.8</ele>
    <time>2026-07-16T13:33:01Z</time>
    <extensions>
     <gpxtpx:TrackPointExtension>
      <gpxtpx:atemp>16</gpxtpx:atemp>
     </gpxtpx:TrackPointExtension>
    </extensions>
   </trkpt>
   <trkpt lat="20.6436210" lon="-100.3275650">
    <ele>1960.8</ele>
    <time>2026-07-16T13:33:02Z</time>
    <extensions>
     <gpxtpx:TrackPointExtension>
      <gpxtpx:atemp>15</gpxtpx:atemp>
     </gpxtpx:TrackPointExtension>
    </extensions>
   </trkpt>
   <trkpt lat="20.6436220" lon="-100.3275480">
    <ele>1960.8</ele>
    <time>2026-07-16T13:33:03Z</time>
    <extensions>
     <gpxtpx:TrackPointExtension>
      <gpxtpx:atemp>16</gpxtpx:atemp>
     </gpxtpx:TrackPointExtension>
    </extensions>
   </trkpt>
   <trkpt lat="20.6436220" lon="-100.3275310">
    <ele>1961.0</ele>
    <time>2026-07-16T13:33:04Z</time>
    <extensions>
     <gpxtpx:TrackPointExtension>
      <gpxtpx:atemp>16</gpxtpx:atemp>
     </gpxtpx:TrackPointExtension>
    </extensions>
   </trkpt>
   <trkpt lat="20.6436220" lon="-100.3275120">
    <ele>1961.0</ele>
    <time>2026-07-16T13:33:05Z</time>
    <extensions>
     <gpxtpx:TrackPointExtension>
      <gpxtpx:atemp>16</gpxtpx:atemp>
     </gpxtpx:TrackPointExtension>
    </extensions>
   </trkpt>
   <trkpt lat="20.6436250" lon="-100.3274950">
    <ele>1961.2</ele>
    <time>2026-07-16T13:33:06Z</time>
    <extensions>
     <gpxtpx:TrackPointExtension>
      <gpxtpx:atemp>16</gpxtpx:atemp>
     </gpxtpx:TrackPointExtension>
    </extensions>
   </trkpt>
   <trkpt lat="20.6436320" lon="-100.3274810">
    <ele>1961.2</ele>
    <time>2026-07-16T13:33:07Z</time>
    <extensions>
     <gpxtpx:TrackPointExtension>
      <gpxtpx:atemp>16</gpxtpx:atemp>
     </gpxtpx:TrackPointExtension>
    </extensions>
   </trkpt>
   <trkpt lat="20.6436430" lon="-100.3274720">
    <ele>1961.2</ele>
    <time>2026-07-16T13:33:08Z</time>
    <extensions>
     <gpxtpx:TrackPointExtension>
      <gpxtpx:atemp>16</gpxtpx:atemp>
     </gpxtpx:TrackPointExtension>
    </extensions>
   </trkpt>
   <trkpt lat="20.6436550" lon="-100.3274680">
    <ele>1961.2</ele>
    <time>2026-07-16T13:33:09Z</time>
    <extensions>
     <gpxtpx:TrackPointExtension>
      <gpxtpx:atemp>16</gpxtpx:atemp>
     </gpxtpx:TrackPointExtension>
    </extensions>
   </trkpt>
   <trkpt lat="20.6436690" lon="-100.3274650">
    <ele>1961.4</ele>
    <time>2026-07-16T13:33:10Z</time>
    <extensions>
     <gpxtpx:TrackPointExtension>
      <gpxtpx:atemp>16</gpxtpx:atemp>
     </gpxtpx:TrackPointExtension>
    </extensions>
   </trkpt>
   <trkpt lat="20.6436840" lon="-100.3274630">
    <ele>1961.4</ele>
    <time>2026-07-16T13:33:11Z</time>
    <extensions>
     <gpxtpx:TrackPointExtension>
      <gpxtpx:atemp>16</gpxtpx:atemp>
     </gpxtpx:TrackPointExtension>
    </extensions>
   </trkpt>
   <trkpt lat="20.6436990" lon="-100.3274620">
    <ele>1961.4</ele>
    <time>2026-07-16T13:33:12Z</time>
    <extensions>
     <gpxtpx:TrackPointExtension>
      <gpxtpx:atemp>16</gpxtpx:atemp>
     </gpxtpx:TrackPointExtension>
    </extensions>
   </trkpt>
   <trkpt lat="20.6437160" lon="-100.3274620">
    <ele>1961.4</ele>
    <time>2026-07-16T13:33:13Z</time>
    <extensions>
     <gpxtpx:TrackPointExtension>
      <gpxtpx:atemp>16</gpxtpx:atemp>
     </gpxtpx:TrackPointExtension>
    </extensions>
   </trkpt>
   <trkpt lat="20.6437370" lon="-100.3274630">
    <ele>1961.4</ele>
    <time>2026-07-16T13:33:14Z</time>
    <extensions>
     <gpxtpx:TrackPointExtension>
      <gpxtpx:atemp>16</gpxtpx:atemp>
     </gpxtpx:TrackPointExtension>
    </extensions>
   </trkpt>
   <trkpt lat="20.6437600" lon="-100.3274630">
    <ele>1961.6</ele>
    <time>2026-07-16T13:33:15Z</time>
    <extensions>
     <gpxtpx:TrackPointExtension>
      <gpxtpx:atemp>16</gpxtpx:atemp>
     </gpxtpx:TrackPointExtension>
    </extensions>
   </trkpt>
   <trkpt lat="20.6437840" lon="-100.3274600">
    <ele>1961.6</ele>
    <time>2026-07-16T13:33:16Z</time>
    <extensions>
     <gpxtpx:TrackPointExtension>
      <gpxtpx:atemp>16</gpxtpx:atemp>
     </gpxtpx:TrackPointExtension>
    </extensions>
   </trkpt>
   <trkpt lat="20.6438090" lon="-100.3274520">
    <ele>1961.6</ele>
    <time>2026-07-16T13:33:17Z</time>
    <extensions>
     <gpxtpx:TrackPointExtension>
      <gpxtpx:atemp>16</gpxtpx:atemp>
     </gpxtpx:TrackPointExtension>
    </extensions>
   </trkpt>
   <trkpt lat="20.6438340" lon="-100.3274400">
    <ele>1961.6</ele>
    <time>2026-07-16T13:33:18Z</time>
    <extensions>
     <gpxtpx:TrackPointExtension>
      <gpxtpx:atemp>16</gpxtpx:atemp>
     </gpxtpx:TrackPointExtension>
    </extensions>
   </trkpt>
   <trkpt lat="20.6438580" lon="-100.3274240">
    <ele>1961.8</ele>
    <time>2026-07-16T13:33:19Z</time>
    <extensions>
     <gpxtpx:TrackPointExtension>
      <gpxtpx:atemp>16</gpxtpx:atemp>
     </gpxtpx:TrackPointExtension>
    </extensions>
   </trkpt>
   <trkpt lat="20.6438840" lon="-100.3274060">
    <ele>1961.8</ele>
    <time>2026-07-16T13:33:20Z</time>
    <extensions>
     <gpxtpx:TrackPointExtension>
      <gpxtpx:atemp>16</gpxtpx:atemp>
     </gpxtpx:TrackPointExtension>
    </extensions>
   </trkpt>
   <trkpt lat="20.6439100" lon="-100.3273880">
    <ele>1962.0</ele>
    <time>2026-07-16T13:33:21Z</time>
    <extensions>
     <gpxtpx:TrackPointExtension>
      <gpxtpx:atemp>16</gpxtpx:atemp>
     </gpxtpx:TrackPointExtension>
    </extensions>
   </trkpt>
   <trkpt lat="20.6439310" lon="-100.3273700">
    <ele>1962.0</ele>
    <time>2026-07-16T13:33:22Z</time>
    <extensions>
     <gpxtpx:TrackPointExtension>
      <gpxtpx:atemp>16</gpxtpx:atemp>
     </gpxtpx:TrackPointExtension>
    </extensions>
   </trkpt>
   <trkpt lat="20.6439510" lon="-100.3273540">
    <ele>1962.2</ele>
    <time>2026-07-16T13:33:23Z</time>
    <extensions>
     <gpxtpx:TrackPointExtension>
      <gpxtpx:atemp>16</gpxtpx:atemp>
     </gpxtpx:TrackPointExtension>
    </extensions>
   </trkpt>
   <trkpt lat="20.6439690" lon="-100.3273370">
    <ele>1962.4</ele>
    <time>2026-07-16T13:33:24Z</time>
    <extensions>
     <gpxtpx:TrackPointExtension>
      <gpxtpx:atemp>16</gpxtpx:atemp>
     </gpxtpx:TrackPointExtension>
    </extensions>
   </trkpt>
   <trkpt lat="20.6439870" lon="-100.3273200">
    <ele>1962.4</ele>
    <time>2026-07-16T13:33:25Z</time>
    <extensions>
     <gpxtpx:TrackPointExtension>
      <gpxtpx:atemp>16</gpxtpx:atemp>
     </gpxtpx:TrackPointExtension>
    </extensions>
   </trkpt>
   <trkpt lat="20.6440050" lon="-100.3273010">
    <ele>1962.6</ele>
    <time>2026-07-16T13:33:26Z</time>
    <extensions>
     <gpxtpx:TrackPointExtension>
      <gpxtpx:atemp>16</gpxtpx:atemp>
     </gpxtpx:TrackPointExtension>
    </extensions>
   </trkpt>
   <trkpt lat="20.6440240" lon="-100.3272810">
    <ele>1962.8</ele>
    <time>2026-07-16T13:33:27Z</time>
    <extensions>
     <gpxtpx:TrackPointExtension>
      <gpxtpx:atemp>16</gpxtpx:atemp>
     </gpxtpx:TrackPointExtension>
    </extensions>
   </trkpt>
   <trkpt lat="20.6440440" lon="-100.3272590">
    <ele>1963.0</ele>
    <time>2026-07-16T13:33:28Z</time>
    <extensions>
     <gpxtpx:TrackPointExtension>
      <gpxtpx:atemp>16</gpxtpx:atemp>
     </gpxtpx:TrackPointExtension>
    </extensions>
   </trkpt>
   <trkpt lat="20.6440650" lon="-100.3272350">
    <ele>1963.2</ele>
    <time>2026-07-16T13:33:29Z</time>
    <extensions>
     <gpxtpx:TrackPointExtension>
      <gpxtpx:atemp>16</gpxtpx:atemp>
     </gpxtpx:TrackPointExtension>
    </extensions>
   </trkpt>
   <trkpt lat="20.6440900" lon="-100.3272090">
    <ele>1963.2</ele>
    <time>2026-07-16T13:33:30Z</time>
    <extensions>
     <gpxtpx:TrackPointExtension>
      <gpxtpx:atemp>16</gpxtpx:atemp>
     </gpxtpx:TrackPointExtension>
    </extensions>
   </trkpt>
   <trkpt lat="20.6441170" lon="-100.3271820">
    <ele>1963.4</ele>
    <time>2026-07-16T13:33:31Z</time>
    <extensions>
     <gpxtpx:TrackPointExtension>
      <gpxtpx:atemp>16</gpxtpx:atemp>
     </gpxtpx:TrackPointExtension>
    </extensions>
   </trkpt>
   <trkpt lat="20.6441450" lon="-100.3271540">
    <ele>1963.6</ele>
    <time>2026-07-16T13:33:32Z</time>
    <extensions>
     <gpxtpx:TrackPointExtension>
      <gpxtpx:atemp>16</gpxtpx:atemp>
     </gpxtpx:TrackPointExtension>
    </extensions>
   </trkpt>
   <trkpt lat="20.6441740" lon="-100.3271240">
    <ele>1963.8</ele>
    <time>2026-07-16T13:33:33Z</time>
    <extensions>
     <gpxtpx:TrackPointExtension>
      <gpxtpx:atemp>16</gpxtpx:atemp>
     </gpxtpx:TrackPointExtension>
    </extensions>
   </trkpt>
   <trkpt lat="20.6442050" lon="-100.3270930">
    <ele>1963.8</ele>
    <time>2026-07-16T13:33:34Z</time>
    <extensions>
     <gpxtpx:TrackPointExtension>
      <gpxtpx:atemp>16</gpxtpx:atemp>
     </gpxtpx:TrackPointExtension>
    </extensions>
   </trkpt>
   <trkpt lat="20.6442350" lon="-100.3270610">
    <ele>1964.0</ele>
    <time>2026-07-16T13:33:35Z</time>
    <extensions>
     <gpxtpx:TrackPointExtension>
      <gpxtpx:atemp>16</gpxtpx:atemp>
     </gpxtpx:TrackPointExtension>
    </extensions>
   </trkpt>
   <trkpt lat="20.6442670" lon="-100.3270320">
    <ele>1964.2</ele>
    <time>2026-07-16T13:33:36Z</time>
    <extensions>
     <gpxtpx:TrackPointExtension>
      <gpxtpx:atemp>16</gpxtpx:atemp>
     </gpxtpx:TrackPointExtension>
    </extensions>
   </trkpt>
   <trkpt lat="20.6442990" lon="-100.3270050">
    <ele>1964.4</ele>
    <time>2026-07-16T13:33:37Z</time>
    <extensions>
     <gpxtpx:TrackPointExtension>
      <gpxtpx:atemp>16</gpxtpx:atemp>
     </gpxtpx:TrackPointExtension>
    </extensions>
   </trkpt>
   <trkpt lat="20.6443310" lon="-100.3269820">
    <ele>1964.6</ele>
    <time>2026-07-16T13:33:38Z</time>
    <extensions>
     <gpxtpx:TrackPointExtension>
      <gpxtpx:atemp>16</gpxtpx:atemp>
     </gpxtpx:TrackPointExtension>
    </extensions>
   </trkpt>
   <trkpt lat="20.6443610" lon="-100.3269600">
    <ele>1964.8</ele>
    <time>2026-07-16T13:33:39Z</time>
    <extensions>
     <gpxtpx:TrackPointExtension>
      <gpxtpx:atemp>16</gpxtpx:atemp>
     </gpxtpx:TrackPointExtension>
    </extensions>
   </trkpt>
   <trkpt lat="20.6443910" lon="-100.3269370">
    <ele>1965.0</ele>
    <time>2026-07-16T13:33:40Z</time>
    <extensions>
     <gpxtpx:TrackPointExtension>
      <gpxtpx:atemp>16</gpxtpx:atemp>
     </gpxtpx:TrackPointExtension>
    </extensions>
   </trkpt>
   <trkpt lat="20.6444190" lon="-100.3269110">
    <ele>1965.0</ele>
    <time>2026-07-16T13:33:41Z</time>
    <extensions>
     <gpxtpx:TrackPointExtension>
      <gpxtpx:atemp>16</gpxtpx:atemp>
     </gpxtpx:TrackPointExtension>
    </extensions>
   </trkpt>
   <trkpt lat="20.6444470" lon="-100.3268840">
    <ele>1965.2</ele>
    <time>2026-07-16T13:33:42Z</time>
    <extensions>
     <gpxtpx:TrackPointExtension>
      <gpxtpx:atemp>16</gpxtpx:atemp>
     </gpxtpx:TrackPointExtension>
    </extensions>
   </trkpt>
   <trkpt lat="20.6444750" lon="-100.3268560">
    <ele>1965.4</ele>
    <time>2026-07-16T13:33:43Z</time>
    <extensions>
     <gpxtpx:TrackPointExtension>
      <gpxtpx:atemp>16</gpxtpx:atemp>
     </gpxtpx:TrackPointExtension>
    </extensions>
   </trkpt>
   <trkpt lat="20.6445050" lon="-100.3268270">
    <ele>1965.6</ele>
    <time>2026-07-16T13:33:44Z</time>
    <extensions>
     <gpxtpx:TrackPointExtension>
      <gpxtpx:atemp>16</gpxtpx:atemp>
     </gpxtpx:TrackPointExtension>
    </extensions>
   </trkpt>
   <trkpt lat="20.6445340" lon="-100.3267980">
    <ele>1965.6</ele>
    <time>2026-07-16T13:33:45Z</time>
    <extensions>
     <gpxtpx:TrackPointExtension>
      <gpxtpx:atemp>16</gpxtpx:atemp>
     </gpxtpx:TrackPointExtension>
    </extensions>
   </trkpt>
   <trkpt lat="20.6445630" lon="-100.3267680">
    <ele>1965.8</ele>
    <time>2026-07-16T13:33:46Z</time>
    <extensions>
     <gpxtpx:TrackPointExtension>
      <gpxtpx:atemp>16</gpxtpx:atemp>
     </gpxtpx:TrackPointExtension>
    </extensions>
   </trkpt>
   <trkpt lat="20.6445930" lon="-100.3267400">
    <ele>1966.0</ele>
    <time>2026-07-16T13:33:47Z</time>
    <extensions>
     <gpxtpx:TrackPointExtension>
      <gpxtpx:atemp>16</gpxtpx:atemp>
     </gpxtpx:TrackPointExtension>
    </extensions>
   </trkpt>
   <trkpt lat="20.6446220" lon="-100.3267120">
    <ele>1966.2</ele>
    <time>2026-07-16T13:33:48Z</time>
    <extensions>
     <gpxtpx:TrackPointExtension>
      <gpxtpx:atemp>16</gpxtpx:atemp>
     </gpxtpx:TrackPointExtension>
    </extensions>
   </trkpt>
   <trkpt lat="20.6446510" lon="-100.3266850">
    <ele>1966.2</ele>
    <time>2026-07-16T13:33:49Z</time>
    <extensions>
     <gpxtpx:TrackPointExtension>
      <gpxtpx:atemp>16</gpxtpx:atemp>
     </gpxtpx:TrackPointExtension>
    </extensions>
   </trkpt>
   <trkpt lat="20.6446800" lon="-100.3266610">
    <ele>1966.4</ele>
    <time>2026-07-16T13:33:50Z</time>
    <extensions>
     <gpxtpx:TrackPointExtension>
      <gpxtpx:atemp>16</gpxtpx:atemp>
     </gpxtpx:TrackPointExtension>
    </extensions>
   </trkpt>
   <trkpt lat="20.6447100" lon="-100.3266380">
    <ele>1966.4</ele>
    <time>2026-07-16T13:33:51Z</time>
    <extensions>
     <gpxtpx:TrackPointExtension>
      <gpxtpx:atemp>16</gpxtpx:atemp>
     </gpxtpx:TrackPointExtension>
    </extensions>
   </trkpt>
   <trkpt lat="20.6447420" lon="-100.3266160">
    <ele>1966.6</ele>
    <time>2026-07-16T13:33:52Z</time>
    <extensions>
     <gpxtpx:TrackPointExtension>
      <gpxtpx:atemp>16</gpxtpx:atemp>
     </gpxtpx:TrackPointExtension>
    </extensions>
   </trkpt>
   <trkpt lat="20.6447740" lon="-100.3265950">
    <ele>1966.6</ele>
    <time>2026-07-16T13:33:53Z</time>
    <extensions>
     <gpxtpx:TrackPointExtension>
      <gpxtpx:atemp>16</gpxtpx:atemp>
     </gpxtpx:TrackPointExtension>
    </extensions>
   </trkpt>
   <trkpt lat="20.6448080" lon="-100.3265740">
    <ele>1966.8</ele>
    <time>2026-07-16T13:33:54Z</time>
    <extensions>
     <gpxtpx:TrackPointExtension>
      <gpxtpx:atemp>16</gpxtpx:atemp>
     </gpxtpx:TrackPointExtension>
    </extensions>
   </trkpt>
   <trkpt lat="20.6448410" lon="-100.3265540">
    <ele>1967.0</ele>
    <time>2026-07-16T13:33:55Z</time>
    <extensions>
     <gpxtpx:TrackPointExtension>
      <gpxtpx:atemp>16</gpxtpx:atemp>
     </gpxtpx:TrackPointExtension>
    </extensions>
   </trkpt>
   <trkpt lat="20.6448740" lon="-100.3265350">
    <ele>1967.0</ele>
    <time>2026-07-16T13:33:56Z</time>
    <extensions>
     <gpxtpx:TrackPointExtension>
      <gpxtpx:atemp>16</gpxtpx:atemp>
     </gpxtpx:TrackPointExtension>
    </extensions>
   </trkpt>
   <trkpt lat="20.6449090" lon="-100.3265170">
    <ele>1967.2</ele>
    <time>2026-07-16T13:33:57Z</time>
    <extensions>
     <gpxtpx:TrackPointExtension>
      <gpxtpx:atemp>16</gpxtpx:atemp>
     </gpxtpx:TrackPointExtension>
    </extensions>
   </trkpt>
   <trkpt lat="20.6449460" lon="-100.3265010">
    <ele>1967.4</ele>
    <time>2026-07-16T13:33:58Z</time>
    <extensions>
     <gpxtpx:TrackPointExtension>
      <gpxtpx:atemp>16</gpxtpx:atemp>
     </gpxtpx:TrackPointExtension>
    </extensions>
   </trkpt>
   <trkpt lat="20.6449840" lon="-100.3264870">
    <ele>1967.4</ele>
    <time>2026-07-16T13:33:59Z</time>
    <extensions>
     <gpxtpx:TrackPointExtension>
      <gpxtpx:atemp>16</gpxtpx:atemp>
     </gpxtpx:TrackPointExtension>
    </extensions>
   </trkpt>
   <trkpt lat="20.6450240" lon="-100.3264760">
    <ele>1967.6</ele>
    <time>2026-07-16T13:34:00Z</time>
    <extensions>
     <gpxtpx:TrackPointExtension>
      <gpxtpx:atemp>16</gpxtpx:atemp>
     </gpxtpx:TrackPointExtension>
    </extensions>
   </trkpt>
   <trkpt lat="20.6450650" lon="-100.3264660">
    <ele>1967.8</ele>
    <time>2026-07-16T13:34:01Z</time>
    <extensions>
     <gpxtpx:TrackPointExtension>
      <gpxtpx:atemp>16</gpxtpx:atemp>
     </gpxtpx:TrackPointExtension>
    </extensions>
   </trkpt>
   <trkpt lat="20.6451070" lon="-100.3264580">
    <ele>1968.0</ele>
    <time>2026-07-16T13:34:02Z</time>
    <extensions>
     <gpxtpx:TrackPointExtension>
      <gpxtpx:atemp>16</gpxtpx:atemp>
     </gpxtpx:TrackPointExtension>
    </extensions>
   </trkpt>
   <trkpt lat="20.6451490" lon="-100.3264490">
    <ele>1968.0</ele>
    <time>2026-07-16T13:34:03Z</time>
    <extensions>
     <gpxtpx:TrackPointExtension>
      <gpxtpx:atemp>16</gpxtpx:atemp>
     </gpxtpx:TrackPointExtension>
    </extensions>
   </trkpt>
   <trkpt lat="20.6451910" lon="-100.3264410">
    <ele>1968.2</ele>
    <time>2026-07-16T13:34:04Z</time>
    <extensions>
     <gpxtpx:TrackPointExtension>
      <gpxtpx:atemp>16</gpxtpx:atemp>
     </gpxtpx:TrackPointExtension>
    </extensions>
   </trkpt>
   <trkpt lat="20.6452320" lon="-100.3264340">
    <ele>1968.4</ele>
    <time>2026-07-16T13:34:05Z</time>
    <extensions>
     <gpxtpx:TrackPointExtension>
      <gpxtpx:atemp>16</gpxtpx:atemp>
     </gpxtpx:TrackPointExtension>
    </extensions>
   </trkpt>
   <trkpt lat="20.6452740" lon="-100.3264270">
    <ele>1968.6</ele>
    <time>2026-07-16T13:34:06Z</time>
    <extensions>
     <gpxtpx:TrackPointExtension>
      <gpxtpx:atemp>16</gpxtpx:atemp>
     </gpxtpx:TrackPointExtension>
    </extensions>
   </trkpt>
   <trkpt lat="20.6453170" lon="-100.3264190">
    <ele>1968.6</ele>
    <time>2026-07-16T13:34:07Z</time>
    <extensions>
     <gpxtpx:TrackPointExtension>
      <gpxtpx:atemp>16</gpxtpx:atemp>
     </gpxtpx:TrackPointExtension>
    </extensions>
   </trkpt>
   <trkpt lat="20.6453610" lon="-100.3264110">
    <ele>1968.8</ele>
    <time>2026-07-16T13:34:08Z</time>
    <extensions>
     <gpxtpx:TrackPointExtension>
      <gpxtpx:atemp>16</gpxtpx:atemp>
     </gpxtpx:TrackPointExtension>
    </extensions>
   </trkpt>
   <trkpt lat="20.6454070" lon="-100.3264030">
    <ele>1969.0</ele>
    <time>2026-07-16T13:34:09Z</time>
    <extensions>
     <gpxtpx:TrackPointExtension>
      <gpxtpx:atemp>16</gpxtpx:atemp>
     </gpxtpx:TrackPointExtension>
    </extensions>
   </trkpt>
   <trkpt lat="20.6454530" lon="-100.3263960">
    <ele>1969.2</ele>
    <time>2026-07-16T13:34:10Z</time>
    <extensions>
     <gpxtpx:TrackPointExtension>
      <gpxtpx:atemp>16</gpxtpx:atemp>
     </gpxtpx:TrackPointExtension>
    </extensions>
   </trkpt>
   <trkpt lat="20.6454980" lon="-100.3263870">
    <ele>1969.4</ele>
    <time>2026-07-16T13:34:11Z</time>
    <extensions>
     <gpxtpx:TrackPointExtension>
      <gpxtpx:atemp>16</gpxtpx:atemp>
     </gpxtpx:TrackPointExtension>
    </extensions>
   </trkpt>
   <trkpt lat="20.6455410" lon="-100.3263760">
    <ele>1969.6</ele>
    <time>2026-07-16T13:34:12Z</time>
    <extensions>
     <gpxtpx:TrackPointExtension>
      <gpxtpx:atemp>16</gpxtpx:atemp>
     </gpxtpx:TrackPointExtension>
    </extensions>
   </trkpt>
   <trkpt lat="20.6455840" lon="-100.3263650">
    <ele>1969.6</ele>
    <time>2026-07-16T13:34:13Z</time>
    <extensions>
     <gpxtpx:TrackPointExtension>
      <gpxtpx:atemp>16</gpxtpx:atemp>
     </gpxtpx:TrackPointExtension>
    </extensions>
   </trkpt>
   <trkpt lat="20.6456240" lon="-100.3263530">
    <ele>1969.8</ele>
    <time>2026-07-16T13:34:14Z</time>
    <extensions>
     <gpxtpx:TrackPointExtension>
      <gpxtpx:atemp>16</gpxtpx:atemp>
     </gpxtpx:TrackPointExtension>
    </extensions>
   </trkpt>
   <trkpt lat="20.6456630" lon="-100.3263410">
    <ele>1970.0</ele>
    <time>2026-07-16T13:34:15Z</time>
    <extensions>
     <gpxtpx:TrackPointExtension>
      <gpxtpx:atemp>16</gpxtpx:atemp>
     </gpxtpx:TrackPointExtension>
    </extensions>
   </trkpt>
   <trkpt lat="20.6457020" lon="-100.3263280">
    <ele>1970.2</ele>
    <time>2026-07-16T13:34:16Z</time>
    <extensions>
     <gpxtpx:TrackPointExtension>
      <gpxtpx:atemp>16</gpxtpx:atemp>
     </gpxtpx:TrackPointExtension>
    </extensions>
   </trkpt>
   <trkpt lat="20.6457420" lon="-100.3263150">
    <ele>1970.4</ele>
    <time>2026-07-16T13:34:17Z</time>
    <extensions>
     <gpxtpx:TrackPointExtension>
      <gpxtpx:atemp>16</gpxtpx:atemp>
     </gpxtpx:TrackPointExtension>
    </extensions>
   </trkpt>
   <trkpt lat="20.6457840" lon="-100.3263030">
    <ele>1970.6</ele>
    <time>2026-07-16T13:34:18Z</time>
    <extensions>
     <gpxtpx:TrackPointExtension>
      <gpxtpx:atemp>16</gpxtpx:atemp>
     </gpxtpx:TrackPointExtension>
    </extensions>
   </trkpt>
   <trkpt lat="20.6458250" lon="-100.3262910">
    <ele>1970.8</ele>
    <time>2026-07-16T13:34:19Z</time>
    <extensions>
     <gpxtpx:TrackPointExtension>
      <gpxtpx:atemp>16</gpxtpx:atemp>
     </gpxtpx:TrackPointExtension>
    </extensions>
   </trkpt>
   <trkpt lat="20.6458660" lon="-100.3262780">
    <ele>1971.0</ele>
    <time>2026-07-16T13:34:20Z</time>
    <extensions>
     <gpxtpx:TrackPointExtension>
      <gpxtpx:atemp>16</gpxtpx:atemp>
     </gpxtpx:TrackPointExtension>
    </extensions>
   </trkpt>
   <trkpt lat="20.6459070" lon="-100.3262650">
    <ele>1971.0</ele>
    <time>2026-07-16T13:34:21Z</time>
    <extensions>
     <gpxtpx:TrackPointExtension>
      <gpxtpx:atemp>16</gpxtpx:atemp>
     </gpxtpx:TrackPointExtension>
    </extensions>
   </trkpt>
   <trkpt lat="20.6459480" lon="-100.3262510">
    <ele>1971.2</ele>
    <time>2026-07-16T13:34:22Z</time>
    <extensions>
     <gpxtpx:TrackPointExtension>
      <gpxtpx:atemp>16</gpxtpx:atemp>
     </gpxtpx:TrackPointExtension>
    </extensions>
   </trkpt>
   <trkpt lat="20.6459900" lon="-100.3262370">
    <ele>1971.4</ele>
    <time>2026-07-16T13:34:23Z</time>
    <extensions>
     <gpxtpx:TrackPointExtension>
      <gpxtpx:atemp>16</gpxtpx:atemp>
     </gpxtpx:TrackPointExtension>
    </extensions>
   </trkpt>
   <trkpt lat="20.6460320" lon="-100.3262260">
    <ele>1971.6</ele>
    <time>2026-07-16T13:34:24Z</time>
    <extensions>
     <gpxtpx:TrackPointExtension>
      <gpxtpx:atemp>16</gpxtpx:atemp>
     </gpxtpx:TrackPointExtension>
    </extensions>
   </trkpt>
   <trkpt lat="20.6460740" lon="-100.3262170">
    <ele>1971.8</ele>
    <time>2026-07-16T13:34:25Z</time>
    <extensions>
     <gpxtpx:TrackPointExtension>
      <gpxtpx:atemp>16</gpxtpx:atemp>
     </gpxtpx:TrackPointExtension>
    </extensions>
   </trkpt>
   <trkpt lat="20.6461170" lon="-100.3262090">
    <ele>1971.8</ele>
    <time>2026-07-16T13:34:26Z</time>
    <extensions>
     <gpxtpx:TrackPointExtension>
      <gpxtpx:atemp>16</gpxtpx:atemp>
     </gpxtpx:TrackPointExtension>
    </extensions>
   </trkpt>
   <trkpt lat="20.6461600" lon="-100.3262030">
    <ele>1972.0</ele>
    <time>2026-07-16T13:34:27Z</time>
    <extensions>
     <gpxtpx:TrackPointExtension>
      <gpxtpx:atemp>16</gpxtpx:atemp>
     </gpxtpx:TrackPointExtension>
    </extensions>
   </trkpt>
   <trkpt lat="20.6462010" lon="-100.3261960">
    <ele>1972.2</ele>
    <time>2026-07-16T13:34:28Z</time>
    <extensions>
     <gpxtpx:TrackPointExtension>
      <gpxtpx:atemp>16</gpxtpx:atemp>
     </gpxtpx:TrackPointExtension>
    </extensions>
   </trkpt>
   <trkpt lat="20.6462430" lon="-100.3261880">
    <ele>1972.2</ele>
    <time>2026-07-16T13:34:29Z</time>
    <extensions>
     <gpxtpx:TrackPointExtension>
      <gpxtpx:atemp>16</gpxtpx:atemp>
     </gpxtpx:TrackPointExtension>
    </extensions>
   </trkpt>
   <trkpt lat="20.6462860" lon="-100.3261790">
    <ele>1972.4</ele>
    <time>2026-07-16T13:34:30Z</time>
    <extensions>
     <gpxtpx:TrackPointExtension>
      <gpxtpx:atemp>16</gpxtpx:atemp>
     </gpxtpx:TrackPointExtension>
    </extensions>
   </trkpt>
   <trkpt lat="20.6463290" lon="-100.3261700">
    <ele>1972.6</ele>
    <time>2026-07-16T13:34:31Z</time>
    <extensions>
     <gpxtpx:TrackPointExtension>
      <gpxtpx:atemp>16</gpxtpx:atemp>
     </gpxtpx:TrackPointExtension>
    </extensions>
   </trkpt>
   <trkpt lat="20.6463730" lon="-100.3261590">
    <ele>1972.6</ele>
    <time>2026-07-16T13:34:32Z</time>
    <extensions>
     <gpxtpx:TrackPointExtension>
      <gpxtpx:atemp>16</gpxtpx:atemp>
     </gpxtpx:TrackPointExtension>
    </extensions>
   </trkpt>
   <trkpt lat="20.6464140" lon="-100.3261470">
    <ele>1972.8</ele>
    <time>2026-07-16T13:34:33Z</time>
    <extensions>
     <gpxtpx:TrackPointExtension>
      <gpxtpx:atemp>16</gpxtpx:atemp>
     </gpxtpx:TrackPointExtension>
    </extensions>
   </trkpt>
   <trkpt lat="20.6464550" lon="-100.3261350">
    <ele>1972.8</ele>
    <time>2026-07-16T13:34:34Z</time>
    <extensions>
     <gpxtpx:TrackPointExtension>
      <gpxtpx:atemp>16</gpxtpx:atemp>
     </gpxtpx:TrackPointExtension>
    </extensions>
   </trkpt>
   <trkpt lat="20.6464940" lon="-100.3261220">
    <ele>1973.0</ele>
    <time>2026-07-16T13:34:35Z</time>
    <extensions>
     <gpxtpx:TrackPointExtension>
      <gpxtpx:atemp>16</gpxtpx:atemp>
     </gpxtpx:TrackPointExtension>
    </extensions>
   </trkpt>
   <trkpt lat="20.6465330" lon="-100.3261100">
    <ele>1973.2</ele>
    <time>2026-07-16T13:34:36Z</time>
    <extensions>
     <gpxtpx:TrackPointExtension>
      <gpxtpx:atemp>16</gpxtpx:atemp>
     </gpxtpx:TrackPointExtension>
    </extensions>
   </trkpt>
   <trkpt lat="20.6465700" lon="-100.3260990">
    <ele>1973.2</ele>
    <time>2026-07-16T13:34:37Z</time>
    <extensions>
     <gpxtpx:TrackPointExtension>
      <gpxtpx:atemp>16</gpxtpx:atemp>
     </gpxtpx:TrackPointExtension>
    </extensions>
   </trkpt>
   <trkpt lat="20.6466070" lon="-100.3260910">
    <ele>1973.4</ele>
    <time>2026-07-16T13:34:38Z</time>
    <extensions>
     <gpxtpx:TrackPointExtension>
      <gpxtpx:atemp>16</gpxtpx:atemp>
     </gpxtpx:TrackPointExtension>
    </extensions>
   </trkpt>
   <trkpt lat="20.6466440" lon="-100.3260830">
    <ele>1973.6</ele>
    <time>2026-07-16T13:34:39Z</time>
    <extensions>
     <gpxtpx:TrackPointExtension>
      <gpxtpx:atemp>16</gpxtpx:atemp>
     </gpxtpx:TrackPointExtension>
    </extensions>
   </trkpt>
   <trkpt lat="20.6466820" lon="-100.3260750">
    <ele>1973.6</ele>
    <time>2026-07-16T13:34:40Z</time>
    <extensions>
     <gpxtpx:TrackPointExtension>
      <gpxtpx:atemp>16</gpxtpx:atemp>
     </gpxtpx:TrackPointExtension>
    </extensions>
   </trkpt>
   <trkpt lat="20.6467200" lon="-100.3260680">
    <ele>1973.8</ele>
    <time>2026-07-16T13:34:41Z</time>
    <extensions>
     <gpxtpx:TrackPointExtension>
      <gpxtpx:atemp>16</gpxtpx:atemp>
     </gpxtpx:TrackPointExtension>
    </extensions>
   </trkpt>
   <trkpt lat="20.6467600" lon="-100.3260610">
    <ele>1974.0</ele>
    <time>2026-07-16T13:34:42Z</time>
    <extensions>
     <gpxtpx:TrackPointExtension>
      <gpxtpx:atemp>16</gpxtpx:atemp>
     </gpxtpx:TrackPointExtension>
    </extensions>
   </trkpt>
   <trkpt lat="20.6467990" lon="-100.3260500">
    <ele>1974.0</ele>
    <time>2026-07-16T13:34:43Z</time>
    <extensions>
     <gpxtpx:TrackPointExtension>
      <gpxtpx:atemp>16</gpxtpx:atemp>
     </gpxtpx:TrackPointExtension>
    </extensions>
   </trkpt>
   <trkpt lat="20.6468350" lon="-100.3260370">
    <ele>1974.2</ele>
    <time>2026-07-16T13:34:44Z</time>
    <extensions>
     <gpxtpx:TrackPointExtension>
      <gpxtpx:atemp>16</gpxtpx:atemp>
     </gpxtpx:TrackPointExtension>
    </extensions>
   </trkpt>
   <trkpt lat="20.6468710" lon="-100.3260240">
    <ele>1974.4</ele>
    <time>2026-07-16T13:34:45Z</time>
    <extensions>
     <gpxtpx:TrackPointExtension>
      <gpxtpx:atemp>16</gpxtpx:atemp>
     </gpxtpx:TrackPointExtension>
    </extensions>
   </trkpt>
   <trkpt lat="20.6469050" lon="-100.3260100">
    <ele>1974.6</ele>
    <time>2026-07-16T13:34:46Z</time>
    <extensions>
     <gpxtpx:TrackPointExtension>
      <gpxtpx:atemp>16</gpxtpx:atemp>
     </gpxtpx:TrackPointExtension>
    </extensions>
   </trkpt>
   <trkpt lat="20.6469420" lon="-100.3259970">
    <ele>1974.8</ele>
    <time>2026-07-16T13:34:47Z</time>
    <extensions>
     <gpxtpx:TrackPointExtension>
      <gpxtpx:atemp>16</gpxtpx:atemp>
     </gpxtpx:TrackPointExtension>
    </extensions>
   </trkpt>
   <trkpt lat="20.6469790" lon="-100.3259860">
    <ele>1974.8</ele>
    <time>2026-07-16T13:34:48Z</time>
    <extensions>
     <gpxtpx:TrackPointExtension>
      <gpxtpx:atemp>16</gpxtpx:atemp>
     </gpxtpx:TrackPointExtension>
    </extensions>
   </trkpt>
   <trkpt lat="20.6470180" lon="-100.3259760">
    <ele>1975.0</ele>
    <time>2026-07-16T13:34:49Z</time>
    <extensions>
     <gpxtpx:TrackPointExtension>
      <gpxtpx:atemp>16</gpxtpx:atemp>
     </gpxtpx:TrackPointExtension>
    </extensions>
   </trkpt>
   <trkpt lat="20.6470580" lon="-100.3259670">
    <ele>1975.2</ele>
    <time>2026-07-16T13:34:50Z</time>
    <extensions>
     <gpxtpx:TrackPointExtension>
      <gpxtpx:atemp>16</gpxtpx:atemp>
     </gpxtpx:TrackPointExtension>
    </extensions>
   </trkpt>
   <trkpt lat="20.6470990" lon="-100.3259570">
    <ele>1975.4</ele>
    <time>2026-07-16T13:34:51Z</time>
    <extensions>
     <gpxtpx:TrackPointExtension>
      <gpxtpx:atemp>16</gpxtpx:atemp>
     </gpxtpx:TrackPointExtension>
    </extensions>
   </trkpt>
   <trkpt lat="20.6471410" lon="-100.3259480">
    <ele>1975.6</ele>
    <time>2026-07-16T13:34:52Z</time>
    <extensions>
     <gpxtpx:TrackPointExtension>
      <gpxtpx:atemp>16</gpxtpx:atemp>
     </gpxtpx:TrackPointExtension>
    </extensions>
   </trkpt>
   <trkpt lat="20.6471830" lon="-100.3259370">
    <ele>1975.8</ele>
    <time>2026-07-16T13:34:53Z</time>
    <extensions>
     <gpxtpx:TrackPointExtension>
      <gpxtpx:atemp>16</gpxtpx:atemp>
     </gpxtpx:TrackPointExtension>
    </extensions>
   </trkpt>
   <trkpt lat="20.6472250" lon="-100.3259270">
    <ele>1976.0</ele>
    <time>2026-07-16T13:34:54Z</time>
    <extensions>
     <gpxtpx:TrackPointExtension>
      <gpxtpx:atemp>16</gpxtpx:atemp>
     </gpxtpx:TrackPointExtension>
    </extensions>
   </trkpt>
   <trkpt lat="20.6472670" lon="-100.3259160">
    <ele>1976.2</ele>
    <time>2026-07-16T13:34:55Z</time>
    <extensions>
     <gpxtpx:TrackPointExtension>
      <gpxtpx:atemp>16</gpxtpx:atemp>
     </gpxtpx:TrackPointExtension>
    </extensions>
   </trkpt>
   <trkpt lat="20.6473060" lon="-100.3259060">
    <ele>1976.4</ele>
    <time>2026-07-16T13:34:56Z</time>
    <extensions>
     <gpxtpx:TrackPointExtension>
      <gpxtpx:atemp>16</gpxtpx:atemp>
     </gpxtpx:TrackPointExtension>
    </extensions>
   </trkpt>
   <trkpt lat="20.6473440" lon="-100.3258980">
    <ele>1976.6</ele>
    <time>2026-07-16T13:34:57Z</time>
    <extensions>
     <gpxtpx:TrackPointExtension>
      <gpxtpx:atemp>16</gpxtpx:atemp>
     </gpxtpx:TrackPointExtension>
    </extensions>
   </trkpt>
   <trkpt lat="20.6473820" lon="-100.3258890">
    <ele>1976.8</ele>
    <time>2026-07-16T13:34:58Z</time>
    <extensions>
     <gpxtpx:TrackPointExtension>
      <gpxtpx:atemp>16</gpxtpx:atemp>
     </gpxtpx:TrackPointExtension>
    </extensions>
   </trkpt>
   <trkpt lat="20.6474210" lon="-100.3258800">
    <ele>1976.8</ele>
    <time>2026-07-16T13:34:59Z</time>
    <extensions>
     <gpxtpx:TrackPointExtension>
      <gpxtpx:atemp>16</gpxtpx:atemp>
     </gpxtpx:TrackPointExtension>
    </extensions>
   </trkpt>
   <trkpt lat="20.6474590" lon="-100.3258700">
    <ele>1977.0</ele>
    <time>2026-07-16T13:35:00Z</time>
    <extensions>
     <gpxtpx:TrackPointExtension>
      <gpxtpx:atemp>16</gpxtpx:atemp>
     </gpxtpx:TrackPointExtension>
    </extensions>
   </trkpt>
   <trkpt lat="20.6474980" lon="-100.3258600">
    <ele>1977.2</ele>
    <time>2026-07-16T13:35:01Z</time>
    <extensions>
     <gpxtpx:TrackPointExtension>
      <gpxtpx:atemp>16</gpxtpx:atemp>
     </gpxtpx:TrackPointExtension>
    </extensions>
   </trkpt>
   <trkpt lat="20.6475370" lon="-100.3258510">
    <ele>1977.4</ele>
    <time>2026-07-16T13:35:02Z</time>
    <extensions>
     <gpxtpx:TrackPointExtension>
      <gpxtpx:atemp>16</gpxtpx:atemp>
     </gpxtpx:TrackPointExtension>
    </extensions>
   </trkpt>
   <trkpt lat="20.6475760" lon="-100.3258420">
    <ele>1977.6</ele>
    <time>2026-07-16T13:35:03Z</time>
    <extensions>
     <gpxtpx:TrackPointExtension>
      <gpxtpx:atemp>16</gpxtpx:atemp>
     </gpxtpx:TrackPointExtension>
    </extensions>
   </trkpt>
   <trkpt lat="20.6476150" lon="-100.3258320">
    <ele>1977.6</ele>
    <time>2026-07-16T13:35:04Z</time>
    <extensions>
     <gpxtpx:TrackPointExtension>
      <gpxtpx:atemp>16</gpxtpx:atemp>
     </gpxtpx:TrackPointExtension>
    </extensions>
   </trkpt>
   <trkpt lat="20.6476540" lon="-100.3258210">
    <ele>1977.8</ele>
    <time>2026-07-16T13:35:05Z</time>
    <extensions>
     <gpxtpx:TrackPointExtension>
      <gpxtpx:atemp>16</gpxtpx:atemp>
     </gpxtpx:TrackPointExtension>
    </extensions>
   </trkpt>
   <trkpt lat="20.6476920" lon="-100.3258090">
    <ele>1978.0</ele>
    <time>2026-07-16T13:35:06Z</time>
    <extensions>
     <gpxtpx:TrackPointExtension>
      <gpxtpx:atemp>16</gpxtpx:atemp>
     </gpxtpx:TrackPointExtension>
    </extensions>
   </trkpt>
   <trkpt lat="20.6477310" lon="-100.3257970">
    <ele>1978.2</ele>
    <time>2026-07-16T13:35:07Z</time>
    <extensions>
     <gpxtpx:TrackPointExtension>
      <gpxtpx:atemp>16</gpxtpx:atemp>
     </gpxtpx:TrackPointExtension>
    </extensions>
   </trkpt>
   <trkpt lat="20.6477700" lon="-100.3257850">
    <ele>1978.4</ele>
    <time>2026-07-16T13:35:08Z</time>
    <extensions>
     <gpxtpx:TrackPointExtension>
      <gpxtpx:atemp>16</gpxtpx:atemp>
     </gpxtpx:TrackPointExtension>
    </extensions>
   </trkpt>
   <trkpt lat="20.6478070" lon="-100.3257730">
    <ele>1978.6</ele>
    <time>2026-07-16T13:35:09Z</time>
    <extensions>
     <gpxtpx:TrackPointExtension>
      <gpxtpx:atemp>16</gpxtpx:atemp>
     </gpxtpx:TrackPointExtension>
    </extensions>
   </trkpt>
   <trkpt lat="20.6478420" lon="-100.3257610">
    <ele>1978.8</ele>
    <time>2026-07-16T13:35:10Z</time>
    <extensions>
     <gpxtpx:TrackPointExtension>
      <gpxtpx:atemp>16</gpxtpx:atemp>
     </gpxtpx:TrackPointExtension>
    </extensions>
   </trkpt>
   <trkpt lat="20.6478770" lon="-100.3257520">
    <ele>1979.0</ele>
    <time>2026-07-16T13:35:11Z</time>
    <extensions>
     <gpxtpx:TrackPointExtension>
      <gpxtpx:atemp>16</gpxtpx:atemp>
     </gpxtpx:TrackPointExtension>
    </extensions>
   </trkpt>
   <trkpt lat="20.6479130" lon="-100.3257420">
    <ele>1979.2</ele>
    <time>2026-07-16T13:35:12Z</time>
    <extensions>
     <gpxtpx:TrackPointExtension>
      <gpxtpx:atemp>16</gpxtpx:atemp>
     </gpxtpx:TrackPointExtension>
    </extensions>
   </trkpt>
   <trkpt lat="20.6479480" lon="-100.3257310">
    <ele>1979.4</ele>
    <time>2026-07-16T13:35:13Z</time>
    <extensions>
     <gpxtpx:TrackPointExtension>
      <gpxtpx:atemp>16</gpxtpx:atemp>
     </gpxtpx:TrackPointExtension>
    </extensions>
   </trkpt>
   <trkpt lat="20.6479830" lon="-100.3257200">
    <ele>1979.6</ele>
    <time>2026-07-16T13:35:14Z</time>
    <extensions>
     <gpxtpx:TrackPointExtension>
      <gpxtpx:atemp>16</gpxtpx:atemp>
     </gpxtpx:TrackPointExtension>
    </extensions>
   </trkpt>
   <trkpt lat="20.6480160" lon="-100.3257110">
    <ele>1979.8</ele>
    <time>2026-07-16T13:35:15Z</time>
    <extensions>
     <gpxtpx:TrackPointExtension>
      <gpxtpx:atemp>16</gpxtpx:atemp>
     </gpxtpx:TrackPointExtension>
    </extensions>
   </trkpt>
   <trkpt lat="20.6480490" lon="-100.3257030">
    <ele>1980.0</ele>
    <time>2026-07-16T13:35:16Z</time>
    <extensions>
     <gpxtpx:TrackPointExtension>
      <gpxtpx:atemp>16</gpxtpx:atemp>
     </gpxtpx:TrackPointExtension>
    </extensions>
   </trkpt>
   <trkpt lat="20.6480830" lon="-100.3256960">
    <ele>1980.2</ele>
    <time>2026-07-16T13:35:17Z</time>
    <extensions>
     <gpxtpx:TrackPointExtension>
      <gpxtpx:atemp>16</gpxtpx:atemp>
     </gpxtpx:TrackPointExtension>
    </extensions>
   </trkpt>
   <trkpt lat="20.6481180" lon="-100.3256880">
    <ele>1980.4</ele>
    <time>2026-07-16T13:35:18Z</time>
    <extensions>
     <gpxtpx:TrackPointExtension>
      <gpxtpx:atemp>16</gpxtpx:atemp>
     </gpxtpx:TrackPointExtension>
    </extensions>
   </trkpt>
   <trkpt lat="20.6481540" lon="-100.3256820">
    <ele>1980.6</ele>
    <time>2026-07-16T13:35:19Z</time>
    <extensions>
     <gpxtpx:TrackPointExtension>
      <gpxtpx:atemp>16</gpxtpx:atemp>
     </gpxtpx:TrackPointExtension>
    </extensions>
   </trkpt>
   <trkpt lat="20.6481910" lon="-100.3256750">
    <ele>1980.8</ele>
    <time>2026-07-16T13:35:20Z</time>
    <extensions>
     <gpxtpx:TrackPointExtension>
      <gpxtpx:atemp>16</gpxtpx:atemp>
     </gpxtpx:TrackPointExtension>
    </extensions>
   </trkpt>
   <trkpt lat="20.6482290" lon="-100.3256700">
    <ele>1981.0</ele>
    <time>2026-07-16T13:35:21Z</time>
    <extensions>
     <gpxtpx:TrackPointExtension>
      <gpxtpx:atemp>16</gpxtpx:atemp>
     </gpxtpx:TrackPointExtension>
    </extensions>
   </trkpt>
   <trkpt lat="20.6482670" lon="-100.3256640">
    <ele>1981.0</ele>
    <time>2026-07-16T13:35:22Z</time>
    <extensions>
     <gpxtpx:TrackPointExtension>
      <gpxtpx:atemp>16</gpxtpx:atemp>
     </gpxtpx:TrackPointExtension>
    </extensions>
   </trkpt>
   <trkpt lat="20.6483050" lon="-100.3256570">
    <ele>1981.2</ele>
    <time>2026-07-16T13:35:23Z</time>
    <extensions>
     <gpxtpx:TrackPointExtension>
      <gpxtpx:atemp>16</gpxtpx:atemp>
     </gpxtpx:TrackPointExtension>
    </extensions>
   </trkpt>
   <trkpt lat="20.6483420" lon="-100.3256490">
    <ele>1981.4</ele>
    <time>2026-07-16T13:35:24Z</time>
    <extensions>
     <gpxtpx:TrackPointExtension>
      <gpxtpx:atemp>16</gpxtpx:atemp>
     </gpxtpx:TrackPointExtension>
    </extensions>
   </trkpt>
   <trkpt lat="20.6483790" lon="-100.3256420">
    <ele>1981.6</ele>
    <time>2026-07-16T13:35:25Z</time>
    <extensions>
     <gpxtpx:TrackPointExtension>
      <gpxtpx:atemp>16</gpxtpx:atemp>
     </gpxtpx:TrackPointExtension>
    </extensions>
   </trkpt>
   <trkpt lat="20.6484150" lon="-100.3256340">
    <ele>1981.8</ele>
    <time>2026-07-16T13:35:26Z</time>
    <extensions>
     <gpxtpx:TrackPointExtension>
      <gpxtpx:atemp>16</gpxtpx:atemp>
     </gpxtpx:TrackPointExtension>
    </extensions>
   </trkpt>
   <trkpt lat="20.6484520" lon="-100.3256260">
    <ele>1981.8</ele>
    <time>2026-07-16T13:35:27Z</time>
    <extensions>
     <gpxtpx:TrackPointExtension>
      <gpxtpx:atemp>16</gpxtpx:atemp>
     </gpxtpx:TrackPointExtension>
    </extensions>
   </trkpt>
   <trkpt lat="20.6484890" lon="-100.3256170">
    <ele>1982.0</ele>
    <time>2026-07-16T13:35:28Z</time>
    <extensions>
     <gpxtpx:TrackPointExtension>
      <gpxtpx:atemp>16</gpxtpx:atemp>
     </gpxtpx:TrackPointExtension>
    </extensions>
   </trkpt>
   <trkpt lat="20.6485270" lon="-100.3256070">
    <ele>1982.2</ele>
    <time>2026-07-16T13:35:29Z</time>
    <extensions>
     <gpxtpx:TrackPointExtension>
      <gpxtpx:atemp>16</gpxtpx:atemp>
     </gpxtpx:TrackPointExtension>
    </extensions>
   </trkpt>
   <trkpt lat="20.6485650" lon="-100.3255950">
    <ele>1982.4</ele>
    <time>2026-07-16T13:35:30Z</time>
    <extensions>
     <gpxtpx:TrackPointExtension>
      <gpxtpx:atemp>16</gpxtpx:atemp>
     </gpxtpx:TrackPointExtension>
    </extensions>
   </trkpt>
   <trkpt lat="20.6486010" lon="-100.3255820">
    <ele>1982.6</ele>
    <time>2026-07-16T13:35:31Z</time>
    <extensions>
     <gpxtpx:TrackPointExtension>
      <gpxtpx:atemp>16</gpxtpx:atemp>
     </gpxtpx:TrackPointExtension>
    </extensions>
   </trkpt>
   <trkpt lat="20.6486370" lon="-100.3255700">
    <ele>1982.8</ele>
    <time>2026-07-16T13:35:32Z</time>
    <extensions>
     <gpxtpx:TrackPointExtension>
      <gpxtpx:atemp>16</gpxtpx:atemp>
     </gpxtpx:TrackPointExtension>
    </extensions>
   </trkpt>
   <trkpt lat="20.6486710" lon="-100.3255580">
    <ele>1983.0</ele>
    <time>2026-07-16T13:35:33Z</time>
    <extensions>
     <gpxtpx:TrackPointExtension>
      <gpxtpx:atemp>16</gpxtpx:atemp>
     </gpxtpx:TrackPointExtension>
    </extensions>
   </trkpt>
   <trkpt lat="20.6487030" lon="-100.3255480">
    <ele>1983.2</ele>
    <time>2026-07-16T13:35:34Z</time>
    <extensions>
     <gpxtpx:TrackPointExtension>
      <gpxtpx:atemp>16</gpxtpx:atemp>
     </gpxtpx:TrackPointExtension>
    </extensions>
   </trkpt>
   <trkpt lat="20.6487350" lon="-100.3255400">
    <ele>1983.4</ele>
    <time>2026-07-16T13:35:35Z</time>
    <extensions>
     <gpxtpx:TrackPointExtension>
      <gpxtpx:atemp>16</gpxtpx:atemp>
     </gpxtpx:TrackPointExtension>
    </extensions>
   </trkpt>
   <trkpt lat="20.6487680" lon="-100.3255330">
    <ele>1983.6</ele>
    <time>2026-07-16T13:35:36Z</time>
    <extensions>
     <gpxtpx:TrackPointExtension>
      <gpxtpx:atemp>16</gpxtpx:atemp>
     </gpxtpx:TrackPointExtension>
    </extensions>
   </trkpt>
   <trkpt lat="20.6488020" lon="-100.3255240">
    <ele>1983.8</ele>
    <time>2026-07-16T13:35:37Z</time>
    <extensions>
     <gpxtpx:TrackPointExtension>
      <gpxtpx:atemp>16</gpxtpx:atemp>
     </gpxtpx:TrackPointExtension>
    </extensions>
   </trkpt>
   <trkpt lat="20.6488360" lon="-100.3255150">
    <ele>1984.0</ele>
    <time>2026-07-16T13:35:38Z</time>
    <extensions>
     <gpxtpx:TrackPointExtension>
      <gpxtpx:atemp>16</gpxtpx:atemp>
     </gpxtpx:TrackPointExtension>
    </extensions>
   </trkpt>
   <trkpt lat="20.6488710" lon="-100.3255060">
    <ele>1984.2</ele>
    <time>2026-07-16T13:35:39Z</time>
    <extensions>
     <gpxtpx:TrackPointExtension>
      <gpxtpx:atemp>16</gpxtpx:atemp>
     </gpxtpx:TrackPointExtension>
    </extensions>
   </trkpt>
   <trkpt lat="20.6489070" lon="-100.3254960">
    <ele>1984.4</ele>
    <time>2026-07-16T13:35:40Z</time>
    <extensions>
     <gpxtpx:TrackPointExtension>
      <gpxtpx:atemp>16</gpxtpx:atemp>
     </gpxtpx:TrackPointExtension>
    </extensions>
   </trkpt>
   <trkpt lat="20.6489420" lon="-100.3254850">
    <ele>1984.6</ele>
    <time>2026-07-16T13:35:41Z</time>
    <extensions>
     <gpxtpx:TrackPointExtension>
      <gpxtpx:atemp>16</gpxtpx:atemp>
     </gpxtpx:TrackPointExtension>
    </extensions>
   </trkpt>
   <trkpt lat="20.6489790" lon="-100.3254720">
    <ele>1984.8</ele>
    <time>2026-07-16T13:35:42Z</time>
    <extensions>
     <gpxtpx:TrackPointExtension>
      <gpxtpx:atemp>16</gpxtpx:atemp>
     </gpxtpx:TrackPointExtension>
    </extensions>
   </trkpt>
   <trkpt lat="20.6490140" lon="-100.3254580">
    <ele>1985.0</ele>
    <time>2026-07-16T13:35:43Z</time>
    <extensions>
     <gpxtpx:TrackPointExtension>
      <gpxtpx:atemp>16</gpxtpx:atemp>
     </gpxtpx:TrackPointExtension>
    </extensions>
   </trkpt>
   <trkpt lat="20.6490480" lon="-100.3254430">
    <ele>1985.2</ele>
    <time>2026-07-16T13:35:44Z</time>
    <extensions>
     <gpxtpx:TrackPointExtension>
      <gpxtpx:atemp>16</gpxtpx:atemp>
     </gpxtpx:TrackPointExtension>
    </extensions>
   </trkpt>
   <trkpt lat="20.6490830" lon="-100.3254290">
    <ele>1985.4</ele>
    <time>2026-07-16T13:35:45Z</time>
    <extensions>
     <gpxtpx:TrackPointExtension>
      <gpxtpx:atemp>16</gpxtpx:atemp>
     </gpxtpx:TrackPointExtension>
    </extensions>
   </trkpt>
   <trkpt lat="20.6491170" lon="-100.3254160">
    <ele>1985.6</ele>
    <time>2026-07-16T13:35:46Z</time>
    <extensions>
     <gpxtpx:TrackPointExtension>
      <gpxtpx:atemp>16</gpxtpx:atemp>
     </gpxtpx:TrackPointExtension>
    </extensions>
   </trkpt>
   <trkpt lat="20.6491520" lon="-100.3254050">
    <ele>1985.8</ele>
    <time>2026-07-16T13:35:47Z</time>
    <extensions>
     <gpxtpx:TrackPointExtension>
      <gpxtpx:atemp>16</gpxtpx:atemp>
     </gpxtpx:TrackPointExtension>
    </extensions>
   </trkpt>
   <trkpt lat="20.6491880" lon="-100.3253950">
    <ele>1986.0</ele>
    <time>2026-07-16T13:35:48Z</time>
    <extensions>
     <gpxtpx:TrackPointExtension>
      <gpxtpx:atemp>16</gpxtpx:atemp>
     </gpxtpx:TrackPointExtension>
    </extensions>
   </trkpt>
   <trkpt lat="20.6492240" lon="-100.3253860">
    <ele>1986.2</ele>
    <time>2026-07-16T13:35:49Z</time>
    <extensions>
     <gpxtpx:TrackPointExtension>
      <gpxtpx:atemp>16</gpxtpx:atemp>
     </gpxtpx:TrackPointExtension>
    </extensions>
   </trkpt>
   <trkpt lat="20.6492610" lon="-100.3253770">
    <ele>1986.4</ele>
    <time>2026-07-16T13:35:50Z</time>
    <extensions>
     <gpxtpx:TrackPointExtension>
      <gpxtpx:atemp>16</gpxtpx:atemp>
     </gpxtpx:TrackPointExtension>
    </extensions>
   </trkpt>
   <trkpt lat="20.6492970" lon="-100.3253690">
    <ele>1986.4</ele>
    <time>2026-07-16T13:35:51Z</time>
    <extensions>
     <gpxtpx:TrackPointExtension>
      <gpxtpx:atemp>16</gpxtpx:atemp>
     </gpxtpx:TrackPointExtension>
    </extensions>
   </trkpt>
   <trkpt lat="20.6493340" lon="-100.3253610">
    <ele>1986.6</ele>
    <time>2026-07-16T13:35:52Z</time>
    <extensions>
     <gpxtpx:TrackPointExtension>
      <gpxtpx:atemp>16</gpxtpx:atemp>
     </gpxtpx:TrackPointExtension>
    </extensions>
   </trkpt>
   <trkpt lat="20.6493710" lon="-100.3253540">
    <ele>1986.8</ele>
    <time>2026-07-16T13:35:53Z</time>
    <extensions>
     <gpxtpx:TrackPointExtension>
      <gpxtpx:atemp>16</gpxtpx:atemp>
     </gpxtpx:TrackPointExtension>
    </extensions>
   </trkpt>
   <trkpt lat="20.6494090" lon="-100.3253460">
    <ele>1987.0</ele>
    <time>2026-07-16T13:35:54Z</time>
    <extensions>
     <gpxtpx:TrackPointExtension>
      <gpxtpx:atemp>16</gpxtpx:atemp>
     </gpxtpx:TrackPointExtension>
    </extensions>
   </trkpt>
   <trkpt lat="20.6494460" lon="-100.3253380">
    <ele>1987.2</ele>
    <time>2026-07-16T13:35:55Z</time>
    <extensions>
     <gpxtpx:TrackPointExtension>
      <gpxtpx:atemp>16</gpxtpx:atemp>
     </gpxtpx:TrackPointExtension>
    </extensions>
   </trkpt>
   <trkpt lat="20.6494810" lon="-100.3253290">
    <ele>1987.2</ele>
    <time>2026-07-16T13:35:56Z</time>
    <extensions>
     <gpxtpx:TrackPointExtension>
      <gpxtpx:atemp>16</gpxtpx:atemp>
     </gpxtpx:TrackPointExtension>
    </extensions>
   </trkpt>
   <trkpt lat="20.6495150" lon="-100.3253190">
    <ele>1987.4</ele>
    <time>2026-07-16T13:35:57Z</time>
    <extensions>
     <gpxtpx:TrackPointExtension>
      <gpxtpx:atemp>16</gpxtpx:atemp>
     </gpxtpx:TrackPointExtension>
    </extensions>
   </trkpt>
   <trkpt lat="20.6495480" lon="-100.3253090">
    <ele>1987.6</ele>
    <time>2026-07-16T13:35:58Z</time>
    <extensions>
     <gpxtpx:TrackPointExtension>
      <gpxtpx:atemp>16</gpxtpx:atemp>
     </gpxtpx:TrackPointExtension>
    </extensions>
   </trkpt>
   <trkpt lat="20.6495790" lon="-100.3252990">
    <ele>1987.8</ele>
    <time>2026-07-16T13:35:59Z</time>
    <extensions>
     <gpxtpx:TrackPointExtension>
      <gpxtpx:atemp>16</gpxtpx:atemp>
     </gpxtpx:TrackPointExtension>
    </extensions>
   </trkpt>
   <trkpt lat="20.6496110" lon="-100.3252910">
    <ele>1988.0</ele>
    <time>2026-07-16T13:36:00Z</time>
    <extensions>
     <gpxtpx:TrackPointExtension>
      <gpxtpx:atemp>16</gpxtpx:atemp>
     </gpxtpx:TrackPointExtension>
    </extensions>
   </trkpt>
   <trkpt lat="20.6496430" lon="-100.3252820">
    <ele>1988.2</ele>
    <time>2026-07-16T13:36:01Z</time>
    <extensions>
     <gpxtpx:TrackPointExtension>
      <gpxtpx:atemp>16</gpxtpx:atemp>
     </gpxtpx:TrackPointExtension>
    </extensions>
   </trkpt>
   <trkpt lat="20.6496750" lon="-100.3252750">
    <ele>1988.2</ele>
    <time>2026-07-16T13:36:02Z</time>
    <extensions>
     <gpxtpx:TrackPointExtension>
      <gpxtpx:atemp>16</gpxtpx:atemp>
     </gpxtpx:TrackPointExtension>
    </extensions>
   </trkpt>
   <trkpt lat="20.6497060" lon="-100.3252670">
    <ele>1988.4</ele>
    <time>2026-07-16T13:36:03Z</time>
    <extensions>
     <gpxtpx:TrackPointExtension>
      <gpxtpx:atemp>16</gpxtpx:atemp>
     </gpxtpx:TrackPointExtension>
    </extensions>
   </trkpt>
   <trkpt lat="20.6497380" lon="-100.3252590">
    <ele>1988.6</ele>
    <time>2026-07-16T13:36:04Z</time>
    <extensions>
     <gpxtpx:TrackPointExtension>
      <gpxtpx:atemp>16</gpxtpx:atemp>
     </gpxtpx:TrackPointExtension>
    </extensions>
   </trkpt>
   <trkpt lat="20.6497710" lon="-100.3252500">
    <ele>1988.8</ele>
    <time>2026-07-16T13:36:05Z</time>
    <extensions>
     <gpxtpx:TrackPointExtension>
      <gpxtpx:atemp>16</gpxtpx:atemp>
     </gpxtpx:TrackPointExtension>
    </extensions>
   </trkpt>
   <trkpt lat="20.6498030" lon="-100.3252420">
    <ele>1989.0</ele>
    <time>2026-07-16T13:36:06Z</time>
    <extensions>
     <gpxtpx:TrackPointExtension>
      <gpxtpx:atemp>16</gpxtpx:atemp>
     </gpxtpx:TrackPointExtension>
    </extensions>
   </trkpt>
   <trkpt lat="20.6498350" lon="-100.3252330">
    <ele>1989.2</ele>
    <time>2026-07-16T13:36:07Z</time>
    <extensions>
     <gpxtpx:TrackPointExtension>
      <gpxtpx:atemp>16</gpxtpx:atemp>
     </gpxtpx:TrackPointExtension>
    </extensions>
   </trkpt>
   <trkpt lat="20.6498680" lon="-100.3252250">
    <ele>1989.4</ele>
    <time>2026-07-16T13:36:08Z</time>
    <extensions>
     <gpxtpx:TrackPointExtension>
      <gpxtpx:atemp>16</gpxtpx:atemp>
     </gpxtpx:TrackPointExtension>
    </extensions>
   </trkpt>
   <trkpt lat="20.6499000" lon="-100.3252160">
    <ele>1989.6</ele>
    <time>2026-07-16T13:36:09Z</time>
    <extensions>
     <gpxtpx:TrackPointExtension>
      <gpxtpx:atemp>16</gpxtpx:atemp>
     </gpxtpx:TrackPointExtension>
    </extensions>
   </trkpt>
   <trkpt lat="20.6499320" lon="-100.3252070">
    <ele>1989.8</ele>
    <time>2026-07-16T13:36:10Z</time>
    <extensions>
     <gpxtpx:TrackPointExtension>
      <gpxtpx:atemp>16</gpxtpx:atemp>
     </gpxtpx:TrackPointExtension>
    </extensions>
   </trkpt>
   <trkpt lat="20.6499620" lon="-100.3251980">
    <ele>1990.0</ele>
    <time>2026-07-16T13:36:11Z</time>
    <extensions>
     <gpxtpx:TrackPointExtension>
      <gpxtpx:atemp>16</gpxtpx:atemp>
     </gpxtpx:TrackPointExtension>
    </extensions>
   </trkpt>
   <trkpt lat="20.6499900" lon="-100.3251870">
    <ele>1990.0</ele>
    <time>2026-07-16T13:36:12Z</time>
    <extensions>
     <gpxtpx:TrackPointExtension>
      <gpxtpx:atemp>16</gpxtpx:atemp>
     </gpxtpx:TrackPointExtension>
    </extensions>
   </trkpt>
   <trkpt lat="20.6500170" lon="-100.3251750">
    <ele>1990.2</ele>
    <time>2026-07-16T13:36:13Z</time>
    <extensions>
     <gpxtpx:TrackPointExtension>
      <gpxtpx:atemp>16</gpxtpx:atemp>
     </gpxtpx:TrackPointExtension>
    </extensions>
   </trkpt>
   <trkpt lat="20.6500420" lon="-100.3251650">
    <ele>1990.4</ele>
    <time>2026-07-16T13:36:14Z</time>
    <extensions>
     <gpxtpx:TrackPointExtension>
      <gpxtpx:atemp>16</gpxtpx:atemp>
     </gpxtpx:TrackPointExtension>
    </extensions>
   </trkpt>
   <trkpt lat="20.6500660" lon="-100.3251560">
    <ele>1990.6</ele>
    <time>2026-07-16T13:36:15Z</time>
    <extensions>
     <gpxtpx:TrackPointExtension>
      <gpxtpx:atemp>16</gpxtpx:atemp>
     </gpxtpx:TrackPointExtension>
    </extensions>
   </trkpt>
   <trkpt lat="20.6500880" lon="-100.3251490">
    <ele>1990.8</ele>
    <time>2026-07-16T13:36:16Z</time>
    <extensions>
     <gpxtpx:TrackPointExtension>
      <gpxtpx:atemp>16</gpxtpx:atemp>
     </gpxtpx:TrackPointExtension>
    </extensions>
   </trkpt>
   <trkpt lat="20.6501110" lon="-100.3251420">
    <ele>1991.0</ele>
    <time>2026-07-16T13:36:17Z</time>
    <extensions>
     <gpxtpx:TrackPointExtension>
      <gpxtpx:atemp>16</gpxtpx:atemp>
     </gpxtpx:TrackPointExtension>
    </extensions>
   </trkpt>
   <trkpt lat="20.6501350" lon="-100.3251350">
    <ele>1991.2</ele>
    <time>2026-07-16T13:36:18Z</time>
    <extensions>
     <gpxtpx:TrackPointExtension>
      <gpxtpx:atemp>16</gpxtpx:atemp>
     </gpxtpx:TrackPointExtension>
    </extensions>
   </trkpt>
   <trkpt lat="20.6501600" lon="-100.3251290">
    <ele>1991.2</ele>
    <time>2026-07-16T13:36:19Z</time>
    <extensions>
     <gpxtpx:TrackPointExtension>
      <gpxtpx:atemp>16</gpxtpx:atemp>
     </gpxtpx:TrackPointExtension>
    </extensions>
   </trkpt>
   <trkpt lat="20.6501860" lon="-100.3251230">
    <ele>1991.4</ele>
    <time>2026-07-16T13:36:20Z</time>
    <extensions>
     <gpxtpx:TrackPointExtension>
      <gpxtpx:atemp>16</gpxtpx:atemp>
     </gpxtpx:TrackPointExtension>
    </extensions>
   </trkpt>
   <trkpt lat="20.6502100" lon="-100.3251160">
    <ele>1991.6</ele>
    <time>2026-07-16T13:36:21Z</time>
    <extensions>
     <gpxtpx:TrackPointExtension>
      <gpxtpx:atemp>16</gpxtpx:atemp>
     </gpxtpx:TrackPointExtension>
    </extensions>
   </trkpt>
   <trkpt lat="20.6502340" lon="-100.3251080">
    <ele>1991.8</ele>
    <time>2026-07-16T13:36:22Z</time>
    <extensions>
     <gpxtpx:TrackPointExtension>
      <gpxtpx:atemp>16</gpxtpx:atemp>
     </gpxtpx:TrackPointExtension>
    </extensions>
   </trkpt>
   <trkpt lat="20.6502580" lon="-100.3251010">
    <ele>1991.8</ele>
    <time>2026-07-16T13:36:23Z</time>
    <extensions>
     <gpxtpx:TrackPointExtension>
      <gpxtpx:atemp>16</gpxtpx:atemp>
     </gpxtpx:TrackPointExtension>
    </extensions>
   </trkpt>
   <trkpt lat="20.6502840" lon="-100.3250950">
    <ele>1992.0</ele>
    <time>2026-07-16T13:36:24Z</time>
    <extensions>
     <gpxtpx:TrackPointExtension>
      <gpxtpx:atemp>16</gpxtpx:atemp>
     </gpxtpx:TrackPointExtension>
    </extensions>
   </trkpt>
   <trkpt lat="20.6503090" lon="-100.3250880">
    <ele>1992.2</ele>
    <time>2026-07-16T13:36:25Z</time>
    <extensions>
     <gpxtpx:TrackPointExtension>
      <gpxtpx:atemp>16</gpxtpx:atemp>
     </gpxtpx:TrackPointExtension>
    </extensions>
   </trkpt>
   <trkpt lat="20.6503340" lon="-100.3250780">
    <ele>1992.4</ele>
    <time>2026-07-16T13:36:26Z</time>
    <extensions>
     <gpxtpx:TrackPointExtension>
      <gpxtpx:atemp>16</gpxtpx:atemp>
     </gpxtpx:TrackPointExtension>
    </extensions>
   </trkpt>
   <trkpt lat="20.6503600" lon="-100.3250660">
    <ele>1992.4</ele>
    <time>2026-07-16T13:36:27Z</time>
    <extensions>
     <gpxtpx:TrackPointExtension>
      <gpxtpx:atemp>16</gpxtpx:atemp>
     </gpxtpx:TrackPointExtension>
    </extensions>
   </trkpt>
   <trkpt lat="20.6503880" lon="-100.3250550">
    <ele>1992.6</ele>
    <time>2026-07-16T13:36:28Z</time>
    <extensions>
     <gpxtpx:TrackPointExtension>
      <gpxtpx:atemp>16</gpxtpx:atemp>
     </gpxtpx:TrackPointExtension>
    </extensions>
   </trkpt>
   <trkpt lat="20.6504150" lon="-100.3250450">
    <ele>1992.8</ele>
    <time>2026-07-16T13:36:29Z</time>
    <extensions>
     <gpxtpx:TrackPointExtension>
      <gpxtpx:atemp>16</gpxtpx:atemp>
     </gpxtpx:TrackPointExtension>
    </extensions>
   </trkpt>
   <trkpt lat="20.6504440" lon="-100.3250370">
    <ele>1993.0</ele>
    <time>2026-07-16T13:36:30Z</time>
    <extensions>
     <gpxtpx:TrackPointExtension>
      <gpxtpx:atemp>16</gpxtpx:atemp>
     </gpxtpx:TrackPointExtension>
    </extensions>
   </trkpt>
   <trkpt lat="20.6504750" lon="-100.3250310">
    <ele>1993.2</ele>
    <time>2026-07-16T13:36:31Z</time>
    <extensions>
     <gpxtpx:TrackPointExtension>
      <gpxtpx:atemp>16</gpxtpx:atemp>
     </gpxtpx:TrackPointExtension>
    </extensions>
   </trkpt>
   <trkpt lat="20.6505060" lon="-100.3250230">
    <ele>1993.2</ele>
    <time>2026-07-16T13:36:32Z</time>
    <extensions>
     <gpxtpx:TrackPointExtension>
      <gpxtpx:atemp>16</gpxtpx:atemp>
     </gpxtpx:TrackPointExtension>
    </extensions>
   </trkpt>
   <trkpt lat="20.6505380" lon="-100.3250150">
    <ele>1993.4</ele>
    <time>2026-07-16T13:36:33Z</time>
    <extensions>
     <gpxtpx:TrackPointExtension>
      <gpxtpx:atemp>16</gpxtpx:atemp>
     </gpxtpx:TrackPointExtension>
    </extensions>
   </trkpt>
   <trkpt lat="20.6505700" lon="-100.3250060">
    <ele>1993.6</ele>
    <time>2026-07-16T13:36:34Z</time>
    <extensions>
     <gpxtpx:TrackPointExtension>
      <gpxtpx:atemp>16</gpxtpx:atemp>
     </gpxtpx:TrackPointExtension>
    </extensions>
   </trkpt>
   <trkpt lat="20.6506030" lon="-100.3249970">
    <ele>1993.8</ele>
    <time>2026-07-16T13:36:35Z</time>
    <extensions>
     <gpxtpx:TrackPointExtension>
      <gpxtpx:atemp>16</gpxtpx:atemp>
     </gpxtpx:TrackPointExtension>
    </extensions>
   </trkpt>
   <trkpt lat="20.6506360" lon="-100.3249880">
    <ele>1994.0</ele>
    <time>2026-07-16T13:36:36Z</time>
    <extensions>
     <gpxtpx:TrackPointExtension>
      <gpxtpx:atemp>16</gpxtpx:atemp>
     </gpxtpx:TrackPointExtension>
    </extensions>
   </trkpt>
   <trkpt lat="20.6506680" lon="-100.3249810">
    <ele>1994.2</ele>
    <time>2026-07-16T13:36:37Z</time>
    <extensions>
     <gpxtpx:TrackPointExtension>
      <gpxtpx:atemp>16</gpxtpx:atemp>
     </gpxtpx:TrackPointExtension>
    </extensions>
   </trkpt>
   <trkpt lat="20.6507000" lon="-100.3249730">
    <ele>1994.4</ele>
    <time>2026-07-16T13:36:38Z</time>
    <extensions>
     <gpxtpx:TrackPointExtension>
      <gpxtpx:atemp>16</gpxtpx:atemp>
     </gpxtpx:TrackPointExtension>
    </extensions>
   </trkpt>
   <trkpt lat="20.6507310" lon="-100.3249660">
    <ele>1994.6</ele>
    <time>2026-07-16T13:36:39Z</time>
    <extensions>
     <gpxtpx:TrackPointExtension>
      <gpxtpx:atemp>16</gpxtpx:atemp>
     </gpxtpx:TrackPointExtension>
    </extensions>
   </trkpt>
   <trkpt lat="20.6507600" lon="-100.3249600">
    <ele>1994.8</ele>
    <time>2026-07-16T13:36:40Z</time>
    <extensions>
     <gpxtpx:TrackPointExtension>
      <gpxtpx:atemp>16</gpxtpx:atemp>
     </gpxtpx:TrackPointExtension>
    </extensions>
   </trkpt>
   <trkpt lat="20.6507890" lon="-100.3249550">
    <ele>1995.0</ele>
    <time>2026-07-16T13:36:41Z</time>
    <extensions>
     <gpxtpx:TrackPointExtension>
      <gpxtpx:atemp>16</gpxtpx:atemp>
     </gpxtpx:TrackPointExtension>
    </extensions>
   </trkpt>
   <trkpt lat="20.6508170" lon="-100.3249500">
    <ele>1995.2</ele>
    <time>2026-07-16T13:36:42Z</time>
    <extensions>
     <gpxtpx:TrackPointExtension>
      <gpxtpx:atemp>16</gpxtpx:atemp>
     </gpxtpx:TrackPointExtension>
    </extensions>
   </trkpt>
   <trkpt lat="20.6508450" lon="-100.3249450">
    <ele>1995.4</ele>
    <time>2026-07-16T13:36:43Z</time>
    <extensions>
     <gpxtpx:TrackPointExtension>
      <gpxtpx:atemp>16</gpxtpx:atemp>
     </gpxtpx:TrackPointExtension>
    </extensions>
   </trkpt>
   <trkpt lat="20.6508720" lon="-100.3249400">
    <ele>1995.6</ele>
    <time>2026-07-16T13:36:44Z</time>
    <extensions>
     <gpxtpx:TrackPointExtension>
      <gpxtpx:atemp>16</gpxtpx:atemp>
     </gpxtpx:TrackPointExtension>
    </extensions>
   </trkpt>
   <trkpt lat="20.6508980" lon="-100.3249350">
    <ele>1995.8</ele>
    <time>2026-07-16T13:36:45Z</time>
    <extensions>
     <gpxtpx:TrackPointExtension>
      <gpxtpx:atemp>16</gpxtpx:atemp>
     </gpxtpx:TrackPointExtension>
    </extensions>
   </trkpt>
   <trkpt lat="20.6509230" lon="-100.3249280">
    <ele>1996.0</ele>
    <time>2026-07-16T13:36:46Z</time>
    <extensions>
     <gpxtpx:TrackPointExtension>
      <gpxtpx:atemp>16</gpxtpx:atemp>
     </gpxtpx:TrackPointExtension>
    </extensions>
   </trkpt>
   <trkpt lat="20.6509460" lon="-100.3249180">
    <ele>1996.2</ele>
    <time>2026-07-16T13:36:47Z</time>
    <extensions>
     <gpxtpx:TrackPointExtension>
      <gpxtpx:atemp>16</gpxtpx:atemp>
     </gpxtpx:TrackPointExtension>
    </extensions>
   </trkpt>
   <trkpt lat="20.6509660" lon="-100.3249060">
    <ele>1996.2</ele>
    <time>2026-07-16T13:36:48Z</time>
    <extensions>
     <gpxtpx:TrackPointExtension>
      <gpxtpx:atemp>16</gpxtpx:atemp>
     </gpxtpx:TrackPointExtension>
    </extensions>
   </trkpt>
   <trkpt lat="20.6509860" lon="-100.3248940">
    <ele>1996.4</ele>
    <time>2026-07-16T13:36:49Z</time>
    <extensions>
     <gpxtpx:TrackPointExtension>
      <gpxtpx:atemp>16</gpxtpx:atemp>
     </gpxtpx:TrackPointExtension>
    </extensions>
   </trkpt>
   <trkpt lat="20.6510030" lon="-100.3248840">
    <ele>1996.6</ele>
    <time>2026-07-16T13:36:50Z</time>
    <extensions>
     <gpxtpx:TrackPointExtension>
      <gpxtpx:atemp>16</gpxtpx:atemp>
     </gpxtpx:TrackPointExtension>
    </extensions>
   </trkpt>
   <trkpt lat="20.6510180" lon="-100.3248750">
    <ele>1996.8</ele>
    <time>2026-07-16T13:36:51Z</time>
    <extensions>
     <gpxtpx:TrackPointExtension>
      <gpxtpx:atemp>16</gpxtpx:atemp>
     </gpxtpx:TrackPointExtension>
    </extensions>
   </trkpt>
   <trkpt lat="20.6510330" lon="-100.3248680">
    <ele>1997.0</ele>
    <time>2026-07-16T13:36:52Z</time>
    <extensions>
     <gpxtpx:TrackPointExtension>
      <gpxtpx:atemp>16</gpxtpx:atemp>
     </gpxtpx:TrackPointExtension>
    </extensions>
   </trkpt>
   <trkpt lat="20.6510490" lon="-100.3248620">
    <ele>1997.2</ele>
    <time>2026-07-16T13:36:53Z</time>
    <extensions>
     <gpxtpx:TrackPointExtension>
      <gpxtpx:atemp>16</gpxtpx:atemp>
     </gpxtpx:TrackPointExtension>
    </extensions>
   </trkpt>
   <trkpt lat="20.6510640" lon="-100.3248580">
    <ele>1997.2</ele>
    <time>2026-07-16T13:36:54Z</time>
    <extensions>
     <gpxtpx:TrackPointExtension>
      <gpxtpx:atemp>16</gpxtpx:atemp>
     </gpxtpx:TrackPointExtension>
    </extensions>
   </trkpt>
   <trkpt lat="20.6510770" lon="-100.3248550">
    <ele>1997.4</ele>
    <time>2026-07-16T13:36:55Z</time>
    <extensions>
     <gpxtpx:TrackPointExtension>
      <gpxtpx:atemp>16</gpxtpx:atemp>
     </gpxtpx:TrackPointExtension>
    </extensions>
   </trkpt>
   <trkpt lat="20.6510840" lon="-100.3248520">
    <ele>1997.6</ele>
    <time>2026-07-16T13:36:56Z</time>
    <extensions>
     <gpxtpx:TrackPointExtension>
      <gpxtpx:atemp>16</gpxtpx:atemp>
     </gpxtpx:TrackPointExtension>
    </extensions>
   </trkpt>
   <trkpt lat="20.6510860" lon="-100.3248510">
    <ele>1997.6</ele>
    <time>2026-07-16T13:36:57Z</time>
    <extensions>
     <gpxtpx:TrackPointExtension>
      <gpxtpx:atemp>16</gpxtpx:atemp>
     </gpxtpx:TrackPointExtension>
    </extensions>
   </trkpt>
   <trkpt lat="20.6510860" lon="-100.3248520">
    <ele>1997.8</ele>
    <time>2026-07-16T13:36:58Z</time>
    <extensions>
     <gpxtpx:TrackPointExtension>
      <gpxtpx:atemp>16</gpxtpx:atemp>
     </gpxtpx:TrackPointExtension>
    </extensions>
   </trkpt>
   <trkpt lat="20.6510840" lon="-100.3248520">
    <ele>1997.8</ele>
    <time>2026-07-16T13:36:59Z</time>
    <extensions>
     <gpxtpx:TrackPointExtension>
      <gpxtpx:atemp>16</gpxtpx:atemp>
     </gpxtpx:TrackPointExtension>
    </extensions>
   </trkpt>
   <trkpt lat="20.6510820" lon="-100.3248530">
    <ele>1998.0</ele>
    <time>2026-07-16T13:37:00Z</time>
    <extensions>
     <gpxtpx:TrackPointExtension>
      <gpxtpx:atemp>16</gpxtpx:atemp>
     </gpxtpx:TrackPointExtension>
    </extensions>
   </trkpt>
   <trkpt lat="20.6510800" lon="-100.3248540">
    <ele>1998.0</ele>
    <time>2026-07-16T13:37:01Z</time>
    <extensions>
     <gpxtpx:TrackPointExtension>
      <gpxtpx:atemp>16</gpxtpx:atemp>
     </gpxtpx:TrackPointExtension>
    </extensions>
   </trkpt>
   <trkpt lat="20.6510780" lon="-100.3248540">
    <ele>1998.0</ele>
    <time>2026-07-16T13:37:02Z</time>
    <extensions>
     <gpxtpx:TrackPointExtension>
      <gpxtpx:atemp>16</gpxtpx:atemp>
     </gpxtpx:TrackPointExtension>
    </extensions>
   </trkpt>
   <trkpt lat="20.6510770" lon="-100.3248550">
    <ele>1998.0</ele>
    <time>2026-07-16T13:37:03Z</time>
    <extensions>
     <gpxtpx:TrackPointExtension>
      <gpxtpx:atemp>16</gpxtpx:atemp>
     </gpxtpx:TrackPointExtension>
    </extensions>
   </trkpt>
   <trkpt lat="20.6510770" lon="-100.3248550">
    <ele>1998.0</ele>
    <time>2026-07-16T13:37:04Z</time>
    <extensions>
     <gpxtpx:TrackPointExtension>
      <gpxtpx:atemp>16</gpxtpx:atemp>
     </gpxtpx:TrackPointExtension>
    </extensions>
   </trkpt>
   <trkpt lat="20.6510760" lon="-100.3248550">
    <ele>1998.0</ele>
    <time>2026-07-16T13:37:05Z</time>
    <extensions>
     <gpxtpx:TrackPointExtension>
      <gpxtpx:atemp>16</gpxtpx:atemp>
     </gpxtpx:TrackPointExtension>
    </extensions>
   </trkpt>
   <trkpt lat="20.6510760" lon="-100.3248550">
    <ele>1998.0</ele>
    <time>2026-07-16T13:37:06Z</time>
    <extensions>
     <gpxtpx:TrackPointExtension>
      <gpxtpx:atemp>16</gpxtpx:atemp>
     </gpxtpx:TrackPointExtension>
    </extensions>
   </trkpt>
   <trkpt lat="20.6510760" lon="-100.3248550">
    <ele>1998.0</ele>
    <time>2026-07-16T13:37:07Z</time>
    <extensions>
     <gpxtpx:TrackPointExtension>
      <gpxtpx:atemp>16</gpxtpx:atemp>
     </gpxtpx:TrackPointExtension>
    </extensions>
   </trkpt>
   <trkpt lat="20.6510760" lon="-100.3248550">
    <ele>1998.0</ele>
    <time>2026-07-16T13:37:08Z</time>
    <extensions>
     <gpxtpx:TrackPointExtension>
      <gpxtpx:atemp>16</gpxtpx:atemp>
     </gpxtpx:TrackPointExtension>
    </extensions>
   </trkpt>
   <trkpt lat="20.6510760" lon="-100.3248550">
    <ele>1998.0</ele>
    <time>2026-07-16T13:37:09Z</time>
    <extensions>
     <gpxtpx:TrackPointExtension>
      <gpxtpx:atemp>16</gpxtpx:atemp>
     </gpxtpx:TrackPointExtension>
    </extensions>
   </trkpt>
   <trkpt lat="20.6510760" lon="-100.3248550">
    <ele>1998.0</ele>
    <time>2026-07-16T13:37:10Z</time>
    <extensions>
     <gpxtpx:TrackPointExtension>
      <gpxtpx:atemp>16</gpxtpx:atemp>
     </gpxtpx:TrackPointExtension>
    </extensions>
   </trkpt>
   <trkpt lat="20.6510770" lon="-100.3248550">
    <ele>1998.0</ele>
    <time>2026-07-16T13:37:11Z</time>
    <extensions>
     <gpxtpx:TrackPointExtension>
      <gpxtpx:atemp>16</gpxtpx:atemp>
     </gpxtpx:TrackPointExtension>
    </extensions>
   </trkpt>
   <trkpt lat="20.6510770" lon="-100.3248550">
    <ele>1998.0</ele>
    <time>2026-07-16T13:37:12Z</time>
    <extensions>
     <gpxtpx:TrackPointExtension>
      <gpxtpx:atemp>16</gpxtpx:atemp>
     </gpxtpx:TrackPointExtension>
    </extensions>
   </trkpt>
   <trkpt lat="20.6510770" lon="-100.3248550">
    <ele>1998.0</ele>
    <time>2026-07-16T13:37:13Z</time>
    <extensions>
     <gpxtpx:TrackPointExtension>
      <gpxtpx:atemp>16</gpxtpx:atemp>
     </gpxtpx:TrackPointExtension>
    </extensions>
   </trkpt>
   <trkpt lat="20.6510770" lon="-100.3248550">
    <ele>1998.0</ele>
    <time>2026-07-16T13:37:14Z</time>
    <extensions>
     <gpxtpx:TrackPointExtension>
      <gpxtpx:atemp>16</gpxtpx:atemp>
     </gpxtpx:TrackPointExtension>
    </extensions>
   </trkpt>
   <trkpt lat="20.6510770" lon="-100.3248550">
    <ele>1998.0</ele>
    <time>2026-07-16T13:37:15Z</time>
    <extensions>
     <gpxtpx:TrackPointExtension>
      <gpxtpx:atemp>16</gpxtpx:atemp>
     </gpxtpx:TrackPointExtension>
    </extensions>
   </trkpt>
   <trkpt lat="20.6510770" lon="-100.3248550">
    <ele>1998.0</ele>
    <time>2026-07-16T13:37:16Z</time>
    <extensions>
     <gpxtpx:TrackPointExtension>
      <gpxtpx:atemp>16</gpxtpx:atemp>
     </gpxtpx:TrackPointExtension>
    </extensions>
   </trkpt>
   <trkpt lat="20.6510770" lon="-100.3248550">
    <ele>1998.0</ele>
    <time>2026-07-16T13:37:17Z</time>
    <extensions>
     <gpxtpx:TrackPointExtension>
      <gpxtpx:atemp>16</gpxtpx:atemp>
     </gpxtpx:TrackPointExtension>
    </extensions>
   </trkpt>
   <trkpt lat="20.6510770" lon="-100.3248550">
    <ele>1998.0</ele>
    <time>2026-07-16T13:37:18Z</time>
    <extensions>
     <gpxtpx:TrackPointExtension>
      <gpxtpx:atemp>16</gpxtpx:atemp>
     </gpxtpx:TrackPointExtension>
    </extensions>
   </trkpt>
   <trkpt lat="20.6510770" lon="-100.3248550">
    <ele>1998.0</ele>
    <time>2026-07-16T13:37:19Z</time>
    <extensions>
     <gpxtpx:TrackPointExtension>
      <gpxtpx:atemp>16</gpxtpx:atemp>
     </gpxtpx:TrackPointExtension>
    </extensions>
   </trkpt>
   <trkpt lat="20.6510770" lon="-100.3248550">
    <ele>1998.0</ele>
    <time>2026-07-16T13:37:20Z</time>
    <extensions>
     <gpxtpx:TrackPointExtension>
      <gpxtpx:atemp>16</gpxtpx:atemp>
     </gpxtpx:TrackPointExtension>
    </extensions>
   </trkpt>
   <trkpt lat="20.6510770" lon="-100.3248550">
    <ele>1998.0</ele>
    <time>2026-07-16T13:37:21Z</time>
    <extensions>
     <gpxtpx:TrackPointExtension>
      <gpxtpx:atemp>16</gpxtpx:atemp>
     </gpxtpx:TrackPointExtension>
    </extensions>
   </trkpt>
   <trkpt lat="20.6510770" lon="-100.3248550">
    <ele>1998.0</ele>
    <time>2026-07-16T13:37:22Z</time>
    <extensions>
     <gpxtpx:TrackPointExtension>
      <gpxtpx:atemp>16</gpxtpx:atemp>
     </gpxtpx:TrackPointExtension>
    </extensions>
   </trkpt>
   <trkpt lat="20.6510770" lon="-100.3248550">
    <ele>1998.0</ele>
    <time>2026-07-16T13:37:23Z</time>
    <extensions>
     <gpxtpx:TrackPointExtension>
      <gpxtpx:atemp>16</gpxtpx:atemp>
     </gpxtpx:TrackPointExtension>
    </extensions>
   </trkpt>
   <trkpt lat="20.6510770" lon="-100.3248550">
    <ele>1998.0</ele>
    <time>2026-07-16T13:37:24Z</time>
    <extensions>
     <gpxtpx:TrackPointExtension>
      <gpxtpx:atemp>16</gpxtpx:atemp>
     </gpxtpx:TrackPointExtension>
    </extensions>
   </trkpt>
   <trkpt lat="20.6510770" lon="-100.3248550">
    <ele>1998.0</ele>
    <time>2026-07-16T13:37:25Z</time>
    <extensions>
     <gpxtpx:TrackPointExtension>
      <gpxtpx:atemp>16</gpxtpx:atemp>
     </gpxtpx:TrackPointExtension>
    </extensions>
   </trkpt>
   <trkpt lat="20.6510770" lon="-100.3248550">
    <ele>1998.0</ele>
    <time>2026-07-16T13:37:26Z</time>
    <extensions>
     <gpxtpx:TrackPointExtension>
      <gpxtpx:atemp>16</gpxtpx:atemp>
     </gpxtpx:TrackPointExtension>
    </extensions>
   </trkpt>
   <trkpt lat="20.6510770" lon="-100.3248550">
    <ele>1998.0</ele>
    <time>2026-07-16T13:37:27Z</time>
    <extensions>
     <gpxtpx:TrackPointExtension>
      <gpxtpx:atemp>16</gpxtpx:atemp>
     </gpxtpx:TrackPointExtension>
    </extensions>
   </trkpt>
   <trkpt lat="20.6510770" lon="-100.3248550">
    <ele>1998.0</ele>
    <time>2026-07-16T13:37:28Z</time>
    <extensions>
     <gpxtpx:TrackPointExtension>
      <gpxtpx:atemp>16</gpxtpx:atemp>
     </gpxtpx:TrackPointExtension>
    </extensions>
   </trkpt>
   <trkpt lat="20.6510770" lon="-100.3248550">
    <ele>1998.0</ele>
    <time>2026-07-16T13:37:29Z</time>
    <extensions>
     <gpxtpx:TrackPointExtension>
      <gpxtpx:atemp>16</gpxtpx:atemp>
     </gpxtpx:TrackPointExtension>
    </extensions>
   </trkpt>
   <trkpt lat="20.6510770" lon="-100.3248550">
    <ele>1998.0</ele>
    <time>2026-07-16T13:37:30Z</time>
    <extensions>
     <gpxtpx:TrackPointExtension>
      <gpxtpx:atemp>16</gpxtpx:atemp>
     </gpxtpx:TrackPointExtension>
    </extensions>
   </trkpt>
   <trkpt lat="20.6510770" lon="-100.3248550">
    <ele>1998.0</ele>
    <time>2026-07-16T13:37:31Z</time>
    <extensions>
     <gpxtpx:TrackPointExtension>
      <gpxtpx:atemp>16</gpxtpx:atemp>
     </gpxtpx:TrackPointExtension>
    </extensions>
   </trkpt>
   <trkpt lat="20.6510770" lon="-100.3248550">
    <ele>1998.0</ele>
    <time>2026-07-16T13:37:32Z</time>
    <extensions>
     <gpxtpx:TrackPointExtension>
      <gpxtpx:atemp>16</gpxtpx:atemp>
     </gpxtpx:TrackPointExtension>
    </extensions>
   </trkpt>
   <trkpt lat="20.6510770" lon="-100.3248550">
    <ele>1998.0</ele>
    <time>2026-07-16T13:37:33Z</time>
    <extensions>
     <gpxtpx:TrackPointExtension>
      <gpxtpx:atemp>16</gpxtpx:atemp>
     </gpxtpx:TrackPointExtension>
    </extensions>
   </trkpt>
   <trkpt lat="20.6510770" lon="-100.3248550">
    <ele>1998.0</ele>
    <time>2026-07-16T13:37:34Z</time>
    <extensions>
     <gpxtpx:TrackPointExtension>
      <gpxtpx:atemp>16</gpxtpx:atemp>
     </gpxtpx:TrackPointExtension>
    </extensions>
   </trkpt>
   <trkpt lat="20.6510770" lon="-100.3248550">
    <ele>1998.0</ele>
    <time>2026-07-16T13:37:35Z</time>
    <extensions>
     <gpxtpx:TrackPointExtension>
      <gpxtpx:atemp>16</gpxtpx:atemp>
     </gpxtpx:TrackPointExtension>
    </extensions>
   </trkpt>
   <trkpt lat="20.6510770" lon="-100.3248550">
    <ele>1998.0</ele>
    <time>2026-07-16T13:37:36Z</time>
    <extensions>
     <gpxtpx:TrackPointExtension>
      <gpxtpx:atemp>16</gpxtpx:atemp>
     </gpxtpx:TrackPointExtension>
    </extensions>
   </trkpt>
   <trkpt lat="20.6510770" lon="-100.3248550">
    <ele>1998.0</ele>
    <time>2026-07-16T13:37:37Z</time>
    <extensions>
     <gpxtpx:TrackPointExtension>
      <gpxtpx:atemp>16</gpxtpx:atemp>
     </gpxtpx:TrackPointExtension>
    </extensions>
   </trkpt>
   <trkpt lat="20.6510770" lon="-100.3248550">
    <ele>1998.0</ele>
    <time>2026-07-16T13:37:38Z</time>
    <extensions>
     <gpxtpx:TrackPointExtension>
      <gpxtpx:atemp>16</gpxtpx:atemp>
     </gpxtpx:TrackPointExtension>
    </extensions>
   </trkpt>
   <trkpt lat="20.6510770" lon="-100.3248550">
    <ele>1998.0</ele>
    <time>2026-07-16T13:37:39Z</time>
    <extensions>
     <gpxtpx:TrackPointExtension>
      <gpxtpx:atemp>16</gpxtpx:atemp>
     </gpxtpx:TrackPointExtension>
    </extensions>
   </trkpt>
   <trkpt lat="20.6510770" lon="-100.3248550">
    <ele>1998.0</ele>
    <time>2026-07-16T13:37:40Z</time>
    <extensions>
     <gpxtpx:TrackPointExtension>
      <gpxtpx:atemp>16</gpxtpx:atemp>
     </gpxtpx:TrackPointExtension>
    </extensions>
   </trkpt>
   <trkpt lat="20.6510770" lon="-100.3248550">
    <ele>1998.0</ele>
    <time>2026-07-16T13:37:41Z</time>
    <extensions>
     <gpxtpx:TrackPointExtension>
      <gpxtpx:atemp>16</gpxtpx:atemp>
     </gpxtpx:TrackPointExtension>
    </extensions>
   </trkpt>
   <trkpt lat="20.6510770" lon="-100.3248550">
    <ele>1998.0</ele>
    <time>2026-07-16T13:37:42Z</time>
    <extensions>
     <gpxtpx:TrackPointExtension>
      <gpxtpx:atemp>16</gpxtpx:atemp>
     </gpxtpx:TrackPointExtension>
    </extensions>
   </trkpt>
   <trkpt lat="20.6510770" lon="-100.3248550">
    <ele>1998.0</ele>
    <time>2026-07-16T13:37:43Z</time>
    <extensions>
     <gpxtpx:TrackPointExtension>
      <gpxtpx:atemp>16</gpxtpx:atemp>
     </gpxtpx:TrackPointExtension>
    </extensions>
   </trkpt>
   <trkpt lat="20.6510770" lon="-100.3248550">
    <ele>1998.0</ele>
    <time>2026-07-16T13:37:44Z</time>
    <extensions>
     <gpxtpx:TrackPointExtension>
      <gpxtpx:atemp>16</gpxtpx:atemp>
     </gpxtpx:TrackPointExtension>
    </extensions>
   </trkpt>
   <trkpt lat="20.6510770" lon="-100.3248550">
    <ele>1998.0</ele>
    <time>2026-07-16T13:37:45Z</time>
    <extensions>
     <gpxtpx:TrackPointExtension>
      <gpxtpx:atemp>16</gpxtpx:atemp>
     </gpxtpx:TrackPointExtension>
    </extensions>
   </trkpt>
   <trkpt lat="20.6510770" lon="-100.3248550">
    <ele>1998.0</ele>
    <time>2026-07-16T13:37:46Z</time>
    <extensions>
     <gpxtpx:TrackPointExtension>
      <gpxtpx:atemp>16</gpxtpx:atemp>
     </gpxtpx:TrackPointExtension>
    </extensions>
   </trkpt>
   <trkpt lat="20.6510770" lon="-100.3248550">
    <ele>1998.0</ele>
    <time>2026-07-16T13:37:47Z</time>
    <extensions>
     <gpxtpx:TrackPointExtension>
      <gpxtpx:atemp>16</gpxtpx:atemp>
     </gpxtpx:TrackPointExtension>
    </extensions>
   </trkpt>
   <trkpt lat="20.6510770" lon="-100.3248550">
    <ele>1998.0</ele>
    <time>2026-07-16T13:37:48Z</time>
    <extensions>
     <gpxtpx:TrackPointExtension>
      <gpxtpx:atemp>16</gpxtpx:atemp>
     </gpxtpx:TrackPointExtension>
    </extensions>
   </trkpt>
   <trkpt lat="20.6510770" lon="-100.3248550">
    <ele>1998.0</ele>
    <time>2026-07-16T13:37:49Z</time>
    <extensions>
     <gpxtpx:TrackPointExtension>
      <gpxtpx:atemp>16</gpxtpx:atemp>
     </gpxtpx:TrackPointExtension>
    </extensions>
   </trkpt>
   <trkpt lat="20.6510770" lon="-100.3248550">
    <ele>1998.0</ele>
    <time>2026-07-16T13:37:50Z</time>
    <extensions>
     <gpxtpx:TrackPointExtension>
      <gpxtpx:atemp>16</gpxtpx:atemp>
     </gpxtpx:TrackPointExtension>
    </extensions>
   </trkpt>
   <trkpt lat="20.6510770" lon="-100.3248550">
    <ele>1998.0</ele>
    <time>2026-07-16T13:37:51Z</time>
    <extensions>
     <gpxtpx:TrackPointExtension>
      <gpxtpx:atemp>16</gpxtpx:atemp>
     </gpxtpx:TrackPointExtension>
    </extensions>
   </trkpt>
   <trkpt lat="20.6510770" lon="-100.3248550">
    <ele>1998.0</ele>
    <time>2026-07-16T13:37:52Z</time>
    <extensions>
     <gpxtpx:TrackPointExtension>
      <gpxtpx:atemp>16</gpxtpx:atemp>
     </gpxtpx:TrackPointExtension>
    </extensions>
   </trkpt>
   <trkpt lat="20.6510770" lon="-100.3248550">
    <ele>1998.0</ele>
    <time>2026-07-16T13:37:53Z</time>
    <extensions>
     <gpxtpx:TrackPointExtension>
      <gpxtpx:atemp>16</gpxtpx:atemp>
     </gpxtpx:TrackPointExtension>
    </extensions>
   </trkpt>
   <trkpt lat="20.6510770" lon="-100.3248550">
    <ele>1998.0</ele>
    <time>2026-07-16T13:37:54Z</time>
    <extensions>
     <gpxtpx:TrackPointExtension>
      <gpxtpx:atemp>16</gpxtpx:atemp>
     </gpxtpx:TrackPointExtension>
    </extensions>
   </trkpt>
   <trkpt lat="20.6510770" lon="-100.3248550">
    <ele>1998.0</ele>
    <time>2026-07-16T13:37:55Z</time>
    <extensions>
     <gpxtpx:TrackPointExtension>
      <gpxtpx:atemp>16</gpxtpx:atemp>
     </gpxtpx:TrackPointExtension>
    </extensions>
   </trkpt>
   <trkpt lat="20.6510770" lon="-100.3248550">
    <ele>1998.0</ele>
    <time>2026-07-16T13:37:56Z</time>
    <extensions>
     <gpxtpx:TrackPointExtension>
      <gpxtpx:atemp>16</gpxtpx:atemp>
     </gpxtpx:TrackPointExtension>
    </extensions>
   </trkpt>
   <trkpt lat="20.6510770" lon="-100.3248550">
    <ele>1998.0</ele>
    <time>2026-07-16T13:37:57Z</time>
    <extensions>
     <gpxtpx:TrackPointExtension>
      <gpxtpx:atemp>16</gpxtpx:atemp>
     </gpxtpx:TrackPointExtension>
    </extensions>
   </trkpt>
   <trkpt lat="20.6510770" lon="-100.3248550">
    <ele>1998.0</ele>
    <time>2026-07-16T13:37:58Z</time>
    <extensions>
     <gpxtpx:TrackPointExtension>
      <gpxtpx:atemp>16</gpxtpx:atemp>
     </gpxtpx:TrackPointExtension>
    </extensions>
   </trkpt>
   <trkpt lat="20.6510770" lon="-100.3248550">
    <ele>1998.0</ele>
    <time>2026-07-16T13:37:59Z</time>
    <extensions>
     <gpxtpx:TrackPointExtension>
      <gpxtpx:atemp>16</gpxtpx:atemp>
     </gpxtpx:TrackPointExtension>
    </extensions>
   </trkpt>
   <trkpt lat="20.6510770" lon="-100.3248550">
    <ele>1998.0</ele>
    <time>2026-07-16T13:38:00Z</time>
    <extensions>
     <gpxtpx:TrackPointExtension>
      <gpxtpx:atemp>16</gpxtpx:atemp>
     </gpxtpx:TrackPointExtension>
    </extensions>
   </trkpt>
   <trkpt lat="20.6510770" lon="-100.3248550">
    <ele>1998.0</ele>
    <time>2026-07-16T13:38:01Z</time>
    <extensions>
     <gpxtpx:TrackPointExtension>
      <gpxtpx:atemp>16</gpxtpx:atemp>
     </gpxtpx:TrackPointExtension>
    </extensions>
   </trkpt>
   <trkpt lat="20.6510770" lon="-100.3248550">
    <ele>1998.0</ele>
    <time>2026-07-16T13:38:02Z</time>
    <extensions>
     <gpxtpx:TrackPointExtension>
      <gpxtpx:atemp>16</gpxtpx:atemp>
     </gpxtpx:TrackPointExtension>
    </extensions>
   </trkpt>
   <trkpt lat="20.6510770" lon="-100.3248550">
    <ele>1998.0</ele>
    <time>2026-07-16T13:38:03Z</time>
    <extensions>
     <gpxtpx:TrackPointExtension>
      <gpxtpx:atemp>16</gpxtpx:atemp>
     </gpxtpx:TrackPointExtension>
    </extensions>
   </trkpt>
   <trkpt lat="20.6510770" lon="-100.3248550">
    <ele>1998.0</ele>
    <time>2026-07-16T13:38:04Z</time>
    <extensions>
     <gpxtpx:TrackPointExtension>
      <gpxtpx:atemp>16</gpxtpx:atemp>
     </gpxtpx:TrackPointExtension>
    </extensions>
   </trkpt>
   <trkpt lat="20.6510770" lon="-100.3248550">
    <ele>1998.0</ele>
    <time>2026-07-16T13:38:05Z</time>
    <extensions>
     <gpxtpx:TrackPointExtension>
      <gpxtpx:atemp>16</gpxtpx:atemp>
     </gpxtpx:TrackPointExtension>
    </extensions>
   </trkpt>
   <trkpt lat="20.6510770" lon="-100.3248550">
    <ele>1998.0</ele>
    <time>2026-07-16T13:38:06Z</time>
    <extensions>
     <gpxtpx:TrackPointExtension>
      <gpxtpx:atemp>16</gpxtpx:atemp>
     </gpxtpx:TrackPointExtension>
    </extensions>
   </trkpt>
   <trkpt lat="20.6510770" lon="-100.3248550">
    <ele>1998.0</ele>
    <time>2026-07-16T13:38:07Z</time>
    <extensions>
     <gpxtpx:TrackPointExtension>
      <gpxtpx:atemp>16</gpxtpx:atemp>
     </gpxtpx:TrackPointExtension>
    </extensions>
   </trkpt>
   <trkpt lat="20.6510770" lon="-100.3248550">
    <ele>1998.0</ele>
    <time>2026-07-16T13:38:08Z</time>
    <extensions>
     <gpxtpx:TrackPointExtension>
      <gpxtpx:atemp>16</gpxtpx:atemp>
     </gpxtpx:TrackPointExtension>
    </extensions>
   </trkpt>
   <trkpt lat="20.6510770" lon="-100.3248550">
    <ele>1998.0</ele>
    <time>2026-07-16T13:38:09Z</time>
    <extensions>
     <gpxtpx:TrackPointExtension>
      <gpxtpx:atemp>16</gpxtpx:atemp>
     </gpxtpx:TrackPointExtension>
    </extensions>
   </trkpt>
   <trkpt lat="20.6510770" lon="-100.3248550">
    <ele>1998.0</ele>
    <time>2026-07-16T13:38:10Z</time>
    <extensions>
     <gpxtpx:TrackPointExtension>
      <gpxtpx:atemp>16</gpxtpx:atemp>
     </gpxtpx:TrackPointExtension>
    </extensions>
   </trkpt>
   <trkpt lat="20.6510770" lon="-100.3248550">
    <ele>1998.0</ele>
    <time>2026-07-16T13:38:11Z</time>
    <extensions>
     <gpxtpx:TrackPointExtension>
      <gpxtpx:atemp>16</gpxtpx:atemp>
     </gpxtpx:TrackPointExtension>
    </extensions>
   </trkpt>
   <trkpt lat="20.6510770" lon="-100.3248550">
    <ele>1998.0</ele>
    <time>2026-07-16T13:38:12Z</time>
    <extensions>
     <gpxtpx:TrackPointExtension>
      <gpxtpx:atemp>16</gpxtpx:atemp>
     </gpxtpx:TrackPointExtension>
    </extensions>
   </trkpt>
   <trkpt lat="20.6510770" lon="-100.3248550">
    <ele>1997.8</ele>
    <time>2026-07-16T13:38:13Z</time>
    <extensions>
     <gpxtpx:TrackPointExtension>
      <gpxtpx:atemp>16</gpxtpx:atemp>
     </gpxtpx:TrackPointExtension>
    </extensions>
   </trkpt>
   <trkpt lat="20.6510770" lon="-100.3248550">
    <ele>1997.8</ele>
    <time>2026-07-16T13:38:14Z</time>
    <extensions>
     <gpxtpx:TrackPointExtension>
      <gpxtpx:atemp>16</gpxtpx:atemp>
     </gpxtpx:TrackPointExtension>
    </extensions>
   </trkpt>
   <trkpt lat="20.6510770" lon="-100.3248550">
    <ele>1997.8</ele>
    <time>2026-07-16T13:38:15Z</time>
    <extensions>
     <gpxtpx:TrackPointExtension>
      <gpxtpx:atemp>16</gpxtpx:atemp>
     </gpxtpx:TrackPointExtension>
    </extensions>
   </trkpt>
   <trkpt lat="20.6510770" lon="-100.3248550">
    <ele>1998.0</ele>
    <time>2026-07-16T13:38:16Z</time>
    <extensions>
     <gpxtpx:TrackPointExtension>
      <gpxtpx:atemp>16</gpxtpx:atemp>
     </gpxtpx:TrackPointExtension>
    </extensions>
   </trkpt>
   <trkpt lat="20.6510770" lon="-100.3248550">
    <ele>1998.0</ele>
    <time>2026-07-16T13:38:17Z</time>
    <extensions>
     <gpxtpx:TrackPointExtension>
      <gpxtpx:atemp>16</gpxtpx:atemp>
     </gpxtpx:TrackPointExtension>
    </extensions>
   </trkpt>
   <trkpt lat="20.6510770" lon="-100.3248550">
    <ele>1998.0</ele>
    <time>2026-07-16T13:38:18Z</time>
    <extensions>
     <gpxtpx:TrackPointExtension>
      <gpxtpx:atemp>16</gpxtpx:atemp>
     </gpxtpx:TrackPointExtension>
    </extensions>
   </trkpt>
   <trkpt lat="20.6510770" lon="-100.3248550">
    <ele>1998.0</ele>
    <time>2026-07-16T13:38:19Z</time>
    <extensions>
     <gpxtpx:TrackPointExtension>
      <gpxtpx:atemp>17</gpxtpx:atemp>
     </gpxtpx:TrackPointExtension>
    </extensions>
   </trkpt>
   <trkpt lat="20.6510770" lon="-100.3248550">
    <ele>1998.0</ele>
    <time>2026-07-16T13:38:20Z</time>
    <extensions>
     <gpxtpx:TrackPointExtension>
      <gpxtpx:atemp>16</gpxtpx:atemp>
     </gpxtpx:TrackPointExtension>
    </extensions>
   </trkpt>
   <trkpt lat="20.6510770" lon="-100.3248550">
    <ele>1998.0</ele>
    <time>2026-07-16T13:38:21Z</time>
    <extensions>
     <gpxtpx:TrackPointExtension>
      <gpxtpx:atemp>17</gpxtpx:atemp>
     </gpxtpx:TrackPointExtension>
    </extensions>
   </trkpt>
   <trkpt lat="20.6510770" lon="-100.3248550">
    <ele>1998.0</ele>
    <time>2026-07-16T13:38:22Z</time>
    <extensions>
     <gpxtpx:TrackPointExtension>
      <gpxtpx:atemp>16</gpxtpx:atemp>
     </gpxtpx:TrackPointExtension>
    </extensions>
   </trkpt>
   <trkpt lat="20.6510770" lon="-100.3248550">
    <ele>1998.0</ele>
    <time>2026-07-16T13:38:23Z</time>
    <extensions>
     <gpxtpx:TrackPointExtension>
      <gpxtpx:atemp>17</gpxtpx:atemp>
     </gpxtpx:TrackPointExtension>
    </extensions>
   </trkpt>
   <trkpt lat="20.6510770" lon="-100.3248550">
    <ele>1998.0</ele>
    <time>2026-07-16T13:38:24Z</time>
    <extensions>
     <gpxtpx:TrackPointExtension>
      <gpxtpx:atemp>17</gpxtpx:atemp>
     </gpxtpx:TrackPointExtension>
    </extensions>
   </trkpt>
   <trkpt lat="20.6510770" lon="-100.3248550">
    <ele>1998.0</ele>
    <time>2026-07-16T13:38:25Z</time>
    <extensions>
     <gpxtpx:TrackPointExtension>
      <gpxtpx:atemp>17</gpxtpx:atemp>
     </gpxtpx:TrackPointExtension>
    </extensions>
   </trkpt>
   <trkpt lat="20.6510770" lon="-100.3248550">
    <ele>1998.0</ele>
    <time>2026-07-16T13:38:26Z</time>
    <extensions>
     <gpxtpx:TrackPointExtension>
      <gpxtpx:atemp>17</gpxtpx:atemp>
     </gpxtpx:TrackPointExtension>
    </extensions>
   </trkpt>
   <trkpt lat="20.6510770" lon="-100.3248550">
    <ele>1998.0</ele>
    <time>2026-07-16T13:38:27Z</time>
    <extensions>
     <gpxtpx:TrackPointExtension>
      <gpxtpx:atemp>17</gpxtpx:atemp>
     </gpxtpx:TrackPointExtension>
    </extensions>
   </trkpt>
   <trkpt lat="20.6510770" lon="-100.3248550">
    <ele>1998.0</ele>
    <time>2026-07-16T13:38:28Z</time>
    <extensions>
     <gpxtpx:TrackPointExtension>
      <gpxtpx:atemp>17</gpxtpx:atemp>
     </gpxtpx:TrackPointExtension>
    </extensions>
   </trkpt>
   <trkpt lat="20.6510770" lon="-100.3248550">
    <ele>1998.0</ele>
    <time>2026-07-16T13:38:29Z</time>
    <extensions>
     <gpxtpx:TrackPointExtension>
      <gpxtpx:atemp>17</gpxtpx:atemp>
     </gpxtpx:TrackPointExtension>
    </extensions>
   </trkpt>
   <trkpt lat="20.6510770" lon="-100.3248550">
    <ele>1998.0</ele>
    <time>2026-07-16T13:38:30Z</time>
    <extensions>
     <gpxtpx:TrackPointExtension>
      <gpxtpx:atemp>17</gpxtpx:atemp>
     </gpxtpx:TrackPointExtension>
    </extensions>
   </trkpt>
   <trkpt lat="20.6510770" lon="-100.3248550">
    <ele>1998.0</ele>
    <time>2026-07-16T13:38:31Z</time>
    <extensions>
     <gpxtpx:TrackPointExtension>
      <gpxtpx:atemp>17</gpxtpx:atemp>
     </gpxtpx:TrackPointExtension>
    </extensions>
   </trkpt>
   <trkpt lat="20.6510770" lon="-100.3248550">
    <ele>1998.0</ele>
    <time>2026-07-16T13:38:32Z</time>
    <extensions>
     <gpxtpx:TrackPointExtension>
      <gpxtpx:atemp>17</gpxtpx:atemp>
     </gpxtpx:TrackPointExtension>
    </extensions>
   </trkpt>
   <trkpt lat="20.6510770" lon="-100.3248550">
    <ele>1998.0</ele>
    <time>2026-07-16T13:38:33Z</time>
    <extensions>
     <gpxtpx:TrackPointExtension>
      <gpxtpx:atemp>17</gpxtpx:atemp>
     </gpxtpx:TrackPointExtension>
    </extensions>
   </trkpt>
   <trkpt lat="20.6510770" lon="-100.3248550">
    <ele>1998.0</ele>
    <time>2026-07-16T13:38:34Z</time>
    <extensions>
     <gpxtpx:TrackPointExtension>
      <gpxtpx:atemp>17</gpxtpx:atemp>
     </gpxtpx:TrackPointExtension>
    </extensions>
   </trkpt>
   <trkpt lat="20.6510770" lon="-100.3248550">
    <ele>1998.0</ele>
    <time>2026-07-16T13:38:35Z</time>
    <extensions>
     <gpxtpx:TrackPointExtension>
      <gpxtpx:atemp>17</gpxtpx:atemp>
     </gpxtpx:TrackPointExtension>
    </extensions>
   </trkpt>
   <trkpt lat="20.6510770" lon="-100.3248550">
    <ele>1998.0</ele>
    <time>2026-07-16T13:38:36Z</time>
    <extensions>
     <gpxtpx:TrackPointExtension>
      <gpxtpx:atemp>17</gpxtpx:atemp>
     </gpxtpx:TrackPointExtension>
    </extensions>
   </trkpt>
   <trkpt lat="20.6510770" lon="-100.3248550">
    <ele>1998.0</ele>
    <time>2026-07-16T13:38:37Z</time>
    <extensions>
     <gpxtpx:TrackPointExtension>
      <gpxtpx:atemp>17</gpxtpx:atemp>
     </gpxtpx:TrackPointExtension>
    </extensions>
   </trkpt>
   <trkpt lat="20.6510770" lon="-100.3248550">
    <ele>1998.0</ele>
    <time>2026-07-16T13:38:38Z</time>
    <extensions>
     <gpxtpx:TrackPointExtension>
      <gpxtpx:atemp>17</gpxtpx:atemp>
     </gpxtpx:TrackPointExtension>
    </extensions>
   </trkpt>
   <trkpt lat="20.6510770" lon="-100.3248550">
    <ele>1998.0</ele>
    <time>2026-07-16T13:38:39Z</time>
    <extensions>
     <gpxtpx:TrackPointExtension>
      <gpxtpx:atemp>17</gpxtpx:atemp>
     </gpxtpx:TrackPointExtension>
    </extensions>
   </trkpt>
   <trkpt lat="20.6510770" lon="-100.3248550">
    <ele>1997.8</ele>
    <time>2026-07-16T13:38:40Z</time>
    <extensions>
     <gpxtpx:TrackPointExtension>
      <gpxtpx:atemp>17</gpxtpx:atemp>
     </gpxtpx:TrackPointExtension>
    </extensions>
   </trkpt>
   <trkpt lat="20.6510770" lon="-100.3248550">
    <ele>1997.8</ele>
    <time>2026-07-16T13:38:41Z</time>
    <extensions>
     <gpxtpx:TrackPointExtension>
      <gpxtpx:atemp>17</gpxtpx:atemp>
     </gpxtpx:TrackPointExtension>
    </extensions>
   </trkpt>
   <trkpt lat="20.6510770" lon="-100.3248550">
    <ele>1997.8</ele>
    <time>2026-07-16T13:38:42Z</time>
    <extensions>
     <gpxtpx:TrackPointExtension>
      <gpxtpx:atemp>17</gpxtpx:atemp>
     </gpxtpx:TrackPointExtension>
    </extensions>
   </trkpt>
   <trkpt lat="20.6510770" lon="-100.3248550">
    <ele>1997.8</ele>
    <time>2026-07-16T13:38:43Z</time>
    <extensions>
     <gpxtpx:TrackPointExtension>
      <gpxtpx:atemp>17</gpxtpx:atemp>
     </gpxtpx:TrackPointExtension>
    </extensions>
   </trkpt>
   <trkpt lat="20.6510770" lon="-100.3248550">
    <ele>1998.0</ele>
    <time>2026-07-16T13:38:44Z</time>
    <extensions>
     <gpxtpx:TrackPointExtension>
      <gpxtpx:atemp>17</gpxtpx:atemp>
     </gpxtpx:TrackPointExtension>
    </extensions>
   </trkpt>
   <trkpt lat="20.6510770" lon="-100.3248550">
    <ele>1998.0</ele>
    <time>2026-07-16T13:38:45Z</time>
    <extensions>
     <gpxtpx:TrackPointExtension>
      <gpxtpx:atemp>17</gpxtpx:atemp>
     </gpxtpx:TrackPointExtension>
    </extensions>
   </trkpt>
   <trkpt lat="20.6510770" lon="-100.3248550">
    <ele>1998.0</ele>
    <time>2026-07-16T13:38:46Z</time>
    <extensions>
     <gpxtpx:TrackPointExtension>
      <gpxtpx:atemp>17</gpxtpx:atemp>
     </gpxtpx:TrackPointExtension>
    </extensions>
   </trkpt>
   <trkpt lat="20.6510770" lon="-100.3248550">
    <ele>1998.0</ele>
    <time>2026-07-16T13:38:47Z</time>
    <extensions>
     <gpxtpx:TrackPointExtension>
      <gpxtpx:atemp>17</gpxtpx:atemp>
     </gpxtpx:TrackPointExtension>
    </extensions>
   </trkpt>
   <trkpt lat="20.6510770" lon="-100.3248550">
    <ele>1998.0</ele>
    <time>2026-07-16T13:38:48Z</time>
    <extensions>
     <gpxtpx:TrackPointExtension>
      <gpxtpx:atemp>17</gpxtpx:atemp>
     </gpxtpx:TrackPointExtension>
    </extensions>
   </trkpt>
   <trkpt lat="20.6510770" lon="-100.3248550">
    <ele>1998.0</ele>
    <time>2026-07-16T13:38:49Z</time>
    <extensions>
     <gpxtpx:TrackPointExtension>
      <gpxtpx:atemp>17</gpxtpx:atemp>
     </gpxtpx:TrackPointExtension>
    </extensions>
   </trkpt>
   <trkpt lat="20.6510770" lon="-100.3248550">
    <ele>1998.0</ele>
    <time>2026-07-16T13:38:50Z</time>
    <extensions>
     <gpxtpx:TrackPointExtension>
      <gpxtpx:atemp>17</gpxtpx:atemp>
     </gpxtpx:TrackPointExtension>
    </extensions>
   </trkpt>
   <trkpt lat="20.6510770" lon="-100.3248550">
    <ele>1998.0</ele>
    <time>2026-07-16T13:38:51Z</time>
    <extensions>
     <gpxtpx:TrackPointExtension>
      <gpxtpx:atemp>17</gpxtpx:atemp>
     </gpxtpx:TrackPointExtension>
    </extensions>
   </trkpt>
   <trkpt lat="20.6510770" lon="-100.3248550">
    <ele>1998.0</ele>
    <time>2026-07-16T13:38:52Z</time>
    <extensions>
     <gpxtpx:TrackPointExtension>
      <gpxtpx:atemp>17</gpxtpx:atemp>
     </gpxtpx:TrackPointExtension>
    </extensions>
   </trkpt>
   <trkpt lat="20.6510770" lon="-100.3248550">
    <ele>1998.0</ele>
    <time>2026-07-16T13:38:53Z</time>
    <extensions>
     <gpxtpx:TrackPointExtension>
      <gpxtpx:atemp>17</gpxtpx:atemp>
     </gpxtpx:TrackPointExtension>
    </extensions>
   </trkpt>
   <trkpt lat="20.6510770" lon="-100.3248550">
    <ele>1998.0</ele>
    <time>2026-07-16T13:38:54Z</time>
    <extensions>
     <gpxtpx:TrackPointExtension>
      <gpxtpx:atemp>17</gpxtpx:atemp>
     </gpxtpx:TrackPointExtension>
    </extensions>
   </trkpt>
   <trkpt lat="20.6510770" lon="-100.3248550">
    <ele>1998.0</ele>
    <time>2026-07-16T13:38:55Z</time>
    <extensions>
     <gpxtpx:TrackPointExtension>
      <gpxtpx:atemp>17</gpxtpx:atemp>
     </gpxtpx:TrackPointExtension>
    </extensions>
   </trkpt>
   <trkpt lat="20.6510770" lon="-100.3248550">
    <ele>1998.0</ele>
    <time>2026-07-16T13:38:56Z</time>
    <extensions>
     <gpxtpx:TrackPointExtension>
      <gpxtpx:atemp>17</gpxtpx:atemp>
     </gpxtpx:TrackPointExtension>
    </extensions>
   </trkpt>
   <trkpt lat="20.6510770" lon="-100.3248550">
    <ele>1998.0</ele>
    <time>2026-07-16T13:38:57Z</time>
    <extensions>
     <gpxtpx:TrackPointExtension>
      <gpxtpx:atemp>17</gpxtpx:atemp>
     </gpxtpx:TrackPointExtension>
    </extensions>
   </trkpt>
   <trkpt lat="20.6510770" lon="-100.3248550">
    <ele>1998.0</ele>
    <time>2026-07-16T13:38:58Z</time>
    <extensions>
     <gpxtpx:TrackPointExtension>
      <gpxtpx:atemp>17</gpxtpx:atemp>
     </gpxtpx:TrackPointExtension>
    </extensions>
   </trkpt>
   <trkpt lat="20.6510770" lon="-100.3248550">
    <ele>1998.0</ele>
    <time>2026-07-16T13:38:59Z</time>
    <extensions>
     <gpxtpx:TrackPointExtension>
      <gpxtpx:atemp>17</gpxtpx:atemp>
     </gpxtpx:TrackPointExtension>
    </extensions>
   </trkpt>
   <trkpt lat="20.6510770" lon="-100.3248550">
    <ele>1998.0</ele>
    <time>2026-07-16T13:39:00Z</time>
    <extensions>
     <gpxtpx:TrackPointExtension>
      <gpxtpx:atemp>17</gpxtpx:atemp>
     </gpxtpx:TrackPointExtension>
    </extensions>
   </trkpt>
   <trkpt lat="20.6510770" lon="-100.3248550">
    <ele>1998.0</ele>
    <time>2026-07-16T13:39:01Z</time>
    <extensions>
     <gpxtpx:TrackPointExtension>
      <gpxtpx:atemp>17</gpxtpx:atemp>
     </gpxtpx:TrackPointExtension>
    </extensions>
   </trkpt>
   <trkpt lat="20.6510770" lon="-100.3248550">
    <ele>1998.0</ele>
    <time>2026-07-16T13:39:02Z</time>
    <extensions>
     <gpxtpx:TrackPointExtension>
      <gpxtpx:atemp>17</gpxtpx:atemp>
     </gpxtpx:TrackPointExtension>
    </extensions>
   </trkpt>
   <trkpt lat="20.6510770" lon="-100.3248550">
    <ele>1998.0</ele>
    <time>2026-07-16T13:39:03Z</time>
    <extensions>
     <gpxtpx:TrackPointExtension>
      <gpxtpx:atemp>17</gpxtpx:atemp>
     </gpxtpx:TrackPointExtension>
    </extensions>
   </trkpt>
   <trkpt lat="20.6510770" lon="-100.3248550">
    <ele>1998.0</ele>
    <time>2026-07-16T13:39:04Z</time>
    <extensions>
     <gpxtpx:TrackPointExtension>
      <gpxtpx:atemp>17</gpxtpx:atemp>
     </gpxtpx:TrackPointExtension>
    </extensions>
   </trkpt>
   <trkpt lat="20.6510770" lon="-100.3248550">
    <ele>1998.0</ele>
    <time>2026-07-16T13:39:05Z</time>
    <extensions>
     <gpxtpx:TrackPointExtension>
      <gpxtpx:atemp>17</gpxtpx:atemp>
     </gpxtpx:TrackPointExtension>
    </extensions>
   </trkpt>
   <trkpt lat="20.6510770" lon="-100.3248550">
    <ele>1998.0</ele>
    <time>2026-07-16T13:39:06Z</time>
    <extensions>
     <gpxtpx:TrackPointExtension>
      <gpxtpx:atemp>17</gpxtpx:atemp>
     </gpxtpx:TrackPointExtension>
    </extensions>
   </trkpt>
   <trkpt lat="20.6510770" lon="-100.3248550">
    <ele>1998.0</ele>
    <time>2026-07-16T13:39:07Z</time>
    <extensions>
     <gpxtpx:TrackPointExtension>
      <gpxtpx:atemp>17</gpxtpx:atemp>
     </gpxtpx:TrackPointExtension>
    </extensions>
   </trkpt>
   <trkpt lat="20.6510770" lon="-100.3248550">
    <ele>1998.0</ele>
    <time>2026-07-16T13:39:08Z</time>
    <extensions>
     <gpxtpx:TrackPointExtension>
      <gpxtpx:atemp>17</gpxtpx:atemp>
     </gpxtpx:TrackPointExtension>
    </extensions>
   </trkpt>
   <trkpt lat="20.6510770" lon="-100.3248550">
    <ele>1998.0</ele>
    <time>2026-07-16T13:39:09Z</time>
    <extensions>
     <gpxtpx:TrackPointExtension>
      <gpxtpx:atemp>17</gpxtpx:atemp>
     </gpxtpx:TrackPointExtension>
    </extensions>
   </trkpt>
   <trkpt lat="20.6510770" lon="-100.3248550">
    <ele>1998.0</ele>
    <time>2026-07-16T13:39:10Z</time>
    <extensions>
     <gpxtpx:TrackPointExtension>
      <gpxtpx:atemp>17</gpxtpx:atemp>
     </gpxtpx:TrackPointExtension>
    </extensions>
   </trkpt>
   <trkpt lat="20.6510770" lon="-100.3248550">
    <ele>1998.0</ele>
    <time>2026-07-16T13:39:11Z</time>
    <extensions>
     <gpxtpx:TrackPointExtension>
      <gpxtpx:atemp>17</gpxtpx:atemp>
     </gpxtpx:TrackPointExtension>
    </extensions>
   </trkpt>
   <trkpt lat="20.6510770" lon="-100.3248550">
    <ele>1998.0</ele>
    <time>2026-07-16T13:39:12Z</time>
    <extensions>
     <gpxtpx:TrackPointExtension>
      <gpxtpx:atemp>17</gpxtpx:atemp>
     </gpxtpx:TrackPointExtension>
    </extensions>
   </trkpt>
   <trkpt lat="20.6510770" lon="-100.3248550">
    <ele>1998.0</ele>
    <time>2026-07-16T13:39:13Z</time>
    <extensions>
     <gpxtpx:TrackPointExtension>
      <gpxtpx:atemp>17</gpxtpx:atemp>
     </gpxtpx:TrackPointExtension>
    </extensions>
   </trkpt>
   <trkpt lat="20.6510770" lon="-100.3248550">
    <ele>1998.0</ele>
    <time>2026-07-16T13:39:14Z</time>
    <extensions>
     <gpxtpx:TrackPointExtension>
      <gpxtpx:atemp>17</gpxtpx:atemp>
     </gpxtpx:TrackPointExtension>
    </extensions>
   </trkpt>
   <trkpt lat="20.6510770" lon="-100.3248550">
    <ele>1998.0</ele>
    <time>2026-07-16T13:39:15Z</time>
    <extensions>
     <gpxtpx:TrackPointExtension>
      <gpxtpx:atemp>17</gpxtpx:atemp>
     </gpxtpx:TrackPointExtension>
    </extensions>
   </trkpt>
   <trkpt lat="20.6510770" lon="-100.3248550">
    <ele>1998.0</ele>
    <time>2026-07-16T13:39:16Z</time>
    <extensions>
     <gpxtpx:TrackPointExtension>
      <gpxtpx:atemp>17</gpxtpx:atemp>
     </gpxtpx:TrackPointExtension>
    </extensions>
   </trkpt>
   <trkpt lat="20.6510770" lon="-100.3248550">
    <ele>1998.0</ele>
    <time>2026-07-16T13:39:17Z</time>
    <extensions>
     <gpxtpx:TrackPointExtension>
      <gpxtpx:atemp>17</gpxtpx:atemp>
     </gpxtpx:TrackPointExtension>
    </extensions>
   </trkpt>
   <trkpt lat="20.6510770" lon="-100.3248550">
    <ele>1998.0</ele>
    <time>2026-07-16T13:39:18Z</time>
    <extensions>
     <gpxtpx:TrackPointExtension>
      <gpxtpx:atemp>17</gpxtpx:atemp>
     </gpxtpx:TrackPointExtension>
    </extensions>
   </trkpt>
   <trkpt lat="20.6510770" lon="-100.3248550">
    <ele>1998.0</ele>
    <time>2026-07-16T13:39:19Z</time>
    <extensions>
     <gpxtpx:TrackPointExtension>
      <gpxtpx:atemp>17</gpxtpx:atemp>
     </gpxtpx:TrackPointExtension>
    </extensions>
   </trkpt>
   <trkpt lat="20.6510770" lon="-100.3248550">
    <ele>1998.0</ele>
    <time>2026-07-16T13:39:20Z</time>
    <extensions>
     <gpxtpx:TrackPointExtension>
      <gpxtpx:atemp>17</gpxtpx:atemp>
     </gpxtpx:TrackPointExtension>
    </extensions>
   </trkpt>
   <trkpt lat="20.6510770" lon="-100.3248550">
    <ele>1998.0</ele>
    <time>2026-07-16T13:39:21Z</time>
    <extensions>
     <gpxtpx:TrackPointExtension>
      <gpxtpx:atemp>17</gpxtpx:atemp>
     </gpxtpx:TrackPointExtension>
    </extensions>
   </trkpt>
   <trkpt lat="20.6510770" lon="-100.3248550">
    <ele>1998.0</ele>
    <time>2026-07-16T13:39:22Z</time>
    <extensions>
     <gpxtpx:TrackPointExtension>
      <gpxtpx:atemp>17</gpxtpx:atemp>
     </gpxtpx:TrackPointExtension>
    </extensions>
   </trkpt>
   <trkpt lat="20.6510770" lon="-100.3248550">
    <ele>1998.0</ele>
    <time>2026-07-16T13:39:23Z</time>
    <extensions>
     <gpxtpx:TrackPointExtension>
      <gpxtpx:atemp>17</gpxtpx:atemp>
     </gpxtpx:TrackPointExtension>
    </extensions>
   </trkpt>
   <trkpt lat="20.6510770" lon="-100.3248550">
    <ele>1998.0</ele>
    <time>2026-07-16T13:39:24Z</time>
    <extensions>
     <gpxtpx:TrackPointExtension>
      <gpxtpx:atemp>17</gpxtpx:atemp>
     </gpxtpx:TrackPointExtension>
    </extensions>
   </trkpt>
   <trkpt lat="20.6510770" lon="-100.3248550">
    <ele>1998.0</ele>
    <time>2026-07-16T13:39:25Z</time>
    <extensions>
     <gpxtpx:TrackPointExtension>
      <gpxtpx:atemp>17</gpxtpx:atemp>
     </gpxtpx:TrackPointExtension>
    </extensions>
   </trkpt>
   <trkpt lat="20.6510770" lon="-100.3248550">
    <ele>1998.2</ele>
    <time>2026-07-16T13:39:26Z</time>
    <extensions>
     <gpxtpx:TrackPointExtension>
      <gpxtpx:atemp>17</gpxtpx:atemp>
     </gpxtpx:TrackPointExtension>
    </extensions>
   </trkpt>
   <trkpt lat="20.6510770" lon="-100.3248550">
    <ele>1998.2</ele>
    <time>2026-07-16T13:39:27Z</time>
    <extensions>
     <gpxtpx:TrackPointExtension>
      <gpxtpx:atemp>17</gpxtpx:atemp>
     </gpxtpx:TrackPointExtension>
    </extensions>
   </trkpt>
   <trkpt lat="20.6510770" lon="-100.3248550">
    <ele>1998.2</ele>
    <time>2026-07-16T13:39:28Z</time>
    <extensions>
     <gpxtpx:TrackPointExtension>
      <gpxtpx:atemp>17</gpxtpx:atemp>
     </gpxtpx:TrackPointExtension>
    </extensions>
   </trkpt>
   <trkpt lat="20.6510770" lon="-100.3248550">
    <ele>1998.2</ele>
    <time>2026-07-16T13:39:29Z</time>
    <extensions>
     <gpxtpx:TrackPointExtension>
      <gpxtpx:atemp>18</gpxtpx:atemp>
     </gpxtpx:TrackPointExtension>
    </extensions>
   </trkpt>
   <trkpt lat="20.6510770" lon="-100.3248550">
    <ele>1998.2</ele>
    <time>2026-07-16T13:39:30Z</time>
    <extensions>
     <gpxtpx:TrackPointExtension>
      <gpxtpx:atemp>18</gpxtpx:atemp>
     </gpxtpx:TrackPointExtension>
    </extensions>
   </trkpt>
   <trkpt lat="20.6510770" lon="-100.3248550">
    <ele>1998.2</ele>
    <time>2026-07-16T13:39:31Z</time>
    <extensions>
     <gpxtpx:TrackPointExtension>
      <gpxtpx:atemp>18</gpxtpx:atemp>
     </gpxtpx:TrackPointExtension>
    </extensions>
   </trkpt>
   <trkpt lat="20.6510770" lon="-100.3248550">
    <ele>1998.2</ele>
    <time>2026-07-16T13:39:32Z</time>
    <extensions>
     <gpxtpx:TrackPointExtension>
      <gpxtpx:atemp>18</gpxtpx:atemp>
     </gpxtpx:TrackPointExtension>
    </extensions>
   </trkpt>
   <trkpt lat="20.6510770" lon="-100.3248550">
    <ele>1998.2</ele>
    <time>2026-07-16T13:39:33Z</time>
    <extensions>
     <gpxtpx:TrackPointExtension>
      <gpxtpx:atemp>18</gpxtpx:atemp>
     </gpxtpx:TrackPointExtension>
    </extensions>
   </trkpt>
   <trkpt lat="20.6510770" lon="-100.3248550">
    <ele>1998.2</ele>
    <time>2026-07-16T13:39:34Z</time>
    <extensions>
     <gpxtpx:TrackPointExtension>
      <gpxtpx:atemp>18</gpxtpx:atemp>
     </gpxtpx:TrackPointExtension>
    </extensions>
   </trkpt>
   <trkpt lat="20.6510770" lon="-100.3248550">
    <ele>1998.2</ele>
    <time>2026-07-16T13:39:35Z</time>
    <extensions>
     <gpxtpx:TrackPointExtension>
      <gpxtpx:atemp>18</gpxtpx:atemp>
     </gpxtpx:TrackPointExtension>
    </extensions>
   </trkpt>
   <trkpt lat="20.6510770" lon="-100.3248550">
    <ele>1998.2</ele>
    <time>2026-07-16T13:39:36Z</time>
    <extensions>
     <gpxtpx:TrackPointExtension>
      <gpxtpx:atemp>18</gpxtpx:atemp>
     </gpxtpx:TrackPointExtension>
    </extensions>
   </trkpt>
   <trkpt lat="20.6510770" lon="-100.3248550">
    <ele>1998.2</ele>
    <time>2026-07-16T13:39:37Z</time>
    <extensions>
     <gpxtpx:TrackPointExtension>
      <gpxtpx:atemp>18</gpxtpx:atemp>
     </gpxtpx:TrackPointExtension>
    </extensions>
   </trkpt>
   <trkpt lat="20.6510770" lon="-100.3248550">
    <ele>1998.2</ele>
    <time>2026-07-16T13:39:38Z</time>
    <extensions>
     <gpxtpx:TrackPointExtension>
      <gpxtpx:atemp>18</gpxtpx:atemp>
     </gpxtpx:TrackPointExtension>
    </extensions>
   </trkpt>
   <trkpt lat="20.6510770" lon="-100.3248550">
    <ele>1998.2</ele>
    <time>2026-07-16T13:39:39Z</time>
    <extensions>
     <gpxtpx:TrackPointExtension>
      <gpxtpx:atemp>18</gpxtpx:atemp>
     </gpxtpx:TrackPointExtension>
    </extensions>
   </trkpt>
   <trkpt lat="20.6510770" lon="-100.3248550">
    <ele>1998.2</ele>
    <time>2026-07-16T13:39:40Z</time>
    <extensions>
     <gpxtpx:TrackPointExtension>
      <gpxtpx:atemp>18</gpxtpx:atemp>
     </gpxtpx:TrackPointExtension>
    </extensions>
   </trkpt>
   <trkpt lat="20.6510770" lon="-100.3248550">
    <ele>1998.2</ele>
    <time>2026-07-16T13:39:41Z</time>
    <extensions>
     <gpxtpx:TrackPointExtension>
      <gpxtpx:atemp>18</gpxtpx:atemp>
     </gpxtpx:TrackPointExtension>
    </extensions>
   </trkpt>
   <trkpt lat="20.6510770" lon="-100.3248550">
    <ele>1998.2</ele>
    <time>2026-07-16T13:39:42Z</time>
    <extensions>
     <gpxtpx:TrackPointExtension>
      <gpxtpx:atemp>18</gpxtpx:atemp>
     </gpxtpx:TrackPointExtension>
    </extensions>
   </trkpt>
   <trkpt lat="20.6510770" lon="-100.3248550">
    <ele>1998.2</ele>
    <time>2026-07-16T13:39:43Z</time>
    <extensions>
     <gpxtpx:TrackPointExtension>
      <gpxtpx:atemp>18</gpxtpx:atemp>
     </gpxtpx:TrackPointExtension>
    </extensions>
   </trkpt>
   <trkpt lat="20.6510770" lon="-100.3248550">
    <ele>1998.2</ele>
    <time>2026-07-16T13:39:44Z</time>
    <extensions>
     <gpxtpx:TrackPointExtension>
      <gpxtpx:atemp>18</gpxtpx:atemp>
     </gpxtpx:TrackPointExtension>
    </extensions>
   </trkpt>
   <trkpt lat="20.6510770" lon="-100.3248550">
    <ele>1998.2</ele>
    <time>2026-07-16T13:39:45Z</time>
    <extensions>
     <gpxtpx:TrackPointExtension>
      <gpxtpx:atemp>18</gpxtpx:atemp>
     </gpxtpx:TrackPointExtension>
    </extensions>
   </trkpt>
   <trkpt lat="20.6510770" lon="-100.3248550">
    <ele>1998.2</ele>
    <time>2026-07-16T13:39:46Z</time>
    <extensions>
     <gpxtpx:TrackPointExtension>
      <gpxtpx:atemp>18</gpxtpx:atemp>
     </gpxtpx:TrackPointExtension>
    </extensions>
   </trkpt>
   <trkpt lat="20.6510770" lon="-100.3248550">
    <ele>1998.2</ele>
    <time>2026-07-16T13:39:47Z</time>
    <extensions>
     <gpxtpx:TrackPointExtension>
      <gpxtpx:atemp>18</gpxtpx:atemp>
     </gpxtpx:TrackPointExtension>
    </extensions>
   </trkpt>
   <trkpt lat="20.6510770" lon="-100.3248550">
    <ele>1998.2</ele>
    <time>2026-07-16T13:39:48Z</time>
    <extensions>
     <gpxtpx:TrackPointExtension>
      <gpxtpx:atemp>18</gpxtpx:atemp>
     </gpxtpx:TrackPointExtension>
    </extensions>
   </trkpt>
   <trkpt lat="20.6510770" lon="-100.3248550">
    <ele>1998.2</ele>
    <time>2026-07-16T13:39:49Z</time>
    <extensions>
     <gpxtpx:TrackPointExtension>
      <gpxtpx:atemp>18</gpxtpx:atemp>
     </gpxtpx:TrackPointExtension>
    </extensions>
   </trkpt>
   <trkpt lat="20.6510770" lon="-100.3248550">
    <ele>1998.2</ele>
    <time>2026-07-16T13:39:50Z</time>
    <extensions>
     <gpxtpx:TrackPointExtension>
      <gpxtpx:atemp>18</gpxtpx:atemp>
     </gpxtpx:TrackPointExtension>
    </extensions>
   </trkpt>
   <trkpt lat="20.6510770" lon="-100.3248550">
    <ele>1998.2</ele>
    <time>2026-07-16T13:39:51Z</time>
    <extensions>
     <gpxtpx:TrackPointExtension>
      <gpxtpx:atemp>18</gpxtpx:atemp>
     </gpxtpx:TrackPointExtension>
    </extensions>
   </trkpt>
   <trkpt lat="20.6510770" lon="-100.3248550">
    <ele>1998.2</ele>
    <time>2026-07-16T13:39:52Z</time>
    <extensions>
     <gpxtpx:TrackPointExtension>
      <gpxtpx:atemp>18</gpxtpx:atemp>
     </gpxtpx:TrackPointExtension>
    </extensions>
   </trkpt>
   <trkpt lat="20.6510770" lon="-100.3248550">
    <ele>1998.2</ele>
    <time>2026-07-16T13:39:53Z</time>
    <extensions>
     <gpxtpx:TrackPointExtension>
      <gpxtpx:atemp>18</gpxtpx:atemp>
     </gpxtpx:TrackPointExtension>
    </extensions>
   </trkpt>
   <trkpt lat="20.6510770" lon="-100.3248550">
    <ele>1998.2</ele>
    <time>2026-07-16T13:39:54Z</time>
    <extensions>
     <gpxtpx:TrackPointExtension>
      <gpxtpx:atemp>18</gpxtpx:atemp>
     </gpxtpx:TrackPointExtension>
    </extensions>
   </trkpt>
   <trkpt lat="20.6510770" lon="-100.3248550">
    <ele>1998.2</ele>
    <time>2026-07-16T13:39:55Z</time>
    <extensions>
     <gpxtpx:TrackPointExtension>
      <gpxtpx:atemp>18</gpxtpx:atemp>
     </gpxtpx:TrackPointExtension>
    </extensions>
   </trkpt>
   <trkpt lat="20.6510770" lon="-100.3248550">
    <ele>1998.2</ele>
    <time>2026-07-16T13:39:56Z</time>
    <extensions>
     <gpxtpx:TrackPointExtension>
      <gpxtpx:atemp>18</gpxtpx:atemp>
     </gpxtpx:TrackPointExtension>
    </extensions>
   </trkpt>
   <trkpt lat="20.6510770" lon="-100.3248550">
    <ele>1998.2</ele>
    <time>2026-07-16T13:39:57Z</time>
    <extensions>
     <gpxtpx:TrackPointExtension>
      <gpxtpx:atemp>18</gpxtpx:atemp>
     </gpxtpx:TrackPointExtension>
    </extensions>
   </trkpt>
   <trkpt lat="20.6510770" lon="-100.3248550">
    <ele>1998.2</ele>
    <time>2026-07-16T13:39:58Z</time>
    <extensions>
     <gpxtpx:TrackPointExtension>
      <gpxtpx:atemp>18</gpxtpx:atemp>
     </gpxtpx:TrackPointExtension>
    </extensions>
   </trkpt>
   <trkpt lat="20.6510770" lon="-100.3248550">
    <ele>1998.2</ele>
    <time>2026-07-16T13:39:59Z</time>
    <extensions>
     <gpxtpx:TrackPointExtension>
      <gpxtpx:atemp>18</gpxtpx:atemp>
     </gpxtpx:TrackPointExtension>
    </extensions>
   </trkpt>
   <trkpt lat="20.6510770" lon="-100.3248550">
    <ele>1998.2</ele>
    <time>2026-07-16T13:40:00Z</time>
    <extensions>
     <gpxtpx:TrackPointExtension>
      <gpxtpx:atemp>18</gpxtpx:atemp>
     </gpxtpx:TrackPointExtension>
    </extensions>
   </trkpt>
   <trkpt lat="20.6510770" lon="-100.3248550">
    <ele>1998.2</ele>
    <time>2026-07-16T13:40:01Z</time>
    <extensions>
     <gpxtpx:TrackPointExtension>
      <gpxtpx:atemp>18</gpxtpx:atemp>
     </gpxtpx:TrackPointExtension>
    </extensions>
   </trkpt>
   <trkpt lat="20.6510770" lon="-100.3248550">
    <ele>1998.2</ele>
    <time>2026-07-16T13:40:02Z</time>
    <extensions>
     <gpxtpx:TrackPointExtension>
      <gpxtpx:atemp>18</gpxtpx:atemp>
     </gpxtpx:TrackPointExtension>
    </extensions>
   </trkpt>
   <trkpt lat="20.6510770" lon="-100.3248550">
    <ele>1998.2</ele>
    <time>2026-07-16T13:40:03Z</time>
    <extensions>
     <gpxtpx:TrackPointExtension>
      <gpxtpx:atemp>18</gpxtpx:atemp>
     </gpxtpx:TrackPointExtension>
    </extensions>
   </trkpt>
   <trkpt lat="20.6510770" lon="-100.3248550">
    <ele>1998.2</ele>
    <time>2026-07-16T13:40:04Z</time>
    <extensions>
     <gpxtpx:TrackPointExtension>
      <gpxtpx:atemp>18</gpxtpx:atemp>
     </gpxtpx:TrackPointExtension>
    </extensions>
   </trkpt>
   <trkpt lat="20.6510770" lon="-100.3248550">
    <ele>1998.2</ele>
    <time>2026-07-16T13:40:05Z</time>
    <extensions>
     <gpxtpx:TrackPointExtension>
      <gpxtpx:atemp>18</gpxtpx:atemp>
     </gpxtpx:TrackPointExtension>
    </extensions>
   </trkpt>
   <trkpt lat="20.6510770" lon="-100.3248550">
    <ele>1998.2</ele>
    <time>2026-07-16T13:40:06Z</time>
    <extensions>
     <gpxtpx:TrackPointExtension>
      <gpxtpx:atemp>18</gpxtpx:atemp>
     </gpxtpx:TrackPointExtension>
    </extensions>
   </trkpt>
   <trkpt lat="20.6510770" lon="-100.3248550">
    <ele>1998.2</ele>
    <time>2026-07-16T13:40:07Z</time>
    <extensions>
     <gpxtpx:TrackPointExtension>
      <gpxtpx:atemp>18</gpxtpx:atemp>
     </gpxtpx:TrackPointExtension>
    </extensions>
   </trkpt>
   <trkpt lat="20.6510770" lon="-100.3248550">
    <ele>1998.2</ele>
    <time>2026-07-16T13:40:08Z</time>
    <extensions>
     <gpxtpx:TrackPointExtension>
      <gpxtpx:atemp>18</gpxtpx:atemp>
     </gpxtpx:TrackPointExtension>
    </extensions>
   </trkpt>
   <trkpt lat="20.6510770" lon="-100.3248550">
    <ele>1998.2</ele>
    <time>2026-07-16T13:40:09Z</time>
    <extensions>
     <gpxtpx:TrackPointExtension>
      <gpxtpx:atemp>18</gpxtpx:atemp>
     </gpxtpx:TrackPointExtension>
    </extensions>
   </trkpt>
   <trkpt lat="20.6510770" lon="-100.3248550">
    <ele>1998.2</ele>
    <time>2026-07-16T13:40:10Z</time>
    <extensions>
     <gpxtpx:TrackPointExtension>
      <gpxtpx:atemp>18</gpxtpx:atemp>
     </gpxtpx:TrackPointExtension>
    </extensions>
   </trkpt>
   <trkpt lat="20.6510770" lon="-100.3248550">
    <ele>1998.2</ele>
    <time>2026-07-16T13:40:11Z</time>
    <extensions>
     <gpxtpx:TrackPointExtension>
      <gpxtpx:atemp>18</gpxtpx:atemp>
     </gpxtpx:TrackPointExtension>
    </extensions>
   </trkpt>
   <trkpt lat="20.6510770" lon="-100.3248550">
    <ele>1998.2</ele>
    <time>2026-07-16T13:40:12Z</time>
    <extensions>
     <gpxtpx:TrackPointExtension>
      <gpxtpx:atemp>18</gpxtpx:atemp>
     </gpxtpx:TrackPointExtension>
    </extensions>
   </trkpt>
   <trkpt lat="20.6510770" lon="-100.3248550">
    <ele>1998.2</ele>
    <time>2026-07-16T13:40:13Z</time>
    <extensions>
     <gpxtpx:TrackPointExtension>
      <gpxtpx:atemp>18</gpxtpx:atemp>
     </gpxtpx:TrackPointExtension>
    </extensions>
   </trkpt>
   <trkpt lat="20.6510770" lon="-100.3248550">
    <ele>1998.2</ele>
    <time>2026-07-16T13:40:14Z</time>
    <extensions>
     <gpxtpx:TrackPointExtension>
      <gpxtpx:atemp>18</gpxtpx:atemp>
     </gpxtpx:TrackPointExtension>
    </extensions>
   </trkpt>
   <trkpt lat="20.6510770" lon="-100.3248550">
    <ele>1998.2</ele>
    <time>2026-07-16T13:40:15Z</time>
    <extensions>
     <gpxtpx:TrackPointExtension>
      <gpxtpx:atemp>18</gpxtpx:atemp>
     </gpxtpx:TrackPointExtension>
    </extensions>
   </trkpt>
   <trkpt lat="20.6510770" lon="-100.3248550">
    <ele>1998.2</ele>
    <time>2026-07-16T13:40:16Z</time>
    <extensions>
     <gpxtpx:TrackPointExtension>
      <gpxtpx:atemp>18</gpxtpx:atemp>
     </gpxtpx:TrackPointExtension>
    </extensions>
   </trkpt>
   <trkpt lat="20.6510770" lon="-100.3248550">
    <ele>1998.2</ele>
    <time>2026-07-16T13:40:17Z</time>
    <extensions>
     <gpxtpx:TrackPointExtension>
      <gpxtpx:atemp>18</gpxtpx:atemp>
     </gpxtpx:TrackPointExtension>
    </extensions>
   </trkpt>
   <trkpt lat="20.6510770" lon="-100.3248550">
    <ele>1998.2</ele>
    <time>2026-07-16T13:40:18Z</time>
    <extensions>
     <gpxtpx:TrackPointExtension>
      <gpxtpx:atemp>18</gpxtpx:atemp>
     </gpxtpx:TrackPointExtension>
    </extensions>
   </trkpt>
   <trkpt lat="20.6510770" lon="-100.3248550">
    <ele>1998.2</ele>
    <time>2026-07-16T13:40:19Z</time>
    <extensions>
     <gpxtpx:TrackPointExtension>
      <gpxtpx:atemp>18</gpxtpx:atemp>
     </gpxtpx:TrackPointExtension>
    </extensions>
   </trkpt>
   <trkpt lat="20.6510770" lon="-100.3248550">
    <ele>1998.2</ele>
    <time>2026-07-16T13:40:20Z</time>
    <extensions>
     <gpxtpx:TrackPointExtension>
      <gpxtpx:atemp>18</gpxtpx:atemp>
     </gpxtpx:TrackPointExtension>
    </extensions>
   </trkpt>
   <trkpt lat="20.6510770" lon="-100.3248550">
    <ele>1998.2</ele>
    <time>2026-07-16T13:40:21Z</time>
    <extensions>
     <gpxtpx:TrackPointExtension>
      <gpxtpx:atemp>18</gpxtpx:atemp>
     </gpxtpx:TrackPointExtension>
    </extensions>
   </trkpt>
   <trkpt lat="20.6510770" lon="-100.3248550">
    <ele>1998.2</ele>
    <time>2026-07-16T13:40:22Z</time>
    <extensions>
     <gpxtpx:TrackPointExtension>
      <gpxtpx:atemp>18</gpxtpx:atemp>
     </gpxtpx:TrackPointExtension>
    </extensions>
   </trkpt>
   <trkpt lat="20.6510770" lon="-100.3248550">
    <ele>1998.2</ele>
    <time>2026-07-16T13:40:23Z</time>
    <extensions>
     <gpxtpx:TrackPointExtension>
      <gpxtpx:atemp>18</gpxtpx:atemp>
     </gpxtpx:TrackPointExtension>
    </extensions>
   </trkpt>
   <trkpt lat="20.6510970" lon="-100.3248530">
    <ele>1998.2</ele>
    <time>2026-07-16T13:40:24Z</time>
    <extensions>
     <gpxtpx:TrackPointExtension>
      <gpxtpx:atemp>18</gpxtpx:atemp>
     </gpxtpx:TrackPointExtension>
    </extensions>
   </trkpt>
   <trkpt lat="20.6511150" lon="-100.3248510">
    <ele>1998.2</ele>
    <time>2026-07-16T13:40:25Z</time>
    <extensions>
     <gpxtpx:TrackPointExtension>
      <gpxtpx:atemp>18</gpxtpx:atemp>
     </gpxtpx:TrackPointExtension>
    </extensions>
   </trkpt>
   <trkpt lat="20.6511300" lon="-100.3248500">
    <ele>1998.2</ele>
    <time>2026-07-16T13:40:26Z</time>
    <extensions>
     <gpxtpx:TrackPointExtension>
      <gpxtpx:atemp>18</gpxtpx:atemp>
     </gpxtpx:TrackPointExtension>
    </extensions>
   </trkpt>
   <trkpt lat="20.6511440" lon="-100.3248490">
    <ele>1998.4</ele>
    <time>2026-07-16T13:40:27Z</time>
    <extensions>
     <gpxtpx:TrackPointExtension>
      <gpxtpx:atemp>18</gpxtpx:atemp>
     </gpxtpx:TrackPointExtension>
    </extensions>
   </trkpt>
   <trkpt lat="20.6511570" lon="-100.3248480">
    <ele>1998.4</ele>
    <time>2026-07-16T13:40:28Z</time>
    <extensions>
     <gpxtpx:TrackPointExtension>
      <gpxtpx:atemp>18</gpxtpx:atemp>
     </gpxtpx:TrackPointExtension>
    </extensions>
   </trkpt>
   <trkpt lat="20.6511710" lon="-100.3248450">
    <ele>1998.4</ele>
    <time>2026-07-16T13:40:29Z</time>
    <extensions>
     <gpxtpx:TrackPointExtension>
      <gpxtpx:atemp>18</gpxtpx:atemp>
     </gpxtpx:TrackPointExtension>
    </extensions>
   </trkpt>
   <trkpt lat="20.6511870" lon="-100.3248420">
    <ele>1998.6</ele>
    <time>2026-07-16T13:40:30Z</time>
    <extensions>
     <gpxtpx:TrackPointExtension>
      <gpxtpx:atemp>18</gpxtpx:atemp>
     </gpxtpx:TrackPointExtension>
    </extensions>
   </trkpt>
   <trkpt lat="20.6512020" lon="-100.3248370">
    <ele>1998.6</ele>
    <time>2026-07-16T13:40:31Z</time>
    <extensions>
     <gpxtpx:TrackPointExtension>
      <gpxtpx:atemp>18</gpxtpx:atemp>
     </gpxtpx:TrackPointExtension>
    </extensions>
   </trkpt>
   <trkpt lat="20.6512160" lon="-100.3248310">
    <ele>1998.6</ele>
    <time>2026-07-16T13:40:32Z</time>
    <extensions>
     <gpxtpx:TrackPointExtension>
      <gpxtpx:atemp>18</gpxtpx:atemp>
     </gpxtpx:TrackPointExtension>
    </extensions>
   </trkpt>
   <trkpt lat="20.6512290" lon="-100.3248250">
    <ele>1998.8</ele>
    <time>2026-07-16T13:40:33Z</time>
    <extensions>
     <gpxtpx:TrackPointExtension>
      <gpxtpx:atemp>18</gpxtpx:atemp>
     </gpxtpx:TrackPointExtension>
    </extensions>
   </trkpt>
   <trkpt lat="20.6512440" lon="-100.3248190">
    <ele>1998.8</ele>
    <time>2026-07-16T13:40:34Z</time>
    <extensions>
     <gpxtpx:TrackPointExtension>
      <gpxtpx:atemp>18</gpxtpx:atemp>
     </gpxtpx:TrackPointExtension>
    </extensions>
   </trkpt>
   <trkpt lat="20.6512620" lon="-100.3248120">
    <ele>1999.0</ele>
    <time>2026-07-16T13:40:35Z</time>
    <extensions>
     <gpxtpx:TrackPointExtension>
      <gpxtpx:atemp>18</gpxtpx:atemp>
     </gpxtpx:TrackPointExtension>
    </extensions>
   </trkpt>
   <trkpt lat="20.6512830" lon="-100.3248050">
    <ele>1999.0</ele>
    <time>2026-07-16T13:40:36Z</time>
    <extensions>
     <gpxtpx:TrackPointExtension>
      <gpxtpx:atemp>18</gpxtpx:atemp>
     </gpxtpx:TrackPointExtension>
    </extensions>
   </trkpt>
   <trkpt lat="20.6513040" lon="-100.3247970">
    <ele>1999.2</ele>
    <time>2026-07-16T13:40:37Z</time>
    <extensions>
     <gpxtpx:TrackPointExtension>
      <gpxtpx:atemp>18</gpxtpx:atemp>
     </gpxtpx:TrackPointExtension>
    </extensions>
   </trkpt>
   <trkpt lat="20.6513270" lon="-100.3247870">
    <ele>1999.2</ele>
    <time>2026-07-16T13:40:38Z</time>
    <extensions>
     <gpxtpx:TrackPointExtension>
      <gpxtpx:atemp>18</gpxtpx:atemp>
     </gpxtpx:TrackPointExtension>
    </extensions>
   </trkpt>
   <trkpt lat="20.6513510" lon="-100.3247790">
    <ele>1999.4</ele>
    <time>2026-07-16T13:40:39Z</time>
    <extensions>
     <gpxtpx:TrackPointExtension>
      <gpxtpx:atemp>18</gpxtpx:atemp>
     </gpxtpx:TrackPointExtension>
    </extensions>
   </trkpt>
   <trkpt lat="20.6513760" lon="-100.3247720">
    <ele>1999.6</ele>
    <time>2026-07-16T13:40:40Z</time>
    <extensions>
     <gpxtpx:TrackPointExtension>
      <gpxtpx:atemp>19</gpxtpx:atemp>
     </gpxtpx:TrackPointExtension>
    </extensions>
   </trkpt>
   <trkpt lat="20.6514000" lon="-100.3247650">
    <ele>1999.6</ele>
    <time>2026-07-16T13:40:41Z</time>
    <extensions>
     <gpxtpx:TrackPointExtension>
      <gpxtpx:atemp>18</gpxtpx:atemp>
     </gpxtpx:TrackPointExtension>
    </extensions>
   </trkpt>
   <trkpt lat="20.6514220" lon="-100.3247570">
    <ele>1999.8</ele>
    <time>2026-07-16T13:40:42Z</time>
    <extensions>
     <gpxtpx:TrackPointExtension>
      <gpxtpx:atemp>19</gpxtpx:atemp>
     </gpxtpx:TrackPointExtension>
    </extensions>
   </trkpt>
   <trkpt lat="20.6514440" lon="-100.3247500">
    <ele>2000.0</ele>
    <time>2026-07-16T13:40:43Z</time>
    <extensions>
     <gpxtpx:TrackPointExtension>
      <gpxtpx:atemp>19</gpxtpx:atemp>
     </gpxtpx:TrackPointExtension>
    </extensions>
   </trkpt>
   <trkpt lat="20.6514670" lon="-100.3247440">
    <ele>2000.0</ele>
    <time>2026-07-16T13:40:44Z</time>
    <extensions>
     <gpxtpx:TrackPointExtension>
      <gpxtpx:atemp>19</gpxtpx:atemp>
     </gpxtpx:TrackPointExtension>
    </extensions>
   </trkpt>
   <trkpt lat="20.6514900" lon="-100.3247370">
    <ele>2000.2</ele>
    <time>2026-07-16T13:40:45Z</time>
    <extensions>
     <gpxtpx:TrackPointExtension>
      <gpxtpx:atemp>19</gpxtpx:atemp>
     </gpxtpx:TrackPointExtension>
    </extensions>
   </trkpt>
   <trkpt lat="20.6515140" lon="-100.3247300">
    <ele>2000.4</ele>
    <time>2026-07-16T13:40:46Z</time>
    <extensions>
     <gpxtpx:TrackPointExtension>
      <gpxtpx:atemp>19</gpxtpx:atemp>
     </gpxtpx:TrackPointExtension>
    </extensions>
   </trkpt>
   <trkpt lat="20.6515380" lon="-100.3247230">
    <ele>2000.6</ele>
    <time>2026-07-16T13:40:47Z</time>
    <extensions>
     <gpxtpx:TrackPointExtension>
      <gpxtpx:atemp>19</gpxtpx:atemp>
     </gpxtpx:TrackPointExtension>
    </extensions>
   </trkpt>
   <trkpt lat="20.6515630" lon="-100.3247170">
    <ele>2000.8</ele>
    <time>2026-07-16T13:40:48Z</time>
    <extensions>
     <gpxtpx:TrackPointExtension>
      <gpxtpx:atemp>19</gpxtpx:atemp>
     </gpxtpx:TrackPointExtension>
    </extensions>
   </trkpt>
   <trkpt lat="20.6515870" lon="-100.3247100">
    <ele>2000.8</ele>
    <time>2026-07-16T13:40:49Z</time>
    <extensions>
     <gpxtpx:TrackPointExtension>
      <gpxtpx:atemp>19</gpxtpx:atemp>
     </gpxtpx:TrackPointExtension>
    </extensions>
   </trkpt>
   <trkpt lat="20.6516120" lon="-100.3247040">
    <ele>2001.0</ele>
    <time>2026-07-16T13:40:50Z</time>
    <extensions>
     <gpxtpx:TrackPointExtension>
      <gpxtpx:atemp>19</gpxtpx:atemp>
     </gpxtpx:TrackPointExtension>
    </extensions>
   </trkpt>
   <trkpt lat="20.6516380" lon="-100.3246970">
    <ele>2001.2</ele>
    <time>2026-07-16T13:40:51Z</time>
    <extensions>
     <gpxtpx:TrackPointExtension>
      <gpxtpx:atemp>19</gpxtpx:atemp>
     </gpxtpx:TrackPointExtension>
    </extensions>
   </trkpt>
   <trkpt lat="20.6516630" lon="-100.3246890">
    <ele>2001.4</ele>
    <time>2026-07-16T13:40:52Z</time>
    <extensions>
     <gpxtpx:TrackPointExtension>
      <gpxtpx:atemp>19</gpxtpx:atemp>
     </gpxtpx:TrackPointExtension>
    </extensions>
   </trkpt>
   <trkpt lat="20.6516870" lon="-100.3246820">
    <ele>2001.6</ele>
    <time>2026-07-16T13:40:53Z</time>
    <extensions>
     <gpxtpx:TrackPointExtension>
      <gpxtpx:atemp>19</gpxtpx:atemp>
     </gpxtpx:TrackPointExtension>
    </extensions>
   </trkpt>
   <trkpt lat="20.6517110" lon="-100.3246750">
    <ele>2001.8</ele>
    <time>2026-07-16T13:40:54Z</time>
    <extensions>
     <gpxtpx:TrackPointExtension>
      <gpxtpx:atemp>19</gpxtpx:atemp>
     </gpxtpx:TrackPointExtension>
    </extensions>
   </trkpt>
   <trkpt lat="20.6517350" lon="-100.3246690">
    <ele>2002.0</ele>
    <time>2026-07-16T13:40:55Z</time>
    <extensions>
     <gpxtpx:TrackPointExtension>
      <gpxtpx:atemp>19</gpxtpx:atemp>
     </gpxtpx:TrackPointExtension>
    </extensions>
   </trkpt>
   <trkpt lat="20.6517590" lon="-100.3246640">
    <ele>2002.0</ele>
    <time>2026-07-16T13:40:56Z</time>
    <extensions>
     <gpxtpx:TrackPointExtension>
      <gpxtpx:atemp>19</gpxtpx:atemp>
     </gpxtpx:TrackPointExtension>
    </extensions>
   </trkpt>
   <trkpt lat="20.6517820" lon="-100.3246600">
    <ele>2002.2</ele>
    <time>2026-07-16T13:40:57Z</time>
    <extensions>
     <gpxtpx:TrackPointExtension>
      <gpxtpx:atemp>19</gpxtpx:atemp>
     </gpxtpx:TrackPointExtension>
    </extensions>
   </trkpt>
   <trkpt lat="20.6518060" lon="-100.3246540">
    <ele>2002.4</ele>
    <time>2026-07-16T13:40:58Z</time>
    <extensions>
     <gpxtpx:TrackPointExtension>
      <gpxtpx:atemp>19</gpxtpx:atemp>
     </gpxtpx:TrackPointExtension>
    </extensions>
   </trkpt>
   <trkpt lat="20.6518270" lon="-100.3246460">
    <ele>2002.6</ele>
    <time>2026-07-16T13:40:59Z</time>
    <extensions>
     <gpxtpx:TrackPointExtension>
      <gpxtpx:atemp>19</gpxtpx:atemp>
     </gpxtpx:TrackPointExtension>
    </extensions>
   </trkpt>
   <trkpt lat="20.6518480" lon="-100.3246350">
    <ele>2002.8</ele>
    <time>2026-07-16T13:41:00Z</time>
    <extensions>
     <gpxtpx:TrackPointExtension>
      <gpxtpx:atemp>19</gpxtpx:atemp>
     </gpxtpx:TrackPointExtension>
    </extensions>
   </trkpt>
   <trkpt lat="20.6518680" lon="-100.3246240">
    <ele>2003.0</ele>
    <time>2026-07-16T13:41:01Z</time>
    <extensions>
     <gpxtpx:TrackPointExtension>
      <gpxtpx:atemp>19</gpxtpx:atemp>
     </gpxtpx:TrackPointExtension>
    </extensions>
   </trkpt>
   <trkpt lat="20.6518900" lon="-100.3246150">
    <ele>2003.0</ele>
    <time>2026-07-16T13:41:02Z</time>
    <extensions>
     <gpxtpx:TrackPointExtension>
      <gpxtpx:atemp>19</gpxtpx:atemp>
     </gpxtpx:TrackPointExtension>
    </extensions>
   </trkpt>
   <trkpt lat="20.6519120" lon="-100.3246060">
    <ele>2003.2</ele>
    <time>2026-07-16T13:41:03Z</time>
    <extensions>
     <gpxtpx:TrackPointExtension>
      <gpxtpx:atemp>19</gpxtpx:atemp>
     </gpxtpx:TrackPointExtension>
    </extensions>
   </trkpt>
   <trkpt lat="20.6519320" lon="-100.3245980">
    <ele>2003.4</ele>
    <time>2026-07-16T13:41:04Z</time>
    <extensions>
     <gpxtpx:TrackPointExtension>
      <gpxtpx:atemp>19</gpxtpx:atemp>
     </gpxtpx:TrackPointExtension>
    </extensions>
   </trkpt>
   <trkpt lat="20.6519530" lon="-100.3245910">
    <ele>2003.4</ele>
    <time>2026-07-16T13:41:05Z</time>
    <extensions>
     <gpxtpx:TrackPointExtension>
      <gpxtpx:atemp>19</gpxtpx:atemp>
     </gpxtpx:TrackPointExtension>
    </extensions>
   </trkpt>
   <trkpt lat="20.6519730" lon="-100.3245840">
    <ele>2003.6</ele>
    <time>2026-07-16T13:41:06Z</time>
    <extensions>
     <gpxtpx:TrackPointExtension>
      <gpxtpx:atemp>19</gpxtpx:atemp>
     </gpxtpx:TrackPointExtension>
    </extensions>
   </trkpt>
   <trkpt lat="20.6519950" lon="-100.3245780">
    <ele>2003.6</ele>
    <time>2026-07-16T13:41:07Z</time>
    <extensions>
     <gpxtpx:TrackPointExtension>
      <gpxtpx:atemp>19</gpxtpx:atemp>
     </gpxtpx:TrackPointExtension>
    </extensions>
   </trkpt>
   <trkpt lat="20.6520160" lon="-100.3245730">
    <ele>2003.8</ele>
    <time>2026-07-16T13:41:08Z</time>
    <extensions>
     <gpxtpx:TrackPointExtension>
      <gpxtpx:atemp>19</gpxtpx:atemp>
     </gpxtpx:TrackPointExtension>
    </extensions>
   </trkpt>
   <trkpt lat="20.6520380" lon="-100.3245670">
    <ele>2003.8</ele>
    <time>2026-07-16T13:41:09Z</time>
    <extensions>
     <gpxtpx:TrackPointExtension>
      <gpxtpx:atemp>19</gpxtpx:atemp>
     </gpxtpx:TrackPointExtension>
    </extensions>
   </trkpt>
   <trkpt lat="20.6520590" lon="-100.3245610">
    <ele>2004.0</ele>
    <time>2026-07-16T13:41:10Z</time>
    <extensions>
     <gpxtpx:TrackPointExtension>
      <gpxtpx:atemp>19</gpxtpx:atemp>
     </gpxtpx:TrackPointExtension>
    </extensions>
   </trkpt>
   <trkpt lat="20.6520810" lon="-100.3245540">
    <ele>2004.2</ele>
    <time>2026-07-16T13:41:11Z</time>
    <extensions>
     <gpxtpx:TrackPointExtension>
      <gpxtpx:atemp>19</gpxtpx:atemp>
     </gpxtpx:TrackPointExtension>
    </extensions>
   </trkpt>
   <trkpt lat="20.6521030" lon="-100.3245480">
    <ele>2004.2</ele>
    <time>2026-07-16T13:41:12Z</time>
    <extensions>
     <gpxtpx:TrackPointExtension>
      <gpxtpx:atemp>19</gpxtpx:atemp>
     </gpxtpx:TrackPointExtension>
    </extensions>
   </trkpt>
   <trkpt lat="20.6521250" lon="-100.3245430">
    <ele>2004.4</ele>
    <time>2026-07-16T13:41:13Z</time>
    <extensions>
     <gpxtpx:TrackPointExtension>
      <gpxtpx:atemp>19</gpxtpx:atemp>
     </gpxtpx:TrackPointExtension>
    </extensions>
   </trkpt>
   <trkpt lat="20.6521460" lon="-100.3245380">
    <ele>2004.4</ele>
    <time>2026-07-16T13:41:14Z</time>
    <extensions>
     <gpxtpx:TrackPointExtension>
      <gpxtpx:atemp>19</gpxtpx:atemp>
     </gpxtpx:TrackPointExtension>
    </extensions>
   </trkpt>
   <trkpt lat="20.6521670" lon="-100.3245330">
    <ele>2004.6</ele>
    <time>2026-07-16T13:41:15Z</time>
    <extensions>
     <gpxtpx:TrackPointExtension>
      <gpxtpx:atemp>19</gpxtpx:atemp>
     </gpxtpx:TrackPointExtension>
    </extensions>
   </trkpt>
   <trkpt lat="20.6521870" lon="-100.3245290">
    <ele>2004.8</ele>
    <time>2026-07-16T13:41:16Z</time>
    <extensions>
     <gpxtpx:TrackPointExtension>
      <gpxtpx:atemp>19</gpxtpx:atemp>
     </gpxtpx:TrackPointExtension>
    </extensions>
   </trkpt>
   <trkpt lat="20.6522080" lon="-100.3245240">
    <ele>2004.8</ele>
    <time>2026-07-16T13:41:17Z</time>
    <extensions>
     <gpxtpx:TrackPointExtension>
      <gpxtpx:atemp>19</gpxtpx:atemp>
     </gpxtpx:TrackPointExtension>
    </extensions>
   </trkpt>
   <trkpt lat="20.6522290" lon="-100.3245180">
    <ele>2005.0</ele>
    <time>2026-07-16T13:41:18Z</time>
    <extensions>
     <gpxtpx:TrackPointExtension>
      <gpxtpx:atemp>19</gpxtpx:atemp>
     </gpxtpx:TrackPointExtension>
    </extensions>
   </trkpt>
   <trkpt lat="20.6522490" lon="-100.3245110">
    <ele>2005.0</ele>
    <time>2026-07-16T13:41:19Z</time>
    <extensions>
     <gpxtpx:TrackPointExtension>
      <gpxtpx:atemp>19</gpxtpx:atemp>
     </gpxtpx:TrackPointExtension>
    </extensions>
   </trkpt>
   <trkpt lat="20.6522690" lon="-100.3245020">
    <ele>2005.2</ele>
    <time>2026-07-16T13:41:20Z</time>
    <extensions>
     <gpxtpx:TrackPointExtension>
      <gpxtpx:atemp>19</gpxtpx:atemp>
     </gpxtpx:TrackPointExtension>
    </extensions>
   </trkpt>
   <trkpt lat="20.6522890" lon="-100.3244930">
    <ele>2005.2</ele>
    <time>2026-07-16T13:41:21Z</time>
    <extensions>
     <gpxtpx:TrackPointExtension>
      <gpxtpx:atemp>19</gpxtpx:atemp>
     </gpxtpx:TrackPointExtension>
    </extensions>
   </trkpt>
   <trkpt lat="20.6523090" lon="-100.3244850">
    <ele>2005.4</ele>
    <time>2026-07-16T13:41:22Z</time>
    <extensions>
     <gpxtpx:TrackPointExtension>
      <gpxtpx:atemp>19</gpxtpx:atemp>
     </gpxtpx:TrackPointExtension>
    </extensions>
   </trkpt>
   <trkpt lat="20.6523270" lon="-100.3244760">
    <ele>2005.4</ele>
    <time>2026-07-16T13:41:23Z</time>
    <extensions>
     <gpxtpx:TrackPointExtension>
      <gpxtpx:atemp>19</gpxtpx:atemp>
     </gpxtpx:TrackPointExtension>
    </extensions>
   </trkpt>
   <trkpt lat="20.6523440" lon="-100.3244680">
    <ele>2005.6</ele>
    <time>2026-07-16T13:41:24Z</time>
    <extensions>
     <gpxtpx:TrackPointExtension>
      <gpxtpx:atemp>19</gpxtpx:atemp>
     </gpxtpx:TrackPointExtension>
    </extensions>
   </trkpt>
   <trkpt lat="20.6523610" lon="-100.3244620">
    <ele>2005.6</ele>
    <time>2026-07-16T13:41:25Z</time>
    <extensions>
     <gpxtpx:TrackPointExtension>
      <gpxtpx:atemp>19</gpxtpx:atemp>
     </gpxtpx:TrackPointExtension>
    </extensions>
   </trkpt>
   <trkpt lat="20.6523800" lon="-100.3244560">
    <ele>2005.6</ele>
    <time>2026-07-16T13:41:26Z</time>
    <extensions>
     <gpxtpx:TrackPointExtension>
      <gpxtpx:atemp>19</gpxtpx:atemp>
     </gpxtpx:TrackPointExtension>
    </extensions>
   </trkpt>
   <trkpt lat="20.6524000" lon="-100.3244510">
    <ele>2005.8</ele>
    <time>2026-07-16T13:41:27Z</time>
    <extensions>
     <gpxtpx:TrackPointExtension>
      <gpxtpx:atemp>19</gpxtpx:atemp>
     </gpxtpx:TrackPointExtension>
    </extensions>
   </trkpt>
   <trkpt lat="20.6524200" lon="-100.3244470">
    <ele>2005.8</ele>
    <time>2026-07-16T13:41:28Z</time>
    <extensions>
     <gpxtpx:TrackPointExtension>
      <gpxtpx:atemp>19</gpxtpx:atemp>
     </gpxtpx:TrackPointExtension>
    </extensions>
   </trkpt>
   <trkpt lat="20.6524410" lon="-100.3244420">
    <ele>2005.8</ele>
    <time>2026-07-16T13:41:29Z</time>
    <extensions>
     <gpxtpx:TrackPointExtension>
      <gpxtpx:atemp>19</gpxtpx:atemp>
     </gpxtpx:TrackPointExtension>
    </extensions>
   </trkpt>
   <trkpt lat="20.6524620" lon="-100.3244350">
    <ele>2005.8</ele>
    <time>2026-07-16T13:41:30Z</time>
    <extensions>
     <gpxtpx:TrackPointExtension>
      <gpxtpx:atemp>19</gpxtpx:atemp>
     </gpxtpx:TrackPointExtension>
    </extensions>
   </trkpt>
   <trkpt lat="20.6524830" lon="-100.3244260">
    <ele>2005.8</ele>
    <time>2026-07-16T13:41:31Z</time>
    <extensions>
     <gpxtpx:TrackPointExtension>
      <gpxtpx:atemp>19</gpxtpx:atemp>
     </gpxtpx:TrackPointExtension>
    </extensions>
   </trkpt>
   <trkpt lat="20.6525040" lon="-100.3244170">
    <ele>2005.8</ele>
    <time>2026-07-16T13:41:32Z</time>
    <extensions>
     <gpxtpx:TrackPointExtension>
      <gpxtpx:atemp>19</gpxtpx:atemp>
     </gpxtpx:TrackPointExtension>
    </extensions>
   </trkpt>
   <trkpt lat="20.6525260" lon="-100.3244100">
    <ele>2005.8</ele>
    <time>2026-07-16T13:41:33Z</time>
    <extensions>
     <gpxtpx:TrackPointExtension>
      <gpxtpx:atemp>19</gpxtpx:atemp>
     </gpxtpx:TrackPointExtension>
    </extensions>
   </trkpt>
   <trkpt lat="20.6525470" lon="-100.3244030">
    <ele>2006.0</ele>
    <time>2026-07-16T13:41:34Z</time>
    <extensions>
     <gpxtpx:TrackPointExtension>
      <gpxtpx:atemp>19</gpxtpx:atemp>
     </gpxtpx:TrackPointExtension>
    </extensions>
   </trkpt>
   <trkpt lat="20.6525690" lon="-100.3243960">
    <ele>2006.0</ele>
    <time>2026-07-16T13:41:35Z</time>
    <extensions>
     <gpxtpx:TrackPointExtension>
      <gpxtpx:atemp>19</gpxtpx:atemp>
     </gpxtpx:TrackPointExtension>
    </extensions>
   </trkpt>
   <trkpt lat="20.6525910" lon="-100.3243890">
    <ele>2006.0</ele>
    <time>2026-07-16T13:41:36Z</time>
    <extensions>
     <gpxtpx:TrackPointExtension>
      <gpxtpx:atemp>19</gpxtpx:atemp>
     </gpxtpx:TrackPointExtension>
    </extensions>
   </trkpt>
   <trkpt lat="20.6526140" lon="-100.3243820">
    <ele>2006.0</ele>
    <time>2026-07-16T13:41:37Z</time>
    <extensions>
     <gpxtpx:TrackPointExtension>
      <gpxtpx:atemp>19</gpxtpx:atemp>
     </gpxtpx:TrackPointExtension>
    </extensions>
   </trkpt>
   <trkpt lat="20.6526350" lon="-100.3243740">
    <ele>2006.0</ele>
    <time>2026-07-16T13:41:38Z</time>
    <extensions>
     <gpxtpx:TrackPointExtension>
      <gpxtpx:atemp>19</gpxtpx:atemp>
     </gpxtpx:TrackPointExtension>
    </extensions>
   </trkpt>
   <trkpt lat="20.6526560" lon="-100.3243660">
    <ele>2006.0</ele>
    <time>2026-07-16T13:41:39Z</time>
    <extensions>
     <gpxtpx:TrackPointExtension>
      <gpxtpx:atemp>19</gpxtpx:atemp>
     </gpxtpx:TrackPointExtension>
    </extensions>
   </trkpt>
   <trkpt lat="20.6526760" lon="-100.3243580">
    <ele>2006.0</ele>
    <time>2026-07-16T13:41:40Z</time>
    <extensions>
     <gpxtpx:TrackPointExtension>
      <gpxtpx:atemp>19</gpxtpx:atemp>
     </gpxtpx:TrackPointExtension>
    </extensions>
   </trkpt>
   <trkpt lat="20.6526960" lon="-100.3243530">
    <ele>2006.0</ele>
    <time>2026-07-16T13:41:41Z</time>
    <extensions>
     <gpxtpx:TrackPointExtension>
      <gpxtpx:atemp>19</gpxtpx:atemp>
     </gpxtpx:TrackPointExtension>
    </extensions>
   </trkpt>
   <trkpt lat="20.6527160" lon="-100.3243470">
    <ele>2006.0</ele>
    <time>2026-07-16T13:41:42Z</time>
    <extensions>
     <gpxtpx:TrackPointExtension>
      <gpxtpx:atemp>19</gpxtpx:atemp>
     </gpxtpx:TrackPointExtension>
    </extensions>
   </trkpt>
   <trkpt lat="20.6527360" lon="-100.3243400">
    <ele>2006.2</ele>
    <time>2026-07-16T13:41:43Z</time>
    <extensions>
     <gpxtpx:TrackPointExtension>
      <gpxtpx:atemp>19</gpxtpx:atemp>
     </gpxtpx:TrackPointExtension>
    </extensions>
   </trkpt>
   <trkpt lat="20.6527580" lon="-100.3243330">
    <ele>2006.2</ele>
    <time>2026-07-16T13:41:44Z</time>
    <extensions>
     <gpxtpx:TrackPointExtension>
      <gpxtpx:atemp>19</gpxtpx:atemp>
     </gpxtpx:TrackPointExtension>
    </extensions>
   </trkpt>
   <trkpt lat="20.6527800" lon="-100.3243250">
    <ele>2006.2</ele>
    <time>2026-07-16T13:41:45Z</time>
    <extensions>
     <gpxtpx:TrackPointExtension>
      <gpxtpx:atemp>19</gpxtpx:atemp>
     </gpxtpx:TrackPointExtension>
    </extensions>
   </trkpt>
   <trkpt lat="20.6528030" lon="-100.3243170">
    <ele>2006.2</ele>
    <time>2026-07-16T13:41:46Z</time>
    <extensions>
     <gpxtpx:TrackPointExtension>
      <gpxtpx:atemp>19</gpxtpx:atemp>
     </gpxtpx:TrackPointExtension>
    </extensions>
   </trkpt>
   <trkpt lat="20.6528280" lon="-100.3243090">
    <ele>2006.2</ele>
    <time>2026-07-16T13:41:47Z</time>
    <extensions>
     <gpxtpx:TrackPointExtension>
      <gpxtpx:atemp>19</gpxtpx:atemp>
     </gpxtpx:TrackPointExtension>
    </extensions>
   </trkpt>
   <trkpt lat="20.6528550" lon="-100.3243010">
    <ele>2006.2</ele>
    <time>2026-07-16T13:41:48Z</time>
    <extensions>
     <gpxtpx:TrackPointExtension>
      <gpxtpx:atemp>19</gpxtpx:atemp>
     </gpxtpx:TrackPointExtension>
    </extensions>
   </trkpt>
   <trkpt lat="20.6528820" lon="-100.3242930">
    <ele>2006.2</ele>
    <time>2026-07-16T13:41:49Z</time>
    <extensions>
     <gpxtpx:TrackPointExtension>
      <gpxtpx:atemp>19</gpxtpx:atemp>
     </gpxtpx:TrackPointExtension>
    </extensions>
   </trkpt>
   <trkpt lat="20.6529100" lon="-100.3242880">
    <ele>2006.2</ele>
    <time>2026-07-16T13:41:50Z</time>
    <extensions>
     <gpxtpx:TrackPointExtension>
      <gpxtpx:atemp>19</gpxtpx:atemp>
     </gpxtpx:TrackPointExtension>
    </extensions>
   </trkpt>
   <trkpt lat="20.6529390" lon="-100.3242840">
    <ele>2006.2</ele>
    <time>2026-07-16T13:41:51Z</time>
    <extensions>
     <gpxtpx:TrackPointExtension>
      <gpxtpx:atemp>19</gpxtpx:atemp>
     </gpxtpx:TrackPointExtension>
    </extensions>
   </trkpt>
   <trkpt lat="20.6529680" lon="-100.3242790">
    <ele>2006.2</ele>
    <time>2026-07-16T13:41:52Z</time>
    <extensions>
     <gpxtpx:TrackPointExtension>
      <gpxtpx:atemp>19</gpxtpx:atemp>
     </gpxtpx:TrackPointExtension>
    </extensions>
   </trkpt>
   <trkpt lat="20.6529970" lon="-100.3242720">
    <ele>2006.2</ele>
    <time>2026-07-16T13:41:53Z</time>
    <extensions>
     <gpxtpx:TrackPointExtension>
      <gpxtpx:atemp>19</gpxtpx:atemp>
     </gpxtpx:TrackPointExtension>
    </extensions>
   </trkpt>
   <trkpt lat="20.6530260" lon="-100.3242640">
    <ele>2006.2</ele>
    <time>2026-07-16T13:41:54Z</time>
    <extensions>
     <gpxtpx:TrackPointExtension>
      <gpxtpx:atemp>19</gpxtpx:atemp>
     </gpxtpx:TrackPointExtension>
    </extensions>
   </trkpt>
   <trkpt lat="20.6530550" lon="-100.3242540">
    <ele>2006.2</ele>
    <time>2026-07-16T13:41:55Z</time>
    <extensions>
     <gpxtpx:TrackPointExtension>
      <gpxtpx:atemp>19</gpxtpx:atemp>
     </gpxtpx:TrackPointExtension>
    </extensions>
   </trkpt>
   <trkpt lat="20.6530830" lon="-100.3242450">
    <ele>2006.2</ele>
    <time>2026-07-16T13:41:56Z</time>
    <extensions>
     <gpxtpx:TrackPointExtension>
      <gpxtpx:atemp>19</gpxtpx:atemp>
     </gpxtpx:TrackPointExtension>
    </extensions>
   </trkpt>
   <trkpt lat="20.6531120" lon="-100.3242350">
    <ele>2006.0</ele>
    <time>2026-07-16T13:41:57Z</time>
    <extensions>
     <gpxtpx:TrackPointExtension>
      <gpxtpx:atemp>19</gpxtpx:atemp>
     </gpxtpx:TrackPointExtension>
    </extensions>
   </trkpt>
   <trkpt lat="20.6531400" lon="-100.3242240">
    <ele>2006.0</ele>
    <time>2026-07-16T13:41:58Z</time>
    <extensions>
     <gpxtpx:TrackPointExtension>
      <gpxtpx:atemp>19</gpxtpx:atemp>
     </gpxtpx:TrackPointExtension>
    </extensions>
   </trkpt>
   <trkpt lat="20.6531680" lon="-100.3242120">
    <ele>2006.0</ele>
    <time>2026-07-16T13:41:59Z</time>
    <extensions>
     <gpxtpx:TrackPointExtension>
      <gpxtpx:atemp>19</gpxtpx:atemp>
     </gpxtpx:TrackPointExtension>
    </extensions>
   </trkpt>
   <trkpt lat="20.6531960" lon="-100.3242000">
    <ele>2006.0</ele>
    <time>2026-07-16T13:42:00Z</time>
    <extensions>
     <gpxtpx:TrackPointExtension>
      <gpxtpx:atemp>19</gpxtpx:atemp>
     </gpxtpx:TrackPointExtension>
    </extensions>
   </trkpt>
   <trkpt lat="20.6532230" lon="-100.3241900">
    <ele>2006.0</ele>
    <time>2026-07-16T13:42:01Z</time>
    <extensions>
     <gpxtpx:TrackPointExtension>
      <gpxtpx:atemp>19</gpxtpx:atemp>
     </gpxtpx:TrackPointExtension>
    </extensions>
   </trkpt>
   <trkpt lat="20.6532500" lon="-100.3241800">
    <ele>2005.8</ele>
    <time>2026-07-16T13:42:02Z</time>
    <extensions>
     <gpxtpx:TrackPointExtension>
      <gpxtpx:atemp>19</gpxtpx:atemp>
     </gpxtpx:TrackPointExtension>
    </extensions>
   </trkpt>
   <trkpt lat="20.6532780" lon="-100.3241710">
    <ele>2005.8</ele>
    <time>2026-07-16T13:42:03Z</time>
    <extensions>
     <gpxtpx:TrackPointExtension>
      <gpxtpx:atemp>19</gpxtpx:atemp>
     </gpxtpx:TrackPointExtension>
    </extensions>
   </trkpt>
   <trkpt lat="20.6533070" lon="-100.3241600">
    <ele>2005.8</ele>
    <time>2026-07-16T13:42:04Z</time>
    <extensions>
     <gpxtpx:TrackPointExtension>
      <gpxtpx:atemp>19</gpxtpx:atemp>
     </gpxtpx:TrackPointExtension>
    </extensions>
   </trkpt>
   <trkpt lat="20.6533360" lon="-100.3241460">
    <ele>2005.8</ele>
    <time>2026-07-16T13:42:05Z</time>
    <extensions>
     <gpxtpx:TrackPointExtension>
      <gpxtpx:atemp>19</gpxtpx:atemp>
     </gpxtpx:TrackPointExtension>
    </extensions>
   </trkpt>
   <trkpt lat="20.6533660" lon="-100.3241320">
    <ele>2005.6</ele>
    <time>2026-07-16T13:42:06Z</time>
    <extensions>
     <gpxtpx:TrackPointExtension>
      <gpxtpx:atemp>19</gpxtpx:atemp>
     </gpxtpx:TrackPointExtension>
    </extensions>
   </trkpt>
   <trkpt lat="20.6533980" lon="-100.3241200">
    <ele>2005.6</ele>
    <time>2026-07-16T13:42:07Z</time>
    <extensions>
     <gpxtpx:TrackPointExtension>
      <gpxtpx:atemp>19</gpxtpx:atemp>
     </gpxtpx:TrackPointExtension>
    </extensions>
   </trkpt>
   <trkpt lat="20.6534300" lon="-100.3241070">
    <ele>2005.6</ele>
    <time>2026-07-16T13:42:08Z</time>
    <extensions>
     <gpxtpx:TrackPointExtension>
      <gpxtpx:atemp>19</gpxtpx:atemp>
     </gpxtpx:TrackPointExtension>
    </extensions>
   </trkpt>
   <trkpt lat="20.6534620" lon="-100.3240940">
    <ele>2005.6</ele>
    <time>2026-07-16T13:42:09Z</time>
    <extensions>
     <gpxtpx:TrackPointExtension>
      <gpxtpx:atemp>19</gpxtpx:atemp>
     </gpxtpx:TrackPointExtension>
    </extensions>
   </trkpt>
   <trkpt lat="20.6534940" lon="-100.3240810">
    <ele>2005.4</ele>
    <time>2026-07-16T13:42:10Z</time>
    <extensions>
     <gpxtpx:TrackPointExtension>
      <gpxtpx:atemp>19</gpxtpx:atemp>
     </gpxtpx:TrackPointExtension>
    </extensions>
   </trkpt>
   <trkpt lat="20.6535250" lon="-100.3240660">
    <ele>2005.4</ele>
    <time>2026-07-16T13:42:11Z</time>
    <extensions>
     <gpxtpx:TrackPointExtension>
      <gpxtpx:atemp>19</gpxtpx:atemp>
     </gpxtpx:TrackPointExtension>
    </extensions>
   </trkpt>
   <trkpt lat="20.6535550" lon="-100.3240520">
    <ele>2005.4</ele>
    <time>2026-07-16T13:42:12Z</time>
    <extensions>
     <gpxtpx:TrackPointExtension>
      <gpxtpx:atemp>19</gpxtpx:atemp>
     </gpxtpx:TrackPointExtension>
    </extensions>
   </trkpt>
   <trkpt lat="20.6535840" lon="-100.3240390">
    <ele>2005.2</ele>
    <time>2026-07-16T13:42:13Z</time>
    <extensions>
     <gpxtpx:TrackPointExtension>
      <gpxtpx:atemp>19</gpxtpx:atemp>
     </gpxtpx:TrackPointExtension>
    </extensions>
   </trkpt>
   <trkpt lat="20.6536120" lon="-100.3240280">
    <ele>2005.2</ele>
    <time>2026-07-16T13:42:14Z</time>
    <extensions>
     <gpxtpx:TrackPointExtension>
      <gpxtpx:atemp>19</gpxtpx:atemp>
     </gpxtpx:TrackPointExtension>
    </extensions>
   </trkpt>
   <trkpt lat="20.6536390" lon="-100.3240170">
    <ele>2005.2</ele>
    <time>2026-07-16T13:42:15Z</time>
    <extensions>
     <gpxtpx:TrackPointExtension>
      <gpxtpx:atemp>19</gpxtpx:atemp>
     </gpxtpx:TrackPointExtension>
    </extensions>
   </trkpt>
   <trkpt lat="20.6536670" lon="-100.3240060">
    <ele>2005.0</ele>
    <time>2026-07-16T13:42:16Z</time>
    <extensions>
     <gpxtpx:TrackPointExtension>
      <gpxtpx:atemp>19</gpxtpx:atemp>
     </gpxtpx:TrackPointExtension>
    </extensions>
   </trkpt>
   <trkpt lat="20.6536960" lon="-100.3239950">
    <ele>2005.0</ele>
    <time>2026-07-16T13:42:17Z</time>
    <extensions>
     <gpxtpx:TrackPointExtension>
      <gpxtpx:atemp>19</gpxtpx:atemp>
     </gpxtpx:TrackPointExtension>
    </extensions>
   </trkpt>
   <trkpt lat="20.6537260" lon="-100.3239860">
    <ele>2005.0</ele>
    <time>2026-07-16T13:42:18Z</time>
    <extensions>
     <gpxtpx:TrackPointExtension>
      <gpxtpx:atemp>19</gpxtpx:atemp>
     </gpxtpx:TrackPointExtension>
    </extensions>
   </trkpt>
   <trkpt lat="20.6537580" lon="-100.3239770">
    <ele>2004.8</ele>
    <time>2026-07-16T13:42:19Z</time>
    <extensions>
     <gpxtpx:TrackPointExtension>
      <gpxtpx:atemp>19</gpxtpx:atemp>
     </gpxtpx:TrackPointExtension>
    </extensions>
   </trkpt>
   <trkpt lat="20.6537930" lon="-100.3239680">
    <ele>2004.8</ele>
    <time>2026-07-16T13:42:20Z</time>
    <extensions>
     <gpxtpx:TrackPointExtension>
      <gpxtpx:atemp>19</gpxtpx:atemp>
     </gpxtpx:TrackPointExtension>
    </extensions>
   </trkpt>
   <trkpt lat="20.6538320" lon="-100.3239560">
    <ele>2004.6</ele>
    <time>2026-07-16T13:42:21Z</time>
    <extensions>
     <gpxtpx:TrackPointExtension>
      <gpxtpx:atemp>19</gpxtpx:atemp>
     </gpxtpx:TrackPointExtension>
    </extensions>
   </trkpt>
   <trkpt lat="20.6538710" lon="-100.3239410">
    <ele>2004.6</ele>
    <time>2026-07-16T13:42:22Z</time>
    <extensions>
     <gpxtpx:TrackPointExtension>
      <gpxtpx:atemp>19</gpxtpx:atemp>
     </gpxtpx:TrackPointExtension>
    </extensions>
   </trkpt>
   <trkpt lat="20.6539110" lon="-100.3239230">
    <ele>2004.4</ele>
    <time>2026-07-16T13:42:23Z</time>
    <extensions>
     <gpxtpx:TrackPointExtension>
      <gpxtpx:atemp>19</gpxtpx:atemp>
     </gpxtpx:TrackPointExtension>
    </extensions>
   </trkpt>
   <trkpt lat="20.6539520" lon="-100.3239040">
    <ele>2004.2</ele>
    <time>2026-07-16T13:42:24Z</time>
    <extensions>
     <gpxtpx:TrackPointExtension>
      <gpxtpx:atemp>19</gpxtpx:atemp>
     </gpxtpx:TrackPointExtension>
    </extensions>
   </trkpt>
   <trkpt lat="20.6539920" lon="-100.3238830">
    <ele>2004.0</ele>
    <time>2026-07-16T13:42:25Z</time>
    <extensions>
     <gpxtpx:TrackPointExtension>
      <gpxtpx:atemp>19</gpxtpx:atemp>
     </gpxtpx:TrackPointExtension>
    </extensions>
   </trkpt>
   <trkpt lat="20.6540310" lon="-100.3238620">
    <ele>2003.8</ele>
    <time>2026-07-16T13:42:26Z</time>
    <extensions>
     <gpxtpx:TrackPointExtension>
      <gpxtpx:atemp>19</gpxtpx:atemp>
     </gpxtpx:TrackPointExtension>
    </extensions>
   </trkpt>
   <trkpt lat="20.6540700" lon="-100.3238420">
    <ele>2003.6</ele>
    <time>2026-07-16T13:42:27Z</time>
    <extensions>
     <gpxtpx:TrackPointExtension>
      <gpxtpx:atemp>19</gpxtpx:atemp>
     </gpxtpx:TrackPointExtension>
    </extensions>
   </trkpt>
   <trkpt lat="20.6541100" lon="-100.3238220">
    <ele>2003.4</ele>
    <time>2026-07-16T13:42:28Z</time>
    <extensions>
     <gpxtpx:TrackPointExtension>
      <gpxtpx:atemp>19</gpxtpx:atemp>
     </gpxtpx:TrackPointExtension>
    </extensions>
   </trkpt>
   <trkpt lat="20.6541510" lon="-100.3238040">
    <ele>2003.2</ele>
    <time>2026-07-16T13:42:29Z</time>
    <extensions>
     <gpxtpx:TrackPointExtension>
      <gpxtpx:atemp>19</gpxtpx:atemp>
     </gpxtpx:TrackPointExtension>
    </extensions>
   </trkpt>
   <trkpt lat="20.6541960" lon="-100.3237860">
    <ele>2003.0</ele>
    <time>2026-07-16T13:42:30Z</time>
    <extensions>
     <gpxtpx:TrackPointExtension>
      <gpxtpx:atemp>19</gpxtpx:atemp>
     </gpxtpx:TrackPointExtension>
    </extensions>
   </trkpt>
   <trkpt lat="20.6542390" lon="-100.3237690">
    <ele>2002.8</ele>
    <time>2026-07-16T13:42:31Z</time>
    <extensions>
     <gpxtpx:TrackPointExtension>
      <gpxtpx:atemp>19</gpxtpx:atemp>
     </gpxtpx:TrackPointExtension>
    </extensions>
   </trkpt>
   <trkpt lat="20.6542820" lon="-100.3237530">
    <ele>2002.6</ele>
    <time>2026-07-16T13:42:32Z</time>
    <extensions>
     <gpxtpx:TrackPointExtension>
      <gpxtpx:atemp>19</gpxtpx:atemp>
     </gpxtpx:TrackPointExtension>
    </extensions>
   </trkpt>
   <trkpt lat="20.6543230" lon="-100.3237390">
    <ele>2002.2</ele>
    <time>2026-07-16T13:42:33Z</time>
    <extensions>
     <gpxtpx:TrackPointExtension>
      <gpxtpx:atemp>19</gpxtpx:atemp>
     </gpxtpx:TrackPointExtension>
    </extensions>
   </trkpt>
   <trkpt lat="20.6543650" lon="-100.3237250">
    <ele>2002.0</ele>
    <time>2026-07-16T13:42:34Z</time>
    <extensions>
     <gpxtpx:TrackPointExtension>
      <gpxtpx:atemp>19</gpxtpx:atemp>
     </gpxtpx:TrackPointExtension>
    </extensions>
   </trkpt>
   <trkpt lat="20.6544080" lon="-100.3237110">
    <ele>2001.8</ele>
    <time>2026-07-16T13:42:35Z</time>
    <extensions>
     <gpxtpx:TrackPointExtension>
      <gpxtpx:atemp>19</gpxtpx:atemp>
     </gpxtpx:TrackPointExtension>
    </extensions>
   </trkpt>
   <trkpt lat="20.6544520" lon="-100.3236970">
    <ele>2001.6</ele>
    <time>2026-07-16T13:42:36Z</time>
    <extensions>
     <gpxtpx:TrackPointExtension>
      <gpxtpx:atemp>19</gpxtpx:atemp>
     </gpxtpx:TrackPointExtension>
    </extensions>
   </trkpt>
   <trkpt lat="20.6544960" lon="-100.3236820">
    <ele>2001.4</ele>
    <time>2026-07-16T13:42:37Z</time>
    <extensions>
     <gpxtpx:TrackPointExtension>
      <gpxtpx:atemp>19</gpxtpx:atemp>
     </gpxtpx:TrackPointExtension>
    </extensions>
   </trkpt>
   <trkpt lat="20.6545420" lon="-100.3236650">
    <ele>2001.2</ele>
    <time>2026-07-16T13:42:38Z</time>
    <extensions>
     <gpxtpx:TrackPointExtension>
      <gpxtpx:atemp>19</gpxtpx:atemp>
     </gpxtpx:TrackPointExtension>
    </extensions>
   </trkpt>
   <trkpt lat="20.6545850" lon="-100.3236460">
    <ele>2001.0</ele>
    <time>2026-07-16T13:42:39Z</time>
    <extensions>
     <gpxtpx:TrackPointExtension>
      <gpxtpx:atemp>19</gpxtpx:atemp>
     </gpxtpx:TrackPointExtension>
    </extensions>
   </trkpt>
   <trkpt lat="20.6546270" lon="-100.3236270">
    <ele>2001.0</ele>
    <time>2026-07-16T13:42:40Z</time>
    <extensions>
     <gpxtpx:TrackPointExtension>
      <gpxtpx:atemp>19</gpxtpx:atemp>
     </gpxtpx:TrackPointExtension>
    </extensions>
   </trkpt>
   <trkpt lat="20.6546680" lon="-100.3236100">
    <ele>2000.8</ele>
    <time>2026-07-16T13:42:41Z</time>
    <extensions>
     <gpxtpx:TrackPointExtension>
      <gpxtpx:atemp>19</gpxtpx:atemp>
     </gpxtpx:TrackPointExtension>
    </extensions>
   </trkpt>
   <trkpt lat="20.6547080" lon="-100.3235950">
    <ele>2000.8</ele>
    <time>2026-07-16T13:42:42Z</time>
    <extensions>
     <gpxtpx:TrackPointExtension>
      <gpxtpx:atemp>19</gpxtpx:atemp>
     </gpxtpx:TrackPointExtension>
    </extensions>
   </trkpt>
   <trkpt lat="20.6547480" lon="-100.3235810">
    <ele>2000.6</ele>
    <time>2026-07-16T13:42:43Z</time>
    <extensions>
     <gpxtpx:TrackPointExtension>
      <gpxtpx:atemp>19</gpxtpx:atemp>
     </gpxtpx:TrackPointExtension>
    </extensions>
   </trkpt>
   <trkpt lat="20.6547880" lon="-100.3235680">
    <ele>2000.6</ele>
    <time>2026-07-16T13:42:44Z</time>
    <extensions>
     <gpxtpx:TrackPointExtension>
      <gpxtpx:atemp>19</gpxtpx:atemp>
     </gpxtpx:TrackPointExtension>
    </extensions>
   </trkpt>
   <trkpt lat="20.6548270" lon="-100.3235550">
    <ele>2000.6</ele>
    <time>2026-07-16T13:42:45Z</time>
    <extensions>
     <gpxtpx:TrackPointExtension>
      <gpxtpx:atemp>19</gpxtpx:atemp>
     </gpxtpx:TrackPointExtension>
    </extensions>
   </trkpt>
   <trkpt lat="20.6548640" lon="-100.3235400">
    <ele>2000.4</ele>
    <time>2026-07-16T13:42:46Z</time>
    <extensions>
     <gpxtpx:TrackPointExtension>
      <gpxtpx:atemp>19</gpxtpx:atemp>
     </gpxtpx:TrackPointExtension>
    </extensions>
   </trkpt>
   <trkpt lat="20.6549000" lon="-100.3235250">
    <ele>2000.4</ele>
    <time>2026-07-16T13:42:47Z</time>
    <extensions>
     <gpxtpx:TrackPointExtension>
      <gpxtpx:atemp>19</gpxtpx:atemp>
     </gpxtpx:TrackPointExtension>
    </extensions>
   </trkpt>
   <trkpt lat="20.6549350" lon="-100.3235090">
    <ele>2000.4</ele>
    <time>2026-07-16T13:42:48Z</time>
    <extensions>
     <gpxtpx:TrackPointExtension>
      <gpxtpx:atemp>19</gpxtpx:atemp>
     </gpxtpx:TrackPointExtension>
    </extensions>
   </trkpt>
   <trkpt lat="20.6549710" lon="-100.3234930">
    <ele>2000.4</ele>
    <time>2026-07-16T13:42:49Z</time>
    <extensions>
     <gpxtpx:TrackPointExtension>
      <gpxtpx:atemp>19</gpxtpx:atemp>
     </gpxtpx:TrackPointExtension>
    </extensions>
   </trkpt>
   <trkpt lat="20.6550070" lon="-100.3234770">
    <ele>2000.2</ele>
    <time>2026-07-16T13:42:50Z</time>
    <extensions>
     <gpxtpx:TrackPointExtension>
      <gpxtpx:atemp>19</gpxtpx:atemp>
     </gpxtpx:TrackPointExtension>
    </extensions>
   </trkpt>
   <trkpt lat="20.6550430" lon="-100.3234620">
    <ele>2000.2</ele>
    <time>2026-07-16T13:42:51Z</time>
    <extensions>
     <gpxtpx:TrackPointExtension>
      <gpxtpx:atemp>19</gpxtpx:atemp>
     </gpxtpx:TrackPointExtension>
    </extensions>
   </trkpt>
   <trkpt lat="20.6550760" lon="-100.3234470">
    <ele>2000.2</ele>
    <time>2026-07-16T13:42:52Z</time>
    <extensions>
     <gpxtpx:TrackPointExtension>
      <gpxtpx:atemp>19</gpxtpx:atemp>
     </gpxtpx:TrackPointExtension>
    </extensions>
   </trkpt>
   <trkpt lat="20.6551100" lon="-100.3234330">
    <ele>2000.0</ele>
    <time>2026-07-16T13:42:53Z</time>
    <extensions>
     <gpxtpx:TrackPointExtension>
      <gpxtpx:atemp>19</gpxtpx:atemp>
     </gpxtpx:TrackPointExtension>
    </extensions>
   </trkpt>
   <trkpt lat="20.6551450" lon="-100.3234190">
    <ele>2000.0</ele>
    <time>2026-07-16T13:42:54Z</time>
    <extensions>
     <gpxtpx:TrackPointExtension>
      <gpxtpx:atemp>19</gpxtpx:atemp>
     </gpxtpx:TrackPointExtension>
    </extensions>
   </trkpt>
   <trkpt lat="20.6551800" lon="-100.3234050">
    <ele>2000.0</ele>
    <time>2026-07-16T13:42:55Z</time>
    <extensions>
     <gpxtpx:TrackPointExtension>
      <gpxtpx:atemp>19</gpxtpx:atemp>
     </gpxtpx:TrackPointExtension>
    </extensions>
   </trkpt>
   <trkpt lat="20.6552180" lon="-100.3233900">
    <ele>1999.8</ele>
    <time>2026-07-16T13:42:56Z</time>
    <extensions>
     <gpxtpx:TrackPointExtension>
      <gpxtpx:atemp>19</gpxtpx:atemp>
     </gpxtpx:TrackPointExtension>
    </extensions>
   </trkpt>
   <trkpt lat="20.6552560" lon="-100.3233750">
    <ele>1999.8</ele>
    <time>2026-07-16T13:42:57Z</time>
    <extensions>
     <gpxtpx:TrackPointExtension>
      <gpxtpx:atemp>19</gpxtpx:atemp>
     </gpxtpx:TrackPointExtension>
    </extensions>
   </trkpt>
   <trkpt lat="20.6552970" lon="-100.3233600">
    <ele>1999.6</ele>
    <time>2026-07-16T13:42:58Z</time>
    <extensions>
     <gpxtpx:TrackPointExtension>
      <gpxtpx:atemp>19</gpxtpx:atemp>
     </gpxtpx:TrackPointExtension>
    </extensions>
   </trkpt>
   <trkpt lat="20.6553400" lon="-100.3233450">
    <ele>1999.6</ele>
    <time>2026-07-16T13:42:59Z</time>
    <extensions>
     <gpxtpx:TrackPointExtension>
      <gpxtpx:atemp>19</gpxtpx:atemp>
     </gpxtpx:TrackPointExtension>
    </extensions>
   </trkpt>
   <trkpt lat="20.6553840" lon="-100.3233300">
    <ele>1999.4</ele>
    <time>2026-07-16T13:43:00Z</time>
    <extensions>
     <gpxtpx:TrackPointExtension>
      <gpxtpx:atemp>19</gpxtpx:atemp>
     </gpxtpx:TrackPointExtension>
    </extensions>
   </trkpt>
   <trkpt lat="20.6554270" lon="-100.3233150">
    <ele>1999.2</ele>
    <time>2026-07-16T13:43:01Z</time>
    <extensions>
     <gpxtpx:TrackPointExtension>
      <gpxtpx:atemp>19</gpxtpx:atemp>
     </gpxtpx:TrackPointExtension>
    </extensions>
   </trkpt>
   <trkpt lat="20.6554660" lon="-100.3233000">
    <ele>1999.0</ele>
    <time>2026-07-16T13:43:02Z</time>
    <extensions>
     <gpxtpx:TrackPointExtension>
      <gpxtpx:atemp>18</gpxtpx:atemp>
     </gpxtpx:TrackPointExtension>
    </extensions>
   </trkpt>
   <trkpt lat="20.6555020" lon="-100.3232840">
    <ele>1998.8</ele>
    <time>2026-07-16T13:43:03Z</time>
    <extensions>
     <gpxtpx:TrackPointExtension>
      <gpxtpx:atemp>19</gpxtpx:atemp>
     </gpxtpx:TrackPointExtension>
    </extensions>
   </trkpt>
   <trkpt lat="20.6555380" lon="-100.3232690">
    <ele>1998.6</ele>
    <time>2026-07-16T13:43:04Z</time>
    <extensions>
     <gpxtpx:TrackPointExtension>
      <gpxtpx:atemp>18</gpxtpx:atemp>
     </gpxtpx:TrackPointExtension>
    </extensions>
   </trkpt>
   <trkpt lat="20.6555760" lon="-100.3232530">
    <ele>1998.4</ele>
    <time>2026-07-16T13:43:05Z</time>
    <extensions>
     <gpxtpx:TrackPointExtension>
      <gpxtpx:atemp>18</gpxtpx:atemp>
     </gpxtpx:TrackPointExtension>
    </extensions>
   </trkpt>
   <trkpt lat="20.6556120" lon="-100.3232380">
    <ele>1998.2</ele>
    <time>2026-07-16T13:43:06Z</time>
    <extensions>
     <gpxtpx:TrackPointExtension>
      <gpxtpx:atemp>18</gpxtpx:atemp>
     </gpxtpx:TrackPointExtension>
    </extensions>
   </trkpt>
   <trkpt lat="20.6556440" lon="-100.3232250">
    <ele>1998.0</ele>
    <time>2026-07-16T13:43:07Z</time>
    <extensions>
     <gpxtpx:TrackPointExtension>
      <gpxtpx:atemp>18</gpxtpx:atemp>
     </gpxtpx:TrackPointExtension>
    </extensions>
   </trkpt>
   <trkpt lat="20.6556700" lon="-100.3232130">
    <ele>1997.8</ele>
    <time>2026-07-16T13:43:08Z</time>
    <extensions>
     <gpxtpx:TrackPointExtension>
      <gpxtpx:atemp>18</gpxtpx:atemp>
     </gpxtpx:TrackPointExtension>
    </extensions>
   </trkpt>
   <trkpt lat="20.6556910" lon="-100.3232020">
    <ele>1997.6</ele>
    <time>2026-07-16T13:43:09Z</time>
    <extensions>
     <gpxtpx:TrackPointExtension>
      <gpxtpx:atemp>18</gpxtpx:atemp>
     </gpxtpx:TrackPointExtension>
    </extensions>
   </trkpt>
   <trkpt lat="20.6557080" lon="-100.3231950">
    <ele>1997.6</ele>
    <time>2026-07-16T13:43:10Z</time>
    <extensions>
     <gpxtpx:TrackPointExtension>
      <gpxtpx:atemp>18</gpxtpx:atemp>
     </gpxtpx:TrackPointExtension>
    </extensions>
   </trkpt>
   <trkpt lat="20.6557220" lon="-100.3231900">
    <ele>1997.4</ele>
    <time>2026-07-16T13:43:11Z</time>
    <extensions>
     <gpxtpx:TrackPointExtension>
      <gpxtpx:atemp>18</gpxtpx:atemp>
     </gpxtpx:TrackPointExtension>
    </extensions>
   </trkpt>
   <trkpt lat="20.6557330" lon="-100.3231910">
    <ele>1997.4</ele>
    <time>2026-07-16T13:43:12Z</time>
    <extensions>
     <gpxtpx:TrackPointExtension>
      <gpxtpx:atemp>18</gpxtpx:atemp>
     </gpxtpx:TrackPointExtension>
    </extensions>
   </trkpt>
   <trkpt lat="20.6557420" lon="-100.3231970">
    <ele>1997.4</ele>
    <time>2026-07-16T13:43:13Z</time>
    <extensions>
     <gpxtpx:TrackPointExtension>
      <gpxtpx:atemp>18</gpxtpx:atemp>
     </gpxtpx:TrackPointExtension>
    </extensions>
   </trkpt>
   <trkpt lat="20.6557510" lon="-100.3232050">
    <ele>1997.2</ele>
    <time>2026-07-16T13:43:14Z</time>
    <extensions>
     <gpxtpx:TrackPointExtension>
      <gpxtpx:atemp>18</gpxtpx:atemp>
     </gpxtpx:TrackPointExtension>
    </extensions>
   </trkpt>
   <trkpt lat="20.6557590" lon="-100.3232130">
    <ele>1997.2</ele>
    <time>2026-07-16T13:43:15Z</time>
    <extensions>
     <gpxtpx:TrackPointExtension>
      <gpxtpx:atemp>18</gpxtpx:atemp>
     </gpxtpx:TrackPointExtension>
    </extensions>
   </trkpt>
   <trkpt lat="20.6557680" lon="-100.3232240">
    <ele>1997.2</ele>
    <time>2026-07-16T13:43:16Z</time>
    <extensions>
     <gpxtpx:TrackPointExtension>
      <gpxtpx:atemp>18</gpxtpx:atemp>
     </gpxtpx:TrackPointExtension>
    </extensions>
   </trkpt>
   <trkpt lat="20.6557770" lon="-100.3232380">
    <ele>1997.2</ele>
    <time>2026-07-16T13:43:17Z</time>
    <extensions>
     <gpxtpx:TrackPointExtension>
      <gpxtpx:atemp>18</gpxtpx:atemp>
     </gpxtpx:TrackPointExtension>
    </extensions>
   </trkpt>
   <trkpt lat="20.6557810" lon="-100.3232560">
    <ele>1997.2</ele>
    <time>2026-07-16T13:43:18Z</time>
    <extensions>
     <gpxtpx:TrackPointExtension>
      <gpxtpx:atemp>18</gpxtpx:atemp>
     </gpxtpx:TrackPointExtension>
    </extensions>
   </trkpt>
   <trkpt lat="20.6557810" lon="-100.3232800">
    <ele>1997.0</ele>
    <time>2026-07-16T13:43:19Z</time>
    <extensions>
     <gpxtpx:TrackPointExtension>
      <gpxtpx:atemp>18</gpxtpx:atemp>
     </gpxtpx:TrackPointExtension>
    </extensions>
   </trkpt>
   <trkpt lat="20.6557750" lon="-100.3233090">
    <ele>1997.0</ele>
    <time>2026-07-16T13:43:20Z</time>
    <extensions>
     <gpxtpx:TrackPointExtension>
      <gpxtpx:atemp>18</gpxtpx:atemp>
     </gpxtpx:TrackPointExtension>
    </extensions>
   </trkpt>
   <trkpt lat="20.6557600" lon="-100.3233400">
    <ele>1996.8</ele>
    <time>2026-07-16T13:43:21Z</time>
    <extensions>
     <gpxtpx:TrackPointExtension>
      <gpxtpx:atemp>18</gpxtpx:atemp>
     </gpxtpx:TrackPointExtension>
    </extensions>
   </trkpt>
   <trkpt lat="20.6557370" lon="-100.3233710">
    <ele>1996.8</ele>
    <time>2026-07-16T13:43:22Z</time>
    <extensions>
     <gpxtpx:TrackPointExtension>
      <gpxtpx:atemp>18</gpxtpx:atemp>
     </gpxtpx:TrackPointExtension>
    </extensions>
   </trkpt>
   <trkpt lat="20.6557100" lon="-100.3233990">
    <ele>1996.6</ele>
    <time>2026-07-16T13:43:23Z</time>
    <extensions>
     <gpxtpx:TrackPointExtension>
      <gpxtpx:atemp>18</gpxtpx:atemp>
     </gpxtpx:TrackPointExtension>
    </extensions>
   </trkpt>
   <trkpt lat="20.6556800" lon="-100.3234250">
    <ele>1996.6</ele>
    <time>2026-07-16T13:43:24Z</time>
    <extensions>
     <gpxtpx:TrackPointExtension>
      <gpxtpx:atemp>18</gpxtpx:atemp>
     </gpxtpx:TrackPointExtension>
    </extensions>
   </trkpt>
   <trkpt lat="20.6556560" lon="-100.3234500">
    <ele>1996.4</ele>
    <time>2026-07-16T13:43:25Z</time>
    <extensions>
     <gpxtpx:TrackPointExtension>
      <gpxtpx:atemp>18</gpxtpx:atemp>
     </gpxtpx:TrackPointExtension>
    </extensions>
   </trkpt>
   <trkpt lat="20.6556350" lon="-100.3234740">
    <ele>1996.4</ele>
    <time>2026-07-16T13:43:26Z</time>
    <extensions>
     <gpxtpx:TrackPointExtension>
      <gpxtpx:atemp>18</gpxtpx:atemp>
     </gpxtpx:TrackPointExtension>
    </extensions>
   </trkpt>
   <trkpt lat="20.6556170" lon="-100.3234960">
    <ele>1996.2</ele>
    <time>2026-07-16T13:43:27Z</time>
    <extensions>
     <gpxtpx:TrackPointExtension>
      <gpxtpx:atemp>18</gpxtpx:atemp>
     </gpxtpx:TrackPointExtension>
    </extensions>
   </trkpt>
   <trkpt lat="20.6555980" lon="-100.3235190">
    <ele>1996.2</ele>
    <time>2026-07-16T13:43:28Z</time>
    <extensions>
     <gpxtpx:TrackPointExtension>
      <gpxtpx:atemp>18</gpxtpx:atemp>
     </gpxtpx:TrackPointExtension>
    </extensions>
   </trkpt>
   <trkpt lat="20.6555790" lon="-100.3235420">
    <ele>1996.2</ele>
    <time>2026-07-16T13:43:29Z</time>
    <extensions>
     <gpxtpx:TrackPointExtension>
      <gpxtpx:atemp>18</gpxtpx:atemp>
     </gpxtpx:TrackPointExtension>
    </extensions>
   </trkpt>
   <trkpt lat="20.6555580" lon="-100.3235660">
    <ele>1996.2</ele>
    <time>2026-07-16T13:43:30Z</time>
    <extensions>
     <gpxtpx:TrackPointExtension>
      <gpxtpx:atemp>18</gpxtpx:atemp>
     </gpxtpx:TrackPointExtension>
    </extensions>
   </trkpt>
   <trkpt lat="20.6555360" lon="-100.3235880">
    <ele>1996.2</ele>
    <time>2026-07-16T13:43:31Z</time>
    <extensions>
     <gpxtpx:TrackPointExtension>
      <gpxtpx:atemp>18</gpxtpx:atemp>
     </gpxtpx:TrackPointExtension>
    </extensions>
   </trkpt>
   <trkpt lat="20.6555130" lon="-100.3236110">
    <ele>1996.2</ele>
    <time>2026-07-16T13:43:32Z</time>
    <extensions>
     <gpxtpx:TrackPointExtension>
      <gpxtpx:atemp>18</gpxtpx:atemp>
     </gpxtpx:TrackPointExtension>
    </extensions>
   </trkpt>
   <trkpt lat="20.6554890" lon="-100.3236340">
    <ele>1996.2</ele>
    <time>2026-07-16T13:43:33Z</time>
    <extensions>
     <gpxtpx:TrackPointExtension>
      <gpxtpx:atemp>18</gpxtpx:atemp>
     </gpxtpx:TrackPointExtension>
    </extensions>
   </trkpt>
   <trkpt lat="20.6554640" lon="-100.3236590">
    <ele>1996.2</ele>
    <time>2026-07-16T13:43:34Z</time>
    <extensions>
     <gpxtpx:TrackPointExtension>
      <gpxtpx:atemp>18</gpxtpx:atemp>
     </gpxtpx:TrackPointExtension>
    </extensions>
   </trkpt>
   <trkpt lat="20.6554390" lon="-100.3236840">
    <ele>1996.2</ele>
    <time>2026-07-16T13:43:35Z</time>
    <extensions>
     <gpxtpx:TrackPointExtension>
      <gpxtpx:atemp>18</gpxtpx:atemp>
     </gpxtpx:TrackPointExtension>
    </extensions>
   </trkpt>
   <trkpt lat="20.6554130" lon="-100.3237070">
    <ele>1996.2</ele>
    <time>2026-07-16T13:43:36Z</time>
    <extensions>
     <gpxtpx:TrackPointExtension>
      <gpxtpx:atemp>18</gpxtpx:atemp>
     </gpxtpx:TrackPointExtension>
    </extensions>
   </trkpt>
   <trkpt lat="20.6553880" lon="-100.3237310">
    <ele>1996.2</ele>
    <time>2026-07-16T13:43:37Z</time>
    <extensions>
     <gpxtpx:TrackPointExtension>
      <gpxtpx:atemp>18</gpxtpx:atemp>
     </gpxtpx:TrackPointExtension>
    </extensions>
   </trkpt>
   <trkpt lat="20.6553630" lon="-100.3237550">
    <ele>1996.4</ele>
    <time>2026-07-16T13:43:38Z</time>
    <extensions>
     <gpxtpx:TrackPointExtension>
      <gpxtpx:atemp>18</gpxtpx:atemp>
     </gpxtpx:TrackPointExtension>
    </extensions>
   </trkpt>
   <trkpt lat="20.6553380" lon="-100.3237800">
    <ele>1996.4</ele>
    <time>2026-07-16T13:43:39Z</time>
    <extensions>
     <gpxtpx:TrackPointExtension>
      <gpxtpx:atemp>18</gpxtpx:atemp>
     </gpxtpx:TrackPointExtension>
    </extensions>
   </trkpt>
   <trkpt lat="20.6553110" lon="-100.3238030">
    <ele>1996.4</ele>
    <time>2026-07-16T13:43:40Z</time>
    <extensions>
     <gpxtpx:TrackPointExtension>
      <gpxtpx:atemp>18</gpxtpx:atemp>
     </gpxtpx:TrackPointExtension>
    </extensions>
   </trkpt>
   <trkpt lat="20.6552840" lon="-100.3238240">
    <ele>1996.4</ele>
    <time>2026-07-16T13:43:41Z</time>
    <extensions>
     <gpxtpx:TrackPointExtension>
      <gpxtpx:atemp>18</gpxtpx:atemp>
     </gpxtpx:TrackPointExtension>
    </extensions>
   </trkpt>
   <trkpt lat="20.6552580" lon="-100.3238440">
    <ele>1996.4</ele>
    <time>2026-07-16T13:43:42Z</time>
    <extensions>
     <gpxtpx:TrackPointExtension>
      <gpxtpx:atemp>18</gpxtpx:atemp>
     </gpxtpx:TrackPointExtension>
    </extensions>
   </trkpt>
   <trkpt lat="20.6552310" lon="-100.3238650">
    <ele>1996.6</ele>
    <time>2026-07-16T13:43:43Z</time>
    <extensions>
     <gpxtpx:TrackPointExtension>
      <gpxtpx:atemp>18</gpxtpx:atemp>
     </gpxtpx:TrackPointExtension>
    </extensions>
   </trkpt>
   <trkpt lat="20.6552070" lon="-100.3238850">
    <ele>1996.6</ele>
    <time>2026-07-16T13:43:44Z</time>
    <extensions>
     <gpxtpx:TrackPointExtension>
      <gpxtpx:atemp>18</gpxtpx:atemp>
     </gpxtpx:TrackPointExtension>
    </extensions>
   </trkpt>
   <trkpt lat="20.6551850" lon="-100.3239060">
    <ele>1996.6</ele>
    <time>2026-07-16T13:43:45Z</time>
    <extensions>
     <gpxtpx:TrackPointExtension>
      <gpxtpx:atemp>18</gpxtpx:atemp>
     </gpxtpx:TrackPointExtension>
    </extensions>
   </trkpt>
   <trkpt lat="20.6551630" lon="-100.3239290">
    <ele>1996.6</ele>
    <time>2026-07-16T13:43:46Z</time>
    <extensions>
     <gpxtpx:TrackPointExtension>
      <gpxtpx:atemp>18</gpxtpx:atemp>
     </gpxtpx:TrackPointExtension>
    </extensions>
   </trkpt>
   <trkpt lat="20.6551420" lon="-100.3239510">
    <ele>1996.6</ele>
    <time>2026-07-16T13:43:47Z</time>
    <extensions>
     <gpxtpx:TrackPointExtension>
      <gpxtpx:atemp>18</gpxtpx:atemp>
     </gpxtpx:TrackPointExtension>
    </extensions>
   </trkpt>
   <trkpt lat="20.6551210" lon="-100.3239700">
    <ele>1996.8</ele>
    <time>2026-07-16T13:43:48Z</time>
    <extensions>
     <gpxtpx:TrackPointExtension>
      <gpxtpx:atemp>18</gpxtpx:atemp>
     </gpxtpx:TrackPointExtension>
    </extensions>
   </trkpt>
   <trkpt lat="20.6551050" lon="-100.3239850">
    <ele>1996.8</ele>
    <time>2026-07-16T13:43:49Z</time>
    <extensions>
     <gpxtpx:TrackPointExtension>
      <gpxtpx:atemp>18</gpxtpx:atemp>
     </gpxtpx:TrackPointExtension>
    </extensions>
   </trkpt>
   <trkpt lat="20.6550910" lon="-100.3240020">
    <ele>1996.8</ele>
    <time>2026-07-16T13:43:50Z</time>
    <extensions>
     <gpxtpx:TrackPointExtension>
      <gpxtpx:atemp>18</gpxtpx:atemp>
     </gpxtpx:TrackPointExtension>
    </extensions>
   </trkpt>
   <trkpt lat="20.6550780" lon="-100.3240230">
    <ele>1996.8</ele>
    <time>2026-07-16T13:43:51Z</time>
    <extensions>
     <gpxtpx:TrackPointExtension>
      <gpxtpx:atemp>18</gpxtpx:atemp>
     </gpxtpx:TrackPointExtension>
    </extensions>
   </trkpt>
   <trkpt lat="20.6550660" lon="-100.3240470">
    <ele>1996.8</ele>
    <time>2026-07-16T13:43:52Z</time>
    <extensions>
     <gpxtpx:TrackPointExtension>
      <gpxtpx:atemp>18</gpxtpx:atemp>
     </gpxtpx:TrackPointExtension>
    </extensions>
   </trkpt>
   <trkpt lat="20.6550550" lon="-100.3240740">
    <ele>1996.8</ele>
    <time>2026-07-16T13:43:53Z</time>
    <extensions>
     <gpxtpx:TrackPointExtension>
      <gpxtpx:atemp>18</gpxtpx:atemp>
     </gpxtpx:TrackPointExtension>
    </extensions>
   </trkpt>
   <trkpt lat="20.6550440" lon="-100.3241030">
    <ele>1996.8</ele>
    <time>2026-07-16T13:43:54Z</time>
    <extensions>
     <gpxtpx:TrackPointExtension>
      <gpxtpx:atemp>18</gpxtpx:atemp>
     </gpxtpx:TrackPointExtension>
    </extensions>
   </trkpt>
   <trkpt lat="20.6550320" lon="-100.3241330">
    <ele>1996.8</ele>
    <time>2026-07-16T13:43:55Z</time>
    <extensions>
     <gpxtpx:TrackPointExtension>
      <gpxtpx:atemp>18</gpxtpx:atemp>
     </gpxtpx:TrackPointExtension>
    </extensions>
   </trkpt>
   <trkpt lat="20.6550180" lon="-100.3241640">
    <ele>1996.6</ele>
    <time>2026-07-16T13:43:56Z</time>
    <extensions>
     <gpxtpx:TrackPointExtension>
      <gpxtpx:atemp>18</gpxtpx:atemp>
     </gpxtpx:TrackPointExtension>
    </extensions>
   </trkpt>
   <trkpt lat="20.6550010" lon="-100.3241950">
    <ele>1996.6</ele>
    <time>2026-07-16T13:43:57Z</time>
    <extensions>
     <gpxtpx:TrackPointExtension>
      <gpxtpx:atemp>18</gpxtpx:atemp>
     </gpxtpx:TrackPointExtension>
    </extensions>
   </trkpt>
   <trkpt lat="20.6549790" lon="-100.3242280">
    <ele>1996.6</ele>
    <time>2026-07-16T13:43:58Z</time>
    <extensions>
     <gpxtpx:TrackPointExtension>
      <gpxtpx:atemp>18</gpxtpx:atemp>
     </gpxtpx:TrackPointExtension>
    </extensions>
   </trkpt>
   <trkpt lat="20.6549550" lon="-100.3242590">
    <ele>1996.6</ele>
    <time>2026-07-16T13:43:59Z</time>
    <extensions>
     <gpxtpx:TrackPointExtension>
      <gpxtpx:atemp>18</gpxtpx:atemp>
     </gpxtpx:TrackPointExtension>
    </extensions>
   </trkpt>
   <trkpt lat="20.6549320" lon="-100.3242870">
    <ele>1996.4</ele>
    <time>2026-07-16T13:44:00Z</time>
    <extensions>
     <gpxtpx:TrackPointExtension>
      <gpxtpx:atemp>18</gpxtpx:atemp>
     </gpxtpx:TrackPointExtension>
    </extensions>
   </trkpt>
   <trkpt lat="20.6549100" lon="-100.3243140">
    <ele>1996.4</ele>
    <time>2026-07-16T13:44:01Z</time>
    <extensions>
     <gpxtpx:TrackPointExtension>
      <gpxtpx:atemp>18</gpxtpx:atemp>
     </gpxtpx:TrackPointExtension>
    </extensions>
   </trkpt>
   <trkpt lat="20.6548880" lon="-100.3243400">
    <ele>1996.2</ele>
    <time>2026-07-16T13:44:02Z</time>
    <extensions>
     <gpxtpx:TrackPointExtension>
      <gpxtpx:atemp>18</gpxtpx:atemp>
     </gpxtpx:TrackPointExtension>
    </extensions>
   </trkpt>
   <trkpt lat="20.6548670" lon="-100.3243650">
    <ele>1996.2</ele>
    <time>2026-07-16T13:44:03Z</time>
    <extensions>
     <gpxtpx:TrackPointExtension>
      <gpxtpx:atemp>18</gpxtpx:atemp>
     </gpxtpx:TrackPointExtension>
    </extensions>
   </trkpt>
   <trkpt lat="20.6548450" lon="-100.3243910">
    <ele>1996.0</ele>
    <time>2026-07-16T13:44:04Z</time>
    <extensions>
     <gpxtpx:TrackPointExtension>
      <gpxtpx:atemp>18</gpxtpx:atemp>
     </gpxtpx:TrackPointExtension>
    </extensions>
   </trkpt>
   <trkpt lat="20.6548230" lon="-100.3244150">
    <ele>1996.0</ele>
    <time>2026-07-16T13:44:05Z</time>
    <extensions>
     <gpxtpx:TrackPointExtension>
      <gpxtpx:atemp>18</gpxtpx:atemp>
     </gpxtpx:TrackPointExtension>
    </extensions>
   </trkpt>
   <trkpt lat="20.6548000" lon="-100.3244340">
    <ele>1995.8</ele>
    <time>2026-07-16T13:44:06Z</time>
    <extensions>
     <gpxtpx:TrackPointExtension>
      <gpxtpx:atemp>18</gpxtpx:atemp>
     </gpxtpx:TrackPointExtension>
    </extensions>
   </trkpt>
   <trkpt lat="20.6547780" lon="-100.3244510">
    <ele>1995.8</ele>
    <time>2026-07-16T13:44:07Z</time>
    <extensions>
     <gpxtpx:TrackPointExtension>
      <gpxtpx:atemp>18</gpxtpx:atemp>
     </gpxtpx:TrackPointExtension>
    </extensions>
   </trkpt>
   <trkpt lat="20.6547560" lon="-100.3244680">
    <ele>1995.8</ele>
    <time>2026-07-16T13:44:08Z</time>
    <extensions>
     <gpxtpx:TrackPointExtension>
      <gpxtpx:atemp>18</gpxtpx:atemp>
     </gpxtpx:TrackPointExtension>
    </extensions>
   </trkpt>
   <trkpt lat="20.6547350" lon="-100.3244860">
    <ele>1995.8</ele>
    <time>2026-07-16T13:44:09Z</time>
    <extensions>
     <gpxtpx:TrackPointExtension>
      <gpxtpx:atemp>18</gpxtpx:atemp>
     </gpxtpx:TrackPointExtension>
    </extensions>
   </trkpt>
   <trkpt lat="20.6547140" lon="-100.3245060">
    <ele>1995.8</ele>
    <time>2026-07-16T13:44:10Z</time>
    <extensions>
     <gpxtpx:TrackPointExtension>
      <gpxtpx:atemp>18</gpxtpx:atemp>
     </gpxtpx:TrackPointExtension>
    </extensions>
   </trkpt>
   <trkpt lat="20.6546900" lon="-100.3245260">
    <ele>1995.8</ele>
    <time>2026-07-16T13:44:11Z</time>
    <extensions>
     <gpxtpx:TrackPointExtension>
      <gpxtpx:atemp>18</gpxtpx:atemp>
     </gpxtpx:TrackPointExtension>
    </extensions>
   </trkpt>
   <trkpt lat="20.6546660" lon="-100.3245450">
    <ele>1995.8</ele>
    <time>2026-07-16T13:44:12Z</time>
    <extensions>
     <gpxtpx:TrackPointExtension>
      <gpxtpx:atemp>18</gpxtpx:atemp>
     </gpxtpx:TrackPointExtension>
    </extensions>
   </trkpt>
   <trkpt lat="20.6546430" lon="-100.3245640">
    <ele>1995.8</ele>
    <time>2026-07-16T13:44:13Z</time>
    <extensions>
     <gpxtpx:TrackPointExtension>
      <gpxtpx:atemp>18</gpxtpx:atemp>
     </gpxtpx:TrackPointExtension>
    </extensions>
   </trkpt>
   <trkpt lat="20.6546220" lon="-100.3245870">
    <ele>1995.8</ele>
    <time>2026-07-16T13:44:14Z</time>
    <extensions>
     <gpxtpx:TrackPointExtension>
      <gpxtpx:atemp>18</gpxtpx:atemp>
     </gpxtpx:TrackPointExtension>
    </extensions>
   </trkpt>
   <trkpt lat="20.6546040" lon="-100.3246140">
    <ele>1995.8</ele>
    <time>2026-07-16T13:44:15Z</time>
    <extensions>
     <gpxtpx:TrackPointExtension>
      <gpxtpx:atemp>18</gpxtpx:atemp>
     </gpxtpx:TrackPointExtension>
    </extensions>
   </trkpt>
   <trkpt lat="20.6545900" lon="-100.3246450">
    <ele>1995.8</ele>
    <time>2026-07-16T13:44:16Z</time>
    <extensions>
     <gpxtpx:TrackPointExtension>
      <gpxtpx:atemp>18</gpxtpx:atemp>
     </gpxtpx:TrackPointExtension>
    </extensions>
   </trkpt>
   <trkpt lat="20.6545810" lon="-100.3246790">
    <ele>1995.8</ele>
    <time>2026-07-16T13:44:17Z</time>
    <extensions>
     <gpxtpx:TrackPointExtension>
      <gpxtpx:atemp>18</gpxtpx:atemp>
     </gpxtpx:TrackPointExtension>
    </extensions>
   </trkpt>
   <trkpt lat="20.6545770" lon="-100.3247130">
    <ele>1995.8</ele>
    <time>2026-07-16T13:44:18Z</time>
    <extensions>
     <gpxtpx:TrackPointExtension>
      <gpxtpx:atemp>18</gpxtpx:atemp>
     </gpxtpx:TrackPointExtension>
    </extensions>
   </trkpt>
   <trkpt lat="20.6545780" lon="-100.3247470">
    <ele>1995.8</ele>
    <time>2026-07-16T13:44:19Z</time>
    <extensions>
     <gpxtpx:TrackPointExtension>
      <gpxtpx:atemp>18</gpxtpx:atemp>
     </gpxtpx:TrackPointExtension>
    </extensions>
   </trkpt>
   <trkpt lat="20.6545800" lon="-100.3247820">
    <ele>1995.8</ele>
    <time>2026-07-16T13:44:20Z</time>
    <extensions>
     <gpxtpx:TrackPointExtension>
      <gpxtpx:atemp>18</gpxtpx:atemp>
     </gpxtpx:TrackPointExtension>
    </extensions>
   </trkpt>
   <trkpt lat="20.6545800" lon="-100.3248210">
    <ele>1995.8</ele>
    <time>2026-07-16T13:44:21Z</time>
    <extensions>
     <gpxtpx:TrackPointExtension>
      <gpxtpx:atemp>18</gpxtpx:atemp>
     </gpxtpx:TrackPointExtension>
    </extensions>
   </trkpt>
   <trkpt lat="20.6545830" lon="-100.3248600">
    <ele>1995.6</ele>
    <time>2026-07-16T13:44:22Z</time>
    <extensions>
     <gpxtpx:TrackPointExtension>
      <gpxtpx:atemp>18</gpxtpx:atemp>
     </gpxtpx:TrackPointExtension>
    </extensions>
   </trkpt>
   <trkpt lat="20.6545910" lon="-100.3248950">
    <ele>1995.6</ele>
    <time>2026-07-16T13:44:23Z</time>
    <extensions>
     <gpxtpx:TrackPointExtension>
      <gpxtpx:atemp>18</gpxtpx:atemp>
     </gpxtpx:TrackPointExtension>
    </extensions>
   </trkpt>
   <trkpt lat="20.6546030" lon="-100.3249300">
    <ele>1995.4</ele>
    <time>2026-07-16T13:44:24Z</time>
    <extensions>
     <gpxtpx:TrackPointExtension>
      <gpxtpx:atemp>18</gpxtpx:atemp>
     </gpxtpx:TrackPointExtension>
    </extensions>
   </trkpt>
   <trkpt lat="20.6546190" lon="-100.3249630">
    <ele>1995.2</ele>
    <time>2026-07-16T13:44:25Z</time>
    <extensions>
     <gpxtpx:TrackPointExtension>
      <gpxtpx:atemp>18</gpxtpx:atemp>
     </gpxtpx:TrackPointExtension>
    </extensions>
   </trkpt>
   <trkpt lat="20.6546340" lon="-100.3249940">
    <ele>1995.0</ele>
    <time>2026-07-16T13:44:26Z</time>
    <extensions>
     <gpxtpx:TrackPointExtension>
      <gpxtpx:atemp>18</gpxtpx:atemp>
     </gpxtpx:TrackPointExtension>
    </extensions>
   </trkpt>
   <trkpt lat="20.6546460" lon="-100.3250270">
    <ele>1994.8</ele>
    <time>2026-07-16T13:44:27Z</time>
    <extensions>
     <gpxtpx:TrackPointExtension>
      <gpxtpx:atemp>18</gpxtpx:atemp>
     </gpxtpx:TrackPointExtension>
    </extensions>
   </trkpt>
   <trkpt lat="20.6546550" lon="-100.3250620">
    <ele>1994.6</ele>
    <time>2026-07-16T13:44:28Z</time>
    <extensions>
     <gpxtpx:TrackPointExtension>
      <gpxtpx:atemp>18</gpxtpx:atemp>
     </gpxtpx:TrackPointExtension>
    </extensions>
   </trkpt>
   <trkpt lat="20.6546640" lon="-100.3250990">
    <ele>1994.2</ele>
    <time>2026-07-16T13:44:29Z</time>
    <extensions>
     <gpxtpx:TrackPointExtension>
      <gpxtpx:atemp>18</gpxtpx:atemp>
     </gpxtpx:TrackPointExtension>
    </extensions>
   </trkpt>
   <trkpt lat="20.6546730" lon="-100.3251380">
    <ele>1994.0</ele>
    <time>2026-07-16T13:44:30Z</time>
    <extensions>
     <gpxtpx:TrackPointExtension>
      <gpxtpx:atemp>18</gpxtpx:atemp>
     </gpxtpx:TrackPointExtension>
    </extensions>
   </trkpt>
   <trkpt lat="20.6546820" lon="-100.3251800">
    <ele>1993.8</ele>
    <time>2026-07-16T13:44:31Z</time>
    <extensions>
     <gpxtpx:TrackPointExtension>
      <gpxtpx:atemp>18</gpxtpx:atemp>
     </gpxtpx:TrackPointExtension>
    </extensions>
   </trkpt>
   <trkpt lat="20.6546900" lon="-100.3252250">
    <ele>1993.4</ele>
    <time>2026-07-16T13:44:32Z</time>
    <extensions>
     <gpxtpx:TrackPointExtension>
      <gpxtpx:atemp>18</gpxtpx:atemp>
     </gpxtpx:TrackPointExtension>
    </extensions>
   </trkpt>
   <trkpt lat="20.6546940" lon="-100.3252680">
    <ele>1993.2</ele>
    <time>2026-07-16T13:44:33Z</time>
    <extensions>
     <gpxtpx:TrackPointExtension>
      <gpxtpx:atemp>18</gpxtpx:atemp>
     </gpxtpx:TrackPointExtension>
    </extensions>
   </trkpt>
   <trkpt lat="20.6546940" lon="-100.3253110">
    <ele>1992.8</ele>
    <time>2026-07-16T13:44:34Z</time>
    <extensions>
     <gpxtpx:TrackPointExtension>
      <gpxtpx:atemp>18</gpxtpx:atemp>
     </gpxtpx:TrackPointExtension>
    </extensions>
   </trkpt>
   <trkpt lat="20.6546860" lon="-100.3253510">
    <ele>1992.6</ele>
    <time>2026-07-16T13:44:35Z</time>
    <extensions>
     <gpxtpx:TrackPointExtension>
      <gpxtpx:atemp>18</gpxtpx:atemp>
     </gpxtpx:TrackPointExtension>
    </extensions>
   </trkpt>
   <trkpt lat="20.6546690" lon="-100.3253890">
    <ele>1992.2</ele>
    <time>2026-07-16T13:44:36Z</time>
    <extensions>
     <gpxtpx:TrackPointExtension>
      <gpxtpx:atemp>18</gpxtpx:atemp>
     </gpxtpx:TrackPointExtension>
    </extensions>
   </trkpt>
   <trkpt lat="20.6546470" lon="-100.3254240">
    <ele>1992.0</ele>
    <time>2026-07-16T13:44:37Z</time>
    <extensions>
     <gpxtpx:TrackPointExtension>
      <gpxtpx:atemp>18</gpxtpx:atemp>
     </gpxtpx:TrackPointExtension>
    </extensions>
   </trkpt>
   <trkpt lat="20.6546230" lon="-100.3254590">
    <ele>1991.8</ele>
    <time>2026-07-16T13:44:38Z</time>
    <extensions>
     <gpxtpx:TrackPointExtension>
      <gpxtpx:atemp>18</gpxtpx:atemp>
     </gpxtpx:TrackPointExtension>
    </extensions>
   </trkpt>
   <trkpt lat="20.6545970" lon="-100.3254910">
    <ele>1991.6</ele>
    <time>2026-07-16T13:44:39Z</time>
    <extensions>
     <gpxtpx:TrackPointExtension>
      <gpxtpx:atemp>18</gpxtpx:atemp>
     </gpxtpx:TrackPointExtension>
    </extensions>
   </trkpt>
   <trkpt lat="20.6545690" lon="-100.3255210">
    <ele>1991.4</ele>
    <time>2026-07-16T13:44:40Z</time>
    <extensions>
     <gpxtpx:TrackPointExtension>
      <gpxtpx:atemp>18</gpxtpx:atemp>
     </gpxtpx:TrackPointExtension>
    </extensions>
   </trkpt>
   <trkpt lat="20.6545440" lon="-100.3255510">
    <ele>1991.2</ele>
    <time>2026-07-16T13:44:41Z</time>
    <extensions>
     <gpxtpx:TrackPointExtension>
      <gpxtpx:atemp>18</gpxtpx:atemp>
     </gpxtpx:TrackPointExtension>
    </extensions>
   </trkpt>
   <trkpt lat="20.6545250" lon="-100.3255860">
    <ele>1991.2</ele>
    <time>2026-07-16T13:44:42Z</time>
    <extensions>
     <gpxtpx:TrackPointExtension>
      <gpxtpx:atemp>18</gpxtpx:atemp>
     </gpxtpx:TrackPointExtension>
    </extensions>
   </trkpt>
   <trkpt lat="20.6545080" lon="-100.3256260">
    <ele>1991.0</ele>
    <time>2026-07-16T13:44:43Z</time>
    <extensions>
     <gpxtpx:TrackPointExtension>
      <gpxtpx:atemp>18</gpxtpx:atemp>
     </gpxtpx:TrackPointExtension>
    </extensions>
   </trkpt>
   <trkpt lat="20.6544900" lon="-100.3256720">
    <ele>1990.8</ele>
    <time>2026-07-16T13:44:44Z</time>
    <extensions>
     <gpxtpx:TrackPointExtension>
      <gpxtpx:atemp>18</gpxtpx:atemp>
     </gpxtpx:TrackPointExtension>
    </extensions>
   </trkpt>
   <trkpt lat="20.6544690" lon="-100.3257210">
    <ele>1990.6</ele>
    <time>2026-07-16T13:44:45Z</time>
    <extensions>
     <gpxtpx:TrackPointExtension>
      <gpxtpx:atemp>18</gpxtpx:atemp>
     </gpxtpx:TrackPointExtension>
    </extensions>
   </trkpt>
   <trkpt lat="20.6544420" lon="-100.3257670">
    <ele>1990.6</ele>
    <time>2026-07-16T13:44:46Z</time>
    <extensions>
     <gpxtpx:TrackPointExtension>
      <gpxtpx:atemp>18</gpxtpx:atemp>
     </gpxtpx:TrackPointExtension>
    </extensions>
   </trkpt>
   <trkpt lat="20.6544140" lon="-100.3258110">
    <ele>1990.4</ele>
    <time>2026-07-16T13:44:47Z</time>
    <extensions>
     <gpxtpx:TrackPointExtension>
      <gpxtpx:atemp>18</gpxtpx:atemp>
     </gpxtpx:TrackPointExtension>
    </extensions>
   </trkpt>
   <trkpt lat="20.6543840" lon="-100.3258490">
    <ele>1990.2</ele>
    <time>2026-07-16T13:44:48Z</time>
    <extensions>
     <gpxtpx:TrackPointExtension>
      <gpxtpx:atemp>18</gpxtpx:atemp>
     </gpxtpx:TrackPointExtension>
    </extensions>
   </trkpt>
   <trkpt lat="20.6543520" lon="-100.3258840">
    <ele>1990.0</ele>
    <time>2026-07-16T13:44:49Z</time>
    <extensions>
     <gpxtpx:TrackPointExtension>
      <gpxtpx:atemp>18</gpxtpx:atemp>
     </gpxtpx:TrackPointExtension>
    </extensions>
   </trkpt>
   <trkpt lat="20.6543200" lon="-100.3259170">
    <ele>1989.8</ele>
    <time>2026-07-16T13:44:50Z</time>
    <extensions>
     <gpxtpx:TrackPointExtension>
      <gpxtpx:atemp>18</gpxtpx:atemp>
     </gpxtpx:TrackPointExtension>
    </extensions>
   </trkpt>
   <trkpt lat="20.6542900" lon="-100.3259500">
    <ele>1989.6</ele>
    <time>2026-07-16T13:44:51Z</time>
    <extensions>
     <gpxtpx:TrackPointExtension>
      <gpxtpx:atemp>18</gpxtpx:atemp>
     </gpxtpx:TrackPointExtension>
    </extensions>
   </trkpt>
   <trkpt lat="20.6542650" lon="-100.3259830">
    <ele>1989.4</ele>
    <time>2026-07-16T13:44:52Z</time>
    <extensions>
     <gpxtpx:TrackPointExtension>
      <gpxtpx:atemp>18</gpxtpx:atemp>
     </gpxtpx:TrackPointExtension>
    </extensions>
   </trkpt>
   <trkpt lat="20.6542420" lon="-100.3260150">
    <ele>1989.2</ele>
    <time>2026-07-16T13:44:53Z</time>
    <extensions>
     <gpxtpx:TrackPointExtension>
      <gpxtpx:atemp>18</gpxtpx:atemp>
     </gpxtpx:TrackPointExtension>
    </extensions>
   </trkpt>
   <trkpt lat="20.6542240" lon="-100.3260460">
    <ele>1989.0</ele>
    <time>2026-07-16T13:44:54Z</time>
    <extensions>
     <gpxtpx:TrackPointExtension>
      <gpxtpx:atemp>18</gpxtpx:atemp>
     </gpxtpx:TrackPointExtension>
    </extensions>
   </trkpt>
   <trkpt lat="20.6542090" lon="-100.3260740">
    <ele>1989.0</ele>
    <time>2026-07-16T13:44:55Z</time>
    <extensions>
     <gpxtpx:TrackPointExtension>
      <gpxtpx:atemp>18</gpxtpx:atemp>
     </gpxtpx:TrackPointExtension>
    </extensions>
   </trkpt>
   <trkpt lat="20.6541970" lon="-100.3260980">
    <ele>1989.0</ele>
    <time>2026-07-16T13:44:56Z</time>
    <extensions>
     <gpxtpx:TrackPointExtension>
      <gpxtpx:atemp>18</gpxtpx:atemp>
     </gpxtpx:TrackPointExtension>
    </extensions>
   </trkpt>
   <trkpt lat="20.6541880" lon="-100.3261160">
    <ele>1988.8</ele>
    <time>2026-07-16T13:44:57Z</time>
    <extensions>
     <gpxtpx:TrackPointExtension>
      <gpxtpx:atemp>18</gpxtpx:atemp>
     </gpxtpx:TrackPointExtension>
    </extensions>
   </trkpt>
   <trkpt lat="20.6541800" lon="-100.3261340">
    <ele>1988.8</ele>
    <time>2026-07-16T13:44:58Z</time>
    <extensions>
     <gpxtpx:TrackPointExtension>
      <gpxtpx:atemp>18</gpxtpx:atemp>
     </gpxtpx:TrackPointExtension>
    </extensions>
   </trkpt>
   <trkpt lat="20.6541700" lon="-100.3261520">
    <ele>1988.6</ele>
    <time>2026-07-16T13:44:59Z</time>
    <extensions>
     <gpxtpx:TrackPointExtension>
      <gpxtpx:atemp>18</gpxtpx:atemp>
     </gpxtpx:TrackPointExtension>
    </extensions>
   </trkpt>
   <trkpt lat="20.6541590" lon="-100.3261730">
    <ele>1988.6</ele>
    <time>2026-07-16T13:45:00Z</time>
    <extensions>
     <gpxtpx:TrackPointExtension>
      <gpxtpx:atemp>18</gpxtpx:atemp>
     </gpxtpx:TrackPointExtension>
    </extensions>
   </trkpt>
   <trkpt lat="20.6541470" lon="-100.3261980">
    <ele>1988.6</ele>
    <time>2026-07-16T13:45:01Z</time>
    <extensions>
     <gpxtpx:TrackPointExtension>
      <gpxtpx:atemp>18</gpxtpx:atemp>
     </gpxtpx:TrackPointExtension>
    </extensions>
   </trkpt>
   <trkpt lat="20.6541340" lon="-100.3262260">
    <ele>1988.4</ele>
    <time>2026-07-16T13:45:02Z</time>
    <extensions>
     <gpxtpx:TrackPointExtension>
      <gpxtpx:atemp>18</gpxtpx:atemp>
     </gpxtpx:TrackPointExtension>
    </extensions>
   </trkpt>
   <trkpt lat="20.6541190" lon="-100.3262560">
    <ele>1988.4</ele>
    <time>2026-07-16T13:45:03Z</time>
    <extensions>
     <gpxtpx:TrackPointExtension>
      <gpxtpx:atemp>18</gpxtpx:atemp>
     </gpxtpx:TrackPointExtension>
    </extensions>
   </trkpt>
   <trkpt lat="20.6541050" lon="-100.3262860">
    <ele>1988.2</ele>
    <time>2026-07-16T13:45:04Z</time>
    <extensions>
     <gpxtpx:TrackPointExtension>
      <gpxtpx:atemp>18</gpxtpx:atemp>
     </gpxtpx:TrackPointExtension>
    </extensions>
   </trkpt>
   <trkpt lat="20.6540900" lon="-100.3263150">
    <ele>1988.0</ele>
    <time>2026-07-16T13:45:05Z</time>
    <extensions>
     <gpxtpx:TrackPointExtension>
      <gpxtpx:atemp>18</gpxtpx:atemp>
     </gpxtpx:TrackPointExtension>
    </extensions>
   </trkpt>
   <trkpt lat="20.6540750" lon="-100.3263440">
    <ele>1987.8</ele>
    <time>2026-07-16T13:45:06Z</time>
    <extensions>
     <gpxtpx:TrackPointExtension>
      <gpxtpx:atemp>18</gpxtpx:atemp>
     </gpxtpx:TrackPointExtension>
    </extensions>
   </trkpt>
   <trkpt lat="20.6540580" lon="-100.3263740">
    <ele>1987.6</ele>
    <time>2026-07-16T13:45:07Z</time>
    <extensions>
     <gpxtpx:TrackPointExtension>
      <gpxtpx:atemp>18</gpxtpx:atemp>
     </gpxtpx:TrackPointExtension>
    </extensions>
   </trkpt>
   <trkpt lat="20.6540410" lon="-100.3264050">
    <ele>1987.4</ele>
    <time>2026-07-16T13:45:08Z</time>
    <extensions>
     <gpxtpx:TrackPointExtension>
      <gpxtpx:atemp>18</gpxtpx:atemp>
     </gpxtpx:TrackPointExtension>
    </extensions>
   </trkpt>
   <trkpt lat="20.6540220" lon="-100.3264390">
    <ele>1987.2</ele>
    <time>2026-07-16T13:45:09Z</time>
    <extensions>
     <gpxtpx:TrackPointExtension>
      <gpxtpx:atemp>18</gpxtpx:atemp>
     </gpxtpx:TrackPointExtension>
    </extensions>
   </trkpt>
   <trkpt lat="20.6540030" lon="-100.3264750">
    <ele>1987.0</ele>
    <time>2026-07-16T13:45:10Z</time>
    <extensions>
     <gpxtpx:TrackPointExtension>
      <gpxtpx:atemp>18</gpxtpx:atemp>
     </gpxtpx:TrackPointExtension>
    </extensions>
   </trkpt>
   <trkpt lat="20.6539810" lon="-100.3265090">
    <ele>1986.8</ele>
    <time>2026-07-16T13:45:11Z</time>
    <extensions>
     <gpxtpx:TrackPointExtension>
      <gpxtpx:atemp>18</gpxtpx:atemp>
     </gpxtpx:TrackPointExtension>
    </extensions>
   </trkpt>
   <trkpt lat="20.6539600" lon="-100.3265460">
    <ele>1986.6</ele>
    <time>2026-07-16T13:45:12Z</time>
    <extensions>
     <gpxtpx:TrackPointExtension>
      <gpxtpx:atemp>18</gpxtpx:atemp>
     </gpxtpx:TrackPointExtension>
    </extensions>
   </trkpt>
   <trkpt lat="20.6539360" lon="-100.3265840">
    <ele>1986.4</ele>
    <time>2026-07-16T13:45:13Z</time>
    <extensions>
     <gpxtpx:TrackPointExtension>
      <gpxtpx:atemp>18</gpxtpx:atemp>
     </gpxtpx:TrackPointExtension>
    </extensions>
   </trkpt>
   <trkpt lat="20.6539120" lon="-100.3266230">
    <ele>1986.2</ele>
    <time>2026-07-16T13:45:14Z</time>
    <extensions>
     <gpxtpx:TrackPointExtension>
      <gpxtpx:atemp>18</gpxtpx:atemp>
     </gpxtpx:TrackPointExtension>
    </extensions>
   </trkpt>
   <trkpt lat="20.6538860" lon="-100.3266600">
    <ele>1986.0</ele>
    <time>2026-07-16T13:45:15Z</time>
    <extensions>
     <gpxtpx:TrackPointExtension>
      <gpxtpx:atemp>18</gpxtpx:atemp>
     </gpxtpx:TrackPointExtension>
    </extensions>
   </trkpt>
   <trkpt lat="20.6538570" lon="-100.3266930">
    <ele>1986.0</ele>
    <time>2026-07-16T13:45:16Z</time>
    <extensions>
     <gpxtpx:TrackPointExtension>
      <gpxtpx:atemp>18</gpxtpx:atemp>
     </gpxtpx:TrackPointExtension>
    </extensions>
   </trkpt>
   <trkpt lat="20.6538260" lon="-100.3267250">
    <ele>1985.8</ele>
    <time>2026-07-16T13:45:17Z</time>
    <extensions>
     <gpxtpx:TrackPointExtension>
      <gpxtpx:atemp>18</gpxtpx:atemp>
     </gpxtpx:TrackPointExtension>
    </extensions>
   </trkpt>
   <trkpt lat="20.6537960" lon="-100.3267550">
    <ele>1985.6</ele>
    <time>2026-07-16T13:45:18Z</time>
    <extensions>
     <gpxtpx:TrackPointExtension>
      <gpxtpx:atemp>18</gpxtpx:atemp>
     </gpxtpx:TrackPointExtension>
    </extensions>
   </trkpt>
   <trkpt lat="20.6537650" lon="-100.3267850">
    <ele>1985.4</ele>
    <time>2026-07-16T13:45:19Z</time>
    <extensions>
     <gpxtpx:TrackPointExtension>
      <gpxtpx:atemp>18</gpxtpx:atemp>
     </gpxtpx:TrackPointExtension>
    </extensions>
   </trkpt>
   <trkpt lat="20.6537360" lon="-100.3268140">
    <ele>1985.4</ele>
    <time>2026-07-16T13:45:20Z</time>
    <extensions>
     <gpxtpx:TrackPointExtension>
      <gpxtpx:atemp>18</gpxtpx:atemp>
     </gpxtpx:TrackPointExtension>
    </extensions>
   </trkpt>
   <trkpt lat="20.6537070" lon="-100.3268410">
    <ele>1985.2</ele>
    <time>2026-07-16T13:45:21Z</time>
    <extensions>
     <gpxtpx:TrackPointExtension>
      <gpxtpx:atemp>18</gpxtpx:atemp>
     </gpxtpx:TrackPointExtension>
    </extensions>
   </trkpt>
   <trkpt lat="20.6536780" lon="-100.3268670">
    <ele>1985.2</ele>
    <time>2026-07-16T13:45:22Z</time>
    <extensions>
     <gpxtpx:TrackPointExtension>
      <gpxtpx:atemp>18</gpxtpx:atemp>
     </gpxtpx:TrackPointExtension>
    </extensions>
   </trkpt>
   <trkpt lat="20.6536510" lon="-100.3268920">
    <ele>1985.0</ele>
    <time>2026-07-16T13:45:23Z</time>
    <extensions>
     <gpxtpx:TrackPointExtension>
      <gpxtpx:atemp>18</gpxtpx:atemp>
     </gpxtpx:TrackPointExtension>
    </extensions>
   </trkpt>
   <trkpt lat="20.6536280" lon="-100.3269160">
    <ele>1985.0</ele>
    <time>2026-07-16T13:45:24Z</time>
    <extensions>
     <gpxtpx:TrackPointExtension>
      <gpxtpx:atemp>18</gpxtpx:atemp>
     </gpxtpx:TrackPointExtension>
    </extensions>
   </trkpt>
   <trkpt lat="20.6536090" lon="-100.3269420">
    <ele>1985.0</ele>
    <time>2026-07-16T13:45:25Z</time>
    <extensions>
     <gpxtpx:TrackPointExtension>
      <gpxtpx:atemp>18</gpxtpx:atemp>
     </gpxtpx:TrackPointExtension>
    </extensions>
   </trkpt>
   <trkpt lat="20.6535940" lon="-100.3269690">
    <ele>1985.0</ele>
    <time>2026-07-16T13:45:26Z</time>
    <extensions>
     <gpxtpx:TrackPointExtension>
      <gpxtpx:atemp>18</gpxtpx:atemp>
     </gpxtpx:TrackPointExtension>
    </extensions>
   </trkpt>
   <trkpt lat="20.6535810" lon="-100.3269980">
    <ele>1984.8</ele>
    <time>2026-07-16T13:45:27Z</time>
    <extensions>
     <gpxtpx:TrackPointExtension>
      <gpxtpx:atemp>18</gpxtpx:atemp>
     </gpxtpx:TrackPointExtension>
    </extensions>
   </trkpt>
   <trkpt lat="20.6535690" lon="-100.3270300">
    <ele>1984.8</ele>
    <time>2026-07-16T13:45:28Z</time>
    <extensions>
     <gpxtpx:TrackPointExtension>
      <gpxtpx:atemp>18</gpxtpx:atemp>
     </gpxtpx:TrackPointExtension>
    </extensions>
   </trkpt>
   <trkpt lat="20.6535580" lon="-100.3270650">
    <ele>1984.8</ele>
    <time>2026-07-16T13:45:29Z</time>
    <extensions>
     <gpxtpx:TrackPointExtension>
      <gpxtpx:atemp>18</gpxtpx:atemp>
     </gpxtpx:TrackPointExtension>
    </extensions>
   </trkpt>
   <trkpt lat="20.6535480" lon="-100.3271050">
    <ele>1984.6</ele>
    <time>2026-07-16T13:45:30Z</time>
    <extensions>
     <gpxtpx:TrackPointExtension>
      <gpxtpx:atemp>18</gpxtpx:atemp>
     </gpxtpx:TrackPointExtension>
    </extensions>
   </trkpt>
   <trkpt lat="20.6535370" lon="-100.3271490">
    <ele>1984.6</ele>
    <time>2026-07-16T13:45:31Z</time>
    <extensions>
     <gpxtpx:TrackPointExtension>
      <gpxtpx:atemp>18</gpxtpx:atemp>
     </gpxtpx:TrackPointExtension>
    </extensions>
   </trkpt>
   <trkpt lat="20.6535240" lon="-100.3271960">
    <ele>1984.4</ele>
    <time>2026-07-16T13:45:32Z</time>
    <extensions>
     <gpxtpx:TrackPointExtension>
      <gpxtpx:atemp>18</gpxtpx:atemp>
     </gpxtpx:TrackPointExtension>
    </extensions>
   </trkpt>
   <trkpt lat="20.6535100" lon="-100.3272440">
    <ele>1984.2</ele>
    <time>2026-07-16T13:45:33Z</time>
    <extensions>
     <gpxtpx:TrackPointExtension>
      <gpxtpx:atemp>18</gpxtpx:atemp>
     </gpxtpx:TrackPointExtension>
    </extensions>
   </trkpt>
   <trkpt lat="20.6534930" lon="-100.3272930">
    <ele>1984.2</ele>
    <time>2026-07-16T13:45:34Z</time>
    <extensions>
     <gpxtpx:TrackPointExtension>
      <gpxtpx:atemp>18</gpxtpx:atemp>
     </gpxtpx:TrackPointExtension>
    </extensions>
   </trkpt>
   <trkpt lat="20.6534760" lon="-100.3273420">
    <ele>1984.0</ele>
    <time>2026-07-16T13:45:35Z</time>
    <extensions>
     <gpxtpx:TrackPointExtension>
      <gpxtpx:atemp>18</gpxtpx:atemp>
     </gpxtpx:TrackPointExtension>
    </extensions>
   </trkpt>
   <trkpt lat="20.6534590" lon="-100.3273910">
    <ele>1983.8</ele>
    <time>2026-07-16T13:45:36Z</time>
    <extensions>
     <gpxtpx:TrackPointExtension>
      <gpxtpx:atemp>18</gpxtpx:atemp>
     </gpxtpx:TrackPointExtension>
    </extensions>
   </trkpt>
   <trkpt lat="20.6534400" lon="-100.3274390">
    <ele>1983.6</ele>
    <time>2026-07-16T13:45:37Z</time>
    <extensions>
     <gpxtpx:TrackPointExtension>
      <gpxtpx:atemp>18</gpxtpx:atemp>
     </gpxtpx:TrackPointExtension>
    </extensions>
   </trkpt>
   <trkpt lat="20.6534190" lon="-100.3274860">
    <ele>1983.4</ele>
    <time>2026-07-16T13:45:38Z</time>
    <extensions>
     <gpxtpx:TrackPointExtension>
      <gpxtpx:atemp>18</gpxtpx:atemp>
     </gpxtpx:TrackPointExtension>
    </extensions>
   </trkpt>
   <trkpt lat="20.6533980" lon="-100.3275310">
    <ele>1983.4</ele>
    <time>2026-07-16T13:45:39Z</time>
    <extensions>
     <gpxtpx:TrackPointExtension>
      <gpxtpx:atemp>18</gpxtpx:atemp>
     </gpxtpx:TrackPointExtension>
    </extensions>
   </trkpt>
   <trkpt lat="20.6533770" lon="-100.3275740">
    <ele>1983.2</ele>
    <time>2026-07-16T13:45:40Z</time>
    <extensions>
     <gpxtpx:TrackPointExtension>
      <gpxtpx:atemp>18</gpxtpx:atemp>
     </gpxtpx:TrackPointExtension>
    </extensions>
   </trkpt>
   <trkpt lat="20.6533570" lon="-100.3276180">
    <ele>1983.0</ele>
    <time>2026-07-16T13:45:41Z</time>
    <extensions>
     <gpxtpx:TrackPointExtension>
      <gpxtpx:atemp>18</gpxtpx:atemp>
     </gpxtpx:TrackPointExtension>
    </extensions>
   </trkpt>
   <trkpt lat="20.6533360" lon="-100.3276610">
    <ele>1983.0</ele>
    <time>2026-07-16T13:45:42Z</time>
    <extensions>
     <gpxtpx:TrackPointExtension>
      <gpxtpx:atemp>18</gpxtpx:atemp>
     </gpxtpx:TrackPointExtension>
    </extensions>
   </trkpt>
   <trkpt lat="20.6533140" lon="-100.3277040">
    <ele>1982.8</ele>
    <time>2026-07-16T13:45:43Z</time>
    <extensions>
     <gpxtpx:TrackPointExtension>
      <gpxtpx:atemp>18</gpxtpx:atemp>
     </gpxtpx:TrackPointExtension>
    </extensions>
   </trkpt>
   <trkpt lat="20.6532880" lon="-100.3277460">
    <ele>1982.8</ele>
    <time>2026-07-16T13:45:44Z</time>
    <extensions>
     <gpxtpx:TrackPointExtension>
      <gpxtpx:atemp>18</gpxtpx:atemp>
     </gpxtpx:TrackPointExtension>
    </extensions>
   </trkpt>
   <trkpt lat="20.6532590" lon="-100.3277870">
    <ele>1982.6</ele>
    <time>2026-07-16T13:45:45Z</time>
    <extensions>
     <gpxtpx:TrackPointExtension>
      <gpxtpx:atemp>18</gpxtpx:atemp>
     </gpxtpx:TrackPointExtension>
    </extensions>
   </trkpt>
   <trkpt lat="20.6532300" lon="-100.3278280">
    <ele>1982.4</ele>
    <time>2026-07-16T13:45:46Z</time>
    <extensions>
     <gpxtpx:TrackPointExtension>
      <gpxtpx:atemp>18</gpxtpx:atemp>
     </gpxtpx:TrackPointExtension>
    </extensions>
   </trkpt>
   <trkpt lat="20.6531990" lon="-100.3278680">
    <ele>1982.4</ele>
    <time>2026-07-16T13:45:47Z</time>
    <extensions>
     <gpxtpx:TrackPointExtension>
      <gpxtpx:atemp>18</gpxtpx:atemp>
     </gpxtpx:TrackPointExtension>
    </extensions>
   </trkpt>
   <trkpt lat="20.6531690" lon="-100.3279080">
    <ele>1982.2</ele>
    <time>2026-07-16T13:45:48Z</time>
    <extensions>
     <gpxtpx:TrackPointExtension>
      <gpxtpx:atemp>18</gpxtpx:atemp>
     </gpxtpx:TrackPointExtension>
    </extensions>
   </trkpt>
   <trkpt lat="20.6531420" lon="-100.3279460">
    <ele>1982.0</ele>
    <time>2026-07-16T13:45:49Z</time>
    <extensions>
     <gpxtpx:TrackPointExtension>
      <gpxtpx:atemp>18</gpxtpx:atemp>
     </gpxtpx:TrackPointExtension>
    </extensions>
   </trkpt>
   <trkpt lat="20.6531180" lon="-100.3279820">
    <ele>1981.8</ele>
    <time>2026-07-16T13:45:50Z</time>
    <extensions>
     <gpxtpx:TrackPointExtension>
      <gpxtpx:atemp>18</gpxtpx:atemp>
     </gpxtpx:TrackPointExtension>
    </extensions>
   </trkpt>
   <trkpt lat="20.6530930" lon="-100.3280150">
    <ele>1981.8</ele>
    <time>2026-07-16T13:45:51Z</time>
    <extensions>
     <gpxtpx:TrackPointExtension>
      <gpxtpx:atemp>18</gpxtpx:atemp>
     </gpxtpx:TrackPointExtension>
    </extensions>
   </trkpt>
   <trkpt lat="20.6530650" lon="-100.3280450">
    <ele>1981.6</ele>
    <time>2026-07-16T13:45:52Z</time>
    <extensions>
     <gpxtpx:TrackPointExtension>
      <gpxtpx:atemp>18</gpxtpx:atemp>
     </gpxtpx:TrackPointExtension>
    </extensions>
   </trkpt>
   <trkpt lat="20.6530350" lon="-100.3280710">
    <ele>1981.4</ele>
    <time>2026-07-16T13:45:53Z</time>
    <extensions>
     <gpxtpx:TrackPointExtension>
      <gpxtpx:atemp>18</gpxtpx:atemp>
     </gpxtpx:TrackPointExtension>
    </extensions>
   </trkpt>
   <trkpt lat="20.6530030" lon="-100.3280940">
    <ele>1981.4</ele>
    <time>2026-07-16T13:45:54Z</time>
    <extensions>
     <gpxtpx:TrackPointExtension>
      <gpxtpx:atemp>18</gpxtpx:atemp>
     </gpxtpx:TrackPointExtension>
    </extensions>
   </trkpt>
   <trkpt lat="20.6529690" lon="-100.3281150">
    <ele>1981.2</ele>
    <time>2026-07-16T13:45:55Z</time>
    <extensions>
     <gpxtpx:TrackPointExtension>
      <gpxtpx:atemp>18</gpxtpx:atemp>
     </gpxtpx:TrackPointExtension>
    </extensions>
   </trkpt>
   <trkpt lat="20.6529330" lon="-100.3281350">
    <ele>1981.2</ele>
    <time>2026-07-16T13:45:56Z</time>
    <extensions>
     <gpxtpx:TrackPointExtension>
      <gpxtpx:atemp>18</gpxtpx:atemp>
     </gpxtpx:TrackPointExtension>
    </extensions>
   </trkpt>
   <trkpt lat="20.6528950" lon="-100.3281570">
    <ele>1981.0</ele>
    <time>2026-07-16T13:45:57Z</time>
    <extensions>
     <gpxtpx:TrackPointExtension>
      <gpxtpx:atemp>18</gpxtpx:atemp>
     </gpxtpx:TrackPointExtension>
    </extensions>
   </trkpt>
   <trkpt lat="20.6528560" lon="-100.3281810">
    <ele>1981.0</ele>
    <time>2026-07-16T13:45:58Z</time>
    <extensions>
     <gpxtpx:TrackPointExtension>
      <gpxtpx:atemp>18</gpxtpx:atemp>
     </gpxtpx:TrackPointExtension>
    </extensions>
   </trkpt>
   <trkpt lat="20.6528170" lon="-100.3282070">
    <ele>1981.0</ele>
    <time>2026-07-16T13:45:59Z</time>
    <extensions>
     <gpxtpx:TrackPointExtension>
      <gpxtpx:atemp>18</gpxtpx:atemp>
     </gpxtpx:TrackPointExtension>
    </extensions>
   </trkpt>
   <trkpt lat="20.6527770" lon="-100.3282350">
    <ele>1980.8</ele>
    <time>2026-07-16T13:46:00Z</time>
    <extensions>
     <gpxtpx:TrackPointExtension>
      <gpxtpx:atemp>18</gpxtpx:atemp>
     </gpxtpx:TrackPointExtension>
    </extensions>
   </trkpt>
   <trkpt lat="20.6527400" lon="-100.3282640">
    <ele>1980.8</ele>
    <time>2026-07-16T13:46:01Z</time>
    <extensions>
     <gpxtpx:TrackPointExtension>
      <gpxtpx:atemp>18</gpxtpx:atemp>
     </gpxtpx:TrackPointExtension>
    </extensions>
   </trkpt>
   <trkpt lat="20.6527030" lon="-100.3282920">
    <ele>1980.8</ele>
    <time>2026-07-16T13:46:02Z</time>
    <extensions>
     <gpxtpx:TrackPointExtension>
      <gpxtpx:atemp>18</gpxtpx:atemp>
     </gpxtpx:TrackPointExtension>
    </extensions>
   </trkpt>
   <trkpt lat="20.6526690" lon="-100.3283170">
    <ele>1980.8</ele>
    <time>2026-07-16T13:46:03Z</time>
    <extensions>
     <gpxtpx:TrackPointExtension>
      <gpxtpx:atemp>18</gpxtpx:atemp>
     </gpxtpx:TrackPointExtension>
    </extensions>
   </trkpt>
   <trkpt lat="20.6526340" lon="-100.3283410">
    <ele>1980.6</ele>
    <time>2026-07-16T13:46:04Z</time>
    <extensions>
     <gpxtpx:TrackPointExtension>
      <gpxtpx:atemp>18</gpxtpx:atemp>
     </gpxtpx:TrackPointExtension>
    </extensions>
   </trkpt>
   <trkpt lat="20.6525990" lon="-100.3283640">
    <ele>1980.6</ele>
    <time>2026-07-16T13:46:05Z</time>
    <extensions>
     <gpxtpx:TrackPointExtension>
      <gpxtpx:atemp>18</gpxtpx:atemp>
     </gpxtpx:TrackPointExtension>
    </extensions>
   </trkpt>
   <trkpt lat="20.6525660" lon="-100.3283880">
    <ele>1980.6</ele>
    <time>2026-07-16T13:46:06Z</time>
    <extensions>
     <gpxtpx:TrackPointExtension>
      <gpxtpx:atemp>18</gpxtpx:atemp>
     </gpxtpx:TrackPointExtension>
    </extensions>
   </trkpt>
   <trkpt lat="20.6525360" lon="-100.3284120">
    <ele>1980.6</ele>
    <time>2026-07-16T13:46:07Z</time>
    <extensions>
     <gpxtpx:TrackPointExtension>
      <gpxtpx:atemp>18</gpxtpx:atemp>
     </gpxtpx:TrackPointExtension>
    </extensions>
   </trkpt>
   <trkpt lat="20.6525060" lon="-100.3284380">
    <ele>1980.6</ele>
    <time>2026-07-16T13:46:08Z</time>
    <extensions>
     <gpxtpx:TrackPointExtension>
      <gpxtpx:atemp>18</gpxtpx:atemp>
     </gpxtpx:TrackPointExtension>
    </extensions>
   </trkpt>
   <trkpt lat="20.6524780" lon="-100.3284660">
    <ele>1980.6</ele>
    <time>2026-07-16T13:46:09Z</time>
    <extensions>
     <gpxtpx:TrackPointExtension>
      <gpxtpx:atemp>18</gpxtpx:atemp>
     </gpxtpx:TrackPointExtension>
    </extensions>
   </trkpt>
   <trkpt lat="20.6524510" lon="-100.3284940">
    <ele>1980.6</ele>
    <time>2026-07-16T13:46:10Z</time>
    <extensions>
     <gpxtpx:TrackPointExtension>
      <gpxtpx:atemp>18</gpxtpx:atemp>
     </gpxtpx:TrackPointExtension>
    </extensions>
   </trkpt>
   <trkpt lat="20.6524260" lon="-100.3285240">
    <ele>1980.6</ele>
    <time>2026-07-16T13:46:11Z</time>
    <extensions>
     <gpxtpx:TrackPointExtension>
      <gpxtpx:atemp>18</gpxtpx:atemp>
     </gpxtpx:TrackPointExtension>
    </extensions>
   </trkpt>
   <trkpt lat="20.6524030" lon="-100.3285560">
    <ele>1980.8</ele>
    <time>2026-07-16T13:46:12Z</time>
    <extensions>
     <gpxtpx:TrackPointExtension>
      <gpxtpx:atemp>18</gpxtpx:atemp>
     </gpxtpx:TrackPointExtension>
    </extensions>
   </trkpt>
   <trkpt lat="20.6523830" lon="-100.3285910">
    <ele>1980.8</ele>
    <time>2026-07-16T13:46:13Z</time>
    <extensions>
     <gpxtpx:TrackPointExtension>
      <gpxtpx:atemp>18</gpxtpx:atemp>
     </gpxtpx:TrackPointExtension>
    </extensions>
   </trkpt>
   <trkpt lat="20.6523640" lon="-100.3286300">
    <ele>1980.8</ele>
    <time>2026-07-16T13:46:14Z</time>
    <extensions>
     <gpxtpx:TrackPointExtension>
      <gpxtpx:atemp>18</gpxtpx:atemp>
     </gpxtpx:TrackPointExtension>
    </extensions>
   </trkpt>
   <trkpt lat="20.6523470" lon="-100.3286700">
    <ele>1980.8</ele>
    <time>2026-07-16T13:46:15Z</time>
    <extensions>
     <gpxtpx:TrackPointExtension>
      <gpxtpx:atemp>18</gpxtpx:atemp>
     </gpxtpx:TrackPointExtension>
    </extensions>
   </trkpt>
   <trkpt lat="20.6523310" lon="-100.3287130">
    <ele>1980.6</ele>
    <time>2026-07-16T13:46:16Z</time>
    <extensions>
     <gpxtpx:TrackPointExtension>
      <gpxtpx:atemp>18</gpxtpx:atemp>
     </gpxtpx:TrackPointExtension>
    </extensions>
   </trkpt>
   <trkpt lat="20.6523150" lon="-100.3287580">
    <ele>1980.6</ele>
    <time>2026-07-16T13:46:17Z</time>
    <extensions>
     <gpxtpx:TrackPointExtension>
      <gpxtpx:atemp>18</gpxtpx:atemp>
     </gpxtpx:TrackPointExtension>
    </extensions>
   </trkpt>
   <trkpt lat="20.6523000" lon="-100.3288020">
    <ele>1980.4</ele>
    <time>2026-07-16T13:46:18Z</time>
    <extensions>
     <gpxtpx:TrackPointExtension>
      <gpxtpx:atemp>18</gpxtpx:atemp>
     </gpxtpx:TrackPointExtension>
    </extensions>
   </trkpt>
   <trkpt lat="20.6522850" lon="-100.3288460">
    <ele>1980.2</ele>
    <time>2026-07-16T13:46:19Z</time>
    <extensions>
     <gpxtpx:TrackPointExtension>
      <gpxtpx:atemp>18</gpxtpx:atemp>
     </gpxtpx:TrackPointExtension>
    </extensions>
   </trkpt>
   <trkpt lat="20.6522690" lon="-100.3288860">
    <ele>1980.0</ele>
    <time>2026-07-16T13:46:20Z</time>
    <extensions>
     <gpxtpx:TrackPointExtension>
      <gpxtpx:atemp>18</gpxtpx:atemp>
     </gpxtpx:TrackPointExtension>
    </extensions>
   </trkpt>
   <trkpt lat="20.6522520" lon="-100.3289210">
    <ele>1980.0</ele>
    <time>2026-07-16T13:46:21Z</time>
    <extensions>
     <gpxtpx:TrackPointExtension>
      <gpxtpx:atemp>18</gpxtpx:atemp>
     </gpxtpx:TrackPointExtension>
    </extensions>
   </trkpt>
   <trkpt lat="20.6522330" lon="-100.3289540">
    <ele>1979.8</ele>
    <time>2026-07-16T13:46:22Z</time>
    <extensions>
     <gpxtpx:TrackPointExtension>
      <gpxtpx:atemp>18</gpxtpx:atemp>
     </gpxtpx:TrackPointExtension>
    </extensions>
   </trkpt>
   <trkpt lat="20.6522140" lon="-100.3289870">
    <ele>1979.6</ele>
    <time>2026-07-16T13:46:23Z</time>
    <extensions>
     <gpxtpx:TrackPointExtension>
      <gpxtpx:atemp>18</gpxtpx:atemp>
     </gpxtpx:TrackPointExtension>
    </extensions>
   </trkpt>
   <trkpt lat="20.6521920" lon="-100.3290180">
    <ele>1979.4</ele>
    <time>2026-07-16T13:46:24Z</time>
    <extensions>
     <gpxtpx:TrackPointExtension>
      <gpxtpx:atemp>18</gpxtpx:atemp>
     </gpxtpx:TrackPointExtension>
    </extensions>
   </trkpt>
   <trkpt lat="20.6521650" lon="-100.3290450">
    <ele>1979.2</ele>
    <time>2026-07-16T13:46:25Z</time>
    <extensions>
     <gpxtpx:TrackPointExtension>
      <gpxtpx:atemp>18</gpxtpx:atemp>
     </gpxtpx:TrackPointExtension>
    </extensions>
   </trkpt>
   <trkpt lat="20.6521330" lon="-100.3290690">
    <ele>1979.0</ele>
    <time>2026-07-16T13:46:26Z</time>
    <extensions>
     <gpxtpx:TrackPointExtension>
      <gpxtpx:atemp>18</gpxtpx:atemp>
     </gpxtpx:TrackPointExtension>
    </extensions>
   </trkpt>
   <trkpt lat="20.6520970" lon="-100.3290900">
    <ele>1978.8</ele>
    <time>2026-07-16T13:46:27Z</time>
    <extensions>
     <gpxtpx:TrackPointExtension>
      <gpxtpx:atemp>18</gpxtpx:atemp>
     </gpxtpx:TrackPointExtension>
    </extensions>
   </trkpt>
   <trkpt lat="20.6520580" lon="-100.3291100">
    <ele>1978.6</ele>
    <time>2026-07-16T13:46:28Z</time>
    <extensions>
     <gpxtpx:TrackPointExtension>
      <gpxtpx:atemp>18</gpxtpx:atemp>
     </gpxtpx:TrackPointExtension>
    </extensions>
   </trkpt>
   <trkpt lat="20.6520180" lon="-100.3291270">
    <ele>1978.6</ele>
    <time>2026-07-16T13:46:29Z</time>
    <extensions>
     <gpxtpx:TrackPointExtension>
      <gpxtpx:atemp>18</gpxtpx:atemp>
     </gpxtpx:TrackPointExtension>
    </extensions>
   </trkpt>
   <trkpt lat="20.6519760" lon="-100.3291400">
    <ele>1978.4</ele>
    <time>2026-07-16T13:46:30Z</time>
    <extensions>
     <gpxtpx:TrackPointExtension>
      <gpxtpx:atemp>18</gpxtpx:atemp>
     </gpxtpx:TrackPointExtension>
    </extensions>
   </trkpt>
   <trkpt lat="20.6519330" lon="-100.3291500">
    <ele>1978.2</ele>
    <time>2026-07-16T13:46:31Z</time>
    <extensions>
     <gpxtpx:TrackPointExtension>
      <gpxtpx:atemp>18</gpxtpx:atemp>
     </gpxtpx:TrackPointExtension>
    </extensions>
   </trkpt>
   <trkpt lat="20.6518900" lon="-100.3291560">
    <ele>1978.0</ele>
    <time>2026-07-16T13:46:32Z</time>
    <extensions>
     <gpxtpx:TrackPointExtension>
      <gpxtpx:atemp>18</gpxtpx:atemp>
     </gpxtpx:TrackPointExtension>
    </extensions>
   </trkpt>
   <trkpt lat="20.6518460" lon="-100.3291590">
    <ele>1977.8</ele>
    <time>2026-07-16T13:46:33Z</time>
    <extensions>
     <gpxtpx:TrackPointExtension>
      <gpxtpx:atemp>18</gpxtpx:atemp>
     </gpxtpx:TrackPointExtension>
    </extensions>
   </trkpt>
   <trkpt lat="20.6518030" lon="-100.3291600">
    <ele>1977.6</ele>
    <time>2026-07-16T13:46:34Z</time>
    <extensions>
     <gpxtpx:TrackPointExtension>
      <gpxtpx:atemp>18</gpxtpx:atemp>
     </gpxtpx:TrackPointExtension>
    </extensions>
   </trkpt>
   <trkpt lat="20.6517600" lon="-100.3291580">
    <ele>1977.4</ele>
    <time>2026-07-16T13:46:35Z</time>
    <extensions>
     <gpxtpx:TrackPointExtension>
      <gpxtpx:atemp>18</gpxtpx:atemp>
     </gpxtpx:TrackPointExtension>
    </extensions>
   </trkpt>
   <trkpt lat="20.6517170" lon="-100.3291550">
    <ele>1977.4</ele>
    <time>2026-07-16T13:46:36Z</time>
    <extensions>
     <gpxtpx:TrackPointExtension>
      <gpxtpx:atemp>18</gpxtpx:atemp>
     </gpxtpx:TrackPointExtension>
    </extensions>
   </trkpt>
   <trkpt lat="20.6516770" lon="-100.3291490">
    <ele>1977.2</ele>
    <time>2026-07-16T13:46:37Z</time>
    <extensions>
     <gpxtpx:TrackPointExtension>
      <gpxtpx:atemp>18</gpxtpx:atemp>
     </gpxtpx:TrackPointExtension>
    </extensions>
   </trkpt>
   <trkpt lat="20.6516360" lon="-100.3291430">
    <ele>1977.2</ele>
    <time>2026-07-16T13:46:38Z</time>
    <extensions>
     <gpxtpx:TrackPointExtension>
      <gpxtpx:atemp>18</gpxtpx:atemp>
     </gpxtpx:TrackPointExtension>
    </extensions>
   </trkpt>
   <trkpt lat="20.6515970" lon="-100.3291380">
    <ele>1977.0</ele>
    <time>2026-07-16T13:46:39Z</time>
    <extensions>
     <gpxtpx:TrackPointExtension>
      <gpxtpx:atemp>18</gpxtpx:atemp>
     </gpxtpx:TrackPointExtension>
    </extensions>
   </trkpt>
   <trkpt lat="20.6515570" lon="-100.3291340">
    <ele>1977.0</ele>
    <time>2026-07-16T13:46:40Z</time>
    <extensions>
     <gpxtpx:TrackPointExtension>
      <gpxtpx:atemp>18</gpxtpx:atemp>
     </gpxtpx:TrackPointExtension>
    </extensions>
   </trkpt>
   <trkpt lat="20.6515180" lon="-100.3291320">
    <ele>1977.0</ele>
    <time>2026-07-16T13:46:41Z</time>
    <extensions>
     <gpxtpx:TrackPointExtension>
      <gpxtpx:atemp>18</gpxtpx:atemp>
     </gpxtpx:TrackPointExtension>
    </extensions>
   </trkpt>
   <trkpt lat="20.6514780" lon="-100.3291330">
    <ele>1977.0</ele>
    <time>2026-07-16T13:46:42Z</time>
    <extensions>
     <gpxtpx:TrackPointExtension>
      <gpxtpx:atemp>18</gpxtpx:atemp>
     </gpxtpx:TrackPointExtension>
    </extensions>
   </trkpt>
   <trkpt lat="20.6514370" lon="-100.3291380">
    <ele>1977.0</ele>
    <time>2026-07-16T13:46:43Z</time>
    <extensions>
     <gpxtpx:TrackPointExtension>
      <gpxtpx:atemp>18</gpxtpx:atemp>
     </gpxtpx:TrackPointExtension>
    </extensions>
   </trkpt>
   <trkpt lat="20.6513970" lon="-100.3291460">
    <ele>1977.0</ele>
    <time>2026-07-16T13:46:44Z</time>
    <extensions>
     <gpxtpx:TrackPointExtension>
      <gpxtpx:atemp>18</gpxtpx:atemp>
     </gpxtpx:TrackPointExtension>
    </extensions>
   </trkpt>
   <trkpt lat="20.6513570" lon="-100.3291560">
    <ele>1977.0</ele>
    <time>2026-07-16T13:46:45Z</time>
    <extensions>
     <gpxtpx:TrackPointExtension>
      <gpxtpx:atemp>18</gpxtpx:atemp>
     </gpxtpx:TrackPointExtension>
    </extensions>
   </trkpt>
   <trkpt lat="20.6513160" lon="-100.3291650">
    <ele>1977.0</ele>
    <time>2026-07-16T13:46:46Z</time>
    <extensions>
     <gpxtpx:TrackPointExtension>
      <gpxtpx:atemp>18</gpxtpx:atemp>
     </gpxtpx:TrackPointExtension>
    </extensions>
   </trkpt>
   <trkpt lat="20.6512760" lon="-100.3291760">
    <ele>1977.0</ele>
    <time>2026-07-16T13:46:47Z</time>
    <extensions>
     <gpxtpx:TrackPointExtension>
      <gpxtpx:atemp>18</gpxtpx:atemp>
     </gpxtpx:TrackPointExtension>
    </extensions>
   </trkpt>
   <trkpt lat="20.6512370" lon="-100.3291880">
    <ele>1977.0</ele>
    <time>2026-07-16T13:46:48Z</time>
    <extensions>
     <gpxtpx:TrackPointExtension>
      <gpxtpx:atemp>18</gpxtpx:atemp>
     </gpxtpx:TrackPointExtension>
    </extensions>
   </trkpt>
   <trkpt lat="20.6511980" lon="-100.3292000">
    <ele>1977.0</ele>
    <time>2026-07-16T13:46:49Z</time>
    <extensions>
     <gpxtpx:TrackPointExtension>
      <gpxtpx:atemp>18</gpxtpx:atemp>
     </gpxtpx:TrackPointExtension>
    </extensions>
   </trkpt>
   <trkpt lat="20.6511580" lon="-100.3292120">
    <ele>1977.0</ele>
    <time>2026-07-16T13:46:50Z</time>
    <extensions>
     <gpxtpx:TrackPointExtension>
      <gpxtpx:atemp>18</gpxtpx:atemp>
     </gpxtpx:TrackPointExtension>
    </extensions>
   </trkpt>
   <trkpt lat="20.6511170" lon="-100.3292260">
    <ele>1977.0</ele>
    <time>2026-07-16T13:46:51Z</time>
    <extensions>
     <gpxtpx:TrackPointExtension>
      <gpxtpx:atemp>18</gpxtpx:atemp>
     </gpxtpx:TrackPointExtension>
    </extensions>
   </trkpt>
   <trkpt lat="20.6510760" lon="-100.3292400">
    <ele>1976.8</ele>
    <time>2026-07-16T13:46:52Z</time>
    <extensions>
     <gpxtpx:TrackPointExtension>
      <gpxtpx:atemp>18</gpxtpx:atemp>
     </gpxtpx:TrackPointExtension>
    </extensions>
   </trkpt>
   <trkpt lat="20.6510340" lon="-100.3292540">
    <ele>1976.8</ele>
    <time>2026-07-16T13:46:53Z</time>
    <extensions>
     <gpxtpx:TrackPointExtension>
      <gpxtpx:atemp>18</gpxtpx:atemp>
     </gpxtpx:TrackPointExtension>
    </extensions>
   </trkpt>
   <trkpt lat="20.6509930" lon="-100.3292670">
    <ele>1976.8</ele>
    <time>2026-07-16T13:46:54Z</time>
    <extensions>
     <gpxtpx:TrackPointExtension>
      <gpxtpx:atemp>18</gpxtpx:atemp>
     </gpxtpx:TrackPointExtension>
    </extensions>
   </trkpt>
   <trkpt lat="20.6509540" lon="-100.3292810">
    <ele>1976.6</ele>
    <time>2026-07-16T13:46:55Z</time>
    <extensions>
     <gpxtpx:TrackPointExtension>
      <gpxtpx:atemp>18</gpxtpx:atemp>
     </gpxtpx:TrackPointExtension>
    </extensions>
   </trkpt>
   <trkpt lat="20.6509150" lon="-100.3292960">
    <ele>1976.6</ele>
    <time>2026-07-16T13:46:56Z</time>
    <extensions>
     <gpxtpx:TrackPointExtension>
      <gpxtpx:atemp>18</gpxtpx:atemp>
     </gpxtpx:TrackPointExtension>
    </extensions>
   </trkpt>
   <trkpt lat="20.6508770" lon="-100.3293130">
    <ele>1976.6</ele>
    <time>2026-07-16T13:46:57Z</time>
    <extensions>
     <gpxtpx:TrackPointExtension>
      <gpxtpx:atemp>18</gpxtpx:atemp>
     </gpxtpx:TrackPointExtension>
    </extensions>
   </trkpt>
   <trkpt lat="20.6508400" lon="-100.3293280">
    <ele>1976.4</ele>
    <time>2026-07-16T13:46:58Z</time>
    <extensions>
     <gpxtpx:TrackPointExtension>
      <gpxtpx:atemp>18</gpxtpx:atemp>
     </gpxtpx:TrackPointExtension>
    </extensions>
   </trkpt>
   <trkpt lat="20.6508050" lon="-100.3293440">
    <ele>1976.4</ele>
    <time>2026-07-16T13:46:59Z</time>
    <extensions>
     <gpxtpx:TrackPointExtension>
      <gpxtpx:atemp>18</gpxtpx:atemp>
     </gpxtpx:TrackPointExtension>
    </extensions>
   </trkpt>
   <trkpt lat="20.6507720" lon="-100.3293620">
    <ele>1976.2</ele>
    <time>2026-07-16T13:47:00Z</time>
    <extensions>
     <gpxtpx:TrackPointExtension>
      <gpxtpx:atemp>18</gpxtpx:atemp>
     </gpxtpx:TrackPointExtension>
    </extensions>
   </trkpt>
   <trkpt lat="20.6507420" lon="-100.3293830">
    <ele>1976.2</ele>
    <time>2026-07-16T13:47:01Z</time>
    <extensions>
     <gpxtpx:TrackPointExtension>
      <gpxtpx:atemp>18</gpxtpx:atemp>
     </gpxtpx:TrackPointExtension>
    </extensions>
   </trkpt>
   <trkpt lat="20.6507120" lon="-100.3294050">
    <ele>1976.2</ele>
    <time>2026-07-16T13:47:02Z</time>
    <extensions>
     <gpxtpx:TrackPointExtension>
      <gpxtpx:atemp>18</gpxtpx:atemp>
     </gpxtpx:TrackPointExtension>
    </extensions>
   </trkpt>
   <trkpt lat="20.6506840" lon="-100.3294300">
    <ele>1976.2</ele>
    <time>2026-07-16T13:47:03Z</time>
    <extensions>
     <gpxtpx:TrackPointExtension>
      <gpxtpx:atemp>18</gpxtpx:atemp>
     </gpxtpx:TrackPointExtension>
    </extensions>
   </trkpt>
   <trkpt lat="20.6506560" lon="-100.3294560">
    <ele>1976.2</ele>
    <time>2026-07-16T13:47:04Z</time>
    <extensions>
     <gpxtpx:TrackPointExtension>
      <gpxtpx:atemp>18</gpxtpx:atemp>
     </gpxtpx:TrackPointExtension>
    </extensions>
   </trkpt>
   <trkpt lat="20.6506290" lon="-100.3294860">
    <ele>1976.2</ele>
    <time>2026-07-16T13:47:05Z</time>
    <extensions>
     <gpxtpx:TrackPointExtension>
      <gpxtpx:atemp>18</gpxtpx:atemp>
     </gpxtpx:TrackPointExtension>
    </extensions>
   </trkpt>
   <trkpt lat="20.6506020" lon="-100.3295180">
    <ele>1976.2</ele>
    <time>2026-07-16T13:47:06Z</time>
    <extensions>
     <gpxtpx:TrackPointExtension>
      <gpxtpx:atemp>18</gpxtpx:atemp>
     </gpxtpx:TrackPointExtension>
    </extensions>
   </trkpt>
   <trkpt lat="20.6505740" lon="-100.3295500">
    <ele>1976.2</ele>
    <time>2026-07-16T13:47:07Z</time>
    <extensions>
     <gpxtpx:TrackPointExtension>
      <gpxtpx:atemp>18</gpxtpx:atemp>
     </gpxtpx:TrackPointExtension>
    </extensions>
   </trkpt>
   <trkpt lat="20.6505460" lon="-100.3295850">
    <ele>1976.2</ele>
    <time>2026-07-16T13:47:08Z</time>
    <extensions>
     <gpxtpx:TrackPointExtension>
      <gpxtpx:atemp>18</gpxtpx:atemp>
     </gpxtpx:TrackPointExtension>
    </extensions>
   </trkpt>
   <trkpt lat="20.6505150" lon="-100.3296230">
    <ele>1976.0</ele>
    <time>2026-07-16T13:47:09Z</time>
    <extensions>
     <gpxtpx:TrackPointExtension>
      <gpxtpx:atemp>18</gpxtpx:atemp>
     </gpxtpx:TrackPointExtension>
    </extensions>
   </trkpt>
   <trkpt lat="20.6504830" lon="-100.3296600">
    <ele>1976.0</ele>
    <time>2026-07-16T13:47:10Z</time>
    <extensions>
     <gpxtpx:TrackPointExtension>
      <gpxtpx:atemp>18</gpxtpx:atemp>
     </gpxtpx:TrackPointExtension>
    </extensions>
   </trkpt>
   <trkpt lat="20.6504490" lon="-100.3296980">
    <ele>1975.8</ele>
    <time>2026-07-16T13:47:11Z</time>
    <extensions>
     <gpxtpx:TrackPointExtension>
      <gpxtpx:atemp>18</gpxtpx:atemp>
     </gpxtpx:TrackPointExtension>
    </extensions>
   </trkpt>
   <trkpt lat="20.6504120" lon="-100.3297290">
    <ele>1975.6</ele>
    <time>2026-07-16T13:47:12Z</time>
    <extensions>
     <gpxtpx:TrackPointExtension>
      <gpxtpx:atemp>18</gpxtpx:atemp>
     </gpxtpx:TrackPointExtension>
    </extensions>
   </trkpt>
   <trkpt lat="20.6503720" lon="-100.3297520">
    <ele>1975.4</ele>
    <time>2026-07-16T13:47:13Z</time>
    <extensions>
     <gpxtpx:TrackPointExtension>
      <gpxtpx:atemp>18</gpxtpx:atemp>
     </gpxtpx:TrackPointExtension>
    </extensions>
   </trkpt>
   <trkpt lat="20.6503310" lon="-100.3297690">
    <ele>1975.2</ele>
    <time>2026-07-16T13:47:14Z</time>
    <extensions>
     <gpxtpx:TrackPointExtension>
      <gpxtpx:atemp>18</gpxtpx:atemp>
     </gpxtpx:TrackPointExtension>
    </extensions>
   </trkpt>
   <trkpt lat="20.6502870" lon="-100.3297810">
    <ele>1975.0</ele>
    <time>2026-07-16T13:47:15Z</time>
    <extensions>
     <gpxtpx:TrackPointExtension>
      <gpxtpx:atemp>18</gpxtpx:atemp>
     </gpxtpx:TrackPointExtension>
    </extensions>
   </trkpt>
   <trkpt lat="20.6502450" lon="-100.3297890">
    <ele>1974.8</ele>
    <time>2026-07-16T13:47:16Z</time>
    <extensions>
     <gpxtpx:TrackPointExtension>
      <gpxtpx:atemp>18</gpxtpx:atemp>
     </gpxtpx:TrackPointExtension>
    </extensions>
   </trkpt>
   <trkpt lat="20.6502030" lon="-100.3297940">
    <ele>1974.6</ele>
    <time>2026-07-16T13:47:17Z</time>
    <extensions>
     <gpxtpx:TrackPointExtension>
      <gpxtpx:atemp>18</gpxtpx:atemp>
     </gpxtpx:TrackPointExtension>
    </extensions>
   </trkpt>
   <trkpt lat="20.6501610" lon="-100.3297930">
    <ele>1974.4</ele>
    <time>2026-07-16T13:47:18Z</time>
    <extensions>
     <gpxtpx:TrackPointExtension>
      <gpxtpx:atemp>18</gpxtpx:atemp>
     </gpxtpx:TrackPointExtension>
    </extensions>
   </trkpt>
   <trkpt lat="20.6501200" lon="-100.3297910">
    <ele>1974.2</ele>
    <time>2026-07-16T13:47:19Z</time>
    <extensions>
     <gpxtpx:TrackPointExtension>
      <gpxtpx:atemp>18</gpxtpx:atemp>
     </gpxtpx:TrackPointExtension>
    </extensions>
   </trkpt>
   <trkpt lat="20.6500790" lon="-100.3297900">
    <ele>1974.0</ele>
    <time>2026-07-16T13:47:20Z</time>
    <extensions>
     <gpxtpx:TrackPointExtension>
      <gpxtpx:atemp>18</gpxtpx:atemp>
     </gpxtpx:TrackPointExtension>
    </extensions>
   </trkpt>
   <trkpt lat="20.6500390" lon="-100.3297910">
    <ele>1974.0</ele>
    <time>2026-07-16T13:47:21Z</time>
    <extensions>
     <gpxtpx:TrackPointExtension>
      <gpxtpx:atemp>18</gpxtpx:atemp>
     </gpxtpx:TrackPointExtension>
    </extensions>
   </trkpt>
   <trkpt lat="20.6500000" lon="-100.3297910">
    <ele>1973.8</ele>
    <time>2026-07-16T13:47:22Z</time>
    <extensions>
     <gpxtpx:TrackPointExtension>
      <gpxtpx:atemp>18</gpxtpx:atemp>
     </gpxtpx:TrackPointExtension>
    </extensions>
   </trkpt>
   <trkpt lat="20.6499630" lon="-100.3297910">
    <ele>1973.8</ele>
    <time>2026-07-16T13:47:23Z</time>
    <extensions>
     <gpxtpx:TrackPointExtension>
      <gpxtpx:atemp>18</gpxtpx:atemp>
     </gpxtpx:TrackPointExtension>
    </extensions>
   </trkpt>
   <trkpt lat="20.6499250" lon="-100.3297900">
    <ele>1973.6</ele>
    <time>2026-07-16T13:47:24Z</time>
    <extensions>
     <gpxtpx:TrackPointExtension>
      <gpxtpx:atemp>18</gpxtpx:atemp>
     </gpxtpx:TrackPointExtension>
    </extensions>
   </trkpt>
   <trkpt lat="20.6498900" lon="-100.3297920">
    <ele>1973.6</ele>
    <time>2026-07-16T13:47:25Z</time>
    <extensions>
     <gpxtpx:TrackPointExtension>
      <gpxtpx:atemp>18</gpxtpx:atemp>
     </gpxtpx:TrackPointExtension>
    </extensions>
   </trkpt>
   <trkpt lat="20.6498560" lon="-100.3297970">
    <ele>1973.4</ele>
    <time>2026-07-16T13:47:26Z</time>
    <extensions>
     <gpxtpx:TrackPointExtension>
      <gpxtpx:atemp>18</gpxtpx:atemp>
     </gpxtpx:TrackPointExtension>
    </extensions>
   </trkpt>
   <trkpt lat="20.6498230" lon="-100.3298050">
    <ele>1973.4</ele>
    <time>2026-07-16T13:47:27Z</time>
    <extensions>
     <gpxtpx:TrackPointExtension>
      <gpxtpx:atemp>18</gpxtpx:atemp>
     </gpxtpx:TrackPointExtension>
    </extensions>
   </trkpt>
   <trkpt lat="20.6497890" lon="-100.3298120">
    <ele>1973.4</ele>
    <time>2026-07-16T13:47:28Z</time>
    <extensions>
     <gpxtpx:TrackPointExtension>
      <gpxtpx:atemp>18</gpxtpx:atemp>
     </gpxtpx:TrackPointExtension>
    </extensions>
   </trkpt>
   <trkpt lat="20.6497540" lon="-100.3298180">
    <ele>1973.4</ele>
    <time>2026-07-16T13:47:29Z</time>
    <extensions>
     <gpxtpx:TrackPointExtension>
      <gpxtpx:atemp>18</gpxtpx:atemp>
     </gpxtpx:TrackPointExtension>
    </extensions>
   </trkpt>
   <trkpt lat="20.6497220" lon="-100.3298220">
    <ele>1973.4</ele>
    <time>2026-07-16T13:47:30Z</time>
    <extensions>
     <gpxtpx:TrackPointExtension>
      <gpxtpx:atemp>18</gpxtpx:atemp>
     </gpxtpx:TrackPointExtension>
    </extensions>
   </trkpt>
   <trkpt lat="20.6496890" lon="-100.3298290">
    <ele>1973.4</ele>
    <time>2026-07-16T13:47:31Z</time>
    <extensions>
     <gpxtpx:TrackPointExtension>
      <gpxtpx:atemp>18</gpxtpx:atemp>
     </gpxtpx:TrackPointExtension>
    </extensions>
   </trkpt>
   <trkpt lat="20.6496540" lon="-100.3298350">
    <ele>1973.6</ele>
    <time>2026-07-16T13:47:32Z</time>
    <extensions>
     <gpxtpx:TrackPointExtension>
      <gpxtpx:atemp>18</gpxtpx:atemp>
     </gpxtpx:TrackPointExtension>
    </extensions>
   </trkpt>
   <trkpt lat="20.6496190" lon="-100.3298420">
    <ele>1973.6</ele>
    <time>2026-07-16T13:47:33Z</time>
    <extensions>
     <gpxtpx:TrackPointExtension>
      <gpxtpx:atemp>18</gpxtpx:atemp>
     </gpxtpx:TrackPointExtension>
    </extensions>
   </trkpt>
   <trkpt lat="20.6495820" lon="-100.3298510">
    <ele>1973.6</ele>
    <time>2026-07-16T13:47:34Z</time>
    <extensions>
     <gpxtpx:TrackPointExtension>
      <gpxtpx:atemp>18</gpxtpx:atemp>
     </gpxtpx:TrackPointExtension>
    </extensions>
   </trkpt>
   <trkpt lat="20.6495450" lon="-100.3298630">
    <ele>1973.6</ele>
    <time>2026-07-16T13:47:35Z</time>
    <extensions>
     <gpxtpx:TrackPointExtension>
      <gpxtpx:atemp>18</gpxtpx:atemp>
     </gpxtpx:TrackPointExtension>
    </extensions>
   </trkpt>
   <trkpt lat="20.6495090" lon="-100.3298800">
    <ele>1973.6</ele>
    <time>2026-07-16T13:47:36Z</time>
    <extensions>
     <gpxtpx:TrackPointExtension>
      <gpxtpx:atemp>18</gpxtpx:atemp>
     </gpxtpx:TrackPointExtension>
    </extensions>
   </trkpt>
   <trkpt lat="20.6494720" lon="-100.3298980">
    <ele>1973.6</ele>
    <time>2026-07-16T13:47:37Z</time>
    <extensions>
     <gpxtpx:TrackPointExtension>
      <gpxtpx:atemp>18</gpxtpx:atemp>
     </gpxtpx:TrackPointExtension>
    </extensions>
   </trkpt>
   <trkpt lat="20.6494360" lon="-100.3299170">
    <ele>1973.6</ele>
    <time>2026-07-16T13:47:38Z</time>
    <extensions>
     <gpxtpx:TrackPointExtension>
      <gpxtpx:atemp>18</gpxtpx:atemp>
     </gpxtpx:TrackPointExtension>
    </extensions>
   </trkpt>
   <trkpt lat="20.6493980" lon="-100.3299380">
    <ele>1973.4</ele>
    <time>2026-07-16T13:47:39Z</time>
    <extensions>
     <gpxtpx:TrackPointExtension>
      <gpxtpx:atemp>18</gpxtpx:atemp>
     </gpxtpx:TrackPointExtension>
    </extensions>
   </trkpt>
   <trkpt lat="20.6493590" lon="-100.3299610">
    <ele>1973.4</ele>
    <time>2026-07-16T13:47:40Z</time>
    <extensions>
     <gpxtpx:TrackPointExtension>
      <gpxtpx:atemp>18</gpxtpx:atemp>
     </gpxtpx:TrackPointExtension>
    </extensions>
   </trkpt>
   <trkpt lat="20.6493170" lon="-100.3299840">
    <ele>1973.2</ele>
    <time>2026-07-16T13:47:41Z</time>
    <extensions>
     <gpxtpx:TrackPointExtension>
      <gpxtpx:atemp>18</gpxtpx:atemp>
     </gpxtpx:TrackPointExtension>
    </extensions>
   </trkpt>
   <trkpt lat="20.6492740" lon="-100.3300070">
    <ele>1973.0</ele>
    <time>2026-07-16T13:47:42Z</time>
    <extensions>
     <gpxtpx:TrackPointExtension>
      <gpxtpx:atemp>18</gpxtpx:atemp>
     </gpxtpx:TrackPointExtension>
    </extensions>
   </trkpt>
   <trkpt lat="20.6492320" lon="-100.3300290">
    <ele>1972.8</ele>
    <time>2026-07-16T13:47:43Z</time>
    <extensions>
     <gpxtpx:TrackPointExtension>
      <gpxtpx:atemp>18</gpxtpx:atemp>
     </gpxtpx:TrackPointExtension>
    </extensions>
   </trkpt>
   <trkpt lat="20.6491920" lon="-100.3300520">
    <ele>1972.6</ele>
    <time>2026-07-16T13:47:44Z</time>
    <extensions>
     <gpxtpx:TrackPointExtension>
      <gpxtpx:atemp>18</gpxtpx:atemp>
     </gpxtpx:TrackPointExtension>
    </extensions>
   </trkpt>
   <trkpt lat="20.6491540" lon="-100.3300750">
    <ele>1972.4</ele>
    <time>2026-07-16T13:47:45Z</time>
    <extensions>
     <gpxtpx:TrackPointExtension>
      <gpxtpx:atemp>18</gpxtpx:atemp>
     </gpxtpx:TrackPointExtension>
    </extensions>
   </trkpt>
   <trkpt lat="20.6491160" lon="-100.3300970">
    <ele>1972.2</ele>
    <time>2026-07-16T13:47:46Z</time>
    <extensions>
     <gpxtpx:TrackPointExtension>
      <gpxtpx:atemp>18</gpxtpx:atemp>
     </gpxtpx:TrackPointExtension>
    </extensions>
   </trkpt>
   <trkpt lat="20.6490790" lon="-100.3301180">
    <ele>1972.0</ele>
    <time>2026-07-16T13:47:47Z</time>
    <extensions>
     <gpxtpx:TrackPointExtension>
      <gpxtpx:atemp>18</gpxtpx:atemp>
     </gpxtpx:TrackPointExtension>
    </extensions>
   </trkpt>
   <trkpt lat="20.6490390" lon="-100.3301370">
    <ele>1971.8</ele>
    <time>2026-07-16T13:47:48Z</time>
    <extensions>
     <gpxtpx:TrackPointExtension>
      <gpxtpx:atemp>18</gpxtpx:atemp>
     </gpxtpx:TrackPointExtension>
    </extensions>
   </trkpt>
   <trkpt lat="20.6489980" lon="-100.3301550">
    <ele>1971.6</ele>
    <time>2026-07-16T13:47:49Z</time>
    <extensions>
     <gpxtpx:TrackPointExtension>
      <gpxtpx:atemp>18</gpxtpx:atemp>
     </gpxtpx:TrackPointExtension>
    </extensions>
   </trkpt>
   <trkpt lat="20.6489560" lon="-100.3301700">
    <ele>1971.4</ele>
    <time>2026-07-16T13:47:50Z</time>
    <extensions>
     <gpxtpx:TrackPointExtension>
      <gpxtpx:atemp>18</gpxtpx:atemp>
     </gpxtpx:TrackPointExtension>
    </extensions>
   </trkpt>
   <trkpt lat="20.6489130" lon="-100.3301860">
    <ele>1971.0</ele>
    <time>2026-07-16T13:47:51Z</time>
    <extensions>
     <gpxtpx:TrackPointExtension>
      <gpxtpx:atemp>18</gpxtpx:atemp>
     </gpxtpx:TrackPointExtension>
    </extensions>
   </trkpt>
   <trkpt lat="20.6488690" lon="-100.3301980">
    <ele>1970.8</ele>
    <time>2026-07-16T13:47:52Z</time>
    <extensions>
     <gpxtpx:TrackPointExtension>
      <gpxtpx:atemp>18</gpxtpx:atemp>
     </gpxtpx:TrackPointExtension>
    </extensions>
   </trkpt>
   <trkpt lat="20.6488250" lon="-100.3302080">
    <ele>1970.6</ele>
    <time>2026-07-16T13:47:53Z</time>
    <extensions>
     <gpxtpx:TrackPointExtension>
      <gpxtpx:atemp>18</gpxtpx:atemp>
     </gpxtpx:TrackPointExtension>
    </extensions>
   </trkpt>
   <trkpt lat="20.6487810" lon="-100.3302130">
    <ele>1970.4</ele>
    <time>2026-07-16T13:47:54Z</time>
    <extensions>
     <gpxtpx:TrackPointExtension>
      <gpxtpx:atemp>18</gpxtpx:atemp>
     </gpxtpx:TrackPointExtension>
    </extensions>
   </trkpt>
   <trkpt lat="20.6487370" lon="-100.3302120">
    <ele>1970.4</ele>
    <time>2026-07-16T13:47:55Z</time>
    <extensions>
     <gpxtpx:TrackPointExtension>
      <gpxtpx:atemp>18</gpxtpx:atemp>
     </gpxtpx:TrackPointExtension>
    </extensions>
   </trkpt>
   <trkpt lat="20.6486940" lon="-100.3302070">
    <ele>1970.2</ele>
    <time>2026-07-16T13:47:56Z</time>
    <extensions>
     <gpxtpx:TrackPointExtension>
      <gpxtpx:atemp>18</gpxtpx:atemp>
     </gpxtpx:TrackPointExtension>
    </extensions>
   </trkpt>
   <trkpt lat="20.6486520" lon="-100.3301990">
    <ele>1970.0</ele>
    <time>2026-07-16T13:47:57Z</time>
    <extensions>
     <gpxtpx:TrackPointExtension>
      <gpxtpx:atemp>18</gpxtpx:atemp>
     </gpxtpx:TrackPointExtension>
    </extensions>
   </trkpt>
   <trkpt lat="20.6486100" lon="-100.3301890">
    <ele>1970.0</ele>
    <time>2026-07-16T13:47:58Z</time>
    <extensions>
     <gpxtpx:TrackPointExtension>
      <gpxtpx:atemp>18</gpxtpx:atemp>
     </gpxtpx:TrackPointExtension>
    </extensions>
   </trkpt>
   <trkpt lat="20.6485670" lon="-100.3301780">
    <ele>1969.8</ele>
    <time>2026-07-16T13:47:59Z</time>
    <extensions>
     <gpxtpx:TrackPointExtension>
      <gpxtpx:atemp>18</gpxtpx:atemp>
     </gpxtpx:TrackPointExtension>
    </extensions>
   </trkpt>
   <trkpt lat="20.6485230" lon="-100.3301690">
    <ele>1969.8</ele>
    <time>2026-07-16T13:48:00Z</time>
    <extensions>
     <gpxtpx:TrackPointExtension>
      <gpxtpx:atemp>18</gpxtpx:atemp>
     </gpxtpx:TrackPointExtension>
    </extensions>
   </trkpt>
   <trkpt lat="20.6484790" lon="-100.3301610">
    <ele>1969.8</ele>
    <time>2026-07-16T13:48:01Z</time>
    <extensions>
     <gpxtpx:TrackPointExtension>
      <gpxtpx:atemp>18</gpxtpx:atemp>
     </gpxtpx:TrackPointExtension>
    </extensions>
   </trkpt>
   <trkpt lat="20.6484340" lon="-100.3301540">
    <ele>1969.8</ele>
    <time>2026-07-16T13:48:02Z</time>
    <extensions>
     <gpxtpx:TrackPointExtension>
      <gpxtpx:atemp>18</gpxtpx:atemp>
     </gpxtpx:TrackPointExtension>
    </extensions>
   </trkpt>
   <trkpt lat="20.6483900" lon="-100.3301490">
    <ele>1969.8</ele>
    <time>2026-07-16T13:48:03Z</time>
    <extensions>
     <gpxtpx:TrackPointExtension>
      <gpxtpx:atemp>18</gpxtpx:atemp>
     </gpxtpx:TrackPointExtension>
    </extensions>
   </trkpt>
   <trkpt lat="20.6483460" lon="-100.3301450">
    <ele>1969.8</ele>
    <time>2026-07-16T13:48:04Z</time>
    <extensions>
     <gpxtpx:TrackPointExtension>
      <gpxtpx:atemp>18</gpxtpx:atemp>
     </gpxtpx:TrackPointExtension>
    </extensions>
   </trkpt>
   <trkpt lat="20.6483010" lon="-100.3301410">
    <ele>1969.8</ele>
    <time>2026-07-16T13:48:05Z</time>
    <extensions>
     <gpxtpx:TrackPointExtension>
      <gpxtpx:atemp>18</gpxtpx:atemp>
     </gpxtpx:TrackPointExtension>
    </extensions>
   </trkpt>
   <trkpt lat="20.6482550" lon="-100.3301360">
    <ele>1969.6</ele>
    <time>2026-07-16T13:48:06Z</time>
    <extensions>
     <gpxtpx:TrackPointExtension>
      <gpxtpx:atemp>18</gpxtpx:atemp>
     </gpxtpx:TrackPointExtension>
    </extensions>
   </trkpt>
   <trkpt lat="20.6482080" lon="-100.3301320">
    <ele>1969.6</ele>
    <time>2026-07-16T13:48:07Z</time>
    <extensions>
     <gpxtpx:TrackPointExtension>
      <gpxtpx:atemp>18</gpxtpx:atemp>
     </gpxtpx:TrackPointExtension>
    </extensions>
   </trkpt>
   <trkpt lat="20.6481610" lon="-100.3301290">
    <ele>1969.6</ele>
    <time>2026-07-16T13:48:08Z</time>
    <extensions>
     <gpxtpx:TrackPointExtension>
      <gpxtpx:atemp>18</gpxtpx:atemp>
     </gpxtpx:TrackPointExtension>
    </extensions>
   </trkpt>
   <trkpt lat="20.6481150" lon="-100.3301270">
    <ele>1969.6</ele>
    <time>2026-07-16T13:48:09Z</time>
    <extensions>
     <gpxtpx:TrackPointExtension>
      <gpxtpx:atemp>18</gpxtpx:atemp>
     </gpxtpx:TrackPointExtension>
    </extensions>
   </trkpt>
   <trkpt lat="20.6480690" lon="-100.3301240">
    <ele>1969.6</ele>
    <time>2026-07-16T13:48:10Z</time>
    <extensions>
     <gpxtpx:TrackPointExtension>
      <gpxtpx:atemp>18</gpxtpx:atemp>
     </gpxtpx:TrackPointExtension>
    </extensions>
   </trkpt>
   <trkpt lat="20.6480220" lon="-100.3301200">
    <ele>1969.4</ele>
    <time>2026-07-16T13:48:11Z</time>
    <extensions>
     <gpxtpx:TrackPointExtension>
      <gpxtpx:atemp>18</gpxtpx:atemp>
     </gpxtpx:TrackPointExtension>
    </extensions>
   </trkpt>
   <trkpt lat="20.6479750" lon="-100.3301160">
    <ele>1969.4</ele>
    <time>2026-07-16T13:48:12Z</time>
    <extensions>
     <gpxtpx:TrackPointExtension>
      <gpxtpx:atemp>18</gpxtpx:atemp>
     </gpxtpx:TrackPointExtension>
    </extensions>
   </trkpt>
   <trkpt lat="20.6479280" lon="-100.3301110">
    <ele>1969.4</ele>
    <time>2026-07-16T13:48:13Z</time>
    <extensions>
     <gpxtpx:TrackPointExtension>
      <gpxtpx:atemp>18</gpxtpx:atemp>
     </gpxtpx:TrackPointExtension>
    </extensions>
   </trkpt>
   <trkpt lat="20.6478790" lon="-100.3301060">
    <ele>1969.2</ele>
    <time>2026-07-16T13:48:14Z</time>
    <extensions>
     <gpxtpx:TrackPointExtension>
      <gpxtpx:atemp>18</gpxtpx:atemp>
     </gpxtpx:TrackPointExtension>
    </extensions>
   </trkpt>
   <trkpt lat="20.6478290" lon="-100.3301010">
    <ele>1969.0</ele>
    <time>2026-07-16T13:48:15Z</time>
    <extensions>
     <gpxtpx:TrackPointExtension>
      <gpxtpx:atemp>18</gpxtpx:atemp>
     </gpxtpx:TrackPointExtension>
    </extensions>
   </trkpt>
   <trkpt lat="20.6477790" lon="-100.3300950">
    <ele>1969.0</ele>
    <time>2026-07-16T13:48:16Z</time>
    <extensions>
     <gpxtpx:TrackPointExtension>
      <gpxtpx:atemp>18</gpxtpx:atemp>
     </gpxtpx:TrackPointExtension>
    </extensions>
   </trkpt>
   <trkpt lat="20.6477310" lon="-100.3300900">
    <ele>1968.8</ele>
    <time>2026-07-16T13:48:17Z</time>
    <extensions>
     <gpxtpx:TrackPointExtension>
      <gpxtpx:atemp>18</gpxtpx:atemp>
     </gpxtpx:TrackPointExtension>
    </extensions>
   </trkpt>
   <trkpt lat="20.6476850" lon="-100.3300850">
    <ele>1968.6</ele>
    <time>2026-07-16T13:48:18Z</time>
    <extensions>
     <gpxtpx:TrackPointExtension>
      <gpxtpx:atemp>18</gpxtpx:atemp>
     </gpxtpx:TrackPointExtension>
    </extensions>
   </trkpt>
   <trkpt lat="20.6476410" lon="-100.3300800">
    <ele>1968.4</ele>
    <time>2026-07-16T13:48:19Z</time>
    <extensions>
     <gpxtpx:TrackPointExtension>
      <gpxtpx:atemp>18</gpxtpx:atemp>
     </gpxtpx:TrackPointExtension>
    </extensions>
   </trkpt>
   <trkpt lat="20.6475960" lon="-100.3300740">
    <ele>1968.2</ele>
    <time>2026-07-16T13:48:20Z</time>
    <extensions>
     <gpxtpx:TrackPointExtension>
      <gpxtpx:atemp>18</gpxtpx:atemp>
     </gpxtpx:TrackPointExtension>
    </extensions>
   </trkpt>
   <trkpt lat="20.6475520" lon="-100.3300680">
    <ele>1968.0</ele>
    <time>2026-07-16T13:48:21Z</time>
    <extensions>
     <gpxtpx:TrackPointExtension>
      <gpxtpx:atemp>18</gpxtpx:atemp>
     </gpxtpx:TrackPointExtension>
    </extensions>
   </trkpt>
   <trkpt lat="20.6475080" lon="-100.3300620">
    <ele>1967.8</ele>
    <time>2026-07-16T13:48:22Z</time>
    <extensions>
     <gpxtpx:TrackPointExtension>
      <gpxtpx:atemp>18</gpxtpx:atemp>
     </gpxtpx:TrackPointExtension>
    </extensions>
   </trkpt>
   <trkpt lat="20.6474640" lon="-100.3300550">
    <ele>1967.8</ele>
    <time>2026-07-16T13:48:23Z</time>
    <extensions>
     <gpxtpx:TrackPointExtension>
      <gpxtpx:atemp>18</gpxtpx:atemp>
     </gpxtpx:TrackPointExtension>
    </extensions>
   </trkpt>
   <trkpt lat="20.6474200" lon="-100.3300510">
    <ele>1967.6</ele>
    <time>2026-07-16T13:48:24Z</time>
    <extensions>
     <gpxtpx:TrackPointExtension>
      <gpxtpx:atemp>18</gpxtpx:atemp>
     </gpxtpx:TrackPointExtension>
    </extensions>
   </trkpt>
   <trkpt lat="20.6473750" lon="-100.3300450">
    <ele>1967.4</ele>
    <time>2026-07-16T13:48:25Z</time>
    <extensions>
     <gpxtpx:TrackPointExtension>
      <gpxtpx:atemp>18</gpxtpx:atemp>
     </gpxtpx:TrackPointExtension>
    </extensions>
   </trkpt>
   <trkpt lat="20.6473310" lon="-100.3300380">
    <ele>1967.4</ele>
    <time>2026-07-16T13:48:26Z</time>
    <extensions>
     <gpxtpx:TrackPointExtension>
      <gpxtpx:atemp>18</gpxtpx:atemp>
     </gpxtpx:TrackPointExtension>
    </extensions>
   </trkpt>
   <trkpt lat="20.6472870" lon="-100.3300300">
    <ele>1967.2</ele>
    <time>2026-07-16T13:48:27Z</time>
    <extensions>
     <gpxtpx:TrackPointExtension>
      <gpxtpx:atemp>18</gpxtpx:atemp>
     </gpxtpx:TrackPointExtension>
    </extensions>
   </trkpt>
   <trkpt lat="20.6472410" lon="-100.3300200">
    <ele>1967.2</ele>
    <time>2026-07-16T13:48:28Z</time>
    <extensions>
     <gpxtpx:TrackPointExtension>
      <gpxtpx:atemp>18</gpxtpx:atemp>
     </gpxtpx:TrackPointExtension>
    </extensions>
   </trkpt>
   <trkpt lat="20.6471960" lon="-100.3300060">
    <ele>1967.0</ele>
    <time>2026-07-16T13:48:29Z</time>
    <extensions>
     <gpxtpx:TrackPointExtension>
      <gpxtpx:atemp>18</gpxtpx:atemp>
     </gpxtpx:TrackPointExtension>
    </extensions>
   </trkpt>
   <trkpt lat="20.6471510" lon="-100.3299850">
    <ele>1966.8</ele>
    <time>2026-07-16T13:48:30Z</time>
    <extensions>
     <gpxtpx:TrackPointExtension>
      <gpxtpx:atemp>18</gpxtpx:atemp>
     </gpxtpx:TrackPointExtension>
    </extensions>
   </trkpt>
   <trkpt lat="20.6471070" lon="-100.3299630">
    <ele>1966.6</ele>
    <time>2026-07-16T13:48:31Z</time>
    <extensions>
     <gpxtpx:TrackPointExtension>
      <gpxtpx:atemp>18</gpxtpx:atemp>
     </gpxtpx:TrackPointExtension>
    </extensions>
   </trkpt>
   <trkpt lat="20.6470630" lon="-100.3299450">
    <ele>1966.4</ele>
    <time>2026-07-16T13:48:32Z</time>
    <extensions>
     <gpxtpx:TrackPointExtension>
      <gpxtpx:atemp>18</gpxtpx:atemp>
     </gpxtpx:TrackPointExtension>
    </extensions>
   </trkpt>
   <trkpt lat="20.6470200" lon="-100.3299330">
    <ele>1966.4</ele>
    <time>2026-07-16T13:48:33Z</time>
    <extensions>
     <gpxtpx:TrackPointExtension>
      <gpxtpx:atemp>18</gpxtpx:atemp>
     </gpxtpx:TrackPointExtension>
    </extensions>
   </trkpt>
   <trkpt lat="20.6469800" lon="-100.3299270">
    <ele>1966.2</ele>
    <time>2026-07-16T13:48:34Z</time>
    <extensions>
     <gpxtpx:TrackPointExtension>
      <gpxtpx:atemp>18</gpxtpx:atemp>
     </gpxtpx:TrackPointExtension>
    </extensions>
   </trkpt>
   <trkpt lat="20.6469400" lon="-100.3299280">
    <ele>1966.0</ele>
    <time>2026-07-16T13:48:35Z</time>
    <extensions>
     <gpxtpx:TrackPointExtension>
      <gpxtpx:atemp>18</gpxtpx:atemp>
     </gpxtpx:TrackPointExtension>
    </extensions>
   </trkpt>
   <trkpt lat="20.6469010" lon="-100.3299330">
    <ele>1965.8</ele>
    <time>2026-07-16T13:48:36Z</time>
    <extensions>
     <gpxtpx:TrackPointExtension>
      <gpxtpx:atemp>18</gpxtpx:atemp>
     </gpxtpx:TrackPointExtension>
    </extensions>
   </trkpt>
   <trkpt lat="20.6468610" lon="-100.3299390">
    <ele>1965.6</ele>
    <time>2026-07-16T13:48:37Z</time>
    <extensions>
     <gpxtpx:TrackPointExtension>
      <gpxtpx:atemp>18</gpxtpx:atemp>
     </gpxtpx:TrackPointExtension>
    </extensions>
   </trkpt>
   <trkpt lat="20.6468210" lon="-100.3299450">
    <ele>1965.4</ele>
    <time>2026-07-16T13:48:38Z</time>
    <extensions>
     <gpxtpx:TrackPointExtension>
      <gpxtpx:atemp>18</gpxtpx:atemp>
     </gpxtpx:TrackPointExtension>
    </extensions>
   </trkpt>
   <trkpt lat="20.6467790" lon="-100.3299500">
    <ele>1965.4</ele>
    <time>2026-07-16T13:48:39Z</time>
    <extensions>
     <gpxtpx:TrackPointExtension>
      <gpxtpx:atemp>18</gpxtpx:atemp>
     </gpxtpx:TrackPointExtension>
    </extensions>
   </trkpt>
   <trkpt lat="20.6467360" lon="-100.3299560">
    <ele>1965.2</ele>
    <time>2026-07-16T13:48:40Z</time>
    <extensions>
     <gpxtpx:TrackPointExtension>
      <gpxtpx:atemp>18</gpxtpx:atemp>
     </gpxtpx:TrackPointExtension>
    </extensions>
   </trkpt>
   <trkpt lat="20.6466910" lon="-100.3299610">
    <ele>1965.0</ele>
    <time>2026-07-16T13:48:41Z</time>
    <extensions>
     <gpxtpx:TrackPointExtension>
      <gpxtpx:atemp>18</gpxtpx:atemp>
     </gpxtpx:TrackPointExtension>
    </extensions>
   </trkpt>
   <trkpt lat="20.6466450" lon="-100.3299630">
    <ele>1964.8</ele>
    <time>2026-07-16T13:48:42Z</time>
    <extensions>
     <gpxtpx:TrackPointExtension>
      <gpxtpx:atemp>18</gpxtpx:atemp>
     </gpxtpx:TrackPointExtension>
    </extensions>
   </trkpt>
   <trkpt lat="20.6466000" lon="-100.3299620">
    <ele>1964.6</ele>
    <time>2026-07-16T13:48:43Z</time>
    <extensions>
     <gpxtpx:TrackPointExtension>
      <gpxtpx:atemp>18</gpxtpx:atemp>
     </gpxtpx:TrackPointExtension>
    </extensions>
   </trkpt>
   <trkpt lat="20.6465550" lon="-100.3299580">
    <ele>1964.6</ele>
    <time>2026-07-16T13:48:44Z</time>
    <extensions>
     <gpxtpx:TrackPointExtension>
      <gpxtpx:atemp>18</gpxtpx:atemp>
     </gpxtpx:TrackPointExtension>
    </extensions>
   </trkpt>
   <trkpt lat="20.6465120" lon="-100.3299520">
    <ele>1964.4</ele>
    <time>2026-07-16T13:48:45Z</time>
    <extensions>
     <gpxtpx:TrackPointExtension>
      <gpxtpx:atemp>18</gpxtpx:atemp>
     </gpxtpx:TrackPointExtension>
    </extensions>
   </trkpt>
   <trkpt lat="20.6464700" lon="-100.3299470">
    <ele>1964.2</ele>
    <time>2026-07-16T13:48:46Z</time>
    <extensions>
     <gpxtpx:TrackPointExtension>
      <gpxtpx:atemp>18</gpxtpx:atemp>
     </gpxtpx:TrackPointExtension>
    </extensions>
   </trkpt>
   <trkpt lat="20.6464280" lon="-100.3299400">
    <ele>1964.2</ele>
    <time>2026-07-16T13:48:47Z</time>
    <extensions>
     <gpxtpx:TrackPointExtension>
      <gpxtpx:atemp>18</gpxtpx:atemp>
     </gpxtpx:TrackPointExtension>
    </extensions>
   </trkpt>
   <trkpt lat="20.6463870" lon="-100.3299310">
    <ele>1964.0</ele>
    <time>2026-07-16T13:48:48Z</time>
    <extensions>
     <gpxtpx:TrackPointExtension>
      <gpxtpx:atemp>18</gpxtpx:atemp>
     </gpxtpx:TrackPointExtension>
    </extensions>
   </trkpt>
   <trkpt lat="20.6463440" lon="-100.3299220">
    <ele>1963.8</ele>
    <time>2026-07-16T13:48:49Z</time>
    <extensions>
     <gpxtpx:TrackPointExtension>
      <gpxtpx:atemp>18</gpxtpx:atemp>
     </gpxtpx:TrackPointExtension>
    </extensions>
   </trkpt>
   <trkpt lat="20.6463000" lon="-100.3299150">
    <ele>1963.8</ele>
    <time>2026-07-16T13:48:50Z</time>
    <extensions>
     <gpxtpx:TrackPointExtension>
      <gpxtpx:atemp>18</gpxtpx:atemp>
     </gpxtpx:TrackPointExtension>
    </extensions>
   </trkpt>
   <trkpt lat="20.6462550" lon="-100.3299070">
    <ele>1963.6</ele>
    <time>2026-07-16T13:48:51Z</time>
    <extensions>
     <gpxtpx:TrackPointExtension>
      <gpxtpx:atemp>18</gpxtpx:atemp>
     </gpxtpx:TrackPointExtension>
    </extensions>
   </trkpt>
   <trkpt lat="20.6462100" lon="-100.3298970">
    <ele>1963.4</ele>
    <time>2026-07-16T13:48:52Z</time>
    <extensions>
     <gpxtpx:TrackPointExtension>
      <gpxtpx:atemp>18</gpxtpx:atemp>
     </gpxtpx:TrackPointExtension>
    </extensions>
   </trkpt>
   <trkpt lat="20.6461650" lon="-100.3298880">
    <ele>1963.4</ele>
    <time>2026-07-16T13:48:53Z</time>
    <extensions>
     <gpxtpx:TrackPointExtension>
      <gpxtpx:atemp>18</gpxtpx:atemp>
     </gpxtpx:TrackPointExtension>
    </extensions>
   </trkpt>
   <trkpt lat="20.6461200" lon="-100.3298820">
    <ele>1963.2</ele>
    <time>2026-07-16T13:48:54Z</time>
    <extensions>
     <gpxtpx:TrackPointExtension>
      <gpxtpx:atemp>18</gpxtpx:atemp>
     </gpxtpx:TrackPointExtension>
    </extensions>
   </trkpt>
   <trkpt lat="20.6460750" lon="-100.3298770">
    <ele>1963.2</ele>
    <time>2026-07-16T13:48:55Z</time>
    <extensions>
     <gpxtpx:TrackPointExtension>
      <gpxtpx:atemp>18</gpxtpx:atemp>
     </gpxtpx:TrackPointExtension>
    </extensions>
   </trkpt>
   <trkpt lat="20.6460280" lon="-100.3298730">
    <ele>1963.0</ele>
    <time>2026-07-16T13:48:56Z</time>
    <extensions>
     <gpxtpx:TrackPointExtension>
      <gpxtpx:atemp>18</gpxtpx:atemp>
     </gpxtpx:TrackPointExtension>
    </extensions>
   </trkpt>
   <trkpt lat="20.6459810" lon="-100.3298690">
    <ele>1962.8</ele>
    <time>2026-07-16T13:48:57Z</time>
    <extensions>
     <gpxtpx:TrackPointExtension>
      <gpxtpx:atemp>18</gpxtpx:atemp>
     </gpxtpx:TrackPointExtension>
    </extensions>
   </trkpt>
   <trkpt lat="20.6459310" lon="-100.3298680">
    <ele>1962.8</ele>
    <time>2026-07-16T13:48:58Z</time>
    <extensions>
     <gpxtpx:TrackPointExtension>
      <gpxtpx:atemp>18</gpxtpx:atemp>
     </gpxtpx:TrackPointExtension>
    </extensions>
   </trkpt>
   <trkpt lat="20.6458810" lon="-100.3298680">
    <ele>1962.6</ele>
    <time>2026-07-16T13:48:59Z</time>
    <extensions>
     <gpxtpx:TrackPointExtension>
      <gpxtpx:atemp>18</gpxtpx:atemp>
     </gpxtpx:TrackPointExtension>
    </extensions>
   </trkpt>
   <trkpt lat="20.6458310" lon="-100.3298680">
    <ele>1962.4</ele>
    <time>2026-07-16T13:49:00Z</time>
    <extensions>
     <gpxtpx:TrackPointExtension>
      <gpxtpx:atemp>18</gpxtpx:atemp>
     </gpxtpx:TrackPointExtension>
    </extensions>
   </trkpt>
   <trkpt lat="20.6457820" lon="-100.3298670">
    <ele>1962.2</ele>
    <time>2026-07-16T13:49:01Z</time>
    <extensions>
     <gpxtpx:TrackPointExtension>
      <gpxtpx:atemp>18</gpxtpx:atemp>
     </gpxtpx:TrackPointExtension>
    </extensions>
   </trkpt>
   <trkpt lat="20.6457320" lon="-100.3298650">
    <ele>1962.2</ele>
    <time>2026-07-16T13:49:02Z</time>
    <extensions>
     <gpxtpx:TrackPointExtension>
      <gpxtpx:atemp>18</gpxtpx:atemp>
     </gpxtpx:TrackPointExtension>
    </extensions>
   </trkpt>
   <trkpt lat="20.6456800" lon="-100.3298600">
    <ele>1962.0</ele>
    <time>2026-07-16T13:49:03Z</time>
    <extensions>
     <gpxtpx:TrackPointExtension>
      <gpxtpx:atemp>18</gpxtpx:atemp>
     </gpxtpx:TrackPointExtension>
    </extensions>
   </trkpt>
   <trkpt lat="20.6456280" lon="-100.3298530">
    <ele>1961.8</ele>
    <time>2026-07-16T13:49:04Z</time>
    <extensions>
     <gpxtpx:TrackPointExtension>
      <gpxtpx:atemp>18</gpxtpx:atemp>
     </gpxtpx:TrackPointExtension>
    </extensions>
   </trkpt>
   <trkpt lat="20.6455750" lon="-100.3298430">
    <ele>1961.6</ele>
    <time>2026-07-16T13:49:05Z</time>
    <extensions>
     <gpxtpx:TrackPointExtension>
      <gpxtpx:atemp>18</gpxtpx:atemp>
     </gpxtpx:TrackPointExtension>
    </extensions>
   </trkpt>
   <trkpt lat="20.6455210" lon="-100.3298320">
    <ele>1961.4</ele>
    <time>2026-07-16T13:49:06Z</time>
    <extensions>
     <gpxtpx:TrackPointExtension>
      <gpxtpx:atemp>18</gpxtpx:atemp>
     </gpxtpx:TrackPointExtension>
    </extensions>
   </trkpt>
   <trkpt lat="20.6454670" lon="-100.3298160">
    <ele>1961.0</ele>
    <time>2026-07-16T13:49:07Z</time>
    <extensions>
     <gpxtpx:TrackPointExtension>
      <gpxtpx:atemp>18</gpxtpx:atemp>
     </gpxtpx:TrackPointExtension>
    </extensions>
   </trkpt>
   <trkpt lat="20.6454140" lon="-100.3297970">
    <ele>1960.8</ele>
    <time>2026-07-16T13:49:08Z</time>
    <extensions>
     <gpxtpx:TrackPointExtension>
      <gpxtpx:atemp>18</gpxtpx:atemp>
     </gpxtpx:TrackPointExtension>
    </extensions>
   </trkpt>
   <trkpt lat="20.6453630" lon="-100.3297760">
    <ele>1960.6</ele>
    <time>2026-07-16T13:49:09Z</time>
    <extensions>
     <gpxtpx:TrackPointExtension>
      <gpxtpx:atemp>18</gpxtpx:atemp>
     </gpxtpx:TrackPointExtension>
    </extensions>
   </trkpt>
   <trkpt lat="20.6453110" lon="-100.3297550">
    <ele>1960.4</ele>
    <time>2026-07-16T13:49:10Z</time>
    <extensions>
     <gpxtpx:TrackPointExtension>
      <gpxtpx:atemp>18</gpxtpx:atemp>
     </gpxtpx:TrackPointExtension>
    </extensions>
   </trkpt>
   <trkpt lat="20.6452610" lon="-100.3297330">
    <ele>1960.2</ele>
    <time>2026-07-16T13:49:11Z</time>
    <extensions>
     <gpxtpx:TrackPointExtension>
      <gpxtpx:atemp>18</gpxtpx:atemp>
     </gpxtpx:TrackPointExtension>
    </extensions>
   </trkpt>
   <trkpt lat="20.6452120" lon="-100.3297090">
    <ele>1960.0</ele>
    <time>2026-07-16T13:49:12Z</time>
    <extensions>
     <gpxtpx:TrackPointExtension>
      <gpxtpx:atemp>18</gpxtpx:atemp>
     </gpxtpx:TrackPointExtension>
    </extensions>
   </trkpt>
   <trkpt lat="20.6451650" lon="-100.3296840">
    <ele>1959.8</ele>
    <time>2026-07-16T13:49:13Z</time>
    <extensions>
     <gpxtpx:TrackPointExtension>
      <gpxtpx:atemp>18</gpxtpx:atemp>
     </gpxtpx:TrackPointExtension>
    </extensions>
   </trkpt>
   <trkpt lat="20.6451220" lon="-100.3296590">
    <ele>1959.6</ele>
    <time>2026-07-16T13:49:14Z</time>
    <extensions>
     <gpxtpx:TrackPointExtension>
      <gpxtpx:atemp>18</gpxtpx:atemp>
     </gpxtpx:TrackPointExtension>
    </extensions>
   </trkpt>
   <trkpt lat="20.6450840" lon="-100.3296350">
    <ele>1959.4</ele>
    <time>2026-07-16T13:49:15Z</time>
    <extensions>
     <gpxtpx:TrackPointExtension>
      <gpxtpx:atemp>18</gpxtpx:atemp>
     </gpxtpx:TrackPointExtension>
    </extensions>
   </trkpt>
   <trkpt lat="20.6450500" lon="-100.3296140">
    <ele>1959.4</ele>
    <time>2026-07-16T13:49:16Z</time>
    <extensions>
     <gpxtpx:TrackPointExtension>
      <gpxtpx:atemp>18</gpxtpx:atemp>
     </gpxtpx:TrackPointExtension>
    </extensions>
   </trkpt>
   <trkpt lat="20.6450180" lon="-100.3295950">
    <ele>1959.4</ele>
    <time>2026-07-16T13:49:17Z</time>
    <extensions>
     <gpxtpx:TrackPointExtension>
      <gpxtpx:atemp>18</gpxtpx:atemp>
     </gpxtpx:TrackPointExtension>
    </extensions>
   </trkpt>
   <trkpt lat="20.6449870" lon="-100.3295730">
    <ele>1959.4</ele>
    <time>2026-07-16T13:49:18Z</time>
    <extensions>
     <gpxtpx:TrackPointExtension>
      <gpxtpx:atemp>18</gpxtpx:atemp>
     </gpxtpx:TrackPointExtension>
    </extensions>
   </trkpt>
   <trkpt lat="20.6449570" lon="-100.3295490">
    <ele>1959.4</ele>
    <time>2026-07-16T13:49:19Z</time>
    <extensions>
     <gpxtpx:TrackPointExtension>
      <gpxtpx:atemp>18</gpxtpx:atemp>
     </gpxtpx:TrackPointExtension>
    </extensions>
   </trkpt>
   <trkpt lat="20.6449260" lon="-100.3295250">
    <ele>1959.4</ele>
    <time>2026-07-16T13:49:20Z</time>
    <extensions>
     <gpxtpx:TrackPointExtension>
      <gpxtpx:atemp>18</gpxtpx:atemp>
     </gpxtpx:TrackPointExtension>
    </extensions>
   </trkpt>
   <trkpt lat="20.6448910" lon="-100.3295020">
    <ele>1959.4</ele>
    <time>2026-07-16T13:49:21Z</time>
    <extensions>
     <gpxtpx:TrackPointExtension>
      <gpxtpx:atemp>18</gpxtpx:atemp>
     </gpxtpx:TrackPointExtension>
    </extensions>
   </trkpt>
   <trkpt lat="20.6448540" lon="-100.3294800">
    <ele>1959.6</ele>
    <time>2026-07-16T13:49:22Z</time>
    <extensions>
     <gpxtpx:TrackPointExtension>
      <gpxtpx:atemp>18</gpxtpx:atemp>
     </gpxtpx:TrackPointExtension>
    </extensions>
   </trkpt>
   <trkpt lat="20.6448160" lon="-100.3294580">
    <ele>1959.6</ele>
    <time>2026-07-16T13:49:23Z</time>
    <extensions>
     <gpxtpx:TrackPointExtension>
      <gpxtpx:atemp>18</gpxtpx:atemp>
     </gpxtpx:TrackPointExtension>
    </extensions>
   </trkpt>
   <trkpt lat="20.6447770" lon="-100.3294320">
    <ele>1959.6</ele>
    <time>2026-07-16T13:49:24Z</time>
    <extensions>
     <gpxtpx:TrackPointExtension>
      <gpxtpx:atemp>18</gpxtpx:atemp>
     </gpxtpx:TrackPointExtension>
    </extensions>
   </trkpt>
   <trkpt lat="20.6447390" lon="-100.3294020">
    <ele>1959.6</ele>
    <time>2026-07-16T13:49:25Z</time>
    <extensions>
     <gpxtpx:TrackPointExtension>
      <gpxtpx:atemp>18</gpxtpx:atemp>
     </gpxtpx:TrackPointExtension>
    </extensions>
   </trkpt>
   <trkpt lat="20.6447030" lon="-100.3293690">
    <ele>1959.4</ele>
    <time>2026-07-16T13:49:26Z</time>
    <extensions>
     <gpxtpx:TrackPointExtension>
      <gpxtpx:atemp>18</gpxtpx:atemp>
     </gpxtpx:TrackPointExtension>
    </extensions>
   </trkpt>
   <trkpt lat="20.6446660" lon="-100.3293320">
    <ele>1959.4</ele>
    <time>2026-07-16T13:49:27Z</time>
    <extensions>
     <gpxtpx:TrackPointExtension>
      <gpxtpx:atemp>18</gpxtpx:atemp>
     </gpxtpx:TrackPointExtension>
    </extensions>
   </trkpt>
   <trkpt lat="20.6446310" lon="-100.3292900">
    <ele>1959.2</ele>
    <time>2026-07-16T13:49:28Z</time>
    <extensions>
     <gpxtpx:TrackPointExtension>
      <gpxtpx:atemp>18</gpxtpx:atemp>
     </gpxtpx:TrackPointExtension>
    </extensions>
   </trkpt>
   <trkpt lat="20.6445990" lon="-100.3292450">
    <ele>1959.0</ele>
    <time>2026-07-16T13:49:29Z</time>
    <extensions>
     <gpxtpx:TrackPointExtension>
      <gpxtpx:atemp>18</gpxtpx:atemp>
     </gpxtpx:TrackPointExtension>
    </extensions>
   </trkpt>
   <trkpt lat="20.6445720" lon="-100.3292000">
    <ele>1958.8</ele>
    <time>2026-07-16T13:49:30Z</time>
    <extensions>
     <gpxtpx:TrackPointExtension>
      <gpxtpx:atemp>18</gpxtpx:atemp>
     </gpxtpx:TrackPointExtension>
    </extensions>
   </trkpt>
   <trkpt lat="20.6445500" lon="-100.3291580">
    <ele>1958.8</ele>
    <time>2026-07-16T13:49:31Z</time>
    <extensions>
     <gpxtpx:TrackPointExtension>
      <gpxtpx:atemp>18</gpxtpx:atemp>
     </gpxtpx:TrackPointExtension>
    </extensions>
   </trkpt>
   <trkpt lat="20.6445310" lon="-100.3291190">
    <ele>1958.6</ele>
    <time>2026-07-16T13:49:32Z</time>
    <extensions>
     <gpxtpx:TrackPointExtension>
      <gpxtpx:atemp>18</gpxtpx:atemp>
     </gpxtpx:TrackPointExtension>
    </extensions>
   </trkpt>
   <trkpt lat="20.6445100" lon="-100.3290840">
    <ele>1958.4</ele>
    <time>2026-07-16T13:49:33Z</time>
    <extensions>
     <gpxtpx:TrackPointExtension>
      <gpxtpx:atemp>18</gpxtpx:atemp>
     </gpxtpx:TrackPointExtension>
    </extensions>
   </trkpt>
   <trkpt lat="20.6444880" lon="-100.3290550">
    <ele>1958.4</ele>
    <time>2026-07-16T13:49:34Z</time>
    <extensions>
     <gpxtpx:TrackPointExtension>
      <gpxtpx:atemp>18</gpxtpx:atemp>
     </gpxtpx:TrackPointExtension>
    </extensions>
   </trkpt>
   <trkpt lat="20.6444620" lon="-100.3290280">
    <ele>1958.4</ele>
    <time>2026-07-16T13:49:35Z</time>
    <extensions>
     <gpxtpx:TrackPointExtension>
      <gpxtpx:atemp>18</gpxtpx:atemp>
     </gpxtpx:TrackPointExtension>
    </extensions>
   </trkpt>
   <trkpt lat="20.6444360" lon="-100.3290010">
    <ele>1958.2</ele>
    <time>2026-07-16T13:49:36Z</time>
    <extensions>
     <gpxtpx:TrackPointExtension>
      <gpxtpx:atemp>18</gpxtpx:atemp>
     </gpxtpx:TrackPointExtension>
    </extensions>
   </trkpt>
   <trkpt lat="20.6444110" lon="-100.3289730">
    <ele>1958.2</ele>
    <time>2026-07-16T13:49:37Z</time>
    <extensions>
     <gpxtpx:TrackPointExtension>
      <gpxtpx:atemp>18</gpxtpx:atemp>
     </gpxtpx:TrackPointExtension>
    </extensions>
   </trkpt>
   <trkpt lat="20.6443910" lon="-100.3289420">
    <ele>1958.2</ele>
    <time>2026-07-16T13:49:38Z</time>
    <extensions>
     <gpxtpx:TrackPointExtension>
      <gpxtpx:atemp>18</gpxtpx:atemp>
     </gpxtpx:TrackPointExtension>
    </extensions>
   </trkpt>
   <trkpt lat="20.6443770" lon="-100.3289080">
    <ele>1958.2</ele>
    <time>2026-07-16T13:49:39Z</time>
    <extensions>
     <gpxtpx:TrackPointExtension>
      <gpxtpx:atemp>18</gpxtpx:atemp>
     </gpxtpx:TrackPointExtension>
    </extensions>
   </trkpt>
   <trkpt lat="20.6443700" lon="-100.3288700">
    <ele>1958.2</ele>
    <time>2026-07-16T13:49:40Z</time>
    <extensions>
     <gpxtpx:TrackPointExtension>
      <gpxtpx:atemp>18</gpxtpx:atemp>
     </gpxtpx:TrackPointExtension>
    </extensions>
   </trkpt>
   <trkpt lat="20.6443680" lon="-100.3288310">
    <ele>1958.2</ele>
    <time>2026-07-16T13:49:41Z</time>
    <extensions>
     <gpxtpx:TrackPointExtension>
      <gpxtpx:atemp>18</gpxtpx:atemp>
     </gpxtpx:TrackPointExtension>
    </extensions>
   </trkpt>
   <trkpt lat="20.6443710" lon="-100.3287930">
    <ele>1958.2</ele>
    <time>2026-07-16T13:49:42Z</time>
    <extensions>
     <gpxtpx:TrackPointExtension>
      <gpxtpx:atemp>18</gpxtpx:atemp>
     </gpxtpx:TrackPointExtension>
    </extensions>
   </trkpt>
   <trkpt lat="20.6443760" lon="-100.3287590">
    <ele>1958.2</ele>
    <time>2026-07-16T13:49:43Z</time>
    <extensions>
     <gpxtpx:TrackPointExtension>
      <gpxtpx:atemp>18</gpxtpx:atemp>
     </gpxtpx:TrackPointExtension>
    </extensions>
   </trkpt>
   <trkpt lat="20.6443810" lon="-100.3287310">
    <ele>1958.2</ele>
    <time>2026-07-16T13:49:44Z</time>
    <extensions>
     <gpxtpx:TrackPointExtension>
      <gpxtpx:atemp>18</gpxtpx:atemp>
     </gpxtpx:TrackPointExtension>
    </extensions>
   </trkpt>
   <trkpt lat="20.6443840" lon="-100.3287090">
    <ele>1958.2</ele>
    <time>2026-07-16T13:49:45Z</time>
    <extensions>
     <gpxtpx:TrackPointExtension>
      <gpxtpx:atemp>18</gpxtpx:atemp>
     </gpxtpx:TrackPointExtension>
    </extensions>
   </trkpt>
   <trkpt lat="20.6443830" lon="-100.3286920">
    <ele>1958.2</ele>
    <time>2026-07-16T13:49:46Z</time>
    <extensions>
     <gpxtpx:TrackPointExtension>
      <gpxtpx:atemp>18</gpxtpx:atemp>
     </gpxtpx:TrackPointExtension>
    </extensions>
   </trkpt>
   <trkpt lat="20.6443770" lon="-100.3286790">
    <ele>1958.2</ele>
    <time>2026-07-16T13:49:47Z</time>
    <extensions>
     <gpxtpx:TrackPointExtension>
      <gpxtpx:atemp>18</gpxtpx:atemp>
     </gpxtpx:TrackPointExtension>
    </extensions>
   </trkpt>
   <trkpt lat="20.6443680" lon="-100.3286700">
    <ele>1958.2</ele>
    <time>2026-07-16T13:49:48Z</time>
    <extensions>
     <gpxtpx:TrackPointExtension>
      <gpxtpx:atemp>18</gpxtpx:atemp>
     </gpxtpx:TrackPointExtension>
    </extensions>
   </trkpt>
   <trkpt lat="20.6443590" lon="-100.3286640">
    <ele>1958.2</ele>
    <time>2026-07-16T13:49:49Z</time>
    <extensions>
     <gpxtpx:TrackPointExtension>
      <gpxtpx:atemp>18</gpxtpx:atemp>
     </gpxtpx:TrackPointExtension>
    </extensions>
   </trkpt>
   <trkpt lat="20.6443490" lon="-100.3286610">
    <ele>1958.2</ele>
    <time>2026-07-16T13:49:50Z</time>
    <extensions>
     <gpxtpx:TrackPointExtension>
      <gpxtpx:atemp>18</gpxtpx:atemp>
     </gpxtpx:TrackPointExtension>
    </extensions>
   </trkpt>
   <trkpt lat="20.6443400" lon="-100.3286560">
    <ele>1958.2</ele>
    <time>2026-07-16T13:49:51Z</time>
    <extensions>
     <gpxtpx:TrackPointExtension>
      <gpxtpx:atemp>18</gpxtpx:atemp>
     </gpxtpx:TrackPointExtension>
    </extensions>
   </trkpt>
   <trkpt lat="20.6443320" lon="-100.3286510">
    <ele>1958.2</ele>
    <time>2026-07-16T13:49:52Z</time>
    <extensions>
     <gpxtpx:TrackPointExtension>
      <gpxtpx:atemp>18</gpxtpx:atemp>
     </gpxtpx:TrackPointExtension>
    </extensions>
   </trkpt>
   <trkpt lat="20.6443250" lon="-100.3286450">
    <ele>1958.2</ele>
    <time>2026-07-16T13:49:53Z</time>
    <extensions>
     <gpxtpx:TrackPointExtension>
      <gpxtpx:atemp>18</gpxtpx:atemp>
     </gpxtpx:TrackPointExtension>
    </extensions>
   </trkpt>
   <trkpt lat="20.6443190" lon="-100.3286410">
    <ele>1958.2</ele>
    <time>2026-07-16T13:49:54Z</time>
    <extensions>
     <gpxtpx:TrackPointExtension>
      <gpxtpx:atemp>18</gpxtpx:atemp>
     </gpxtpx:TrackPointExtension>
    </extensions>
   </trkpt>
   <trkpt lat="20.6443120" lon="-100.3286390">
    <ele>1958.0</ele>
    <time>2026-07-16T13:49:55Z</time>
    <extensions>
     <gpxtpx:TrackPointExtension>
      <gpxtpx:atemp>18</gpxtpx:atemp>
     </gpxtpx:TrackPointExtension>
    </extensions>
   </trkpt>
   <trkpt lat="20.6443060" lon="-100.3286390">
    <ele>1958.0</ele>
    <time>2026-07-16T13:49:56Z</time>
    <extensions>
     <gpxtpx:TrackPointExtension>
      <gpxtpx:atemp>18</gpxtpx:atemp>
     </gpxtpx:TrackPointExtension>
    </extensions>
   </trkpt>
   <trkpt lat="20.6443040" lon="-100.3286400">
    <ele>1958.0</ele>
    <time>2026-07-16T13:49:57Z</time>
    <extensions>
     <gpxtpx:TrackPointExtension>
      <gpxtpx:atemp>18</gpxtpx:atemp>
     </gpxtpx:TrackPointExtension>
    </extensions>
   </trkpt>
   <trkpt lat="20.6443040" lon="-100.3286400">
    <ele>1958.0</ele>
    <time>2026-07-16T13:49:58Z</time>
    <extensions>
     <gpxtpx:TrackPointExtension>
      <gpxtpx:atemp>18</gpxtpx:atemp>
     </gpxtpx:TrackPointExtension>
    </extensions>
   </trkpt>
   <trkpt lat="20.6443040" lon="-100.3286400">
    <ele>1958.0</ele>
    <time>2026-07-16T13:49:59Z</time>
    <extensions>
     <gpxtpx:TrackPointExtension>
      <gpxtpx:atemp>18</gpxtpx:atemp>
     </gpxtpx:TrackPointExtension>
    </extensions>
   </trkpt>
   <trkpt lat="20.6443050" lon="-100.3286410">
    <ele>1958.0</ele>
    <time>2026-07-16T13:50:00Z</time>
    <extensions>
     <gpxtpx:TrackPointExtension>
      <gpxtpx:atemp>18</gpxtpx:atemp>
     </gpxtpx:TrackPointExtension>
    </extensions>
   </trkpt>
   <trkpt lat="20.6443060" lon="-100.3286410">
    <ele>1958.0</ele>
    <time>2026-07-16T13:50:01Z</time>
    <extensions>
     <gpxtpx:TrackPointExtension>
      <gpxtpx:atemp>18</gpxtpx:atemp>
     </gpxtpx:TrackPointExtension>
    </extensions>
   </trkpt>
   <trkpt lat="20.6443070" lon="-100.3286410">
    <ele>1958.0</ele>
    <time>2026-07-16T13:50:02Z</time>
    <extensions>
     <gpxtpx:TrackPointExtension>
      <gpxtpx:atemp>18</gpxtpx:atemp>
     </gpxtpx:TrackPointExtension>
    </extensions>
   </trkpt>
   <trkpt lat="20.6443080" lon="-100.3286410">
    <ele>1958.0</ele>
    <time>2026-07-16T13:50:03Z</time>
    <extensions>
     <gpxtpx:TrackPointExtension>
      <gpxtpx:atemp>18</gpxtpx:atemp>
     </gpxtpx:TrackPointExtension>
    </extensions>
   </trkpt>
   <trkpt lat="20.6443080" lon="-100.3286420">
    <ele>1958.0</ele>
    <time>2026-07-16T13:50:04Z</time>
    <extensions>
     <gpxtpx:TrackPointExtension>
      <gpxtpx:atemp>18</gpxtpx:atemp>
     </gpxtpx:TrackPointExtension>
    </extensions>
   </trkpt>
   <trkpt lat="20.6443080" lon="-100.3286420">
    <ele>1958.0</ele>
    <time>2026-07-16T13:50:05Z</time>
    <extensions>
     <gpxtpx:TrackPointExtension>
      <gpxtpx:atemp>18</gpxtpx:atemp>
     </gpxtpx:TrackPointExtension>
    </extensions>
   </trkpt>
   <trkpt lat="20.6443080" lon="-100.3286420">
    <ele>1958.0</ele>
    <time>2026-07-16T13:50:06Z</time>
    <extensions>
     <gpxtpx:TrackPointExtension>
      <gpxtpx:atemp>18</gpxtpx:atemp>
     </gpxtpx:TrackPointExtension>
    </extensions>
   </trkpt>
   <trkpt lat="20.6443080" lon="-100.3286420">
    <ele>1958.0</ele>
    <time>2026-07-16T13:50:07Z</time>
    <extensions>
     <gpxtpx:TrackPointExtension>
      <gpxtpx:atemp>18</gpxtpx:atemp>
     </gpxtpx:TrackPointExtension>
    </extensions>
   </trkpt>
   <trkpt lat="20.6443080" lon="-100.3286420">
    <ele>1958.0</ele>
    <time>2026-07-16T13:50:08Z</time>
    <extensions>
     <gpxtpx:TrackPointExtension>
      <gpxtpx:atemp>18</gpxtpx:atemp>
     </gpxtpx:TrackPointExtension>
    </extensions>
   </trkpt>
   <trkpt lat="20.6443080" lon="-100.3286420">
    <ele>1958.0</ele>
    <time>2026-07-16T13:50:09Z</time>
    <extensions>
     <gpxtpx:TrackPointExtension>
      <gpxtpx:atemp>18</gpxtpx:atemp>
     </gpxtpx:TrackPointExtension>
    </extensions>
   </trkpt>
   <trkpt lat="20.6443080" lon="-100.3286420">
    <ele>1958.0</ele>
    <time>2026-07-16T13:50:10Z</time>
    <extensions>
     <gpxtpx:TrackPointExtension>
      <gpxtpx:atemp>18</gpxtpx:atemp>
     </gpxtpx:TrackPointExtension>
    </extensions>
   </trkpt>
   <trkpt lat="20.6443080" lon="-100.3286420">
    <ele>1958.0</ele>
    <time>2026-07-16T13:50:11Z</time>
    <extensions>
     <gpxtpx:TrackPointExtension>
      <gpxtpx:atemp>18</gpxtpx:atemp>
     </gpxtpx:TrackPointExtension>
    </extensions>
   </trkpt>
   <trkpt lat="20.6443080" lon="-100.3286420">
    <ele>1958.0</ele>
    <time>2026-07-16T13:50:12Z</time>
    <extensions>
     <gpxtpx:TrackPointExtension>
      <gpxtpx:atemp>18</gpxtpx:atemp>
     </gpxtpx:TrackPointExtension>
    </extensions>
   </trkpt>
   <trkpt lat="20.6443080" lon="-100.3286420">
    <ele>1958.0</ele>
    <time>2026-07-16T13:50:13Z</time>
    <extensions>
     <gpxtpx:TrackPointExtension>
      <gpxtpx:atemp>18</gpxtpx:atemp>
     </gpxtpx:TrackPointExtension>
    </extensions>
   </trkpt>
   <trkpt lat="20.6443080" lon="-100.3286420">
    <ele>1958.0</ele>
    <time>2026-07-16T13:50:14Z</time>
    <extensions>
     <gpxtpx:TrackPointExtension>
      <gpxtpx:atemp>18</gpxtpx:atemp>
     </gpxtpx:TrackPointExtension>
    </extensions>
   </trkpt>
   <trkpt lat="20.6443080" lon="-100.3286420">
    <ele>1958.0</ele>
    <time>2026-07-16T13:50:15Z</time>
    <extensions>
     <gpxtpx:TrackPointExtension>
      <gpxtpx:atemp>18</gpxtpx:atemp>
     </gpxtpx:TrackPointExtension>
    </extensions>
   </trkpt>
   <trkpt lat="20.6443080" lon="-100.3286420">
    <ele>1958.0</ele>
    <time>2026-07-16T13:50:16Z</time>
    <extensions>
     <gpxtpx:TrackPointExtension>
      <gpxtpx:atemp>18</gpxtpx:atemp>
     </gpxtpx:TrackPointExtension>
    </extensions>
   </trkpt>
   <trkpt lat="20.6443190" lon="-100.3286470">
    <ele>1958.0</ele>
    <time>2026-07-16T13:50:17Z</time>
    <extensions>
     <gpxtpx:TrackPointExtension>
      <gpxtpx:atemp>18</gpxtpx:atemp>
     </gpxtpx:TrackPointExtension>
    </extensions>
   </trkpt>
   <trkpt lat="20.6443310" lon="-100.3286530">
    <ele>1957.8</ele>
    <time>2026-07-16T13:50:18Z</time>
    <extensions>
     <gpxtpx:TrackPointExtension>
      <gpxtpx:atemp>18</gpxtpx:atemp>
     </gpxtpx:TrackPointExtension>
    </extensions>
   </trkpt>
   <trkpt lat="20.6443400" lon="-100.3286580">
    <ele>1957.8</ele>
    <time>2026-07-16T13:50:19Z</time>
    <extensions>
     <gpxtpx:TrackPointExtension>
      <gpxtpx:atemp>18</gpxtpx:atemp>
     </gpxtpx:TrackPointExtension>
    </extensions>
   </trkpt>
   <trkpt lat="20.6443500" lon="-100.3286630">
    <ele>1957.8</ele>
    <time>2026-07-16T13:50:20Z</time>
    <extensions>
     <gpxtpx:TrackPointExtension>
      <gpxtpx:atemp>18</gpxtpx:atemp>
     </gpxtpx:TrackPointExtension>
    </extensions>
   </trkpt>
   <trkpt lat="20.6443590" lon="-100.3286670">
    <ele>1957.8</ele>
    <time>2026-07-16T13:50:21Z</time>
    <extensions>
     <gpxtpx:TrackPointExtension>
      <gpxtpx:atemp>18</gpxtpx:atemp>
     </gpxtpx:TrackPointExtension>
    </extensions>
   </trkpt>
   <trkpt lat="20.6443680" lon="-100.3286720">
    <ele>1957.8</ele>
    <time>2026-07-16T13:50:22Z</time>
    <extensions>
     <gpxtpx:TrackPointExtension>
      <gpxtpx:atemp>18</gpxtpx:atemp>
     </gpxtpx:TrackPointExtension>
    </extensions>
   </trkpt>
   <trkpt lat="20.6443770" lon="-100.3286760">
    <ele>1957.8</ele>
    <time>2026-07-16T13:50:23Z</time>
    <extensions>
     <gpxtpx:TrackPointExtension>
      <gpxtpx:atemp>18</gpxtpx:atemp>
     </gpxtpx:TrackPointExtension>
    </extensions>
   </trkpt>
   <trkpt lat="20.6443860" lon="-100.3286820">
    <ele>1957.8</ele>
    <time>2026-07-16T13:50:24Z</time>
    <extensions>
     <gpxtpx:TrackPointExtension>
      <gpxtpx:atemp>18</gpxtpx:atemp>
     </gpxtpx:TrackPointExtension>
    </extensions>
   </trkpt>
   <trkpt lat="20.6443970" lon="-100.3286880">
    <ele>1957.8</ele>
    <time>2026-07-16T13:50:25Z</time>
    <extensions>
     <gpxtpx:TrackPointExtension>
      <gpxtpx:atemp>18</gpxtpx:atemp>
     </gpxtpx:TrackPointExtension>
    </extensions>
   </trkpt>
   <trkpt lat="20.6444080" lon="-100.3286910">
    <ele>1957.8</ele>
    <time>2026-07-16T13:50:26Z</time>
    <extensions>
     <gpxtpx:TrackPointExtension>
      <gpxtpx:atemp>18</gpxtpx:atemp>
     </gpxtpx:TrackPointExtension>
    </extensions>
   </trkpt>
   <trkpt lat="20.6444220" lon="-100.3286940">
    <ele>1958.0</ele>
    <time>2026-07-16T13:50:27Z</time>
    <extensions>
     <gpxtpx:TrackPointExtension>
      <gpxtpx:atemp>18</gpxtpx:atemp>
     </gpxtpx:TrackPointExtension>
    </extensions>
   </trkpt>
   <trkpt lat="20.6444370" lon="-100.3286980">
    <ele>1958.0</ele>
    <time>2026-07-16T13:50:28Z</time>
    <extensions>
     <gpxtpx:TrackPointExtension>
      <gpxtpx:atemp>18</gpxtpx:atemp>
     </gpxtpx:TrackPointExtension>
    </extensions>
   </trkpt>
   <trkpt lat="20.6444560" lon="-100.3287020">
    <ele>1958.0</ele>
    <time>2026-07-16T13:50:29Z</time>
    <extensions>
     <gpxtpx:TrackPointExtension>
      <gpxtpx:atemp>18</gpxtpx:atemp>
     </gpxtpx:TrackPointExtension>
    </extensions>
   </trkpt>
   <trkpt lat="20.6444780" lon="-100.3287060">
    <ele>1958.2</ele>
    <time>2026-07-16T13:50:30Z</time>
    <extensions>
     <gpxtpx:TrackPointExtension>
      <gpxtpx:atemp>18</gpxtpx:atemp>
     </gpxtpx:TrackPointExtension>
    </extensions>
   </trkpt>
   <trkpt lat="20.6445040" lon="-100.3287090">
    <ele>1958.2</ele>
    <time>2026-07-16T13:50:31Z</time>
    <extensions>
     <gpxtpx:TrackPointExtension>
      <gpxtpx:atemp>18</gpxtpx:atemp>
     </gpxtpx:TrackPointExtension>
    </extensions>
   </trkpt>
   <trkpt lat="20.6445320" lon="-100.3287100">
    <ele>1958.4</ele>
    <time>2026-07-16T13:50:32Z</time>
    <extensions>
     <gpxtpx:TrackPointExtension>
      <gpxtpx:atemp>18</gpxtpx:atemp>
     </gpxtpx:TrackPointExtension>
    </extensions>
   </trkpt>
   <trkpt lat="20.6445610" lon="-100.3287110">
    <ele>1958.4</ele>
    <time>2026-07-16T13:50:33Z</time>
    <extensions>
     <gpxtpx:TrackPointExtension>
      <gpxtpx:atemp>18</gpxtpx:atemp>
     </gpxtpx:TrackPointExtension>
    </extensions>
   </trkpt>
   <trkpt lat="20.6445900" lon="-100.3287110">
    <ele>1958.6</ele>
    <time>2026-07-16T13:50:34Z</time>
    <extensions>
     <gpxtpx:TrackPointExtension>
      <gpxtpx:atemp>18</gpxtpx:atemp>
     </gpxtpx:TrackPointExtension>
    </extensions>
   </trkpt>
   <trkpt lat="20.6446180" lon="-100.3287130">
    <ele>1958.6</ele>
    <time>2026-07-16T13:50:35Z</time>
    <extensions>
     <gpxtpx:TrackPointExtension>
      <gpxtpx:atemp>18</gpxtpx:atemp>
     </gpxtpx:TrackPointExtension>
    </extensions>
   </trkpt>
   <trkpt lat="20.6446450" lon="-100.3287150">
    <ele>1958.8</ele>
    <time>2026-07-16T13:50:36Z</time>
    <extensions>
     <gpxtpx:TrackPointExtension>
      <gpxtpx:atemp>18</gpxtpx:atemp>
     </gpxtpx:TrackPointExtension>
    </extensions>
   </trkpt>
   <trkpt lat="20.6446720" lon="-100.3287160">
    <ele>1958.8</ele>
    <time>2026-07-16T13:50:37Z</time>
    <extensions>
     <gpxtpx:TrackPointExtension>
      <gpxtpx:atemp>18</gpxtpx:atemp>
     </gpxtpx:TrackPointExtension>
    </extensions>
   </trkpt>
   <trkpt lat="20.6446990" lon="-100.3287170">
    <ele>1959.0</ele>
    <time>2026-07-16T13:50:38Z</time>
    <extensions>
     <gpxtpx:TrackPointExtension>
      <gpxtpx:atemp>18</gpxtpx:atemp>
     </gpxtpx:TrackPointExtension>
    </extensions>
   </trkpt>
   <trkpt lat="20.6447250" lon="-100.3287170">
    <ele>1959.0</ele>
    <time>2026-07-16T13:50:39Z</time>
    <extensions>
     <gpxtpx:TrackPointExtension>
      <gpxtpx:atemp>18</gpxtpx:atemp>
     </gpxtpx:TrackPointExtension>
    </extensions>
   </trkpt>
   <trkpt lat="20.6447520" lon="-100.3287170">
    <ele>1959.0</ele>
    <time>2026-07-16T13:50:40Z</time>
    <extensions>
     <gpxtpx:TrackPointExtension>
      <gpxtpx:atemp>18</gpxtpx:atemp>
     </gpxtpx:TrackPointExtension>
    </extensions>
   </trkpt>
   <trkpt lat="20.6447780" lon="-100.3287170">
    <ele>1959.2</ele>
    <time>2026-07-16T13:50:41Z</time>
    <extensions>
     <gpxtpx:TrackPointExtension>
      <gpxtpx:atemp>18</gpxtpx:atemp>
     </gpxtpx:TrackPointExtension>
    </extensions>
   </trkpt>
   <trkpt lat="20.6448030" lon="-100.3287180">
    <ele>1959.2</ele>
    <time>2026-07-16T13:50:42Z</time>
    <extensions>
     <gpxtpx:TrackPointExtension>
      <gpxtpx:atemp>18</gpxtpx:atemp>
     </gpxtpx:TrackPointExtension>
    </extensions>
   </trkpt>
   <trkpt lat="20.6448270" lon="-100.3287200">
    <ele>1959.4</ele>
    <time>2026-07-16T13:50:43Z</time>
    <extensions>
     <gpxtpx:TrackPointExtension>
      <gpxtpx:atemp>18</gpxtpx:atemp>
     </gpxtpx:TrackPointExtension>
    </extensions>
   </trkpt>
   <trkpt lat="20.6448500" lon="-100.3287240">
    <ele>1959.6</ele>
    <time>2026-07-16T13:50:44Z</time>
    <extensions>
     <gpxtpx:TrackPointExtension>
      <gpxtpx:atemp>18</gpxtpx:atemp>
     </gpxtpx:TrackPointExtension>
    </extensions>
   </trkpt>
   <trkpt lat="20.6448730" lon="-100.3287270">
    <ele>1959.6</ele>
    <time>2026-07-16T13:50:45Z</time>
    <extensions>
     <gpxtpx:TrackPointExtension>
      <gpxtpx:atemp>18</gpxtpx:atemp>
     </gpxtpx:TrackPointExtension>
    </extensions>
   </trkpt>
   <trkpt lat="20.6448940" lon="-100.3287300">
    <ele>1959.8</ele>
    <time>2026-07-16T13:50:46Z</time>
    <extensions>
     <gpxtpx:TrackPointExtension>
      <gpxtpx:atemp>18</gpxtpx:atemp>
     </gpxtpx:TrackPointExtension>
    </extensions>
   </trkpt>
   <trkpt lat="20.6449150" lon="-100.3287310">
    <ele>1959.8</ele>
    <time>2026-07-16T13:50:47Z</time>
    <extensions>
     <gpxtpx:TrackPointExtension>
      <gpxtpx:atemp>18</gpxtpx:atemp>
     </gpxtpx:TrackPointExtension>
    </extensions>
   </trkpt>
   <trkpt lat="20.6449330" lon="-100.3287320">
    <ele>1960.0</ele>
    <time>2026-07-16T13:50:48Z</time>
    <extensions>
     <gpxtpx:TrackPointExtension>
      <gpxtpx:atemp>18</gpxtpx:atemp>
     </gpxtpx:TrackPointExtension>
    </extensions>
   </trkpt>
   <trkpt lat="20.6449490" lon="-100.3287320">
    <ele>1960.0</ele>
    <time>2026-07-16T13:50:49Z</time>
    <extensions>
     <gpxtpx:TrackPointExtension>
      <gpxtpx:atemp>18</gpxtpx:atemp>
     </gpxtpx:TrackPointExtension>
    </extensions>
   </trkpt>
   <trkpt lat="20.6449640" lon="-100.3287330">
    <ele>1960.2</ele>
    <time>2026-07-16T13:50:50Z</time>
    <extensions>
     <gpxtpx:TrackPointExtension>
      <gpxtpx:atemp>18</gpxtpx:atemp>
     </gpxtpx:TrackPointExtension>
    </extensions>
   </trkpt>
   <trkpt lat="20.6449780" lon="-100.3287340">
    <ele>1960.2</ele>
    <time>2026-07-16T13:50:51Z</time>
    <extensions>
     <gpxtpx:TrackPointExtension>
      <gpxtpx:atemp>18</gpxtpx:atemp>
     </gpxtpx:TrackPointExtension>
    </extensions>
   </trkpt>
   <trkpt lat="20.6449910" lon="-100.3287330">
    <ele>1960.4</ele>
    <time>2026-07-16T13:50:52Z</time>
    <extensions>
     <gpxtpx:TrackPointExtension>
      <gpxtpx:atemp>18</gpxtpx:atemp>
     </gpxtpx:TrackPointExtension>
    </extensions>
   </trkpt>
   <trkpt lat="20.6450040" lon="-100.3287320">
    <ele>1960.4</ele>
    <time>2026-07-16T13:50:53Z</time>
    <extensions>
     <gpxtpx:TrackPointExtension>
      <gpxtpx:atemp>18</gpxtpx:atemp>
     </gpxtpx:TrackPointExtension>
    </extensions>
   </trkpt>
   <trkpt lat="20.6450180" lon="-100.3287300">
    <ele>1960.4</ele>
    <time>2026-07-16T13:50:54Z</time>
    <extensions>
     <gpxtpx:TrackPointExtension>
      <gpxtpx:atemp>18</gpxtpx:atemp>
     </gpxtpx:TrackPointExtension>
    </extensions>
   </trkpt>
   <trkpt lat="20.6450310" lon="-100.3287280">
    <ele>1960.4</ele>
    <time>2026-07-16T13:50:55Z</time>
    <extensions>
     <gpxtpx:TrackPointExtension>
      <gpxtpx:atemp>18</gpxtpx:atemp>
     </gpxtpx:TrackPointExtension>
    </extensions>
   </trkpt>
   <trkpt lat="20.6450450" lon="-100.3287250">
    <ele>1960.6</ele>
    <time>2026-07-16T13:50:56Z</time>
    <extensions>
     <gpxtpx:TrackPointExtension>
      <gpxtpx:atemp>18</gpxtpx:atemp>
     </gpxtpx:TrackPointExtension>
    </extensions>
   </trkpt>
   <trkpt lat="20.6450590" lon="-100.3287210">
    <ele>1960.6</ele>
    <time>2026-07-16T13:50:57Z</time>
    <extensions>
     <gpxtpx:TrackPointExtension>
      <gpxtpx:atemp>18</gpxtpx:atemp>
     </gpxtpx:TrackPointExtension>
    </extensions>
   </trkpt>
   <trkpt lat="20.6450700" lon="-100.3287160">
    <ele>1960.6</ele>
    <time>2026-07-16T13:50:58Z</time>
    <extensions>
     <gpxtpx:TrackPointExtension>
      <gpxtpx:atemp>18</gpxtpx:atemp>
     </gpxtpx:TrackPointExtension>
    </extensions>
   </trkpt>
   <trkpt lat="20.6450810" lon="-100.3287130">
    <ele>1960.6</ele>
    <time>2026-07-16T13:50:59Z</time>
    <extensions>
     <gpxtpx:TrackPointExtension>
      <gpxtpx:atemp>18</gpxtpx:atemp>
     </gpxtpx:TrackPointExtension>
    </extensions>
   </trkpt>
   <trkpt lat="20.6450910" lon="-100.3287120">
    <ele>1960.6</ele>
    <time>2026-07-16T13:51:00Z</time>
    <extensions>
     <gpxtpx:TrackPointExtension>
      <gpxtpx:atemp>18</gpxtpx:atemp>
     </gpxtpx:TrackPointExtension>
    </extensions>
   </trkpt>
   <trkpt lat="20.6451000" lon="-100.3287140">
    <ele>1960.6</ele>
    <time>2026-07-16T13:51:01Z</time>
    <extensions>
     <gpxtpx:TrackPointExtension>
      <gpxtpx:atemp>18</gpxtpx:atemp>
     </gpxtpx:TrackPointExtension>
    </extensions>
   </trkpt>
   <trkpt lat="20.6451080" lon="-100.3287200">
    <ele>1960.6</ele>
    <time>2026-07-16T13:51:02Z</time>
    <extensions>
     <gpxtpx:TrackPointExtension>
      <gpxtpx:atemp>18</gpxtpx:atemp>
     </gpxtpx:TrackPointExtension>
    </extensions>
   </trkpt>
   <trkpt lat="20.6451120" lon="-100.3287300">
    <ele>1960.6</ele>
    <time>2026-07-16T13:51:03Z</time>
    <extensions>
     <gpxtpx:TrackPointExtension>
      <gpxtpx:atemp>18</gpxtpx:atemp>
     </gpxtpx:TrackPointExtension>
    </extensions>
   </trkpt>
   <trkpt lat="20.6451110" lon="-100.3287430">
    <ele>1960.6</ele>
    <time>2026-07-16T13:51:04Z</time>
    <extensions>
     <gpxtpx:TrackPointExtension>
      <gpxtpx:atemp>18</gpxtpx:atemp>
     </gpxtpx:TrackPointExtension>
    </extensions>
   </trkpt>
   <trkpt lat="20.6451060" lon="-100.3287580">
    <ele>1960.6</ele>
    <time>2026-07-16T13:51:05Z</time>
    <extensions>
     <gpxtpx:TrackPointExtension>
      <gpxtpx:atemp>18</gpxtpx:atemp>
     </gpxtpx:TrackPointExtension>
    </extensions>
   </trkpt>
   <trkpt lat="20.6450950" lon="-100.3287720">
    <ele>1960.8</ele>
    <time>2026-07-16T13:51:06Z</time>
    <extensions>
     <gpxtpx:TrackPointExtension>
      <gpxtpx:atemp>18</gpxtpx:atemp>
     </gpxtpx:TrackPointExtension>
    </extensions>
   </trkpt>
   <trkpt lat="20.6450820" lon="-100.3287830">
    <ele>1960.8</ele>
    <time>2026-07-16T13:51:07Z</time>
    <extensions>
     <gpxtpx:TrackPointExtension>
      <gpxtpx:atemp>18</gpxtpx:atemp>
     </gpxtpx:TrackPointExtension>
    </extensions>
   </trkpt>
   <trkpt lat="20.6450670" lon="-100.3287920">
    <ele>1960.8</ele>
    <time>2026-07-16T13:51:08Z</time>
    <extensions>
     <gpxtpx:TrackPointExtension>
      <gpxtpx:atemp>18</gpxtpx:atemp>
     </gpxtpx:TrackPointExtension>
    </extensions>
   </trkpt>
   <trkpt lat="20.6450510" lon="-100.3287960">
    <ele>1960.6</ele>
    <time>2026-07-16T13:51:09Z</time>
    <extensions>
     <gpxtpx:TrackPointExtension>
      <gpxtpx:atemp>18</gpxtpx:atemp>
     </gpxtpx:TrackPointExtension>
    </extensions>
   </trkpt>
   <trkpt lat="20.6450350" lon="-100.3287940">
    <ele>1960.6</ele>
    <time>2026-07-16T13:51:10Z</time>
    <extensions>
     <gpxtpx:TrackPointExtension>
      <gpxtpx:atemp>18</gpxtpx:atemp>
     </gpxtpx:TrackPointExtension>
    </extensions>
   </trkpt>
   <trkpt lat="20.6450210" lon="-100.3287860">
    <ele>1960.6</ele>
    <time>2026-07-16T13:51:11Z</time>
    <extensions>
     <gpxtpx:TrackPointExtension>
      <gpxtpx:atemp>18</gpxtpx:atemp>
     </gpxtpx:TrackPointExtension>
    </extensions>
   </trkpt>
   <trkpt lat="20.6450060" lon="-100.3287760">
    <ele>1960.6</ele>
    <time>2026-07-16T13:51:12Z</time>
    <extensions>
     <gpxtpx:TrackPointExtension>
      <gpxtpx:atemp>18</gpxtpx:atemp>
     </gpxtpx:TrackPointExtension>
    </extensions>
   </trkpt>
   <trkpt lat="20.6449910" lon="-100.3287630">
    <ele>1960.6</ele>
    <time>2026-07-16T13:51:13Z</time>
    <extensions>
     <gpxtpx:TrackPointExtension>
      <gpxtpx:atemp>18</gpxtpx:atemp>
     </gpxtpx:TrackPointExtension>
    </extensions>
   </trkpt>
   <trkpt lat="20.6449760" lon="-100.3287530">
    <ele>1960.6</ele>
    <time>2026-07-16T13:51:14Z</time>
    <extensions>
     <gpxtpx:TrackPointExtension>
      <gpxtpx:atemp>18</gpxtpx:atemp>
     </gpxtpx:TrackPointExtension>
    </extensions>
   </trkpt>
   <trkpt lat="20.6449590" lon="-100.3287470">
    <ele>1960.6</ele>
    <time>2026-07-16T13:51:15Z</time>
    <extensions>
     <gpxtpx:TrackPointExtension>
      <gpxtpx:atemp>18</gpxtpx:atemp>
     </gpxtpx:TrackPointExtension>
    </extensions>
   </trkpt>
   <trkpt lat="20.6449410" lon="-100.3287430">
    <ele>1960.6</ele>
    <time>2026-07-16T13:51:16Z</time>
    <extensions>
     <gpxtpx:TrackPointExtension>
      <gpxtpx:atemp>18</gpxtpx:atemp>
     </gpxtpx:TrackPointExtension>
    </extensions>
   </trkpt>
   <trkpt lat="20.6449210" lon="-100.3287420">
    <ele>1960.6</ele>
    <time>2026-07-16T13:51:17Z</time>
    <extensions>
     <gpxtpx:TrackPointExtension>
      <gpxtpx:atemp>18</gpxtpx:atemp>
     </gpxtpx:TrackPointExtension>
    </extensions>
   </trkpt>
   <trkpt lat="20.6449010" lon="-100.3287420">
    <ele>1960.6</ele>
    <time>2026-07-16T13:51:18Z</time>
    <extensions>
     <gpxtpx:TrackPointExtension>
      <gpxtpx:atemp>18</gpxtpx:atemp>
     </gpxtpx:TrackPointExtension>
    </extensions>
   </trkpt>
   <trkpt lat="20.6448800" lon="-100.3287440">
    <ele>1960.6</ele>
    <time>2026-07-16T13:51:19Z</time>
    <extensions>
     <gpxtpx:TrackPointExtension>
      <gpxtpx:atemp>18</gpxtpx:atemp>
     </gpxtpx:TrackPointExtension>
    </extensions>
   </trkpt>
   <trkpt lat="20.6448590" lon="-100.3287450">
    <ele>1960.4</ele>
    <time>2026-07-16T13:51:20Z</time>
    <extensions>
     <gpxtpx:TrackPointExtension>
      <gpxtpx:atemp>18</gpxtpx:atemp>
     </gpxtpx:TrackPointExtension>
    </extensions>
   </trkpt>
   <trkpt lat="20.6448360" lon="-100.3287450">
    <ele>1960.4</ele>
    <time>2026-07-16T13:51:21Z</time>
    <extensions>
     <gpxtpx:TrackPointExtension>
      <gpxtpx:atemp>18</gpxtpx:atemp>
     </gpxtpx:TrackPointExtension>
    </extensions>
   </trkpt>
   <trkpt lat="20.6448120" lon="-100.3287440">
    <ele>1960.4</ele>
    <time>2026-07-16T13:51:22Z</time>
    <extensions>
     <gpxtpx:TrackPointExtension>
      <gpxtpx:atemp>18</gpxtpx:atemp>
     </gpxtpx:TrackPointExtension>
    </extensions>
   </trkpt>
   <trkpt lat="20.6447850" lon="-100.3287400">
    <ele>1960.4</ele>
    <time>2026-07-16T13:51:23Z</time>
    <extensions>
     <gpxtpx:TrackPointExtension>
      <gpxtpx:atemp>18</gpxtpx:atemp>
     </gpxtpx:TrackPointExtension>
    </extensions>
   </trkpt>
   <trkpt lat="20.6447560" lon="-100.3287340">
    <ele>1960.4</ele>
    <time>2026-07-16T13:51:24Z</time>
    <extensions>
     <gpxtpx:TrackPointExtension>
      <gpxtpx:atemp>18</gpxtpx:atemp>
     </gpxtpx:TrackPointExtension>
    </extensions>
   </trkpt>
   <trkpt lat="20.6447260" lon="-100.3287290">
    <ele>1960.2</ele>
    <time>2026-07-16T13:51:25Z</time>
    <extensions>
     <gpxtpx:TrackPointExtension>
      <gpxtpx:atemp>18</gpxtpx:atemp>
     </gpxtpx:TrackPointExtension>
    </extensions>
   </trkpt>
   <trkpt lat="20.6446940" lon="-100.3287240">
    <ele>1960.2</ele>
    <time>2026-07-16T13:51:26Z</time>
    <extensions>
     <gpxtpx:TrackPointExtension>
      <gpxtpx:atemp>18</gpxtpx:atemp>
     </gpxtpx:TrackPointExtension>
    </extensions>
   </trkpt>
   <trkpt lat="20.6446610" lon="-100.3287220">
    <ele>1960.0</ele>
    <time>2026-07-16T13:51:27Z</time>
    <extensions>
     <gpxtpx:TrackPointExtension>
      <gpxtpx:atemp>18</gpxtpx:atemp>
     </gpxtpx:TrackPointExtension>
    </extensions>
   </trkpt>
   <trkpt lat="20.6446260" lon="-100.3287190">
    <ele>1960.0</ele>
    <time>2026-07-16T13:51:28Z</time>
    <extensions>
     <gpxtpx:TrackPointExtension>
      <gpxtpx:atemp>18</gpxtpx:atemp>
     </gpxtpx:TrackPointExtension>
    </extensions>
   </trkpt>
   <trkpt lat="20.6445890" lon="-100.3287160">
    <ele>1959.8</ele>
    <time>2026-07-16T13:51:29Z</time>
    <extensions>
     <gpxtpx:TrackPointExtension>
      <gpxtpx:atemp>18</gpxtpx:atemp>
     </gpxtpx:TrackPointExtension>
    </extensions>
   </trkpt>
   <trkpt lat="20.6445510" lon="-100.3287130">
    <ele>1959.8</ele>
    <time>2026-07-16T13:51:30Z</time>
    <extensions>
     <gpxtpx:TrackPointExtension>
      <gpxtpx:atemp>18</gpxtpx:atemp>
     </gpxtpx:TrackPointExtension>
    </extensions>
   </trkpt>
   <trkpt lat="20.6445120" lon="-100.3287100">
    <ele>1959.6</ele>
    <time>2026-07-16T13:51:31Z</time>
    <extensions>
     <gpxtpx:TrackPointExtension>
      <gpxtpx:atemp>18</gpxtpx:atemp>
     </gpxtpx:TrackPointExtension>
    </extensions>
   </trkpt>
   <trkpt lat="20.6444720" lon="-100.3287060">
    <ele>1959.4</ele>
    <time>2026-07-16T13:51:32Z</time>
    <extensions>
     <gpxtpx:TrackPointExtension>
      <gpxtpx:atemp>18</gpxtpx:atemp>
     </gpxtpx:TrackPointExtension>
    </extensions>
   </trkpt>
   <trkpt lat="20.6444320" lon="-100.3287010">
    <ele>1959.4</ele>
    <time>2026-07-16T13:51:33Z</time>
    <extensions>
     <gpxtpx:TrackPointExtension>
      <gpxtpx:atemp>18</gpxtpx:atemp>
     </gpxtpx:TrackPointExtension>
    </extensions>
   </trkpt>
   <trkpt lat="20.6443920" lon="-100.3286940">
    <ele>1959.2</ele>
    <time>2026-07-16T13:51:34Z</time>
    <extensions>
     <gpxtpx:TrackPointExtension>
      <gpxtpx:atemp>18</gpxtpx:atemp>
     </gpxtpx:TrackPointExtension>
    </extensions>
   </trkpt>
   <trkpt lat="20.6443510" lon="-100.3286800">
    <ele>1959.2</ele>
    <time>2026-07-16T13:51:35Z</time>
    <extensions>
     <gpxtpx:TrackPointExtension>
      <gpxtpx:atemp>18</gpxtpx:atemp>
     </gpxtpx:TrackPointExtension>
    </extensions>
   </trkpt>
   <trkpt lat="20.6443120" lon="-100.3286610">
    <ele>1959.0</ele>
    <time>2026-07-16T13:51:36Z</time>
    <extensions>
     <gpxtpx:TrackPointExtension>
      <gpxtpx:atemp>18</gpxtpx:atemp>
     </gpxtpx:TrackPointExtension>
    </extensions>
   </trkpt>
   <trkpt lat="20.6442740" lon="-100.3286380">
    <ele>1958.8</ele>
    <time>2026-07-16T13:51:37Z</time>
    <extensions>
     <gpxtpx:TrackPointExtension>
      <gpxtpx:atemp>18</gpxtpx:atemp>
     </gpxtpx:TrackPointExtension>
    </extensions>
   </trkpt>
   <trkpt lat="20.6442370" lon="-100.3286150">
    <ele>1958.8</ele>
    <time>2026-07-16T13:51:38Z</time>
    <extensions>
     <gpxtpx:TrackPointExtension>
      <gpxtpx:atemp>18</gpxtpx:atemp>
     </gpxtpx:TrackPointExtension>
    </extensions>
   </trkpt>
   <trkpt lat="20.6442020" lon="-100.3285920">
    <ele>1958.6</ele>
    <time>2026-07-16T13:51:39Z</time>
    <extensions>
     <gpxtpx:TrackPointExtension>
      <gpxtpx:atemp>18</gpxtpx:atemp>
     </gpxtpx:TrackPointExtension>
    </extensions>
   </trkpt>
   <trkpt lat="20.6441680" lon="-100.3285670">
    <ele>1958.4</ele>
    <time>2026-07-16T13:51:40Z</time>
    <extensions>
     <gpxtpx:TrackPointExtension>
      <gpxtpx:atemp>18</gpxtpx:atemp>
     </gpxtpx:TrackPointExtension>
    </extensions>
   </trkpt>
   <trkpt lat="20.6441340" lon="-100.3285390">
    <ele>1958.4</ele>
    <time>2026-07-16T13:51:41Z</time>
    <extensions>
     <gpxtpx:TrackPointExtension>
      <gpxtpx:atemp>18</gpxtpx:atemp>
     </gpxtpx:TrackPointExtension>
    </extensions>
   </trkpt>
   <trkpt lat="20.6441000" lon="-100.3285090">
    <ele>1958.4</ele>
    <time>2026-07-16T13:51:42Z</time>
    <extensions>
     <gpxtpx:TrackPointExtension>
      <gpxtpx:atemp>18</gpxtpx:atemp>
     </gpxtpx:TrackPointExtension>
    </extensions>
   </trkpt>
   <trkpt lat="20.6440660" lon="-100.3284740">
    <ele>1958.4</ele>
    <time>2026-07-16T13:51:43Z</time>
    <extensions>
     <gpxtpx:TrackPointExtension>
      <gpxtpx:atemp>18</gpxtpx:atemp>
     </gpxtpx:TrackPointExtension>
    </extensions>
   </trkpt>
   <trkpt lat="20.6440320" lon="-100.3284370">
    <ele>1958.4</ele>
    <time>2026-07-16T13:51:44Z</time>
    <extensions>
     <gpxtpx:TrackPointExtension>
      <gpxtpx:atemp>18</gpxtpx:atemp>
     </gpxtpx:TrackPointExtension>
    </extensions>
   </trkpt>
   <trkpt lat="20.6439960" lon="-100.3283990">
    <ele>1958.4</ele>
    <time>2026-07-16T13:51:45Z</time>
    <extensions>
     <gpxtpx:TrackPointExtension>
      <gpxtpx:atemp>18</gpxtpx:atemp>
     </gpxtpx:TrackPointExtension>
    </extensions>
   </trkpt>
   <trkpt lat="20.6439580" lon="-100.3283590">
    <ele>1958.4</ele>
    <time>2026-07-16T13:51:46Z</time>
    <extensions>
     <gpxtpx:TrackPointExtension>
      <gpxtpx:atemp>18</gpxtpx:atemp>
     </gpxtpx:TrackPointExtension>
    </extensions>
   </trkpt>
   <trkpt lat="20.6439190" lon="-100.3283170">
    <ele>1958.6</ele>
    <time>2026-07-16T13:51:47Z</time>
    <extensions>
     <gpxtpx:TrackPointExtension>
      <gpxtpx:atemp>18</gpxtpx:atemp>
     </gpxtpx:TrackPointExtension>
    </extensions>
   </trkpt>
   <trkpt lat="20.6438800" lon="-100.3282740">
    <ele>1958.6</ele>
    <time>2026-07-16T13:51:48Z</time>
    <extensions>
     <gpxtpx:TrackPointExtension>
      <gpxtpx:atemp>18</gpxtpx:atemp>
     </gpxtpx:TrackPointExtension>
    </extensions>
   </trkpt>
   <trkpt lat="20.6438400" lon="-100.3282290">
    <ele>1958.6</ele>
    <time>2026-07-16T13:51:49Z</time>
    <extensions>
     <gpxtpx:TrackPointExtension>
      <gpxtpx:atemp>18</gpxtpx:atemp>
     </gpxtpx:TrackPointExtension>
    </extensions>
   </trkpt>
   <trkpt lat="20.6438000" lon="-100.3281850">
    <ele>1958.8</ele>
    <time>2026-07-16T13:51:50Z</time>
    <extensions>
     <gpxtpx:TrackPointExtension>
      <gpxtpx:atemp>18</gpxtpx:atemp>
     </gpxtpx:TrackPointExtension>
    </extensions>
   </trkpt>
   <trkpt lat="20.6437600" lon="-100.3281430">
    <ele>1958.8</ele>
    <time>2026-07-16T13:51:51Z</time>
    <extensions>
     <gpxtpx:TrackPointExtension>
      <gpxtpx:atemp>18</gpxtpx:atemp>
     </gpxtpx:TrackPointExtension>
    </extensions>
   </trkpt>
   <trkpt lat="20.6437190" lon="-100.3281020">
    <ele>1958.8</ele>
    <time>2026-07-16T13:51:52Z</time>
    <extensions>
     <gpxtpx:TrackPointExtension>
      <gpxtpx:atemp>19</gpxtpx:atemp>
     </gpxtpx:TrackPointExtension>
    </extensions>
   </trkpt>
   <trkpt lat="20.6436790" lon="-100.3280610">
    <ele>1958.8</ele>
    <time>2026-07-16T13:51:53Z</time>
    <extensions>
     <gpxtpx:TrackPointExtension>
      <gpxtpx:atemp>18</gpxtpx:atemp>
     </gpxtpx:TrackPointExtension>
    </extensions>
   </trkpt>
   <trkpt lat="20.6436410" lon="-100.3280200">
    <ele>1959.0</ele>
    <time>2026-07-16T13:51:54Z</time>
    <extensions>
     <gpxtpx:TrackPointExtension>
      <gpxtpx:atemp>19</gpxtpx:atemp>
     </gpxtpx:TrackPointExtension>
    </extensions>
   </trkpt>
   <trkpt lat="20.6436070" lon="-100.3279780">
    <ele>1959.0</ele>
    <time>2026-07-16T13:51:55Z</time>
    <extensions>
     <gpxtpx:TrackPointExtension>
      <gpxtpx:atemp>18</gpxtpx:atemp>
     </gpxtpx:TrackPointExtension>
    </extensions>
   </trkpt>
   <trkpt lat="20.6435760" lon="-100.3279370">
    <ele>1959.2</ele>
    <time>2026-07-16T13:51:56Z</time>
    <extensions>
     <gpxtpx:TrackPointExtension>
      <gpxtpx:atemp>18</gpxtpx:atemp>
     </gpxtpx:TrackPointExtension>
    </extensions>
   </trkpt>
   <trkpt lat="20.6435500" lon="-100.3278940">
    <ele>1959.2</ele>
    <time>2026-07-16T13:51:57Z</time>
    <extensions>
     <gpxtpx:TrackPointExtension>
      <gpxtpx:atemp>18</gpxtpx:atemp>
     </gpxtpx:TrackPointExtension>
    </extensions>
   </trkpt>
   <trkpt lat="20.6435290" lon="-100.3278500">
    <ele>1959.2</ele>
    <time>2026-07-16T13:51:58Z</time>
    <extensions>
     <gpxtpx:TrackPointExtension>
      <gpxtpx:atemp>18</gpxtpx:atemp>
     </gpxtpx:TrackPointExtension>
    </extensions>
   </trkpt>
   <trkpt lat="20.6435160" lon="-100.3278040">
    <ele>1959.2</ele>
    <time>2026-07-16T13:51:59Z</time>
    <extensions>
     <gpxtpx:TrackPointExtension>
      <gpxtpx:atemp>18</gpxtpx:atemp>
     </gpxtpx:TrackPointExtension>
    </extensions>
   </trkpt>
   <trkpt lat="20.6435120" lon="-100.3277570">
    <ele>1959.2</ele>
    <time>2026-07-16T13:52:00Z</time>
    <extensions>
     <gpxtpx:TrackPointExtension>
      <gpxtpx:atemp>18</gpxtpx:atemp>
     </gpxtpx:TrackPointExtension>
    </extensions>
   </trkpt>
   <trkpt lat="20.6435190" lon="-100.3277150">
    <ele>1959.4</ele>
    <time>2026-07-16T13:52:01Z</time>
    <extensions>
     <gpxtpx:TrackPointExtension>
      <gpxtpx:atemp>19</gpxtpx:atemp>
     </gpxtpx:TrackPointExtension>
    </extensions>
   </trkpt>
   <trkpt lat="20.6435320" lon="-100.3276800">
    <ele>1959.4</ele>
    <time>2026-07-16T13:52:02Z</time>
    <extensions>
     <gpxtpx:TrackPointExtension>
      <gpxtpx:atemp>18</gpxtpx:atemp>
     </gpxtpx:TrackPointExtension>
    </extensions>
   </trkpt>
   <trkpt lat="20.6435460" lon="-100.3276520">
    <ele>1959.4</ele>
    <time>2026-07-16T13:52:03Z</time>
    <extensions>
     <gpxtpx:TrackPointExtension>
      <gpxtpx:atemp>19</gpxtpx:atemp>
     </gpxtpx:TrackPointExtension>
    </extensions>
   </trkpt>
   <trkpt lat="20.6435600" lon="-100.3276270">
    <ele>1959.4</ele>
    <time>2026-07-16T13:52:04Z</time>
    <extensions>
     <gpxtpx:TrackPointExtension>
      <gpxtpx:atemp>18</gpxtpx:atemp>
     </gpxtpx:TrackPointExtension>
    </extensions>
   </trkpt>
   <trkpt lat="20.6435760" lon="-100.3276050">
    <ele>1959.4</ele>
    <time>2026-07-16T13:52:05Z</time>
    <extensions>
     <gpxtpx:TrackPointExtension>
      <gpxtpx:atemp>18</gpxtpx:atemp>
     </gpxtpx:TrackPointExtension>
    </extensions>
   </trkpt>
   <trkpt lat="20.6435910" lon="-100.3275840">
    <ele>1959.4</ele>
    <time>2026-07-16T13:52:06Z</time>
    <extensions>
     <gpxtpx:TrackPointExtension>
      <gpxtpx:atemp>19</gpxtpx:atemp>
     </gpxtpx:TrackPointExtension>
    </extensions>
   </trkpt>
   <trkpt lat="20.6436030" lon="-100.3275630">
    <ele>1959.6</ele>
    <time>2026-07-16T13:52:07Z</time>
    <extensions>
     <gpxtpx:TrackPointExtension>
      <gpxtpx:atemp>18</gpxtpx:atemp>
     </gpxtpx:TrackPointExtension>
    </extensions>
   </trkpt>
   <trkpt lat="20.6436110" lon="-100.3275440">
    <ele>1959.6</ele>
    <time>2026-07-16T13:52:08Z</time>
    <extensions>
     <gpxtpx:TrackPointExtension>
      <gpxtpx:atemp>19</gpxtpx:atemp>
     </gpxtpx:TrackPointExtension>
    </extensions>
   </trkpt>
   <trkpt lat="20.6436170" lon="-100.3275250">
    <ele>1959.8</ele>
    <time>2026-07-16T13:52:09Z</time>
    <extensions>
     <gpxtpx:TrackPointExtension>
      <gpxtpx:atemp>18</gpxtpx:atemp>
     </gpxtpx:TrackPointExtension>
    </extensions>
   </trkpt>
   <trkpt lat="20.6436250" lon="-100.3275070">
    <ele>1959.8</ele>
    <time>2026-07-16T13:52:10Z</time>
    <extensions>
     <gpxtpx:TrackPointExtension>
      <gpxtpx:atemp>19</gpxtpx:atemp>
     </gpxtpx:TrackPointExtension>
    </extensions>
   </trkpt>
   <trkpt lat="20.6436370" lon="-100.3274920">
    <ele>1960.0</ele>
    <time>2026-07-16T13:52:11Z</time>
    <extensions>
     <gpxtpx:TrackPointExtension>
      <gpxtpx:atemp>18</gpxtpx:atemp>
     </gpxtpx:TrackPointExtension>
    </extensions>
   </trkpt>
   <trkpt lat="20.6436530" lon="-100.3274810">
    <ele>1960.0</ele>
    <time>2026-07-16T13:52:12Z</time>
    <extensions>
     <gpxtpx:TrackPointExtension>
      <gpxtpx:atemp>19</gpxtpx:atemp>
     </gpxtpx:TrackPointExtension>
    </extensions>
   </trkpt>
   <trkpt lat="20.6436750" lon="-100.3274730">
    <ele>1960.0</ele>
    <time>2026-07-16T13:52:13Z</time>
    <extensions>
     <gpxtpx:TrackPointExtension>
      <gpxtpx:atemp>19</gpxtpx:atemp>
     </gpxtpx:TrackPointExtension>
    </extensions>
   </trkpt>
   <trkpt lat="20.6437010" lon="-100.3274700">
    <ele>1960.2</ele>
    <time>2026-07-16T13:52:14Z</time>
    <extensions>
     <gpxtpx:TrackPointExtension>
      <gpxtpx:atemp>18</gpxtpx:atemp>
     </gpxtpx:TrackPointExtension>
    </extensions>
   </trkpt>
   <trkpt lat="20.6437280" lon="-100.3274670">
    <ele>1960.2</ele>
    <time>2026-07-16T13:52:15Z</time>
    <extensions>
     <gpxtpx:TrackPointExtension>
      <gpxtpx:atemp>19</gpxtpx:atemp>
     </gpxtpx:TrackPointExtension>
    </extensions>
   </trkpt>
   <trkpt lat="20.6437560" lon="-100.3274640">
    <ele>1960.2</ele>
    <time>2026-07-16T13:52:16Z</time>
    <extensions>
     <gpxtpx:TrackPointExtension>
      <gpxtpx:atemp>18</gpxtpx:atemp>
     </gpxtpx:TrackPointExtension>
    </extensions>
   </trkpt>
   <trkpt lat="20.6437830" lon="-100.3274570">
    <ele>1960.2</ele>
    <time>2026-07-16T13:52:17Z</time>
    <extensions>
     <gpxtpx:TrackPointExtension>
      <gpxtpx:atemp>19</gpxtpx:atemp>
     </gpxtpx:TrackPointExtension>
    </extensions>
   </trkpt>
   <trkpt lat="20.6438090" lon="-100.3274470">
    <ele>1960.2</ele>
    <time>2026-07-16T13:52:18Z</time>
    <extensions>
     <gpxtpx:TrackPointExtension>
      <gpxtpx:atemp>18</gpxtpx:atemp>
     </gpxtpx:TrackPointExtension>
    </extensions>
   </trkpt>
   <trkpt lat="20.6438340" lon="-100.3274330">
    <ele>1960.4</ele>
    <time>2026-07-16T13:52:19Z</time>
    <extensions>
     <gpxtpx:TrackPointExtension>
      <gpxtpx:atemp>19</gpxtpx:atemp>
     </gpxtpx:TrackPointExtension>
    </extensions>
   </trkpt>
   <trkpt lat="20.6438580" lon="-100.3274160">
    <ele>1960.4</ele>
    <time>2026-07-16T13:52:20Z</time>
    <extensions>
     <gpxtpx:TrackPointExtension>
      <gpxtpx:atemp>19</gpxtpx:atemp>
     </gpxtpx:TrackPointExtension>
    </extensions>
   </trkpt>
   <trkpt lat="20.6438830" lon="-100.3273990">
    <ele>1960.6</ele>
    <time>2026-07-16T13:52:21Z</time>
    <extensions>
     <gpxtpx:TrackPointExtension>
      <gpxtpx:atemp>19</gpxtpx:atemp>
     </gpxtpx:TrackPointExtension>
    </extensions>
   </trkpt>
   <trkpt lat="20.6439100" lon="-100.3273810">
    <ele>1960.6</ele>
    <time>2026-07-16T13:52:22Z</time>
    <extensions>
     <gpxtpx:TrackPointExtension>
      <gpxtpx:atemp>19</gpxtpx:atemp>
     </gpxtpx:TrackPointExtension>
    </extensions>
   </trkpt>
   <trkpt lat="20.6439380" lon="-100.3273640">
    <ele>1960.8</ele>
    <time>2026-07-16T13:52:23Z</time>
    <extensions>
     <gpxtpx:TrackPointExtension>
      <gpxtpx:atemp>19</gpxtpx:atemp>
     </gpxtpx:TrackPointExtension>
    </extensions>
   </trkpt>
   <trkpt lat="20.6439650" lon="-100.3273450">
    <ele>1961.0</ele>
    <time>2026-07-16T13:52:24Z</time>
    <extensions>
     <gpxtpx:TrackPointExtension>
      <gpxtpx:atemp>19</gpxtpx:atemp>
     </gpxtpx:TrackPointExtension>
    </extensions>
   </trkpt>
   <trkpt lat="20.6439910" lon="-100.3273240">
    <ele>1961.2</ele>
    <time>2026-07-16T13:52:25Z</time>
    <extensions>
     <gpxtpx:TrackPointExtension>
      <gpxtpx:atemp>19</gpxtpx:atemp>
     </gpxtpx:TrackPointExtension>
    </extensions>
   </trkpt>
   <trkpt lat="20.6440160" lon="-100.3273020">
    <ele>1961.4</ele>
    <time>2026-07-16T13:52:26Z</time>
    <extensions>
     <gpxtpx:TrackPointExtension>
      <gpxtpx:atemp>19</gpxtpx:atemp>
     </gpxtpx:TrackPointExtension>
    </extensions>
   </trkpt>
   <trkpt lat="20.6440400" lon="-100.3272800">
    <ele>1961.6</ele>
    <time>2026-07-16T13:52:27Z</time>
    <extensions>
     <gpxtpx:TrackPointExtension>
      <gpxtpx:atemp>19</gpxtpx:atemp>
     </gpxtpx:TrackPointExtension>
    </extensions>
   </trkpt>
   <trkpt lat="20.6440640" lon="-100.3272560">
    <ele>1961.8</ele>
    <time>2026-07-16T13:52:28Z</time>
    <extensions>
     <gpxtpx:TrackPointExtension>
      <gpxtpx:atemp>19</gpxtpx:atemp>
     </gpxtpx:TrackPointExtension>
    </extensions>
   </trkpt>
   <trkpt lat="20.6440880" lon="-100.3272330">
    <ele>1962.0</ele>
    <time>2026-07-16T13:52:29Z</time>
    <extensions>
     <gpxtpx:TrackPointExtension>
      <gpxtpx:atemp>19</gpxtpx:atemp>
     </gpxtpx:TrackPointExtension>
    </extensions>
   </trkpt>
   <trkpt lat="20.6441120" lon="-100.3272100">
    <ele>1962.2</ele>
    <time>2026-07-16T13:52:30Z</time>
    <extensions>
     <gpxtpx:TrackPointExtension>
      <gpxtpx:atemp>19</gpxtpx:atemp>
     </gpxtpx:TrackPointExtension>
    </extensions>
   </trkpt>
   <trkpt lat="20.6441360" lon="-100.3271860">
    <ele>1962.4</ele>
    <time>2026-07-16T13:52:31Z</time>
    <extensions>
     <gpxtpx:TrackPointExtension>
      <gpxtpx:atemp>19</gpxtpx:atemp>
     </gpxtpx:TrackPointExtension>
    </extensions>
   </trkpt>
   <trkpt lat="20.6441600" lon="-100.3271620">
    <ele>1962.4</ele>
    <time>2026-07-16T13:52:32Z</time>
    <extensions>
     <gpxtpx:TrackPointExtension>
      <gpxtpx:atemp>19</gpxtpx:atemp>
     </gpxtpx:TrackPointExtension>
    </extensions>
   </trkpt>
   <trkpt lat="20.6441850" lon="-100.3271380">
    <ele>1962.6</ele>
    <time>2026-07-16T13:52:33Z</time>
    <extensions>
     <gpxtpx:TrackPointExtension>
      <gpxtpx:atemp>19</gpxtpx:atemp>
     </gpxtpx:TrackPointExtension>
    </extensions>
   </trkpt>
   <trkpt lat="20.6442090" lon="-100.3271140">
    <ele>1962.8</ele>
    <time>2026-07-16T13:52:34Z</time>
    <extensions>
     <gpxtpx:TrackPointExtension>
      <gpxtpx:atemp>19</gpxtpx:atemp>
     </gpxtpx:TrackPointExtension>
    </extensions>
   </trkpt>
   <trkpt lat="20.6442330" lon="-100.3270890">
    <ele>1962.8</ele>
    <time>2026-07-16T13:52:35Z</time>
    <extensions>
     <gpxtpx:TrackPointExtension>
      <gpxtpx:atemp>19</gpxtpx:atemp>
     </gpxtpx:TrackPointExtension>
    </extensions>
   </trkpt>
   <trkpt lat="20.6442580" lon="-100.3270640">
    <ele>1963.0</ele>
    <time>2026-07-16T13:52:36Z</time>
    <extensions>
     <gpxtpx:TrackPointExtension>
      <gpxtpx:atemp>19</gpxtpx:atemp>
     </gpxtpx:TrackPointExtension>
    </extensions>
   </trkpt>
   <trkpt lat="20.6442840" lon="-100.3270400">
    <ele>1963.2</ele>
    <time>2026-07-16T13:52:37Z</time>
    <extensions>
     <gpxtpx:TrackPointExtension>
      <gpxtpx:atemp>19</gpxtpx:atemp>
     </gpxtpx:TrackPointExtension>
    </extensions>
   </trkpt>
   <trkpt lat="20.6443100" lon="-100.3270160">
    <ele>1963.4</ele>
    <time>2026-07-16T13:52:38Z</time>
    <extensions>
     <gpxtpx:TrackPointExtension>
      <gpxtpx:atemp>19</gpxtpx:atemp>
     </gpxtpx:TrackPointExtension>
    </extensions>
   </trkpt>
   <trkpt lat="20.6443360" lon="-100.3269930">
    <ele>1963.4</ele>
    <time>2026-07-16T13:52:39Z</time>
    <extensions>
     <gpxtpx:TrackPointExtension>
      <gpxtpx:atemp>19</gpxtpx:atemp>
     </gpxtpx:TrackPointExtension>
    </extensions>
   </trkpt>
   <trkpt lat="20.6443620" lon="-100.3269700">
    <ele>1963.6</ele>
    <time>2026-07-16T13:52:40Z</time>
    <extensions>
     <gpxtpx:TrackPointExtension>
      <gpxtpx:atemp>19</gpxtpx:atemp>
     </gpxtpx:TrackPointExtension>
    </extensions>
   </trkpt>
   <trkpt lat="20.6443850" lon="-100.3269450">
    <ele>1963.8</ele>
    <time>2026-07-16T13:52:41Z</time>
    <extensions>
     <gpxtpx:TrackPointExtension>
      <gpxtpx:atemp>19</gpxtpx:atemp>
     </gpxtpx:TrackPointExtension>
    </extensions>
   </trkpt>
   <trkpt lat="20.6444080" lon="-100.3269190">
    <ele>1963.8</ele>
    <time>2026-07-16T13:52:42Z</time>
    <extensions>
     <gpxtpx:TrackPointExtension>
      <gpxtpx:atemp>19</gpxtpx:atemp>
     </gpxtpx:TrackPointExtension>
    </extensions>
   </trkpt>
   <trkpt lat="20.6444310" lon="-100.3268930">
    <ele>1964.0</ele>
    <time>2026-07-16T13:52:43Z</time>
    <extensions>
     <gpxtpx:TrackPointExtension>
      <gpxtpx:atemp>19</gpxtpx:atemp>
     </gpxtpx:TrackPointExtension>
    </extensions>
   </trkpt>
   <trkpt lat="20.6444550" lon="-100.3268670">
    <ele>1964.2</ele>
    <time>2026-07-16T13:52:44Z</time>
    <extensions>
     <gpxtpx:TrackPointExtension>
      <gpxtpx:atemp>19</gpxtpx:atemp>
     </gpxtpx:TrackPointExtension>
    </extensions>
   </trkpt>
   <trkpt lat="20.6444800" lon="-100.3268430">
    <ele>1964.2</ele>
    <time>2026-07-16T13:52:45Z</time>
    <extensions>
     <gpxtpx:TrackPointExtension>
      <gpxtpx:atemp>19</gpxtpx:atemp>
     </gpxtpx:TrackPointExtension>
    </extensions>
   </trkpt>
   <trkpt lat="20.6445050" lon="-100.3268220">
    <ele>1964.4</ele>
    <time>2026-07-16T13:52:46Z</time>
    <extensions>
     <gpxtpx:TrackPointExtension>
      <gpxtpx:atemp>19</gpxtpx:atemp>
     </gpxtpx:TrackPointExtension>
    </extensions>
   </trkpt>
   <trkpt lat="20.6445280" lon="-100.3268010">
    <ele>1964.4</ele>
    <time>2026-07-16T13:52:47Z</time>
    <extensions>
     <gpxtpx:TrackPointExtension>
      <gpxtpx:atemp>19</gpxtpx:atemp>
     </gpxtpx:TrackPointExtension>
    </extensions>
   </trkpt>
   <trkpt lat="20.6445490" lon="-100.3267810">
    <ele>1964.6</ele>
    <time>2026-07-16T13:52:48Z</time>
    <extensions>
     <gpxtpx:TrackPointExtension>
      <gpxtpx:atemp>19</gpxtpx:atemp>
     </gpxtpx:TrackPointExtension>
    </extensions>
   </trkpt>
   <trkpt lat="20.6445690" lon="-100.3267610">
    <ele>1964.6</ele>
    <time>2026-07-16T13:52:49Z</time>
    <extensions>
     <gpxtpx:TrackPointExtension>
      <gpxtpx:atemp>19</gpxtpx:atemp>
     </gpxtpx:TrackPointExtension>
    </extensions>
   </trkpt>
   <trkpt lat="20.6445880" lon="-100.3267430">
    <ele>1964.8</ele>
    <time>2026-07-16T13:52:50Z</time>
    <extensions>
     <gpxtpx:TrackPointExtension>
      <gpxtpx:atemp>19</gpxtpx:atemp>
     </gpxtpx:TrackPointExtension>
    </extensions>
   </trkpt>
   <trkpt lat="20.6446070" lon="-100.3267240">
    <ele>1964.8</ele>
    <time>2026-07-16T13:52:51Z</time>
    <extensions>
     <gpxtpx:TrackPointExtension>
      <gpxtpx:atemp>19</gpxtpx:atemp>
     </gpxtpx:TrackPointExtension>
    </extensions>
   </trkpt>
   <trkpt lat="20.6446260" lon="-100.3267070">
    <ele>1964.8</ele>
    <time>2026-07-16T13:52:52Z</time>
    <extensions>
     <gpxtpx:TrackPointExtension>
      <gpxtpx:atemp>19</gpxtpx:atemp>
     </gpxtpx:TrackPointExtension>
    </extensions>
   </trkpt>
   <trkpt lat="20.6446460" lon="-100.3266890">
    <ele>1965.0</ele>
    <time>2026-07-16T13:52:53Z</time>
    <extensions>
     <gpxtpx:TrackPointExtension>
      <gpxtpx:atemp>19</gpxtpx:atemp>
     </gpxtpx:TrackPointExtension>
    </extensions>
   </trkpt>
   <trkpt lat="20.6446660" lon="-100.3266710">
    <ele>1965.0</ele>
    <time>2026-07-16T13:52:54Z</time>
    <extensions>
     <gpxtpx:TrackPointExtension>
      <gpxtpx:atemp>19</gpxtpx:atemp>
     </gpxtpx:TrackPointExtension>
    </extensions>
   </trkpt>
   <trkpt lat="20.6446870" lon="-100.3266550">
    <ele>1965.2</ele>
    <time>2026-07-16T13:52:55Z</time>
    <extensions>
     <gpxtpx:TrackPointExtension>
      <gpxtpx:atemp>19</gpxtpx:atemp>
     </gpxtpx:TrackPointExtension>
    </extensions>
   </trkpt>
   <trkpt lat="20.6447100" lon="-100.3266400">
    <ele>1965.2</ele>
    <time>2026-07-16T13:52:56Z</time>
    <extensions>
     <gpxtpx:TrackPointExtension>
      <gpxtpx:atemp>19</gpxtpx:atemp>
     </gpxtpx:TrackPointExtension>
    </extensions>
   </trkpt>
   <trkpt lat="20.6447320" lon="-100.3266270">
    <ele>1965.2</ele>
    <time>2026-07-16T13:52:57Z</time>
    <extensions>
     <gpxtpx:TrackPointExtension>
      <gpxtpx:atemp>19</gpxtpx:atemp>
     </gpxtpx:TrackPointExtension>
    </extensions>
   </trkpt>
   <trkpt lat="20.6447540" lon="-100.3266120">
    <ele>1965.4</ele>
    <time>2026-07-16T13:52:58Z</time>
    <extensions>
     <gpxtpx:TrackPointExtension>
      <gpxtpx:atemp>19</gpxtpx:atemp>
     </gpxtpx:TrackPointExtension>
    </extensions>
   </trkpt>
   <trkpt lat="20.6447760" lon="-100.3265990">
    <ele>1965.4</ele>
    <time>2026-07-16T13:52:59Z</time>
    <extensions>
     <gpxtpx:TrackPointExtension>
      <gpxtpx:atemp>19</gpxtpx:atemp>
     </gpxtpx:TrackPointExtension>
    </extensions>
   </trkpt>
   <trkpt lat="20.6447980" lon="-100.3265860">
    <ele>1965.6</ele>
    <time>2026-07-16T13:53:00Z</time>
    <extensions>
     <gpxtpx:TrackPointExtension>
      <gpxtpx:atemp>19</gpxtpx:atemp>
     </gpxtpx:TrackPointExtension>
    </extensions>
   </trkpt>
   <trkpt lat="20.6448210" lon="-100.3265730">
    <ele>1965.6</ele>
    <time>2026-07-16T13:53:01Z</time>
    <extensions>
     <gpxtpx:TrackPointExtension>
      <gpxtpx:atemp>19</gpxtpx:atemp>
     </gpxtpx:TrackPointExtension>
    </extensions>
   </trkpt>
   <trkpt lat="20.6448430" lon="-100.3265590">
    <ele>1965.8</ele>
    <time>2026-07-16T13:53:02Z</time>
    <extensions>
     <gpxtpx:TrackPointExtension>
      <gpxtpx:atemp>19</gpxtpx:atemp>
     </gpxtpx:TrackPointExtension>
    </extensions>
   </trkpt>
   <trkpt lat="20.6448660" lon="-100.3265450">
    <ele>1965.8</ele>
    <time>2026-07-16T13:53:03Z</time>
    <extensions>
     <gpxtpx:TrackPointExtension>
      <gpxtpx:atemp>19</gpxtpx:atemp>
     </gpxtpx:TrackPointExtension>
    </extensions>
   </trkpt>
   <trkpt lat="20.6448900" lon="-100.3265310">
    <ele>1966.0</ele>
    <time>2026-07-16T13:53:04Z</time>
    <extensions>
     <gpxtpx:TrackPointExtension>
      <gpxtpx:atemp>19</gpxtpx:atemp>
     </gpxtpx:TrackPointExtension>
    </extensions>
   </trkpt>
   <trkpt lat="20.6449160" lon="-100.3265180">
    <ele>1966.2</ele>
    <time>2026-07-16T13:53:05Z</time>
    <extensions>
     <gpxtpx:TrackPointExtension>
      <gpxtpx:atemp>19</gpxtpx:atemp>
     </gpxtpx:TrackPointExtension>
    </extensions>
   </trkpt>
   <trkpt lat="20.6449430" lon="-100.3265050">
    <ele>1966.2</ele>
    <time>2026-07-16T13:53:06Z</time>
    <extensions>
     <gpxtpx:TrackPointExtension>
      <gpxtpx:atemp>19</gpxtpx:atemp>
     </gpxtpx:TrackPointExtension>
    </extensions>
   </trkpt>
   <trkpt lat="20.6449730" lon="-100.3264950">
    <ele>1966.4</ele>
    <time>2026-07-16T13:53:07Z</time>
    <extensions>
     <gpxtpx:TrackPointExtension>
      <gpxtpx:atemp>19</gpxtpx:atemp>
     </gpxtpx:TrackPointExtension>
    </extensions>
   </trkpt>
   <trkpt lat="20.6450030" lon="-100.3264870">
    <ele>1966.4</ele>
    <time>2026-07-16T13:53:08Z</time>
    <extensions>
     <gpxtpx:TrackPointExtension>
      <gpxtpx:atemp>19</gpxtpx:atemp>
     </gpxtpx:TrackPointExtension>
    </extensions>
   </trkpt>
   <trkpt lat="20.6450340" lon="-100.3264790">
    <ele>1966.6</ele>
    <time>2026-07-16T13:53:09Z</time>
    <extensions>
     <gpxtpx:TrackPointExtension>
      <gpxtpx:atemp>19</gpxtpx:atemp>
     </gpxtpx:TrackPointExtension>
    </extensions>
   </trkpt>
   <trkpt lat="20.6450640" lon="-100.3264730">
    <ele>1966.6</ele>
    <time>2026-07-16T13:53:10Z</time>
    <extensions>
     <gpxtpx:TrackPointExtension>
      <gpxtpx:atemp>19</gpxtpx:atemp>
     </gpxtpx:TrackPointExtension>
    </extensions>
   </trkpt>
   <trkpt lat="20.6450940" lon="-100.3264660">
    <ele>1966.8</ele>
    <time>2026-07-16T13:53:11Z</time>
    <extensions>
     <gpxtpx:TrackPointExtension>
      <gpxtpx:atemp>19</gpxtpx:atemp>
     </gpxtpx:TrackPointExtension>
    </extensions>
   </trkpt>
   <trkpt lat="20.6451240" lon="-100.3264600">
    <ele>1967.0</ele>
    <time>2026-07-16T13:53:12Z</time>
    <extensions>
     <gpxtpx:TrackPointExtension>
      <gpxtpx:atemp>19</gpxtpx:atemp>
     </gpxtpx:TrackPointExtension>
    </extensions>
   </trkpt>
   <trkpt lat="20.6451550" lon="-100.3264530">
    <ele>1967.0</ele>
    <time>2026-07-16T13:53:13Z</time>
    <extensions>
     <gpxtpx:TrackPointExtension>
      <gpxtpx:atemp>19</gpxtpx:atemp>
     </gpxtpx:TrackPointExtension>
    </extensions>
   </trkpt>
   <trkpt lat="20.6451850" lon="-100.3264470">
    <ele>1967.2</ele>
    <time>2026-07-16T13:53:14Z</time>
    <extensions>
     <gpxtpx:TrackPointExtension>
      <gpxtpx:atemp>19</gpxtpx:atemp>
     </gpxtpx:TrackPointExtension>
    </extensions>
   </trkpt>
   <trkpt lat="20.6452150" lon="-100.3264420">
    <ele>1967.2</ele>
    <time>2026-07-16T13:53:15Z</time>
    <extensions>
     <gpxtpx:TrackPointExtension>
      <gpxtpx:atemp>19</gpxtpx:atemp>
     </gpxtpx:TrackPointExtension>
    </extensions>
   </trkpt>
   <trkpt lat="20.6452440" lon="-100.3264360">
    <ele>1967.4</ele>
    <time>2026-07-16T13:53:16Z</time>
    <extensions>
     <gpxtpx:TrackPointExtension>
      <gpxtpx:atemp>19</gpxtpx:atemp>
     </gpxtpx:TrackPointExtension>
    </extensions>
   </trkpt>
   <trkpt lat="20.6452740" lon="-100.3264300">
    <ele>1967.4</ele>
    <time>2026-07-16T13:53:17Z</time>
    <extensions>
     <gpxtpx:TrackPointExtension>
      <gpxtpx:atemp>19</gpxtpx:atemp>
     </gpxtpx:TrackPointExtension>
    </extensions>
   </trkpt>
   <trkpt lat="20.6453030" lon="-100.3264240">
    <ele>1967.6</ele>
    <time>2026-07-16T13:53:18Z</time>
    <extensions>
     <gpxtpx:TrackPointExtension>
      <gpxtpx:atemp>19</gpxtpx:atemp>
     </gpxtpx:TrackPointExtension>
    </extensions>
   </trkpt>
   <trkpt lat="20.6453330" lon="-100.3264180">
    <ele>1967.6</ele>
    <time>2026-07-16T13:53:19Z</time>
    <extensions>
     <gpxtpx:TrackPointExtension>
      <gpxtpx:atemp>19</gpxtpx:atemp>
     </gpxtpx:TrackPointExtension>
    </extensions>
   </trkpt>
   <trkpt lat="20.6453630" lon="-100.3264130">
    <ele>1967.8</ele>
    <time>2026-07-16T13:53:20Z</time>
    <extensions>
     <gpxtpx:TrackPointExtension>
      <gpxtpx:atemp>19</gpxtpx:atemp>
     </gpxtpx:TrackPointExtension>
    </extensions>
   </trkpt>
   <trkpt lat="20.6453930" lon="-100.3264080">
    <ele>1968.0</ele>
    <time>2026-07-16T13:53:21Z</time>
    <extensions>
     <gpxtpx:TrackPointExtension>
      <gpxtpx:atemp>19</gpxtpx:atemp>
     </gpxtpx:TrackPointExtension>
    </extensions>
   </trkpt>
   <trkpt lat="20.6454230" lon="-100.3264040">
    <ele>1968.0</ele>
    <time>2026-07-16T13:53:22Z</time>
    <extensions>
     <gpxtpx:TrackPointExtension>
      <gpxtpx:atemp>19</gpxtpx:atemp>
     </gpxtpx:TrackPointExtension>
    </extensions>
   </trkpt>
   <trkpt lat="20.6454520" lon="-100.3263980">
    <ele>1968.2</ele>
    <time>2026-07-16T13:53:23Z</time>
    <extensions>
     <gpxtpx:TrackPointExtension>
      <gpxtpx:atemp>19</gpxtpx:atemp>
     </gpxtpx:TrackPointExtension>
    </extensions>
   </trkpt>
   <trkpt lat="20.6454810" lon="-100.3263920">
    <ele>1968.4</ele>
    <time>2026-07-16T13:53:24Z</time>
    <extensions>
     <gpxtpx:TrackPointExtension>
      <gpxtpx:atemp>19</gpxtpx:atemp>
     </gpxtpx:TrackPointExtension>
    </extensions>
   </trkpt>
   <trkpt lat="20.6455090" lon="-100.3263860">
    <ele>1968.6</ele>
    <time>2026-07-16T13:53:25Z</time>
    <extensions>
     <gpxtpx:TrackPointExtension>
      <gpxtpx:atemp>19</gpxtpx:atemp>
     </gpxtpx:TrackPointExtension>
    </extensions>
   </trkpt>
   <trkpt lat="20.6455380" lon="-100.3263780">
    <ele>1968.8</ele>
    <time>2026-07-16T13:53:26Z</time>
    <extensions>
     <gpxtpx:TrackPointExtension>
      <gpxtpx:atemp>19</gpxtpx:atemp>
     </gpxtpx:TrackPointExtension>
    </extensions>
   </trkpt>
   <trkpt lat="20.6455660" lon="-100.3263700">
    <ele>1968.8</ele>
    <time>2026-07-16T13:53:27Z</time>
    <extensions>
     <gpxtpx:TrackPointExtension>
      <gpxtpx:atemp>19</gpxtpx:atemp>
     </gpxtpx:TrackPointExtension>
    </extensions>
   </trkpt>
   <trkpt lat="20.6455950" lon="-100.3263610">
    <ele>1969.0</ele>
    <time>2026-07-16T13:53:28Z</time>
    <extensions>
     <gpxtpx:TrackPointExtension>
      <gpxtpx:atemp>19</gpxtpx:atemp>
     </gpxtpx:TrackPointExtension>
    </extensions>
   </trkpt>
   <trkpt lat="20.6456240" lon="-100.3263530">
    <ele>1969.0</ele>
    <time>2026-07-16T13:53:29Z</time>
    <extensions>
     <gpxtpx:TrackPointExtension>
      <gpxtpx:atemp>19</gpxtpx:atemp>
     </gpxtpx:TrackPointExtension>
    </extensions>
   </trkpt>
   <trkpt lat="20.6456510" lon="-100.3263430">
    <ele>1969.2</ele>
    <time>2026-07-16T13:53:30Z</time>
    <extensions>
     <gpxtpx:TrackPointExtension>
      <gpxtpx:atemp>19</gpxtpx:atemp>
     </gpxtpx:TrackPointExtension>
    </extensions>
   </trkpt>
   <trkpt lat="20.6456780" lon="-100.3263340">
    <ele>1969.2</ele>
    <time>2026-07-16T13:53:31Z</time>
    <extensions>
     <gpxtpx:TrackPointExtension>
      <gpxtpx:atemp>19</gpxtpx:atemp>
     </gpxtpx:TrackPointExtension>
    </extensions>
   </trkpt>
   <trkpt lat="20.6457050" lon="-100.3263250">
    <ele>1969.4</ele>
    <time>2026-07-16T13:53:32Z</time>
    <extensions>
     <gpxtpx:TrackPointExtension>
      <gpxtpx:atemp>19</gpxtpx:atemp>
     </gpxtpx:TrackPointExtension>
    </extensions>
   </trkpt>
   <trkpt lat="20.6457310" lon="-100.3263160">
    <ele>1969.4</ele>
    <time>2026-07-16T13:53:33Z</time>
    <extensions>
     <gpxtpx:TrackPointExtension>
      <gpxtpx:atemp>19</gpxtpx:atemp>
     </gpxtpx:TrackPointExtension>
    </extensions>
   </trkpt>
   <trkpt lat="20.6457570" lon="-100.3263080">
    <ele>1969.6</ele>
    <time>2026-07-16T13:53:34Z</time>
    <extensions>
     <gpxtpx:TrackPointExtension>
      <gpxtpx:atemp>19</gpxtpx:atemp>
     </gpxtpx:TrackPointExtension>
    </extensions>
   </trkpt>
   <trkpt lat="20.6457820" lon="-100.3263000">
    <ele>1969.6</ele>
    <time>2026-07-16T13:53:35Z</time>
    <extensions>
     <gpxtpx:TrackPointExtension>
      <gpxtpx:atemp>19</gpxtpx:atemp>
     </gpxtpx:TrackPointExtension>
    </extensions>
   </trkpt>
   <trkpt lat="20.6458070" lon="-100.3262910">
    <ele>1969.6</ele>
    <time>2026-07-16T13:53:36Z</time>
    <extensions>
     <gpxtpx:TrackPointExtension>
      <gpxtpx:atemp>19</gpxtpx:atemp>
     </gpxtpx:TrackPointExtension>
    </extensions>
   </trkpt>
   <trkpt lat="20.6458330" lon="-100.3262850">
    <ele>1969.8</ele>
    <time>2026-07-16T13:53:37Z</time>
    <extensions>
     <gpxtpx:TrackPointExtension>
      <gpxtpx:atemp>19</gpxtpx:atemp>
     </gpxtpx:TrackPointExtension>
    </extensions>
   </trkpt>
   <trkpt lat="20.6458600" lon="-100.3262780">
    <ele>1969.8</ele>
    <time>2026-07-16T13:53:38Z</time>
    <extensions>
     <gpxtpx:TrackPointExtension>
      <gpxtpx:atemp>19</gpxtpx:atemp>
     </gpxtpx:TrackPointExtension>
    </extensions>
   </trkpt>
   <trkpt lat="20.6458890" lon="-100.3262680">
    <ele>1970.0</ele>
    <time>2026-07-16T13:53:39Z</time>
    <extensions>
     <gpxtpx:TrackPointExtension>
      <gpxtpx:atemp>19</gpxtpx:atemp>
     </gpxtpx:TrackPointExtension>
    </extensions>
   </trkpt>
   <trkpt lat="20.6459180" lon="-100.3262580">
    <ele>1970.0</ele>
    <time>2026-07-16T13:53:40Z</time>
    <extensions>
     <gpxtpx:TrackPointExtension>
      <gpxtpx:atemp>19</gpxtpx:atemp>
     </gpxtpx:TrackPointExtension>
    </extensions>
   </trkpt>
   <trkpt lat="20.6459490" lon="-100.3262460">
    <ele>1970.2</ele>
    <time>2026-07-16T13:53:41Z</time>
    <extensions>
     <gpxtpx:TrackPointExtension>
      <gpxtpx:atemp>19</gpxtpx:atemp>
     </gpxtpx:TrackPointExtension>
    </extensions>
   </trkpt>
   <trkpt lat="20.6459800" lon="-100.3262350">
    <ele>1970.2</ele>
    <time>2026-07-16T13:53:42Z</time>
    <extensions>
     <gpxtpx:TrackPointExtension>
      <gpxtpx:atemp>19</gpxtpx:atemp>
     </gpxtpx:TrackPointExtension>
    </extensions>
   </trkpt>
   <trkpt lat="20.6460110" lon="-100.3262270">
    <ele>1970.4</ele>
    <time>2026-07-16T13:53:43Z</time>
    <extensions>
     <gpxtpx:TrackPointExtension>
      <gpxtpx:atemp>19</gpxtpx:atemp>
     </gpxtpx:TrackPointExtension>
    </extensions>
   </trkpt>
   <trkpt lat="20.6460440" lon="-100.3262200">
    <ele>1970.4</ele>
    <time>2026-07-16T13:53:44Z</time>
    <extensions>
     <gpxtpx:TrackPointExtension>
      <gpxtpx:atemp>19</gpxtpx:atemp>
     </gpxtpx:TrackPointExtension>
    </extensions>
   </trkpt>
   <trkpt lat="20.6460780" lon="-100.3262160">
    <ele>1970.6</ele>
    <time>2026-07-16T13:53:45Z</time>
    <extensions>
     <gpxtpx:TrackPointExtension>
      <gpxtpx:atemp>19</gpxtpx:atemp>
     </gpxtpx:TrackPointExtension>
    </extensions>
   </trkpt>
   <trkpt lat="20.6461120" lon="-100.3262110">
    <ele>1970.6</ele>
    <time>2026-07-16T13:53:46Z</time>
    <extensions>
     <gpxtpx:TrackPointExtension>
      <gpxtpx:atemp>19</gpxtpx:atemp>
     </gpxtpx:TrackPointExtension>
    </extensions>
   </trkpt>
   <trkpt lat="20.6461450" lon="-100.3262060">
    <ele>1970.8</ele>
    <time>2026-07-16T13:53:47Z</time>
    <extensions>
     <gpxtpx:TrackPointExtension>
      <gpxtpx:atemp>19</gpxtpx:atemp>
     </gpxtpx:TrackPointExtension>
    </extensions>
   </trkpt>
   <trkpt lat="20.6461780" lon="-100.3261990">
    <ele>1970.8</ele>
    <time>2026-07-16T13:53:48Z</time>
    <extensions>
     <gpxtpx:TrackPointExtension>
      <gpxtpx:atemp>19</gpxtpx:atemp>
     </gpxtpx:TrackPointExtension>
    </extensions>
   </trkpt>
   <trkpt lat="20.6462100" lon="-100.3261920">
    <ele>1971.0</ele>
    <time>2026-07-16T13:53:49Z</time>
    <extensions>
     <gpxtpx:TrackPointExtension>
      <gpxtpx:atemp>19</gpxtpx:atemp>
     </gpxtpx:TrackPointExtension>
    </extensions>
   </trkpt>
   <trkpt lat="20.6462420" lon="-100.3261850">
    <ele>1971.0</ele>
    <time>2026-07-16T13:53:50Z</time>
    <extensions>
     <gpxtpx:TrackPointExtension>
      <gpxtpx:atemp>19</gpxtpx:atemp>
     </gpxtpx:TrackPointExtension>
    </extensions>
   </trkpt>
   <trkpt lat="20.6462740" lon="-100.3261780">
    <ele>1971.2</ele>
    <time>2026-07-16T13:53:51Z</time>
    <extensions>
     <gpxtpx:TrackPointExtension>
      <gpxtpx:atemp>19</gpxtpx:atemp>
     </gpxtpx:TrackPointExtension>
    </extensions>
   </trkpt>
   <trkpt lat="20.6463060" lon="-100.3261710">
    <ele>1971.2</ele>
    <time>2026-07-16T13:53:52Z</time>
    <extensions>
     <gpxtpx:TrackPointExtension>
      <gpxtpx:atemp>19</gpxtpx:atemp>
     </gpxtpx:TrackPointExtension>
    </extensions>
   </trkpt>
   <trkpt lat="20.6463390" lon="-100.3261630">
    <ele>1971.4</ele>
    <time>2026-07-16T13:53:53Z</time>
    <extensions>
     <gpxtpx:TrackPointExtension>
      <gpxtpx:atemp>19</gpxtpx:atemp>
     </gpxtpx:TrackPointExtension>
    </extensions>
   </trkpt>
   <trkpt lat="20.6463700" lon="-100.3261550">
    <ele>1971.4</ele>
    <time>2026-07-16T13:53:54Z</time>
    <extensions>
     <gpxtpx:TrackPointExtension>
      <gpxtpx:atemp>19</gpxtpx:atemp>
     </gpxtpx:TrackPointExtension>
    </extensions>
   </trkpt>
   <trkpt lat="20.6464030" lon="-100.3261470">
    <ele>1971.6</ele>
    <time>2026-07-16T13:53:55Z</time>
    <extensions>
     <gpxtpx:TrackPointExtension>
      <gpxtpx:atemp>19</gpxtpx:atemp>
     </gpxtpx:TrackPointExtension>
    </extensions>
   </trkpt>
   <trkpt lat="20.6464350" lon="-100.3261390">
    <ele>1971.6</ele>
    <time>2026-07-16T13:53:56Z</time>
    <extensions>
     <gpxtpx:TrackPointExtension>
      <gpxtpx:atemp>19</gpxtpx:atemp>
     </gpxtpx:TrackPointExtension>
    </extensions>
   </trkpt>
   <trkpt lat="20.6464680" lon="-100.3261300">
    <ele>1971.6</ele>
    <time>2026-07-16T13:53:57Z</time>
    <extensions>
     <gpxtpx:TrackPointExtension>
      <gpxtpx:atemp>19</gpxtpx:atemp>
     </gpxtpx:TrackPointExtension>
    </extensions>
   </trkpt>
   <trkpt lat="20.6464990" lon="-100.3261220">
    <ele>1971.8</ele>
    <time>2026-07-16T13:53:58Z</time>
    <extensions>
     <gpxtpx:TrackPointExtension>
      <gpxtpx:atemp>19</gpxtpx:atemp>
     </gpxtpx:TrackPointExtension>
    </extensions>
   </trkpt>
   <trkpt lat="20.6465280" lon="-100.3261130">
    <ele>1971.8</ele>
    <time>2026-07-16T13:53:59Z</time>
    <extensions>
     <gpxtpx:TrackPointExtension>
      <gpxtpx:atemp>19</gpxtpx:atemp>
     </gpxtpx:TrackPointExtension>
    </extensions>
   </trkpt>
   <trkpt lat="20.6465560" lon="-100.3261040">
    <ele>1971.8</ele>
    <time>2026-07-16T13:54:00Z</time>
    <extensions>
     <gpxtpx:TrackPointExtension>
      <gpxtpx:atemp>19</gpxtpx:atemp>
     </gpxtpx:TrackPointExtension>
    </extensions>
   </trkpt>
   <trkpt lat="20.6465840" lon="-100.3260950">
    <ele>1972.0</ele>
    <time>2026-07-16T13:54:01Z</time>
    <extensions>
     <gpxtpx:TrackPointExtension>
      <gpxtpx:atemp>19</gpxtpx:atemp>
     </gpxtpx:TrackPointExtension>
    </extensions>
   </trkpt>
   <trkpt lat="20.6466130" lon="-100.3260880">
    <ele>1972.0</ele>
    <time>2026-07-16T13:54:02Z</time>
    <extensions>
     <gpxtpx:TrackPointExtension>
      <gpxtpx:atemp>19</gpxtpx:atemp>
     </gpxtpx:TrackPointExtension>
    </extensions>
   </trkpt>
   <trkpt lat="20.6466440" lon="-100.3260830">
    <ele>1972.2</ele>
    <time>2026-07-16T13:54:03Z</time>
    <extensions>
     <gpxtpx:TrackPointExtension>
      <gpxtpx:atemp>19</gpxtpx:atemp>
     </gpxtpx:TrackPointExtension>
    </extensions>
   </trkpt>
   <trkpt lat="20.6466740" lon="-100.3260770">
    <ele>1972.2</ele>
    <time>2026-07-16T13:54:04Z</time>
    <extensions>
     <gpxtpx:TrackPointExtension>
      <gpxtpx:atemp>19</gpxtpx:atemp>
     </gpxtpx:TrackPointExtension>
    </extensions>
   </trkpt>
   <trkpt lat="20.6467050" lon="-100.3260700">
    <ele>1972.4</ele>
    <time>2026-07-16T13:54:05Z</time>
    <extensions>
     <gpxtpx:TrackPointExtension>
      <gpxtpx:atemp>19</gpxtpx:atemp>
     </gpxtpx:TrackPointExtension>
    </extensions>
   </trkpt>
   <trkpt lat="20.6467360" lon="-100.3260620">
    <ele>1972.6</ele>
    <time>2026-07-16T13:54:06Z</time>
    <extensions>
     <gpxtpx:TrackPointExtension>
      <gpxtpx:atemp>19</gpxtpx:atemp>
     </gpxtpx:TrackPointExtension>
    </extensions>
   </trkpt>
   <trkpt lat="20.6467660" lon="-100.3260550">
    <ele>1972.6</ele>
    <time>2026-07-16T13:54:07Z</time>
    <extensions>
     <gpxtpx:TrackPointExtension>
      <gpxtpx:atemp>19</gpxtpx:atemp>
     </gpxtpx:TrackPointExtension>
    </extensions>
   </trkpt>
   <trkpt lat="20.6467970" lon="-100.3260470">
    <ele>1972.8</ele>
    <time>2026-07-16T13:54:08Z</time>
    <extensions>
     <gpxtpx:TrackPointExtension>
      <gpxtpx:atemp>19</gpxtpx:atemp>
     </gpxtpx:TrackPointExtension>
    </extensions>
   </trkpt>
   <trkpt lat="20.6468260" lon="-100.3260390">
    <ele>1973.0</ele>
    <time>2026-07-16T13:54:09Z</time>
    <extensions>
     <gpxtpx:TrackPointExtension>
      <gpxtpx:atemp>19</gpxtpx:atemp>
     </gpxtpx:TrackPointExtension>
    </extensions>
   </trkpt>
   <trkpt lat="20.6468560" lon="-100.3260310">
    <ele>1973.0</ele>
    <time>2026-07-16T13:54:10Z</time>
    <extensions>
     <gpxtpx:TrackPointExtension>
      <gpxtpx:atemp>19</gpxtpx:atemp>
     </gpxtpx:TrackPointExtension>
    </extensions>
   </trkpt>
   <trkpt lat="20.6468860" lon="-100.3260220">
    <ele>1973.2</ele>
    <time>2026-07-16T13:54:11Z</time>
    <extensions>
     <gpxtpx:TrackPointExtension>
      <gpxtpx:atemp>19</gpxtpx:atemp>
     </gpxtpx:TrackPointExtension>
    </extensions>
   </trkpt>
   <trkpt lat="20.6469160" lon="-100.3260140">
    <ele>1973.4</ele>
    <time>2026-07-16T13:54:12Z</time>
    <extensions>
     <gpxtpx:TrackPointExtension>
      <gpxtpx:atemp>19</gpxtpx:atemp>
     </gpxtpx:TrackPointExtension>
    </extensions>
   </trkpt>
   <trkpt lat="20.6469480" lon="-100.3260060">
    <ele>1973.6</ele>
    <time>2026-07-16T13:54:13Z</time>
    <extensions>
     <gpxtpx:TrackPointExtension>
      <gpxtpx:atemp>19</gpxtpx:atemp>
     </gpxtpx:TrackPointExtension>
    </extensions>
   </trkpt>
   <trkpt lat="20.6469800" lon="-100.3259990">
    <ele>1973.6</ele>
    <time>2026-07-16T13:54:14Z</time>
    <extensions>
     <gpxtpx:TrackPointExtension>
      <gpxtpx:atemp>19</gpxtpx:atemp>
     </gpxtpx:TrackPointExtension>
    </extensions>
   </trkpt>
   <trkpt lat="20.6470130" lon="-100.3259910">
    <ele>1973.8</ele>
    <time>2026-07-16T13:54:15Z</time>
    <extensions>
     <gpxtpx:TrackPointExtension>
      <gpxtpx:atemp>19</gpxtpx:atemp>
     </gpxtpx:TrackPointExtension>
    </extensions>
   </trkpt>
   <trkpt lat="20.6470460" lon="-100.3259810">
    <ele>1974.0</ele>
    <time>2026-07-16T13:54:16Z</time>
    <extensions>
     <gpxtpx:TrackPointExtension>
      <gpxtpx:atemp>19</gpxtpx:atemp>
     </gpxtpx:TrackPointExtension>
    </extensions>
   </trkpt>
   <trkpt lat="20.6470780" lon="-100.3259730">
    <ele>1974.2</ele>
    <time>2026-07-16T13:54:17Z</time>
    <extensions>
     <gpxtpx:TrackPointExtension>
      <gpxtpx:atemp>19</gpxtpx:atemp>
     </gpxtpx:TrackPointExtension>
    </extensions>
   </trkpt>
   <trkpt lat="20.6471100" lon="-100.3259650">
    <ele>1974.2</ele>
    <time>2026-07-16T13:54:18Z</time>
    <extensions>
     <gpxtpx:TrackPointExtension>
      <gpxtpx:atemp>19</gpxtpx:atemp>
     </gpxtpx:TrackPointExtension>
    </extensions>
   </trkpt>
   <trkpt lat="20.6471410" lon="-100.3259570">
    <ele>1974.4</ele>
    <time>2026-07-16T13:54:19Z</time>
    <extensions>
     <gpxtpx:TrackPointExtension>
      <gpxtpx:atemp>19</gpxtpx:atemp>
     </gpxtpx:TrackPointExtension>
    </extensions>
   </trkpt>
   <trkpt lat="20.6471720" lon="-100.3259490">
    <ele>1974.6</ele>
    <time>2026-07-16T13:54:20Z</time>
    <extensions>
     <gpxtpx:TrackPointExtension>
      <gpxtpx:atemp>19</gpxtpx:atemp>
     </gpxtpx:TrackPointExtension>
    </extensions>
   </trkpt>
   <trkpt lat="20.6472040" lon="-100.3259420">
    <ele>1974.8</ele>
    <time>2026-07-16T13:54:21Z</time>
    <extensions>
     <gpxtpx:TrackPointExtension>
      <gpxtpx:atemp>19</gpxtpx:atemp>
     </gpxtpx:TrackPointExtension>
    </extensions>
   </trkpt>
   <trkpt lat="20.6472350" lon="-100.3259350">
    <ele>1974.8</ele>
    <time>2026-07-16T13:54:22Z</time>
    <extensions>
     <gpxtpx:TrackPointExtension>
      <gpxtpx:atemp>19</gpxtpx:atemp>
     </gpxtpx:TrackPointExtension>
    </extensions>
   </trkpt>
   <trkpt lat="20.6472660" lon="-100.3259270">
    <ele>1975.0</ele>
    <time>2026-07-16T13:54:23Z</time>
    <extensions>
     <gpxtpx:TrackPointExtension>
      <gpxtpx:atemp>19</gpxtpx:atemp>
     </gpxtpx:TrackPointExtension>
    </extensions>
   </trkpt>
   <trkpt lat="20.6472960" lon="-100.3259190">
    <ele>1975.2</ele>
    <time>2026-07-16T13:54:24Z</time>
    <extensions>
     <gpxtpx:TrackPointExtension>
      <gpxtpx:atemp>19</gpxtpx:atemp>
     </gpxtpx:TrackPointExtension>
    </extensions>
   </trkpt>
   <trkpt lat="20.6473270" lon="-100.3259100">
    <ele>1975.2</ele>
    <time>2026-07-16T13:54:25Z</time>
    <extensions>
     <gpxtpx:TrackPointExtension>
      <gpxtpx:atemp>19</gpxtpx:atemp>
     </gpxtpx:TrackPointExtension>
    </extensions>
   </trkpt>
   <trkpt lat="20.6473580" lon="-100.3259010">
    <ele>1975.4</ele>
    <time>2026-07-16T13:54:26Z</time>
    <extensions>
     <gpxtpx:TrackPointExtension>
      <gpxtpx:atemp>19</gpxtpx:atemp>
     </gpxtpx:TrackPointExtension>
    </extensions>
   </trkpt>
   <trkpt lat="20.6473890" lon="-100.3258920">
    <ele>1975.6</ele>
    <time>2026-07-16T13:54:27Z</time>
    <extensions>
     <gpxtpx:TrackPointExtension>
      <gpxtpx:atemp>19</gpxtpx:atemp>
     </gpxtpx:TrackPointExtension>
    </extensions>
   </trkpt>
   <trkpt lat="20.6474200" lon="-100.3258830">
    <ele>1975.6</ele>
    <time>2026-07-16T13:54:28Z</time>
    <extensions>
     <gpxtpx:TrackPointExtension>
      <gpxtpx:atemp>19</gpxtpx:atemp>
     </gpxtpx:TrackPointExtension>
    </extensions>
   </trkpt>
   <trkpt lat="20.6474500" lon="-100.3258750">
    <ele>1975.8</ele>
    <time>2026-07-16T13:54:29Z</time>
    <extensions>
     <gpxtpx:TrackPointExtension>
      <gpxtpx:atemp>19</gpxtpx:atemp>
     </gpxtpx:TrackPointExtension>
    </extensions>
   </trkpt>
   <trkpt lat="20.6474810" lon="-100.3258680">
    <ele>1976.0</ele>
    <time>2026-07-16T13:54:30Z</time>
    <extensions>
     <gpxtpx:TrackPointExtension>
      <gpxtpx:atemp>19</gpxtpx:atemp>
     </gpxtpx:TrackPointExtension>
    </extensions>
   </trkpt>
   <trkpt lat="20.6475110" lon="-100.3258620">
    <ele>1976.0</ele>
    <time>2026-07-16T13:54:31Z</time>
    <extensions>
     <gpxtpx:TrackPointExtension>
      <gpxtpx:atemp>19</gpxtpx:atemp>
     </gpxtpx:TrackPointExtension>
    </extensions>
   </trkpt>
   <trkpt lat="20.6475430" lon="-100.3258560">
    <ele>1976.2</ele>
    <time>2026-07-16T13:54:32Z</time>
    <extensions>
     <gpxtpx:TrackPointExtension>
      <gpxtpx:atemp>19</gpxtpx:atemp>
     </gpxtpx:TrackPointExtension>
    </extensions>
   </trkpt>
   <trkpt lat="20.6475730" lon="-100.3258520">
    <ele>1976.4</ele>
    <time>2026-07-16T13:54:33Z</time>
    <extensions>
     <gpxtpx:TrackPointExtension>
      <gpxtpx:atemp>19</gpxtpx:atemp>
     </gpxtpx:TrackPointExtension>
    </extensions>
   </trkpt>
   <trkpt lat="20.6476040" lon="-100.3258470">
    <ele>1976.4</ele>
    <time>2026-07-16T13:54:34Z</time>
    <extensions>
     <gpxtpx:TrackPointExtension>
      <gpxtpx:atemp>19</gpxtpx:atemp>
     </gpxtpx:TrackPointExtension>
    </extensions>
   </trkpt>
   <trkpt lat="20.6476330" lon="-100.3258410">
    <ele>1976.6</ele>
    <time>2026-07-16T13:54:35Z</time>
    <extensions>
     <gpxtpx:TrackPointExtension>
      <gpxtpx:atemp>19</gpxtpx:atemp>
     </gpxtpx:TrackPointExtension>
    </extensions>
   </trkpt>
   <trkpt lat="20.6476620" lon="-100.3258350">
    <ele>1976.8</ele>
    <time>2026-07-16T13:54:36Z</time>
    <extensions>
     <gpxtpx:TrackPointExtension>
      <gpxtpx:atemp>19</gpxtpx:atemp>
     </gpxtpx:TrackPointExtension>
    </extensions>
   </trkpt>
   <trkpt lat="20.6476910" lon="-100.3258280">
    <ele>1976.8</ele>
    <time>2026-07-16T13:54:37Z</time>
    <extensions>
     <gpxtpx:TrackPointExtension>
      <gpxtpx:atemp>19</gpxtpx:atemp>
     </gpxtpx:TrackPointExtension>
    </extensions>
   </trkpt>
   <trkpt lat="20.6477200" lon="-100.3258210">
    <ele>1977.0</ele>
    <time>2026-07-16T13:54:38Z</time>
    <extensions>
     <gpxtpx:TrackPointExtension>
      <gpxtpx:atemp>19</gpxtpx:atemp>
     </gpxtpx:TrackPointExtension>
    </extensions>
   </trkpt>
   <trkpt lat="20.6477480" lon="-100.3258130">
    <ele>1977.2</ele>
    <time>2026-07-16T13:54:39Z</time>
    <extensions>
     <gpxtpx:TrackPointExtension>
      <gpxtpx:atemp>19</gpxtpx:atemp>
     </gpxtpx:TrackPointExtension>
    </extensions>
   </trkpt>
   <trkpt lat="20.6477740" lon="-100.3258040">
    <ele>1977.2</ele>
    <time>2026-07-16T13:54:40Z</time>
    <extensions>
     <gpxtpx:TrackPointExtension>
      <gpxtpx:atemp>19</gpxtpx:atemp>
     </gpxtpx:TrackPointExtension>
    </extensions>
   </trkpt>
   <trkpt lat="20.6477970" lon="-100.3257950">
    <ele>1977.4</ele>
    <time>2026-07-16T13:54:41Z</time>
    <extensions>
     <gpxtpx:TrackPointExtension>
      <gpxtpx:atemp>19</gpxtpx:atemp>
     </gpxtpx:TrackPointExtension>
    </extensions>
   </trkpt>
   <trkpt lat="20.6478160" lon="-100.3257870">
    <ele>1977.6</ele>
    <time>2026-07-16T13:54:42Z</time>
    <extensions>
     <gpxtpx:TrackPointExtension>
      <gpxtpx:atemp>19</gpxtpx:atemp>
     </gpxtpx:TrackPointExtension>
    </extensions>
   </trkpt>
   <trkpt lat="20.6478320" lon="-100.3257800">
    <ele>1977.6</ele>
    <time>2026-07-16T13:54:43Z</time>
    <extensions>
     <gpxtpx:TrackPointExtension>
      <gpxtpx:atemp>19</gpxtpx:atemp>
     </gpxtpx:TrackPointExtension>
    </extensions>
   </trkpt>
   <trkpt lat="20.6478450" lon="-100.3257740">
    <ele>1977.8</ele>
    <time>2026-07-16T13:54:44Z</time>
    <extensions>
     <gpxtpx:TrackPointExtension>
      <gpxtpx:atemp>19</gpxtpx:atemp>
     </gpxtpx:TrackPointExtension>
    </extensions>
   </trkpt>
   <trkpt lat="20.6478580" lon="-100.3257700">
    <ele>1977.8</ele>
    <time>2026-07-16T13:54:45Z</time>
    <extensions>
     <gpxtpx:TrackPointExtension>
      <gpxtpx:atemp>19</gpxtpx:atemp>
     </gpxtpx:TrackPointExtension>
    </extensions>
   </trkpt>
   <trkpt lat="20.6478700" lon="-100.3257650">
    <ele>1978.0</ele>
    <time>2026-07-16T13:54:46Z</time>
    <extensions>
     <gpxtpx:TrackPointExtension>
      <gpxtpx:atemp>19</gpxtpx:atemp>
     </gpxtpx:TrackPointExtension>
    </extensions>
   </trkpt>
   <trkpt lat="20.6478830" lon="-100.3257600">
    <ele>1978.0</ele>
    <time>2026-07-16T13:54:47Z</time>
    <extensions>
     <gpxtpx:TrackPointExtension>
      <gpxtpx:atemp>19</gpxtpx:atemp>
     </gpxtpx:TrackPointExtension>
    </extensions>
   </trkpt>
   <trkpt lat="20.6478970" lon="-100.3257550">
    <ele>1978.2</ele>
    <time>2026-07-16T13:54:48Z</time>
    <extensions>
     <gpxtpx:TrackPointExtension>
      <gpxtpx:atemp>19</gpxtpx:atemp>
     </gpxtpx:TrackPointExtension>
    </extensions>
   </trkpt>
   <trkpt lat="20.6479120" lon="-100.3257510">
    <ele>1978.2</ele>
    <time>2026-07-16T13:54:49Z</time>
    <extensions>
     <gpxtpx:TrackPointExtension>
      <gpxtpx:atemp>19</gpxtpx:atemp>
     </gpxtpx:TrackPointExtension>
    </extensions>
   </trkpt>
   <trkpt lat="20.6479260" lon="-100.3257470">
    <ele>1978.2</ele>
    <time>2026-07-16T13:54:50Z</time>
    <extensions>
     <gpxtpx:TrackPointExtension>
      <gpxtpx:atemp>19</gpxtpx:atemp>
     </gpxtpx:TrackPointExtension>
    </extensions>
   </trkpt>
   <trkpt lat="20.6479400" lon="-100.3257450">
    <ele>1978.4</ele>
    <time>2026-07-16T13:54:51Z</time>
    <extensions>
     <gpxtpx:TrackPointExtension>
      <gpxtpx:atemp>19</gpxtpx:atemp>
     </gpxtpx:TrackPointExtension>
    </extensions>
   </trkpt>
   <trkpt lat="20.6479550" lon="-100.3257420">
    <ele>1978.4</ele>
    <time>2026-07-16T13:54:52Z</time>
    <extensions>
     <gpxtpx:TrackPointExtension>
      <gpxtpx:atemp>19</gpxtpx:atemp>
     </gpxtpx:TrackPointExtension>
    </extensions>
   </trkpt>
   <trkpt lat="20.6479670" lon="-100.3257380">
    <ele>1978.6</ele>
    <time>2026-07-16T13:54:53Z</time>
    <extensions>
     <gpxtpx:TrackPointExtension>
      <gpxtpx:atemp>19</gpxtpx:atemp>
     </gpxtpx:TrackPointExtension>
    </extensions>
   </trkpt>
   <trkpt lat="20.6479800" lon="-100.3257330">
    <ele>1978.6</ele>
    <time>2026-07-16T13:54:54Z</time>
    <extensions>
     <gpxtpx:TrackPointExtension>
      <gpxtpx:atemp>19</gpxtpx:atemp>
     </gpxtpx:TrackPointExtension>
    </extensions>
   </trkpt>
   <trkpt lat="20.6479920" lon="-100.3257270">
    <ele>1978.8</ele>
    <time>2026-07-16T13:54:55Z</time>
    <extensions>
     <gpxtpx:TrackPointExtension>
      <gpxtpx:atemp>19</gpxtpx:atemp>
     </gpxtpx:TrackPointExtension>
    </extensions>
   </trkpt>
   <trkpt lat="20.6480080" lon="-100.3257220">
    <ele>1978.8</ele>
    <time>2026-07-16T13:54:56Z</time>
    <extensions>
     <gpxtpx:TrackPointExtension>
      <gpxtpx:atemp>19</gpxtpx:atemp>
     </gpxtpx:TrackPointExtension>
    </extensions>
   </trkpt>
   <trkpt lat="20.6480240" lon="-100.3257180">
    <ele>1979.0</ele>
    <time>2026-07-16T13:54:57Z</time>
    <extensions>
     <gpxtpx:TrackPointExtension>
      <gpxtpx:atemp>19</gpxtpx:atemp>
     </gpxtpx:TrackPointExtension>
    </extensions>
   </trkpt>
   <trkpt lat="20.6480420" lon="-100.3257130">
    <ele>1979.2</ele>
    <time>2026-07-16T13:54:58Z</time>
    <extensions>
     <gpxtpx:TrackPointExtension>
      <gpxtpx:atemp>19</gpxtpx:atemp>
     </gpxtpx:TrackPointExtension>
    </extensions>
   </trkpt>
   <trkpt lat="20.6480600" lon="-100.3257080">
    <ele>1979.2</ele>
    <time>2026-07-16T13:54:59Z</time>
    <extensions>
     <gpxtpx:TrackPointExtension>
      <gpxtpx:atemp>19</gpxtpx:atemp>
     </gpxtpx:TrackPointExtension>
    </extensions>
   </trkpt>
   <trkpt lat="20.6480770" lon="-100.3257030">
    <ele>1979.4</ele>
    <time>2026-07-16T13:55:00Z</time>
    <extensions>
     <gpxtpx:TrackPointExtension>
      <gpxtpx:atemp>19</gpxtpx:atemp>
     </gpxtpx:TrackPointExtension>
    </extensions>
   </trkpt>
   <trkpt lat="20.6480950" lon="-100.3256980">
    <ele>1979.4</ele>
    <time>2026-07-16T13:55:01Z</time>
    <extensions>
     <gpxtpx:TrackPointExtension>
      <gpxtpx:atemp>19</gpxtpx:atemp>
     </gpxtpx:TrackPointExtension>
    </extensions>
   </trkpt>
   <trkpt lat="20.6481120" lon="-100.3256930">
    <ele>1979.6</ele>
    <time>2026-07-16T13:55:02Z</time>
    <extensions>
     <gpxtpx:TrackPointExtension>
      <gpxtpx:atemp>19</gpxtpx:atemp>
     </gpxtpx:TrackPointExtension>
    </extensions>
   </trkpt>
   <trkpt lat="20.6481280" lon="-100.3256880">
    <ele>1979.6</ele>
    <time>2026-07-16T13:55:03Z</time>
    <extensions>
     <gpxtpx:TrackPointExtension>
      <gpxtpx:atemp>19</gpxtpx:atemp>
     </gpxtpx:TrackPointExtension>
    </extensions>
   </trkpt>
   <trkpt lat="20.6481450" lon="-100.3256830">
    <ele>1979.6</ele>
    <time>2026-07-16T13:55:04Z</time>
    <extensions>
     <gpxtpx:TrackPointExtension>
      <gpxtpx:atemp>19</gpxtpx:atemp>
     </gpxtpx:TrackPointExtension>
    </extensions>
   </trkpt>
   <trkpt lat="20.6481630" lon="-100.3256780">
    <ele>1979.6</ele>
    <time>2026-07-16T13:55:05Z</time>
    <extensions>
     <gpxtpx:TrackPointExtension>
      <gpxtpx:atemp>19</gpxtpx:atemp>
     </gpxtpx:TrackPointExtension>
    </extensions>
   </trkpt>
   <trkpt lat="20.6481800" lon="-100.3256730">
    <ele>1979.8</ele>
    <time>2026-07-16T13:55:06Z</time>
    <extensions>
     <gpxtpx:TrackPointExtension>
      <gpxtpx:atemp>19</gpxtpx:atemp>
     </gpxtpx:TrackPointExtension>
    </extensions>
   </trkpt>
   <trkpt lat="20.6481980" lon="-100.3256680">
    <ele>1979.8</ele>
    <time>2026-07-16T13:55:07Z</time>
    <extensions>
     <gpxtpx:TrackPointExtension>
      <gpxtpx:atemp>19</gpxtpx:atemp>
     </gpxtpx:TrackPointExtension>
    </extensions>
   </trkpt>
   <trkpt lat="20.6482160" lon="-100.3256630">
    <ele>1979.8</ele>
    <time>2026-07-16T13:55:08Z</time>
    <extensions>
     <gpxtpx:TrackPointExtension>
      <gpxtpx:atemp>19</gpxtpx:atemp>
     </gpxtpx:TrackPointExtension>
    </extensions>
   </trkpt>
   <trkpt lat="20.6482340" lon="-100.3256580">
    <ele>1980.0</ele>
    <time>2026-07-16T13:55:09Z</time>
    <extensions>
     <gpxtpx:TrackPointExtension>
      <gpxtpx:atemp>19</gpxtpx:atemp>
     </gpxtpx:TrackPointExtension>
    </extensions>
   </trkpt>
   <trkpt lat="20.6482530" lon="-100.3256530">
    <ele>1980.0</ele>
    <time>2026-07-16T13:55:10Z</time>
    <extensions>
     <gpxtpx:TrackPointExtension>
      <gpxtpx:atemp>19</gpxtpx:atemp>
     </gpxtpx:TrackPointExtension>
    </extensions>
   </trkpt>
   <trkpt lat="20.6482710" lon="-100.3256470">
    <ele>1980.0</ele>
    <time>2026-07-16T13:55:11Z</time>
    <extensions>
     <gpxtpx:TrackPointExtension>
      <gpxtpx:atemp>19</gpxtpx:atemp>
     </gpxtpx:TrackPointExtension>
    </extensions>
   </trkpt>
   <trkpt lat="20.6482890" lon="-100.3256410">
    <ele>1980.0</ele>
    <time>2026-07-16T13:55:12Z</time>
    <extensions>
     <gpxtpx:TrackPointExtension>
      <gpxtpx:atemp>19</gpxtpx:atemp>
     </gpxtpx:TrackPointExtension>
    </extensions>
   </trkpt>
   <trkpt lat="20.6483070" lon="-100.3256350">
    <ele>1980.2</ele>
    <time>2026-07-16T13:55:13Z</time>
    <extensions>
     <gpxtpx:TrackPointExtension>
      <gpxtpx:atemp>19</gpxtpx:atemp>
     </gpxtpx:TrackPointExtension>
    </extensions>
   </trkpt>
   <trkpt lat="20.6483250" lon="-100.3256300">
    <ele>1980.2</ele>
    <time>2026-07-16T13:55:14Z</time>
    <extensions>
     <gpxtpx:TrackPointExtension>
      <gpxtpx:atemp>19</gpxtpx:atemp>
     </gpxtpx:TrackPointExtension>
    </extensions>
   </trkpt>
   <trkpt lat="20.6483420" lon="-100.3256250">
    <ele>1980.4</ele>
    <time>2026-07-16T13:55:15Z</time>
    <extensions>
     <gpxtpx:TrackPointExtension>
      <gpxtpx:atemp>19</gpxtpx:atemp>
     </gpxtpx:TrackPointExtension>
    </extensions>
   </trkpt>
   <trkpt lat="20.6483590" lon="-100.3256210">
    <ele>1980.4</ele>
    <time>2026-07-16T13:55:16Z</time>
    <extensions>
     <gpxtpx:TrackPointExtension>
      <gpxtpx:atemp>19</gpxtpx:atemp>
     </gpxtpx:TrackPointExtension>
    </extensions>
   </trkpt>
   <trkpt lat="20.6483770" lon="-100.3256170">
    <ele>1980.4</ele>
    <time>2026-07-16T13:55:17Z</time>
    <extensions>
     <gpxtpx:TrackPointExtension>
      <gpxtpx:atemp>19</gpxtpx:atemp>
     </gpxtpx:TrackPointExtension>
    </extensions>
   </trkpt>
   <trkpt lat="20.6483940" lon="-100.3256140">
    <ele>1980.6</ele>
    <time>2026-07-16T13:55:18Z</time>
    <extensions>
     <gpxtpx:TrackPointExtension>
      <gpxtpx:atemp>19</gpxtpx:atemp>
     </gpxtpx:TrackPointExtension>
    </extensions>
   </trkpt>
   <trkpt lat="20.6484110" lon="-100.3256100">
    <ele>1980.6</ele>
    <time>2026-07-16T13:55:19Z</time>
    <extensions>
     <gpxtpx:TrackPointExtension>
      <gpxtpx:atemp>19</gpxtpx:atemp>
     </gpxtpx:TrackPointExtension>
    </extensions>
   </trkpt>
   <trkpt lat="20.6484290" lon="-100.3256050">
    <ele>1980.8</ele>
    <time>2026-07-16T13:55:20Z</time>
    <extensions>
     <gpxtpx:TrackPointExtension>
      <gpxtpx:atemp>19</gpxtpx:atemp>
     </gpxtpx:TrackPointExtension>
    </extensions>
   </trkpt>
   <trkpt lat="20.6484470" lon="-100.3256000">
    <ele>1980.8</ele>
    <time>2026-07-16T13:55:21Z</time>
    <extensions>
     <gpxtpx:TrackPointExtension>
      <gpxtpx:atemp>19</gpxtpx:atemp>
     </gpxtpx:TrackPointExtension>
    </extensions>
   </trkpt>
   <trkpt lat="20.6484640" lon="-100.3255930">
    <ele>1981.0</ele>
    <time>2026-07-16T13:55:22Z</time>
    <extensions>
     <gpxtpx:TrackPointExtension>
      <gpxtpx:atemp>19</gpxtpx:atemp>
     </gpxtpx:TrackPointExtension>
    </extensions>
   </trkpt>
   <trkpt lat="20.6484810" lon="-100.3255870">
    <ele>1981.0</ele>
    <time>2026-07-16T13:55:23Z</time>
    <extensions>
     <gpxtpx:TrackPointExtension>
      <gpxtpx:atemp>19</gpxtpx:atemp>
     </gpxtpx:TrackPointExtension>
    </extensions>
   </trkpt>
   <trkpt lat="20.6484980" lon="-100.3255830">
    <ele>1981.2</ele>
    <time>2026-07-16T13:55:24Z</time>
    <extensions>
     <gpxtpx:TrackPointExtension>
      <gpxtpx:atemp>19</gpxtpx:atemp>
     </gpxtpx:TrackPointExtension>
    </extensions>
   </trkpt>
   <trkpt lat="20.6485150" lon="-100.3255790">
    <ele>1981.2</ele>
    <time>2026-07-16T13:55:25Z</time>
    <extensions>
     <gpxtpx:TrackPointExtension>
      <gpxtpx:atemp>19</gpxtpx:atemp>
     </gpxtpx:TrackPointExtension>
    </extensions>
   </trkpt>
   <trkpt lat="20.6485320" lon="-100.3255770">
    <ele>1981.2</ele>
    <time>2026-07-16T13:55:26Z</time>
    <extensions>
     <gpxtpx:TrackPointExtension>
      <gpxtpx:atemp>19</gpxtpx:atemp>
     </gpxtpx:TrackPointExtension>
    </extensions>
   </trkpt>
   <trkpt lat="20.6485490" lon="-100.3255730">
    <ele>1981.4</ele>
    <time>2026-07-16T13:55:27Z</time>
    <extensions>
     <gpxtpx:TrackPointExtension>
      <gpxtpx:atemp>19</gpxtpx:atemp>
     </gpxtpx:TrackPointExtension>
    </extensions>
   </trkpt>
   <trkpt lat="20.6485650" lon="-100.3255690">
    <ele>1981.4</ele>
    <time>2026-07-16T13:55:28Z</time>
    <extensions>
     <gpxtpx:TrackPointExtension>
      <gpxtpx:atemp>19</gpxtpx:atemp>
     </gpxtpx:TrackPointExtension>
    </extensions>
   </trkpt>
   <trkpt lat="20.6485820" lon="-100.3255640">
    <ele>1981.6</ele>
    <time>2026-07-16T13:55:29Z</time>
    <extensions>
     <gpxtpx:TrackPointExtension>
      <gpxtpx:atemp>19</gpxtpx:atemp>
     </gpxtpx:TrackPointExtension>
    </extensions>
   </trkpt>
   <trkpt lat="20.6485990" lon="-100.3255590">
    <ele>1981.6</ele>
    <time>2026-07-16T13:55:30Z</time>
    <extensions>
     <gpxtpx:TrackPointExtension>
      <gpxtpx:atemp>19</gpxtpx:atemp>
     </gpxtpx:TrackPointExtension>
    </extensions>
   </trkpt>
   <trkpt lat="20.6486150" lon="-100.3255550">
    <ele>1981.8</ele>
    <time>2026-07-16T13:55:31Z</time>
    <extensions>
     <gpxtpx:TrackPointExtension>
      <gpxtpx:atemp>19</gpxtpx:atemp>
     </gpxtpx:TrackPointExtension>
    </extensions>
   </trkpt>
   <trkpt lat="20.6486320" lon="-100.3255500">
    <ele>1981.8</ele>
    <time>2026-07-16T13:55:32Z</time>
    <extensions>
     <gpxtpx:TrackPointExtension>
      <gpxtpx:atemp>19</gpxtpx:atemp>
     </gpxtpx:TrackPointExtension>
    </extensions>
   </trkpt>
   <trkpt lat="20.6486470" lon="-100.3255460">
    <ele>1982.0</ele>
    <time>2026-07-16T13:55:33Z</time>
    <extensions>
     <gpxtpx:TrackPointExtension>
      <gpxtpx:atemp>19</gpxtpx:atemp>
     </gpxtpx:TrackPointExtension>
    </extensions>
   </trkpt>
   <trkpt lat="20.6486630" lon="-100.3255420">
    <ele>1982.0</ele>
    <time>2026-07-16T13:55:34Z</time>
    <extensions>
     <gpxtpx:TrackPointExtension>
      <gpxtpx:atemp>19</gpxtpx:atemp>
     </gpxtpx:TrackPointExtension>
    </extensions>
   </trkpt>
   <trkpt lat="20.6486780" lon="-100.3255370">
    <ele>1982.2</ele>
    <time>2026-07-16T13:55:35Z</time>
    <extensions>
     <gpxtpx:TrackPointExtension>
      <gpxtpx:atemp>19</gpxtpx:atemp>
     </gpxtpx:TrackPointExtension>
    </extensions>
   </trkpt>
   <trkpt lat="20.6486920" lon="-100.3255320">
    <ele>1982.2</ele>
    <time>2026-07-16T13:55:36Z</time>
    <extensions>
     <gpxtpx:TrackPointExtension>
      <gpxtpx:atemp>19</gpxtpx:atemp>
     </gpxtpx:TrackPointExtension>
    </extensions>
   </trkpt>
   <trkpt lat="20.6487080" lon="-100.3255270">
    <ele>1982.4</ele>
    <time>2026-07-16T13:55:37Z</time>
    <extensions>
     <gpxtpx:TrackPointExtension>
      <gpxtpx:atemp>19</gpxtpx:atemp>
     </gpxtpx:TrackPointExtension>
    </extensions>
   </trkpt>
   <trkpt lat="20.6487240" lon="-100.3255230">
    <ele>1982.4</ele>
    <time>2026-07-16T13:55:38Z</time>
    <extensions>
     <gpxtpx:TrackPointExtension>
      <gpxtpx:atemp>19</gpxtpx:atemp>
     </gpxtpx:TrackPointExtension>
    </extensions>
   </trkpt>
   <trkpt lat="20.6487410" lon="-100.3255180">
    <ele>1982.6</ele>
    <time>2026-07-16T13:55:39Z</time>
    <extensions>
     <gpxtpx:TrackPointExtension>
      <gpxtpx:atemp>19</gpxtpx:atemp>
     </gpxtpx:TrackPointExtension>
    </extensions>
   </trkpt>
   <trkpt lat="20.6487570" lon="-100.3255130">
    <ele>1982.6</ele>
    <time>2026-07-16T13:55:40Z</time>
    <extensions>
     <gpxtpx:TrackPointExtension>
      <gpxtpx:atemp>19</gpxtpx:atemp>
     </gpxtpx:TrackPointExtension>
    </extensions>
   </trkpt>
   <trkpt lat="20.6487740" lon="-100.3255090">
    <ele>1982.6</ele>
    <time>2026-07-16T13:55:41Z</time>
    <extensions>
     <gpxtpx:TrackPointExtension>
      <gpxtpx:atemp>19</gpxtpx:atemp>
     </gpxtpx:TrackPointExtension>
    </extensions>
   </trkpt>
   <trkpt lat="20.6487920" lon="-100.3255030">
    <ele>1982.8</ele>
    <time>2026-07-16T13:55:42Z</time>
    <extensions>
     <gpxtpx:TrackPointExtension>
      <gpxtpx:atemp>19</gpxtpx:atemp>
     </gpxtpx:TrackPointExtension>
    </extensions>
   </trkpt>
   <trkpt lat="20.6488090" lon="-100.3254980">
    <ele>1982.8</ele>
    <time>2026-07-16T13:55:43Z</time>
    <extensions>
     <gpxtpx:TrackPointExtension>
      <gpxtpx:atemp>19</gpxtpx:atemp>
     </gpxtpx:TrackPointExtension>
    </extensions>
   </trkpt>
   <trkpt lat="20.6488270" lon="-100.3254940">
    <ele>1982.8</ele>
    <time>2026-07-16T13:55:44Z</time>
    <extensions>
     <gpxtpx:TrackPointExtension>
      <gpxtpx:atemp>19</gpxtpx:atemp>
     </gpxtpx:TrackPointExtension>
    </extensions>
   </trkpt>
   <trkpt lat="20.6488440" lon="-100.3254900">
    <ele>1983.0</ele>
    <time>2026-07-16T13:55:45Z</time>
    <extensions>
     <gpxtpx:TrackPointExtension>
      <gpxtpx:atemp>19</gpxtpx:atemp>
     </gpxtpx:TrackPointExtension>
    </extensions>
   </trkpt>
   <trkpt lat="20.6488600" lon="-100.3254840">
    <ele>1983.0</ele>
    <time>2026-07-16T13:55:46Z</time>
    <extensions>
     <gpxtpx:TrackPointExtension>
      <gpxtpx:atemp>19</gpxtpx:atemp>
     </gpxtpx:TrackPointExtension>
    </extensions>
   </trkpt>
   <trkpt lat="20.6488760" lon="-100.3254780">
    <ele>1983.2</ele>
    <time>2026-07-16T13:55:47Z</time>
    <extensions>
     <gpxtpx:TrackPointExtension>
      <gpxtpx:atemp>19</gpxtpx:atemp>
     </gpxtpx:TrackPointExtension>
    </extensions>
   </trkpt>
   <trkpt lat="20.6488920" lon="-100.3254730">
    <ele>1983.2</ele>
    <time>2026-07-16T13:55:48Z</time>
    <extensions>
     <gpxtpx:TrackPointExtension>
      <gpxtpx:atemp>19</gpxtpx:atemp>
     </gpxtpx:TrackPointExtension>
    </extensions>
   </trkpt>
   <trkpt lat="20.6489080" lon="-100.3254680">
    <ele>1983.4</ele>
    <time>2026-07-16T13:55:49Z</time>
    <extensions>
     <gpxtpx:TrackPointExtension>
      <gpxtpx:atemp>19</gpxtpx:atemp>
     </gpxtpx:TrackPointExtension>
    </extensions>
   </trkpt>
   <trkpt lat="20.6489240" lon="-100.3254630">
    <ele>1983.4</ele>
    <time>2026-07-16T13:55:50Z</time>
    <extensions>
     <gpxtpx:TrackPointExtension>
      <gpxtpx:atemp>19</gpxtpx:atemp>
     </gpxtpx:TrackPointExtension>
    </extensions>
   </trkpt>
   <trkpt lat="20.6489400" lon="-100.3254590">
    <ele>1983.6</ele>
    <time>2026-07-16T13:55:51Z</time>
    <extensions>
     <gpxtpx:TrackPointExtension>
      <gpxtpx:atemp>19</gpxtpx:atemp>
     </gpxtpx:TrackPointExtension>
    </extensions>
   </trkpt>
   <trkpt lat="20.6489570" lon="-100.3254550">
    <ele>1983.8</ele>
    <time>2026-07-16T13:55:52Z</time>
    <extensions>
     <gpxtpx:TrackPointExtension>
      <gpxtpx:atemp>19</gpxtpx:atemp>
     </gpxtpx:TrackPointExtension>
    </extensions>
   </trkpt>
   <trkpt lat="20.6489730" lon="-100.3254510">
    <ele>1983.8</ele>
    <time>2026-07-16T13:55:53Z</time>
    <extensions>
     <gpxtpx:TrackPointExtension>
      <gpxtpx:atemp>19</gpxtpx:atemp>
     </gpxtpx:TrackPointExtension>
    </extensions>
   </trkpt>
   <trkpt lat="20.6489900" lon="-100.3254460">
    <ele>1984.0</ele>
    <time>2026-07-16T13:55:54Z</time>
    <extensions>
     <gpxtpx:TrackPointExtension>
      <gpxtpx:atemp>19</gpxtpx:atemp>
     </gpxtpx:TrackPointExtension>
    </extensions>
   </trkpt>
   <trkpt lat="20.6490070" lon="-100.3254420">
    <ele>1984.0</ele>
    <time>2026-07-16T13:55:55Z</time>
    <extensions>
     <gpxtpx:TrackPointExtension>
      <gpxtpx:atemp>19</gpxtpx:atemp>
     </gpxtpx:TrackPointExtension>
    </extensions>
   </trkpt>
   <trkpt lat="20.6490250" lon="-100.3254390">
    <ele>1984.2</ele>
    <time>2026-07-16T13:55:56Z</time>
    <extensions>
     <gpxtpx:TrackPointExtension>
      <gpxtpx:atemp>19</gpxtpx:atemp>
     </gpxtpx:TrackPointExtension>
    </extensions>
   </trkpt>
   <trkpt lat="20.6490420" lon="-100.3254350">
    <ele>1984.2</ele>
    <time>2026-07-16T13:55:57Z</time>
    <extensions>
     <gpxtpx:TrackPointExtension>
      <gpxtpx:atemp>19</gpxtpx:atemp>
     </gpxtpx:TrackPointExtension>
    </extensions>
   </trkpt>
   <trkpt lat="20.6490590" lon="-100.3254300">
    <ele>1984.4</ele>
    <time>2026-07-16T13:55:58Z</time>
    <extensions>
     <gpxtpx:TrackPointExtension>
      <gpxtpx:atemp>19</gpxtpx:atemp>
     </gpxtpx:TrackPointExtension>
    </extensions>
   </trkpt>
   <trkpt lat="20.6490770" lon="-100.3254250">
    <ele>1984.4</ele>
    <time>2026-07-16T13:55:59Z</time>
    <extensions>
     <gpxtpx:TrackPointExtension>
      <gpxtpx:atemp>19</gpxtpx:atemp>
     </gpxtpx:TrackPointExtension>
    </extensions>
   </trkpt>
   <trkpt lat="20.6490940" lon="-100.3254190">
    <ele>1984.6</ele>
    <time>2026-07-16T13:56:00Z</time>
    <extensions>
     <gpxtpx:TrackPointExtension>
      <gpxtpx:atemp>19</gpxtpx:atemp>
     </gpxtpx:TrackPointExtension>
    </extensions>
   </trkpt>
   <trkpt lat="20.6491130" lon="-100.3254140">
    <ele>1984.6</ele>
    <time>2026-07-16T13:56:01Z</time>
    <extensions>
     <gpxtpx:TrackPointExtension>
      <gpxtpx:atemp>19</gpxtpx:atemp>
     </gpxtpx:TrackPointExtension>
    </extensions>
   </trkpt>
   <trkpt lat="20.6491300" lon="-100.3254080">
    <ele>1984.8</ele>
    <time>2026-07-16T13:56:02Z</time>
    <extensions>
     <gpxtpx:TrackPointExtension>
      <gpxtpx:atemp>19</gpxtpx:atemp>
     </gpxtpx:TrackPointExtension>
    </extensions>
   </trkpt>
   <trkpt lat="20.6491490" lon="-100.3254020">
    <ele>1984.8</ele>
    <time>2026-07-16T13:56:03Z</time>
    <extensions>
     <gpxtpx:TrackPointExtension>
      <gpxtpx:atemp>19</gpxtpx:atemp>
     </gpxtpx:TrackPointExtension>
    </extensions>
   </trkpt>
   <trkpt lat="20.6491690" lon="-100.3253970">
    <ele>1985.0</ele>
    <time>2026-07-16T13:56:04Z</time>
    <extensions>
     <gpxtpx:TrackPointExtension>
      <gpxtpx:atemp>19</gpxtpx:atemp>
     </gpxtpx:TrackPointExtension>
    </extensions>
   </trkpt>
   <trkpt lat="20.6491890" lon="-100.3253930">
    <ele>1985.0</ele>
    <time>2026-07-16T13:56:05Z</time>
    <extensions>
     <gpxtpx:TrackPointExtension>
      <gpxtpx:atemp>19</gpxtpx:atemp>
     </gpxtpx:TrackPointExtension>
    </extensions>
   </trkpt>
   <trkpt lat="20.6492080" lon="-100.3253880">
    <ele>1985.2</ele>
    <time>2026-07-16T13:56:06Z</time>
    <extensions>
     <gpxtpx:TrackPointExtension>
      <gpxtpx:atemp>19</gpxtpx:atemp>
     </gpxtpx:TrackPointExtension>
    </extensions>
   </trkpt>
   <trkpt lat="20.6492270" lon="-100.3253830">
    <ele>1985.2</ele>
    <time>2026-07-16T13:56:07Z</time>
    <extensions>
     <gpxtpx:TrackPointExtension>
      <gpxtpx:atemp>19</gpxtpx:atemp>
     </gpxtpx:TrackPointExtension>
    </extensions>
   </trkpt>
   <trkpt lat="20.6492460" lon="-100.3253780">
    <ele>1985.2</ele>
    <time>2026-07-16T13:56:08Z</time>
    <extensions>
     <gpxtpx:TrackPointExtension>
      <gpxtpx:atemp>19</gpxtpx:atemp>
     </gpxtpx:TrackPointExtension>
    </extensions>
   </trkpt>
   <trkpt lat="20.6492660" lon="-100.3253750">
    <ele>1985.4</ele>
    <time>2026-07-16T13:56:09Z</time>
    <extensions>
     <gpxtpx:TrackPointExtension>
      <gpxtpx:atemp>19</gpxtpx:atemp>
     </gpxtpx:TrackPointExtension>
    </extensions>
   </trkpt>
   <trkpt lat="20.6492850" lon="-100.3253720">
    <ele>1985.4</ele>
    <time>2026-07-16T13:56:10Z</time>
    <extensions>
     <gpxtpx:TrackPointExtension>
      <gpxtpx:atemp>19</gpxtpx:atemp>
     </gpxtpx:TrackPointExtension>
    </extensions>
   </trkpt>
   <trkpt lat="20.6493040" lon="-100.3253690">
    <ele>1985.6</ele>
    <time>2026-07-16T13:56:11Z</time>
    <extensions>
     <gpxtpx:TrackPointExtension>
      <gpxtpx:atemp>19</gpxtpx:atemp>
     </gpxtpx:TrackPointExtension>
    </extensions>
   </trkpt>
   <trkpt lat="20.6493230" lon="-100.3253660">
    <ele>1985.6</ele>
    <time>2026-07-16T13:56:12Z</time>
    <extensions>
     <gpxtpx:TrackPointExtension>
      <gpxtpx:atemp>19</gpxtpx:atemp>
     </gpxtpx:TrackPointExtension>
    </extensions>
   </trkpt>
   <trkpt lat="20.6493410" lon="-100.3253630">
    <ele>1985.8</ele>
    <time>2026-07-16T13:56:13Z</time>
    <extensions>
     <gpxtpx:TrackPointExtension>
      <gpxtpx:atemp>19</gpxtpx:atemp>
     </gpxtpx:TrackPointExtension>
    </extensions>
   </trkpt>
   <trkpt lat="20.6493600" lon="-100.3253600">
    <ele>1985.8</ele>
    <time>2026-07-16T13:56:14Z</time>
    <extensions>
     <gpxtpx:TrackPointExtension>
      <gpxtpx:atemp>19</gpxtpx:atemp>
     </gpxtpx:TrackPointExtension>
    </extensions>
   </trkpt>
   <trkpt lat="20.6493790" lon="-100.3253560">
    <ele>1986.0</ele>
    <time>2026-07-16T13:56:15Z</time>
    <extensions>
     <gpxtpx:TrackPointExtension>
      <gpxtpx:atemp>19</gpxtpx:atemp>
     </gpxtpx:TrackPointExtension>
    </extensions>
   </trkpt>
   <trkpt lat="20.6493990" lon="-100.3253520">
    <ele>1986.0</ele>
    <time>2026-07-16T13:56:16Z</time>
    <extensions>
     <gpxtpx:TrackPointExtension>
      <gpxtpx:atemp>19</gpxtpx:atemp>
     </gpxtpx:TrackPointExtension>
    </extensions>
   </trkpt>
   <trkpt lat="20.6494180" lon="-100.3253470">
    <ele>1986.0</ele>
    <time>2026-07-16T13:56:17Z</time>
    <extensions>
     <gpxtpx:TrackPointExtension>
      <gpxtpx:atemp>19</gpxtpx:atemp>
     </gpxtpx:TrackPointExtension>
    </extensions>
   </trkpt>
   <trkpt lat="20.6494370" lon="-100.3253420">
    <ele>1986.2</ele>
    <time>2026-07-16T13:56:18Z</time>
    <extensions>
     <gpxtpx:TrackPointExtension>
      <gpxtpx:atemp>19</gpxtpx:atemp>
     </gpxtpx:TrackPointExtension>
    </extensions>
   </trkpt>
   <trkpt lat="20.6494550" lon="-100.3253370">
    <ele>1986.2</ele>
    <time>2026-07-16T13:56:19Z</time>
    <extensions>
     <gpxtpx:TrackPointExtension>
      <gpxtpx:atemp>19</gpxtpx:atemp>
     </gpxtpx:TrackPointExtension>
    </extensions>
   </trkpt>
   <trkpt lat="20.6494730" lon="-100.3253320">
    <ele>1986.4</ele>
    <time>2026-07-16T13:56:20Z</time>
    <extensions>
     <gpxtpx:TrackPointExtension>
      <gpxtpx:atemp>19</gpxtpx:atemp>
     </gpxtpx:TrackPointExtension>
    </extensions>
   </trkpt>
   <trkpt lat="20.6494890" lon="-100.3253270">
    <ele>1986.4</ele>
    <time>2026-07-16T13:56:21Z</time>
    <extensions>
     <gpxtpx:TrackPointExtension>
      <gpxtpx:atemp>19</gpxtpx:atemp>
     </gpxtpx:TrackPointExtension>
    </extensions>
   </trkpt>
   <trkpt lat="20.6495050" lon="-100.3253220">
    <ele>1986.4</ele>
    <time>2026-07-16T13:56:22Z</time>
    <extensions>
     <gpxtpx:TrackPointExtension>
      <gpxtpx:atemp>19</gpxtpx:atemp>
     </gpxtpx:TrackPointExtension>
    </extensions>
   </trkpt>
   <trkpt lat="20.6495210" lon="-100.3253170">
    <ele>1986.6</ele>
    <time>2026-07-16T13:56:23Z</time>
    <extensions>
     <gpxtpx:TrackPointExtension>
      <gpxtpx:atemp>19</gpxtpx:atemp>
     </gpxtpx:TrackPointExtension>
    </extensions>
   </trkpt>
   <trkpt lat="20.6495380" lon="-100.3253140">
    <ele>1986.6</ele>
    <time>2026-07-16T13:56:24Z</time>
    <extensions>
     <gpxtpx:TrackPointExtension>
      <gpxtpx:atemp>19</gpxtpx:atemp>
     </gpxtpx:TrackPointExtension>
    </extensions>
   </trkpt>
   <trkpt lat="20.6495550" lon="-100.3253100">
    <ele>1986.8</ele>
    <time>2026-07-16T13:56:25Z</time>
    <extensions>
     <gpxtpx:TrackPointExtension>
      <gpxtpx:atemp>19</gpxtpx:atemp>
     </gpxtpx:TrackPointExtension>
    </extensions>
   </trkpt>
   <trkpt lat="20.6495720" lon="-100.3253050">
    <ele>1986.8</ele>
    <time>2026-07-16T13:56:26Z</time>
    <extensions>
     <gpxtpx:TrackPointExtension>
      <gpxtpx:atemp>19</gpxtpx:atemp>
     </gpxtpx:TrackPointExtension>
    </extensions>
   </trkpt>
   <trkpt lat="20.6495890" lon="-100.3253000">
    <ele>1987.0</ele>
    <time>2026-07-16T13:56:27Z</time>
    <extensions>
     <gpxtpx:TrackPointExtension>
      <gpxtpx:atemp>19</gpxtpx:atemp>
     </gpxtpx:TrackPointExtension>
    </extensions>
   </trkpt>
   <trkpt lat="20.6496070" lon="-100.3252950">
    <ele>1987.0</ele>
    <time>2026-07-16T13:56:28Z</time>
    <extensions>
     <gpxtpx:TrackPointExtension>
      <gpxtpx:atemp>19</gpxtpx:atemp>
     </gpxtpx:TrackPointExtension>
    </extensions>
   </trkpt>
   <trkpt lat="20.6496240" lon="-100.3252910">
    <ele>1987.2</ele>
    <time>2026-07-16T13:56:29Z</time>
    <extensions>
     <gpxtpx:TrackPointExtension>
      <gpxtpx:atemp>19</gpxtpx:atemp>
     </gpxtpx:TrackPointExtension>
    </extensions>
   </trkpt>
   <trkpt lat="20.6496420" lon="-100.3252870">
    <ele>1987.2</ele>
    <time>2026-07-16T13:56:30Z</time>
    <extensions>
     <gpxtpx:TrackPointExtension>
      <gpxtpx:atemp>19</gpxtpx:atemp>
     </gpxtpx:TrackPointExtension>
    </extensions>
   </trkpt>
   <trkpt lat="20.6496590" lon="-100.3252830">
    <ele>1987.4</ele>
    <time>2026-07-16T13:56:31Z</time>
    <extensions>
     <gpxtpx:TrackPointExtension>
      <gpxtpx:atemp>19</gpxtpx:atemp>
     </gpxtpx:TrackPointExtension>
    </extensions>
   </trkpt>
   <trkpt lat="20.6496760" lon="-100.3252790">
    <ele>1987.4</ele>
    <time>2026-07-16T13:56:32Z</time>
    <extensions>
     <gpxtpx:TrackPointExtension>
      <gpxtpx:atemp>19</gpxtpx:atemp>
     </gpxtpx:TrackPointExtension>
    </extensions>
   </trkpt>
   <trkpt lat="20.6496940" lon="-100.3252750">
    <ele>1987.6</ele>
    <time>2026-07-16T13:56:33Z</time>
    <extensions>
     <gpxtpx:TrackPointExtension>
      <gpxtpx:atemp>19</gpxtpx:atemp>
     </gpxtpx:TrackPointExtension>
    </extensions>
   </trkpt>
   <trkpt lat="20.6497100" lon="-100.3252700">
    <ele>1987.6</ele>
    <time>2026-07-16T13:56:34Z</time>
    <extensions>
     <gpxtpx:TrackPointExtension>
      <gpxtpx:atemp>19</gpxtpx:atemp>
     </gpxtpx:TrackPointExtension>
    </extensions>
   </trkpt>
   <trkpt lat="20.6497260" lon="-100.3252650">
    <ele>1987.8</ele>
    <time>2026-07-16T13:56:35Z</time>
    <extensions>
     <gpxtpx:TrackPointExtension>
      <gpxtpx:atemp>19</gpxtpx:atemp>
     </gpxtpx:TrackPointExtension>
    </extensions>
   </trkpt>
   <trkpt lat="20.6497430" lon="-100.3252600">
    <ele>1987.8</ele>
    <time>2026-07-16T13:56:36Z</time>
    <extensions>
     <gpxtpx:TrackPointExtension>
      <gpxtpx:atemp>19</gpxtpx:atemp>
     </gpxtpx:TrackPointExtension>
    </extensions>
   </trkpt>
   <trkpt lat="20.6497600" lon="-100.3252550">
    <ele>1988.0</ele>
    <time>2026-07-16T13:56:37Z</time>
    <extensions>
     <gpxtpx:TrackPointExtension>
      <gpxtpx:atemp>19</gpxtpx:atemp>
     </gpxtpx:TrackPointExtension>
    </extensions>
   </trkpt>
   <trkpt lat="20.6497770" lon="-100.3252500">
    <ele>1988.0</ele>
    <time>2026-07-16T13:56:38Z</time>
    <extensions>
     <gpxtpx:TrackPointExtension>
      <gpxtpx:atemp>19</gpxtpx:atemp>
     </gpxtpx:TrackPointExtension>
    </extensions>
   </trkpt>
   <trkpt lat="20.6497940" lon="-100.3252440">
    <ele>1988.2</ele>
    <time>2026-07-16T13:56:39Z</time>
    <extensions>
     <gpxtpx:TrackPointExtension>
      <gpxtpx:atemp>19</gpxtpx:atemp>
     </gpxtpx:TrackPointExtension>
    </extensions>
   </trkpt>
   <trkpt lat="20.6498120" lon="-100.3252390">
    <ele>1988.2</ele>
    <time>2026-07-16T13:56:40Z</time>
    <extensions>
     <gpxtpx:TrackPointExtension>
      <gpxtpx:atemp>19</gpxtpx:atemp>
     </gpxtpx:TrackPointExtension>
    </extensions>
   </trkpt>
   <trkpt lat="20.6498310" lon="-100.3252330">
    <ele>1988.4</ele>
    <time>2026-07-16T13:56:41Z</time>
    <extensions>
     <gpxtpx:TrackPointExtension>
      <gpxtpx:atemp>19</gpxtpx:atemp>
     </gpxtpx:TrackPointExtension>
    </extensions>
   </trkpt>
   <trkpt lat="20.6498500" lon="-100.3252290">
    <ele>1988.4</ele>
    <time>2026-07-16T13:56:42Z</time>
    <extensions>
     <gpxtpx:TrackPointExtension>
      <gpxtpx:atemp>19</gpxtpx:atemp>
     </gpxtpx:TrackPointExtension>
    </extensions>
   </trkpt>
   <trkpt lat="20.6498710" lon="-100.3252240">
    <ele>1988.6</ele>
    <time>2026-07-16T13:56:43Z</time>
    <extensions>
     <gpxtpx:TrackPointExtension>
      <gpxtpx:atemp>19</gpxtpx:atemp>
     </gpxtpx:TrackPointExtension>
    </extensions>
   </trkpt>
   <trkpt lat="20.6498920" lon="-100.3252200">
    <ele>1988.6</ele>
    <time>2026-07-16T13:56:44Z</time>
    <extensions>
     <gpxtpx:TrackPointExtension>
      <gpxtpx:atemp>19</gpxtpx:atemp>
     </gpxtpx:TrackPointExtension>
    </extensions>
   </trkpt>
   <trkpt lat="20.6499120" lon="-100.3252140">
    <ele>1988.8</ele>
    <time>2026-07-16T13:56:45Z</time>
    <extensions>
     <gpxtpx:TrackPointExtension>
      <gpxtpx:atemp>19</gpxtpx:atemp>
     </gpxtpx:TrackPointExtension>
    </extensions>
   </trkpt>
   <trkpt lat="20.6499310" lon="-100.3252080">
    <ele>1989.0</ele>
    <time>2026-07-16T13:56:46Z</time>
    <extensions>
     <gpxtpx:TrackPointExtension>
      <gpxtpx:atemp>19</gpxtpx:atemp>
     </gpxtpx:TrackPointExtension>
    </extensions>
   </trkpt>
   <trkpt lat="20.6499500" lon="-100.3252010">
    <ele>1989.0</ele>
    <time>2026-07-16T13:56:47Z</time>
    <extensions>
     <gpxtpx:TrackPointExtension>
      <gpxtpx:atemp>19</gpxtpx:atemp>
     </gpxtpx:TrackPointExtension>
    </extensions>
   </trkpt>
   <trkpt lat="20.6499680" lon="-100.3251940">
    <ele>1989.2</ele>
    <time>2026-07-16T13:56:48Z</time>
    <extensions>
     <gpxtpx:TrackPointExtension>
      <gpxtpx:atemp>19</gpxtpx:atemp>
     </gpxtpx:TrackPointExtension>
    </extensions>
   </trkpt>
   <trkpt lat="20.6499850" lon="-100.3251860">
    <ele>1989.2</ele>
    <time>2026-07-16T13:56:49Z</time>
    <extensions>
     <gpxtpx:TrackPointExtension>
      <gpxtpx:atemp>19</gpxtpx:atemp>
     </gpxtpx:TrackPointExtension>
    </extensions>
   </trkpt>
   <trkpt lat="20.6500020" lon="-100.3251790">
    <ele>1989.4</ele>
    <time>2026-07-16T13:56:50Z</time>
    <extensions>
     <gpxtpx:TrackPointExtension>
      <gpxtpx:atemp>19</gpxtpx:atemp>
     </gpxtpx:TrackPointExtension>
    </extensions>
   </trkpt>
   <trkpt lat="20.6500190" lon="-100.3251740">
    <ele>1989.6</ele>
    <time>2026-07-16T13:56:51Z</time>
    <extensions>
     <gpxtpx:TrackPointExtension>
      <gpxtpx:atemp>19</gpxtpx:atemp>
     </gpxtpx:TrackPointExtension>
    </extensions>
   </trkpt>
   <trkpt lat="20.6500370" lon="-100.3251720">
    <ele>1989.6</ele>
    <time>2026-07-16T13:56:52Z</time>
    <extensions>
     <gpxtpx:TrackPointExtension>
      <gpxtpx:atemp>19</gpxtpx:atemp>
     </gpxtpx:TrackPointExtension>
    </extensions>
   </trkpt>
   <trkpt lat="20.6500550" lon="-100.3251680">
    <ele>1989.8</ele>
    <time>2026-07-16T13:56:53Z</time>
    <extensions>
     <gpxtpx:TrackPointExtension>
      <gpxtpx:atemp>19</gpxtpx:atemp>
     </gpxtpx:TrackPointExtension>
    </extensions>
   </trkpt>
   <trkpt lat="20.6500730" lon="-100.3251640">
    <ele>1989.8</ele>
    <time>2026-07-16T13:56:54Z</time>
    <extensions>
     <gpxtpx:TrackPointExtension>
      <gpxtpx:atemp>19</gpxtpx:atemp>
     </gpxtpx:TrackPointExtension>
    </extensions>
   </trkpt>
   <trkpt lat="20.6500910" lon="-100.3251580">
    <ele>1990.0</ele>
    <time>2026-07-16T13:56:55Z</time>
    <extensions>
     <gpxtpx:TrackPointExtension>
      <gpxtpx:atemp>19</gpxtpx:atemp>
     </gpxtpx:TrackPointExtension>
    </extensions>
   </trkpt>
   <trkpt lat="20.6501100" lon="-100.3251520">
    <ele>1990.0</ele>
    <time>2026-07-16T13:56:56Z</time>
    <extensions>
     <gpxtpx:TrackPointExtension>
      <gpxtpx:atemp>19</gpxtpx:atemp>
     </gpxtpx:TrackPointExtension>
    </extensions>
   </trkpt>
   <trkpt lat="20.6501280" lon="-100.3251470">
    <ele>1990.2</ele>
    <time>2026-07-16T13:56:57Z</time>
    <extensions>
     <gpxtpx:TrackPointExtension>
      <gpxtpx:atemp>19</gpxtpx:atemp>
     </gpxtpx:TrackPointExtension>
    </extensions>
   </trkpt>
   <trkpt lat="20.6501470" lon="-100.3251420">
    <ele>1990.2</ele>
    <time>2026-07-16T13:56:58Z</time>
    <extensions>
     <gpxtpx:TrackPointExtension>
      <gpxtpx:atemp>19</gpxtpx:atemp>
     </gpxtpx:TrackPointExtension>
    </extensions>
   </trkpt>
   <trkpt lat="20.6501670" lon="-100.3251390">
    <ele>1990.4</ele>
    <time>2026-07-16T13:56:59Z</time>
    <extensions>
     <gpxtpx:TrackPointExtension>
      <gpxtpx:atemp>19</gpxtpx:atemp>
     </gpxtpx:TrackPointExtension>
    </extensions>
   </trkpt>
   <trkpt lat="20.6501860" lon="-100.3251340">
    <ele>1990.4</ele>
    <time>2026-07-16T13:57:00Z</time>
    <extensions>
     <gpxtpx:TrackPointExtension>
      <gpxtpx:atemp>19</gpxtpx:atemp>
     </gpxtpx:TrackPointExtension>
    </extensions>
   </trkpt>
   <trkpt lat="20.6502050" lon="-100.3251280">
    <ele>1990.6</ele>
    <time>2026-07-16T13:57:01Z</time>
    <extensions>
     <gpxtpx:TrackPointExtension>
      <gpxtpx:atemp>19</gpxtpx:atemp>
     </gpxtpx:TrackPointExtension>
    </extensions>
   </trkpt>
   <trkpt lat="20.6502240" lon="-100.3251210">
    <ele>1990.8</ele>
    <time>2026-07-16T13:57:02Z</time>
    <extensions>
     <gpxtpx:TrackPointExtension>
      <gpxtpx:atemp>19</gpxtpx:atemp>
     </gpxtpx:TrackPointExtension>
    </extensions>
   </trkpt>
   <trkpt lat="20.6502410" lon="-100.3251150">
    <ele>1990.8</ele>
    <time>2026-07-16T13:57:03Z</time>
    <extensions>
     <gpxtpx:TrackPointExtension>
      <gpxtpx:atemp>19</gpxtpx:atemp>
     </gpxtpx:TrackPointExtension>
    </extensions>
   </trkpt>
   <trkpt lat="20.6502600" lon="-100.3251100">
    <ele>1991.0</ele>
    <time>2026-07-16T13:57:04Z</time>
    <extensions>
     <gpxtpx:TrackPointExtension>
      <gpxtpx:atemp>19</gpxtpx:atemp>
     </gpxtpx:TrackPointExtension>
    </extensions>
   </trkpt>
   <trkpt lat="20.6502780" lon="-100.3251050">
    <ele>1991.0</ele>
    <time>2026-07-16T13:57:05Z</time>
    <extensions>
     <gpxtpx:TrackPointExtension>
      <gpxtpx:atemp>19</gpxtpx:atemp>
     </gpxtpx:TrackPointExtension>
    </extensions>
   </trkpt>
   <trkpt lat="20.6502960" lon="-100.3251010">
    <ele>1991.2</ele>
    <time>2026-07-16T13:57:06Z</time>
    <extensions>
     <gpxtpx:TrackPointExtension>
      <gpxtpx:atemp>19</gpxtpx:atemp>
     </gpxtpx:TrackPointExtension>
    </extensions>
   </trkpt>
   <trkpt lat="20.6503130" lon="-100.3250940">
    <ele>1991.2</ele>
    <time>2026-07-16T13:57:07Z</time>
    <extensions>
     <gpxtpx:TrackPointExtension>
      <gpxtpx:atemp>19</gpxtpx:atemp>
     </gpxtpx:TrackPointExtension>
    </extensions>
   </trkpt>
   <trkpt lat="20.6503290" lon="-100.3250870">
    <ele>1991.4</ele>
    <time>2026-07-16T13:57:08Z</time>
    <extensions>
     <gpxtpx:TrackPointExtension>
      <gpxtpx:atemp>19</gpxtpx:atemp>
     </gpxtpx:TrackPointExtension>
    </extensions>
   </trkpt>
   <trkpt lat="20.6503440" lon="-100.3250790">
    <ele>1991.4</ele>
    <time>2026-07-16T13:57:09Z</time>
    <extensions>
     <gpxtpx:TrackPointExtension>
      <gpxtpx:atemp>19</gpxtpx:atemp>
     </gpxtpx:TrackPointExtension>
    </extensions>
   </trkpt>
   <trkpt lat="20.6503600" lon="-100.3250710">
    <ele>1991.6</ele>
    <time>2026-07-16T13:57:10Z</time>
    <extensions>
     <gpxtpx:TrackPointExtension>
      <gpxtpx:atemp>19</gpxtpx:atemp>
     </gpxtpx:TrackPointExtension>
    </extensions>
   </trkpt>
   <trkpt lat="20.6503770" lon="-100.3250640">
    <ele>1991.6</ele>
    <time>2026-07-16T13:57:11Z</time>
    <extensions>
     <gpxtpx:TrackPointExtension>
      <gpxtpx:atemp>19</gpxtpx:atemp>
     </gpxtpx:TrackPointExtension>
    </extensions>
   </trkpt>
   <trkpt lat="20.6503950" lon="-100.3250580">
    <ele>1991.8</ele>
    <time>2026-07-16T13:57:12Z</time>
    <extensions>
     <gpxtpx:TrackPointExtension>
      <gpxtpx:atemp>19</gpxtpx:atemp>
     </gpxtpx:TrackPointExtension>
    </extensions>
   </trkpt>
   <trkpt lat="20.6504140" lon="-100.3250520">
    <ele>1992.0</ele>
    <time>2026-07-16T13:57:13Z</time>
    <extensions>
     <gpxtpx:TrackPointExtension>
      <gpxtpx:atemp>19</gpxtpx:atemp>
     </gpxtpx:TrackPointExtension>
    </extensions>
   </trkpt>
   <trkpt lat="20.6504320" lon="-100.3250480">
    <ele>1992.0</ele>
    <time>2026-07-16T13:57:14Z</time>
    <extensions>
     <gpxtpx:TrackPointExtension>
      <gpxtpx:atemp>19</gpxtpx:atemp>
     </gpxtpx:TrackPointExtension>
    </extensions>
   </trkpt>
   <trkpt lat="20.6504510" lon="-100.3250440">
    <ele>1992.2</ele>
    <time>2026-07-16T13:57:15Z</time>
    <extensions>
     <gpxtpx:TrackPointExtension>
      <gpxtpx:atemp>19</gpxtpx:atemp>
     </gpxtpx:TrackPointExtension>
    </extensions>
   </trkpt>
   <trkpt lat="20.6504700" lon="-100.3250390">
    <ele>1992.4</ele>
    <time>2026-07-16T13:57:16Z</time>
    <extensions>
     <gpxtpx:TrackPointExtension>
      <gpxtpx:atemp>19</gpxtpx:atemp>
     </gpxtpx:TrackPointExtension>
    </extensions>
   </trkpt>
   <trkpt lat="20.6504880" lon="-100.3250350">
    <ele>1992.4</ele>
    <time>2026-07-16T13:57:17Z</time>
    <extensions>
     <gpxtpx:TrackPointExtension>
      <gpxtpx:atemp>19</gpxtpx:atemp>
     </gpxtpx:TrackPointExtension>
    </extensions>
   </trkpt>
   <trkpt lat="20.6505060" lon="-100.3250300">
    <ele>1992.6</ele>
    <time>2026-07-16T13:57:18Z</time>
    <extensions>
     <gpxtpx:TrackPointExtension>
      <gpxtpx:atemp>19</gpxtpx:atemp>
     </gpxtpx:TrackPointExtension>
    </extensions>
   </trkpt>
   <trkpt lat="20.6505230" lon="-100.3250240">
    <ele>1992.6</ele>
    <time>2026-07-16T13:57:19Z</time>
    <extensions>
     <gpxtpx:TrackPointExtension>
      <gpxtpx:atemp>19</gpxtpx:atemp>
     </gpxtpx:TrackPointExtension>
    </extensions>
   </trkpt>
   <trkpt lat="20.6505400" lon="-100.3250180">
    <ele>1992.8</ele>
    <time>2026-07-16T13:57:20Z</time>
    <extensions>
     <gpxtpx:TrackPointExtension>
      <gpxtpx:atemp>19</gpxtpx:atemp>
     </gpxtpx:TrackPointExtension>
    </extensions>
   </trkpt>
   <trkpt lat="20.6505570" lon="-100.3250120">
    <ele>1992.8</ele>
    <time>2026-07-16T13:57:21Z</time>
    <extensions>
     <gpxtpx:TrackPointExtension>
      <gpxtpx:atemp>19</gpxtpx:atemp>
     </gpxtpx:TrackPointExtension>
    </extensions>
   </trkpt>
   <trkpt lat="20.6505740" lon="-100.3250070">
    <ele>1993.0</ele>
    <time>2026-07-16T13:57:22Z</time>
    <extensions>
     <gpxtpx:TrackPointExtension>
      <gpxtpx:atemp>19</gpxtpx:atemp>
     </gpxtpx:TrackPointExtension>
    </extensions>
   </trkpt>
   <trkpt lat="20.6505910" lon="-100.3250040">
    <ele>1993.2</ele>
    <time>2026-07-16T13:57:23Z</time>
    <extensions>
     <gpxtpx:TrackPointExtension>
      <gpxtpx:atemp>19</gpxtpx:atemp>
     </gpxtpx:TrackPointExtension>
    </extensions>
   </trkpt>
   <trkpt lat="20.6506090" lon="-100.3250020">
    <ele>1993.2</ele>
    <time>2026-07-16T13:57:24Z</time>
    <extensions>
     <gpxtpx:TrackPointExtension>
      <gpxtpx:atemp>19</gpxtpx:atemp>
     </gpxtpx:TrackPointExtension>
    </extensions>
   </trkpt>
   <trkpt lat="20.6506280" lon="-100.3250010">
    <ele>1993.4</ele>
    <time>2026-07-16T13:57:25Z</time>
    <extensions>
     <gpxtpx:TrackPointExtension>
      <gpxtpx:atemp>19</gpxtpx:atemp>
     </gpxtpx:TrackPointExtension>
    </extensions>
   </trkpt>
   <trkpt lat="20.6506450" lon="-100.3250000">
    <ele>1993.4</ele>
    <time>2026-07-16T13:57:26Z</time>
    <extensions>
     <gpxtpx:TrackPointExtension>
      <gpxtpx:atemp>19</gpxtpx:atemp>
     </gpxtpx:TrackPointExtension>
    </extensions>
   </trkpt>
   <trkpt lat="20.6506620" lon="-100.3249980">
    <ele>1993.4</ele>
    <time>2026-07-16T13:57:27Z</time>
    <extensions>
     <gpxtpx:TrackPointExtension>
      <gpxtpx:atemp>19</gpxtpx:atemp>
     </gpxtpx:TrackPointExtension>
    </extensions>
   </trkpt>
   <trkpt lat="20.6506800" lon="-100.3249950">
    <ele>1993.6</ele>
    <time>2026-07-16T13:57:28Z</time>
    <extensions>
     <gpxtpx:TrackPointExtension>
      <gpxtpx:atemp>19</gpxtpx:atemp>
     </gpxtpx:TrackPointExtension>
    </extensions>
   </trkpt>
   <trkpt lat="20.6506980" lon="-100.3249920">
    <ele>1993.6</ele>
    <time>2026-07-16T13:57:29Z</time>
    <extensions>
     <gpxtpx:TrackPointExtension>
      <gpxtpx:atemp>19</gpxtpx:atemp>
     </gpxtpx:TrackPointExtension>
    </extensions>
   </trkpt>
   <trkpt lat="20.6507160" lon="-100.3249880">
    <ele>1993.8</ele>
    <time>2026-07-16T13:57:30Z</time>
    <extensions>
     <gpxtpx:TrackPointExtension>
      <gpxtpx:atemp>19</gpxtpx:atemp>
     </gpxtpx:TrackPointExtension>
    </extensions>
   </trkpt>
   <trkpt lat="20.6507340" lon="-100.3249820">
    <ele>1993.8</ele>
    <time>2026-07-16T13:57:31Z</time>
    <extensions>
     <gpxtpx:TrackPointExtension>
      <gpxtpx:atemp>19</gpxtpx:atemp>
     </gpxtpx:TrackPointExtension>
    </extensions>
   </trkpt>
   <trkpt lat="20.6507500" lon="-100.3249760">
    <ele>1994.0</ele>
    <time>2026-07-16T13:57:32Z</time>
    <extensions>
     <gpxtpx:TrackPointExtension>
      <gpxtpx:atemp>19</gpxtpx:atemp>
     </gpxtpx:TrackPointExtension>
    </extensions>
   </trkpt>
   <trkpt lat="20.6507650" lon="-100.3249690">
    <ele>1994.0</ele>
    <time>2026-07-16T13:57:33Z</time>
    <extensions>
     <gpxtpx:TrackPointExtension>
      <gpxtpx:atemp>19</gpxtpx:atemp>
     </gpxtpx:TrackPointExtension>
    </extensions>
   </trkpt>
   <trkpt lat="20.6507800" lon="-100.3249620">
    <ele>1994.2</ele>
    <time>2026-07-16T13:57:34Z</time>
    <extensions>
     <gpxtpx:TrackPointExtension>
      <gpxtpx:atemp>19</gpxtpx:atemp>
     </gpxtpx:TrackPointExtension>
    </extensions>
   </trkpt>
   <trkpt lat="20.6507960" lon="-100.3249560">
    <ele>1994.2</ele>
    <time>2026-07-16T13:57:35Z</time>
    <extensions>
     <gpxtpx:TrackPointExtension>
      <gpxtpx:atemp>19</gpxtpx:atemp>
     </gpxtpx:TrackPointExtension>
    </extensions>
   </trkpt>
   <trkpt lat="20.6508110" lon="-100.3249520">
    <ele>1994.4</ele>
    <time>2026-07-16T13:57:36Z</time>
    <extensions>
     <gpxtpx:TrackPointExtension>
      <gpxtpx:atemp>19</gpxtpx:atemp>
     </gpxtpx:TrackPointExtension>
    </extensions>
   </trkpt>
   <trkpt lat="20.6508260" lon="-100.3249480">
    <ele>1994.6</ele>
    <time>2026-07-16T13:57:37Z</time>
    <extensions>
     <gpxtpx:TrackPointExtension>
      <gpxtpx:atemp>19</gpxtpx:atemp>
     </gpxtpx:TrackPointExtension>
    </extensions>
   </trkpt>
   <trkpt lat="20.6508410" lon="-100.3249430">
    <ele>1994.6</ele>
    <time>2026-07-16T13:57:38Z</time>
    <extensions>
     <gpxtpx:TrackPointExtension>
      <gpxtpx:atemp>19</gpxtpx:atemp>
     </gpxtpx:TrackPointExtension>
    </extensions>
   </trkpt>
   <trkpt lat="20.6508550" lon="-100.3249370">
    <ele>1994.8</ele>
    <time>2026-07-16T13:57:39Z</time>
    <extensions>
     <gpxtpx:TrackPointExtension>
      <gpxtpx:atemp>19</gpxtpx:atemp>
     </gpxtpx:TrackPointExtension>
    </extensions>
   </trkpt>
   <trkpt lat="20.6508690" lon="-100.3249310">
    <ele>1994.8</ele>
    <time>2026-07-16T13:57:40Z</time>
    <extensions>
     <gpxtpx:TrackPointExtension>
      <gpxtpx:atemp>19</gpxtpx:atemp>
     </gpxtpx:TrackPointExtension>
    </extensions>
   </trkpt>
   <trkpt lat="20.6508850" lon="-100.3249250">
    <ele>1995.0</ele>
    <time>2026-07-16T13:57:41Z</time>
    <extensions>
     <gpxtpx:TrackPointExtension>
      <gpxtpx:atemp>19</gpxtpx:atemp>
     </gpxtpx:TrackPointExtension>
    </extensions>
   </trkpt>
   <trkpt lat="20.6509000" lon="-100.3249200">
    <ele>1995.0</ele>
    <time>2026-07-16T13:57:42Z</time>
    <extensions>
     <gpxtpx:TrackPointExtension>
      <gpxtpx:atemp>19</gpxtpx:atemp>
     </gpxtpx:TrackPointExtension>
    </extensions>
   </trkpt>
   <trkpt lat="20.6509150" lon="-100.3249150">
    <ele>1995.2</ele>
    <time>2026-07-16T13:57:43Z</time>
    <extensions>
     <gpxtpx:TrackPointExtension>
      <gpxtpx:atemp>19</gpxtpx:atemp>
     </gpxtpx:TrackPointExtension>
    </extensions>
   </trkpt>
   <trkpt lat="20.6509300" lon="-100.3249120">
    <ele>1995.4</ele>
    <time>2026-07-16T13:57:44Z</time>
    <extensions>
     <gpxtpx:TrackPointExtension>
      <gpxtpx:atemp>19</gpxtpx:atemp>
     </gpxtpx:TrackPointExtension>
    </extensions>
   </trkpt>
   <trkpt lat="20.6509430" lon="-100.3249090">
    <ele>1995.4</ele>
    <time>2026-07-16T13:57:45Z</time>
    <extensions>
     <gpxtpx:TrackPointExtension>
      <gpxtpx:atemp>19</gpxtpx:atemp>
     </gpxtpx:TrackPointExtension>
    </extensions>
   </trkpt>
   <trkpt lat="20.6509560" lon="-100.3249050">
    <ele>1995.6</ele>
    <time>2026-07-16T13:57:46Z</time>
    <extensions>
     <gpxtpx:TrackPointExtension>
      <gpxtpx:atemp>19</gpxtpx:atemp>
     </gpxtpx:TrackPointExtension>
    </extensions>
   </trkpt>
   <trkpt lat="20.6509690" lon="-100.3248980">
    <ele>1995.6</ele>
    <time>2026-07-16T13:57:47Z</time>
    <extensions>
     <gpxtpx:TrackPointExtension>
      <gpxtpx:atemp>19</gpxtpx:atemp>
     </gpxtpx:TrackPointExtension>
    </extensions>
   </trkpt>
   <trkpt lat="20.6509800" lon="-100.3248920">
    <ele>1995.8</ele>
    <time>2026-07-16T13:57:48Z</time>
    <extensions>
     <gpxtpx:TrackPointExtension>
      <gpxtpx:atemp>19</gpxtpx:atemp>
     </gpxtpx:TrackPointExtension>
    </extensions>
   </trkpt>
   <trkpt lat="20.6509910" lon="-100.3248860">
    <ele>1995.8</ele>
    <time>2026-07-16T13:57:49Z</time>
    <extensions>
     <gpxtpx:TrackPointExtension>
      <gpxtpx:atemp>19</gpxtpx:atemp>
     </gpxtpx:TrackPointExtension>
    </extensions>
   </trkpt>
   <trkpt lat="20.6510020" lon="-100.3248800">
    <ele>1996.0</ele>
    <time>2026-07-16T13:57:50Z</time>
    <extensions>
     <gpxtpx:TrackPointExtension>
      <gpxtpx:atemp>19</gpxtpx:atemp>
     </gpxtpx:TrackPointExtension>
    </extensions>
   </trkpt>
   <trkpt lat="20.6510130" lon="-100.3248760">
    <ele>1996.2</ele>
    <time>2026-07-16T13:57:51Z</time>
    <extensions>
     <gpxtpx:TrackPointExtension>
      <gpxtpx:atemp>19</gpxtpx:atemp>
     </gpxtpx:TrackPointExtension>
    </extensions>
   </trkpt>
   <trkpt lat="20.6510250" lon="-100.3248740">
    <ele>1996.2</ele>
    <time>2026-07-16T13:57:52Z</time>
    <extensions>
     <gpxtpx:TrackPointExtension>
      <gpxtpx:atemp>19</gpxtpx:atemp>
     </gpxtpx:TrackPointExtension>
    </extensions>
   </trkpt>
   <trkpt lat="20.6510370" lon="-100.3248720">
    <ele>1996.4</ele>
    <time>2026-07-16T13:57:53Z</time>
    <extensions>
     <gpxtpx:TrackPointExtension>
      <gpxtpx:atemp>19</gpxtpx:atemp>
     </gpxtpx:TrackPointExtension>
    </extensions>
   </trkpt>
   <trkpt lat="20.6510470" lon="-100.3248700">
    <ele>1996.4</ele>
    <time>2026-07-16T13:57:54Z</time>
    <extensions>
     <gpxtpx:TrackPointExtension>
      <gpxtpx:atemp>19</gpxtpx:atemp>
     </gpxtpx:TrackPointExtension>
    </extensions>
   </trkpt>
  </trkseg>
 </trk>
</gpx>
