<?xml version="1.0" encoding="UTF-8"?>
<gpx creator="StravaGPX" version="1.1" xmlns="http://www.topografix.com/GPX/1/1" xmlns:xsi="http://www.w3.org/2001/XMLSchema-instance" xsi:schemaLocation="http://www.topografix.com/GPX/1/1 http://www.topografix.com/GPX/1/1/gpx.xsd">
 <metadata>
  <time>2021-02-06T13:32:58Z</time>
 </metadata>
 <trk>
  <name>Carrera por la mañana del sábado</name>
  <type>running</type>
  <trkseg>
   <trkpt lat="20.5106140" lon="-100.3485410">
    <ele>1990.1</ele>
    <time>2021-02-06T13:32:58Z</time>
   </trkpt>
   <trkpt lat="20.5106140" lon="-100.3485410">
    <ele>1990.1</ele>
    <time>2021-02-06T13:33:03Z</time>
   </trkpt>
   <trkpt lat="20.5106110" lon="-100.3485790">
    <ele>1990.2</ele>
    <time>2021-02-06T13:33:04Z</time>
   </trkpt>
   <trkpt lat="20.5105950" lon="-100.3487700">
    <ele>1990.0</ele>
    <time>2021-02-06T13:33:09Z</time>
   </trkpt>
   <trkpt lat="20.5105430" lon="-100.3488660">
    <ele>1989.8</ele>
    <time>2021-02-06T13:33:14Z</time>
   </trkpt>
   <trkpt lat="20.5105080" lon="-100.3489550">
    <ele>1989.7</ele>
    <time>2021-02-06T13:33:18Z</time>
   </trkpt>
   <trkpt lat="20.5104620" lon="-100.3490600">
    <ele>1989.4</ele>
    <time>2021-02-06T13:33:23Z</time>
   </trkpt>
   <trkpt lat="20.5104070" lon="-100.3491430">
    <ele>1989.2</ele>
    <time>2021-02-06T13:33:28Z</time>
   </trkpt>
   <trkpt lat="20.5103830" lon="-100.3492510">
    <ele>1989.0</ele>
    <time>2021-02-06T13:33:33Z</time>
   </trkpt>
   <trkpt lat="20.5103280" lon="-100.3493530">
    <ele>1988.8</ele>
    <time>2021-02-06T13:33:38Z</time>
   </trkpt>
   <trkpt lat="20.5102920" lon="-100.3494580">
    <ele>1988.5</ele>
    <time>2021-02-06T13:33:43Z</time>
   </trkpt>
   <trkpt lat="20.5102480" lon="-100.3495470">
    <ele>1988.4</ele>
    <time>2021-02-06T13:33:47Z</time>
   </trkpt>
   <trkpt lat="20.5101960" lon="-100.3496520">
    <ele>1988.2</ele>
    <time>2021-02-06T13:33:52Z</time>
   </trkpt>
   <trkpt lat="20.5101650" lon="-100.3497670">
    <ele>1987.9</ele>
    <time>2021-02-06T13:33:57Z</time>
   </trkpt>
   <trkpt lat="20.5101180" lon="-100.3498610">
    <ele>1987.7</ele>
    <time>2021-02-06T13:34:01Z</time>
   </trkpt>
   <trkpt lat="20.5100760" lon="-100.3499510">
    <ele>1987.5</ele>
    <time>2021-02-06T13:34:05Z</time>
   </trkpt>
   <trkpt lat="20.5100350" lon="-100.3500390">
    <ele>1987.4</ele>
    <time>2021-02-06T13:34:09Z</time>
   </trkpt>
   <trkpt lat="20.5099860" lon="-100.3501240">
    <ele>1987.3</ele>
    <time>2021-02-06T13:34:13Z</time>
   </trkpt>
   <trkpt lat="20.5099420" lon="-100.3502290">
    <ele>1987.1</ele>
    <time>2021-02-06T13:34:18Z</time>
   </trkpt>
   <trkpt lat="20.5098850" lon="-100.3503250">
    <ele>1987.0</ele>
    <time>2021-02-06T13:34:23Z</time>
   </trkpt>
   <trkpt lat="20.5098330" lon="-100.3504280">
    <ele>1986.9</ele>
    <time>2021-02-06T13:34:28Z</time>
   </trkpt>
   <trkpt lat="20.5097860" lon="-100.3505240">
    <ele>1986.7</ele>
    <time>2021-02-06T13:34:33Z</time>
   </trkpt>
   <trkpt lat="20.5097450" lon="-100.3506230">
    <ele>1986.6</ele>
    <time>2021-02-06T13:34:38Z</time>
   </trkpt>
   <trkpt lat="20.5097270" lon="-100.3507300">
    <ele>1986.4</ele>
    <time>2021-02-06T13:34:43Z</time>
   </trkpt>
   <trkpt lat="20.5096900" lon="-100.3508350">
    <ele>1986.2</ele>
    <time>2021-02-06T13:34:48Z</time>
   </trkpt>
   <trkpt lat="20.5096390" lon="-100.3509150">
    <ele>1986.1</ele>
    <time>2021-02-06T13:34:52Z</time>
   </trkpt>
   <trkpt lat="20.5095920" lon="-100.3510080">
    <ele>1985.9</ele>
    <time>2021-02-06T13:34:56Z</time>
   </trkpt>
   <trkpt lat="20.5095490" lon="-100.3511140">
    <ele>1985.7</ele>
    <time>2021-02-06T13:35:00Z</time>
   </trkpt>
   <trkpt lat="20.5094930" lon="-100.3512240">
    <ele>1985.6</ele>
    <time>2021-02-06T13:35:04Z</time>
   </trkpt>
   <trkpt lat="20.5094430" lon="-100.3513330">
    <ele>1985.4</ele>
    <time>2021-02-06T13:35:08Z</time>
   </trkpt>
   <trkpt lat="20.5093990" lon="-100.3514460">
    <ele>1985.2</ele>
    <time>2021-02-06T13:35:12Z</time>
   </trkpt>
   <trkpt lat="20.5093620" lon="-100.3515340">
    <ele>1985.0</ele>
    <time>2021-02-06T13:35:15Z</time>
   </trkpt>
   <trkpt lat="20.5093270" lon="-100.3516240">
    <ele>1984.9</ele>
    <time>2021-02-06T13:35:18Z</time>
   </trkpt>
   <trkpt lat="20.5092920" lon="-100.3517140">
    <ele>1984.7</ele>
    <time>2021-02-06T13:35:21Z</time>
   </trkpt>
   <trkpt lat="20.5092510" lon="-100.3518140">
    <ele>1984.6</ele>
    <time>2021-02-06T13:35:25Z</time>
   </trkpt>
   <trkpt lat="20.5092260" lon="-100.3519100">
    <ele>1984.4</ele>
    <time>2021-02-06T13:35:28Z</time>
   </trkpt>
   <trkpt lat="20.5091950" lon="-100.3520030">
    <ele>1984.2</ele>
    <time>2021-02-06T13:35:31Z</time>
   </trkpt>
   <trkpt lat="20.5091420" lon="-100.3521170">
    <ele>1984.0</ele>
    <time>2021-02-06T13:35:35Z</time>
   </trkpt>
   <trkpt lat="20.5090990" lon="-100.3522110">
    <ele>1983.9</ele>
    <time>2021-02-06T13:35:39Z</time>
   </trkpt>
   <trkpt lat="20.5090580" lon="-100.3523130">
    <ele>1983.8</ele>
    <time>2021-02-06T13:35:43Z</time>
   </trkpt>
   <trkpt lat="20.5090200" lon="-100.3524020">
    <ele>1983.7</ele>
    <time>2021-02-06T13:35:46Z</time>
   </trkpt>
   <trkpt lat="20.5089830" lon="-100.3524950">
    <ele>1983.6</ele>
    <time>2021-02-06T13:35:49Z</time>
   </trkpt>
   <trkpt lat="20.5089500" lon="-100.3525900">
    <ele>1983.5</ele>
    <time>2021-02-06T13:35:52Z</time>
   </trkpt>
   <trkpt lat="20.5089050" lon="-100.3526960">
    <ele>1983.3</ele>
    <time>2021-02-06T13:35:56Z</time>
   </trkpt>
   <trkpt lat="20.5088750" lon="-100.3527910">
    <ele>1983.2</ele>
    <time>2021-02-06T13:35:59Z</time>
   </trkpt>
   <trkpt lat="20.5088270" lon="-100.3528820">
    <ele>1983.1</ele>
    <time>2021-02-06T13:36:02Z</time>
   </trkpt>
   <trkpt lat="20.5087820" lon="-100.3529680">
    <ele>1983.0</ele>
    <time>2021-02-06T13:36:05Z</time>
   </trkpt>
   <trkpt lat="20.5087330" lon="-100.3530810">
    <ele>1982.9</ele>
    <time>2021-02-06T13:36:09Z</time>
   </trkpt>
   <trkpt lat="20.5086930" lon="-100.3531900">
    <ele>1982.7</ele>
    <time>2021-02-06T13:36:13Z</time>
   </trkpt>
   <trkpt lat="20.5086560" lon="-100.3532910">
    <ele>1982.6</ele>
    <time>2021-02-06T13:36:17Z</time>
   </trkpt>
   <trkpt lat="20.5086210" lon="-100.3533920">
    <ele>1982.5</ele>
    <time>2021-02-06T13:36:21Z</time>
   </trkpt>
   <trkpt lat="20.5085790" lon="-100.3534800">
    <ele>1982.3</ele>
    <time>2021-02-06T13:36:25Z</time>
   </trkpt>
   <trkpt lat="20.5085370" lon="-100.3535920">
    <ele>1982.2</ele>
    <time>2021-02-06T13:36:29Z</time>
   </trkpt>
   <trkpt lat="20.5084950" lon="-100.3536880">
    <ele>1982.1</ele>
    <time>2021-02-06T13:36:33Z</time>
   </trkpt>
   <trkpt lat="20.5084590" lon="-100.3537910">
    <ele>1981.9</ele>
    <time>2021-02-06T13:36:37Z</time>
   </trkpt>
   <trkpt lat="20.5084230" lon="-100.3538950">
    <ele>1981.8</ele>
    <time>2021-02-06T13:36:41Z</time>
   </trkpt>
   <trkpt lat="20.5083780" lon="-100.3540060">
    <ele>1981.7</ele>
    <time>2021-02-06T13:36:45Z</time>
   </trkpt>
   <trkpt lat="20.5083380" lon="-100.3540940">
    <ele>1981.5</ele>
    <time>2021-02-06T13:36:48Z</time>
   </trkpt>
   <trkpt lat="20.5082930" lon="-100.3541880">
    <ele>1981.4</ele>
    <time>2021-02-06T13:36:51Z</time>
   </trkpt>
   <trkpt lat="20.5082450" lon="-100.3543030">
    <ele>1981.2</ele>
    <time>2021-02-06T13:36:55Z</time>
   </trkpt>
   <trkpt lat="20.5081900" lon="-100.3544110">
    <ele>1981.0</ele>
    <time>2021-02-06T13:36:59Z</time>
   </trkpt>
   <trkpt lat="20.5081450" lon="-100.3545080">
    <ele>1980.9</ele>
    <time>2021-02-06T13:37:03Z</time>
   </trkpt>
   <trkpt lat="20.5081010" lon="-100.3546070">
    <ele>1980.8</ele>
    <time>2021-02-06T13:37:07Z</time>
   </trkpt>
   <trkpt lat="20.5080610" lon="-100.3547060">
    <ele>1980.7</ele>
    <time>2021-02-06T13:37:11Z</time>
   </trkpt>
   <trkpt lat="20.5080170" lon="-100.3548180">
    <ele>1980.4</ele>
    <time>2021-02-06T13:37:15Z</time>
   </trkpt>
   <trkpt lat="20.5079810" lon="-100.3549250">
    <ele>1980.2</ele>
    <time>2021-02-06T13:37:19Z</time>
   </trkpt>
   <trkpt lat="20.5079350" lon="-100.3550300">
    <ele>1980.0</ele>
    <time>2021-02-06T13:37:23Z</time>
   </trkpt>
   <trkpt lat="20.5078970" lon="-100.3551360">
    <ele>1979.8</ele>
    <time>2021-02-06T13:37:27Z</time>
   </trkpt>
   <trkpt lat="20.5078460" lon="-100.3552430">
    <ele>1979.7</ele>
    <time>2021-02-06T13:37:31Z</time>
   </trkpt>
   <trkpt lat="20.5078100" lon="-100.3553390">
    <ele>1979.5</ele>
    <time>2021-02-06T13:37:34Z</time>
   </trkpt>
   <trkpt lat="20.5077720" lon="-100.3554360">
    <ele>1979.3</ele>
    <time>2021-02-06T13:37:37Z</time>
   </trkpt>
   <trkpt lat="20.5077360" lon="-100.3555340">
    <ele>1979.1</ele>
    <time>2021-02-06T13:37:40Z</time>
   </trkpt>
   <trkpt lat="20.5077020" lon="-100.3556290">
    <ele>1978.9</ele>
    <time>2021-02-06T13:37:43Z</time>
   </trkpt>
   <trkpt lat="20.5076650" lon="-100.3557200">
    <ele>1978.8</ele>
    <time>2021-02-06T13:37:46Z</time>
   </trkpt>
   <trkpt lat="20.5076140" lon="-100.3558270">
    <ele>1978.7</ele>
    <time>2021-02-06T13:37:50Z</time>
   </trkpt>
   <trkpt lat="20.5075630" lon="-100.3559270">
    <ele>1978.6</ele>
    <time>2021-02-06T13:37:54Z</time>
   </trkpt>
   <trkpt lat="20.5075170" lon="-100.3560390">
    <ele>1978.4</ele>
    <time>2021-02-06T13:37:58Z</time>
   </trkpt>
   <trkpt lat="20.5074810" lon="-100.3561490">
    <ele>1978.2</ele>
    <time>2021-02-06T13:38:02Z</time>
   </trkpt>
   <trkpt lat="20.5074390" lon="-100.3562660">
    <ele>1978.0</ele>
    <time>2021-02-06T13:38:06Z</time>
   </trkpt>
   <trkpt lat="20.5074020" lon="-100.3563530">
    <ele>1977.8</ele>
    <time>2021-02-06T13:38:09Z</time>
   </trkpt>
   <trkpt lat="20.5073560" lon="-100.3564660">
    <ele>1977.4</ele>
    <time>2021-02-06T13:38:13Z</time>
   </trkpt>
   <trkpt lat="20.5073180" lon="-100.3565650">
    <ele>1977.1</ele>
    <time>2021-02-06T13:38:16Z</time>
   </trkpt>
   <trkpt lat="20.5072780" lon="-100.3566590">
    <ele>1976.8</ele>
    <time>2021-02-06T13:38:19Z</time>
   </trkpt>
   <trkpt lat="20.5072410" lon="-100.3567820">
    <ele>1976.5</ele>
    <time>2021-02-06T13:38:23Z</time>
   </trkpt>
   <trkpt lat="20.5072080" lon="-100.3568750">
    <ele>1976.3</ele>
    <time>2021-02-06T13:38:26Z</time>
   </trkpt>
   <trkpt lat="20.5071540" lon="-100.3569820">
    <ele>1976.1</ele>
    <time>2021-02-06T13:38:30Z</time>
   </trkpt>
   <trkpt lat="20.5071110" lon="-100.3570900">
    <ele>1975.8</ele>
    <time>2021-02-06T13:38:34Z</time>
   </trkpt>
   <trkpt lat="20.5070630" lon="-100.3571950">
    <ele>1975.6</ele>
    <time>2021-02-06T13:38:38Z</time>
   </trkpt>
   <trkpt lat="20.5070200" lon="-100.3573050">
    <ele>1975.4</ele>
    <time>2021-02-06T13:38:42Z</time>
   </trkpt>
   <trkpt lat="20.5069730" lon="-100.3574160">
    <ele>1975.1</ele>
    <time>2021-02-06T13:38:46Z</time>
   </trkpt>
   <trkpt lat="20.5069260" lon="-100.3575240">
    <ele>1974.8</ele>
    <time>2021-02-06T13:38:50Z</time>
   </trkpt>
   <trkpt lat="20.5068830" lon="-100.3576090">
    <ele>1974.6</ele>
    <time>2021-02-06T13:38:53Z</time>
   </trkpt>
   <trkpt lat="20.5068410" lon="-100.3577170">
    <ele>1974.4</ele>
    <time>2021-02-06T13:38:57Z</time>
   </trkpt>
   <trkpt lat="20.5068030" lon="-100.3578370">
    <ele>1974.2</ele>
    <time>2021-02-06T13:39:01Z</time>
   </trkpt>
   <trkpt lat="20.5067470" lon="-100.3579470">
    <ele>1974.0</ele>
    <time>2021-02-06T13:39:05Z</time>
   </trkpt>
   <trkpt lat="20.5067080" lon="-100.3580500">
    <ele>1973.8</ele>
    <time>2021-02-06T13:39:09Z</time>
   </trkpt>
   <trkpt lat="20.5066670" lon="-100.3581560">
    <ele>1973.5</ele>
    <time>2021-02-06T13:39:13Z</time>
   </trkpt>
   <trkpt lat="20.5066330" lon="-100.3582540">
    <ele>1973.3</ele>
    <time>2021-02-06T13:39:16Z</time>
   </trkpt>
   <trkpt lat="20.5066030" lon="-100.3583580">
    <ele>1973.1</ele>
    <time>2021-02-06T13:39:19Z</time>
   </trkpt>
   <trkpt lat="20.5065590" lon="-100.3584460">
    <ele>1972.9</ele>
    <time>2021-02-06T13:39:22Z</time>
   </trkpt>
   <trkpt lat="20.5065070" lon="-100.3585510">
    <ele>1972.6</ele>
    <time>2021-02-06T13:39:26Z</time>
   </trkpt>
   <trkpt lat="20.5064680" lon="-100.3586490">
    <ele>1972.4</ele>
    <time>2021-02-06T13:39:29Z</time>
   </trkpt>
   <trkpt lat="20.5064330" lon="-100.3587580">
    <ele>1972.2</ele>
    <time>2021-02-06T13:39:32Z</time>
   </trkpt>
   <trkpt lat="20.5063920" lon="-100.3588700">
    <ele>1971.9</ele>
    <time>2021-02-06T13:39:35Z</time>
   </trkpt>
   <trkpt lat="20.5063460" lon="-100.3589830">
    <ele>1971.7</ele>
    <time>2021-02-06T13:39:39Z</time>
   </trkpt>
   <trkpt lat="20.5063100" lon="-100.3590710">
    <ele>1971.5</ele>
    <time>2021-02-06T13:39:42Z</time>
   </trkpt>
   <trkpt lat="20.5062600" lon="-100.3591750">
    <ele>1971.2</ele>
    <time>2021-02-06T13:39:46Z</time>
   </trkpt>
   <trkpt lat="20.5062100" lon="-100.3592830">
    <ele>1971.0</ele>
    <time>2021-02-06T13:39:50Z</time>
   </trkpt>
   <trkpt lat="20.5061630" lon="-100.3593940">
    <ele>1970.7</ele>
    <time>2021-02-06T13:39:54Z</time>
   </trkpt>
   <trkpt lat="20.5061200" lon="-100.3595010">
    <ele>1970.5</ele>
    <time>2021-02-06T13:39:58Z</time>
   </trkpt>
   <trkpt lat="20.5060810" lon="-100.3596090">
    <ele>1970.3</ele>
    <time>2021-02-06T13:40:02Z</time>
   </trkpt>
   <trkpt lat="20.5060430" lon="-100.3597000">
    <ele>1970.1</ele>
    <time>2021-02-06T13:40:05Z</time>
   </trkpt>
   <trkpt lat="20.5060010" lon="-100.3598120">
    <ele>1969.9</ele>
    <time>2021-02-06T13:40:09Z</time>
   </trkpt>
   <trkpt lat="20.5059580" lon="-100.3599130">
    <ele>1969.7</ele>
    <time>2021-02-06T13:40:12Z</time>
   </trkpt>
   <trkpt lat="20.5059150" lon="-100.3600110">
    <ele>1969.5</ele>
    <time>2021-02-06T13:40:15Z</time>
   </trkpt>
   <trkpt lat="20.5058800" lon="-100.3601240">
    <ele>1969.2</ele>
    <time>2021-02-06T13:40:19Z</time>
   </trkpt>
   <trkpt lat="20.5058310" lon="-100.3602300">
    <ele>1968.9</ele>
    <time>2021-02-06T13:40:23Z</time>
   </trkpt>
   <trkpt lat="20.5057920" lon="-100.3603350">
    <ele>1968.7</ele>
    <time>2021-02-06T13:40:27Z</time>
   </trkpt>
   <trkpt lat="20.5057470" lon="-100.3604410">
    <ele>1968.4</ele>
    <time>2021-02-06T13:40:31Z</time>
   </trkpt>
   <trkpt lat="20.5056950" lon="-100.3605410">
    <ele>1968.2</ele>
    <time>2021-02-06T13:40:35Z</time>
   </trkpt>
   <trkpt lat="20.5056550" lon="-100.3606500">
    <ele>1968.0</ele>
    <time>2021-02-06T13:40:39Z</time>
   </trkpt>
   <trkpt lat="20.5056120" lon="-100.3607610">
    <ele>1967.8</ele>
    <time>2021-02-06T13:40:43Z</time>
   </trkpt>
   <trkpt lat="20.5055700" lon="-100.3608640">
    <ele>1967.6</ele>
    <time>2021-02-06T13:40:47Z</time>
   </trkpt>
   <trkpt lat="20.5055300" lon="-100.3609570">
    <ele>1967.5</ele>
    <time>2021-02-06T13:40:50Z</time>
   </trkpt>
   <trkpt lat="20.5054900" lon="-100.3610460">
    <ele>1967.3</ele>
    <time>2021-02-06T13:40:53Z</time>
   </trkpt>
   <trkpt lat="20.5054350" lon="-100.3611520">
    <ele>1967.2</ele>
    <time>2021-02-06T13:40:57Z</time>
   </trkpt>
   <trkpt lat="20.5054020" lon="-100.3612630">
    <ele>1967.0</ele>
    <time>2021-02-06T13:41:01Z</time>
   </trkpt>
   <trkpt lat="20.5053610" lon="-100.3613640">
    <ele>1966.9</ele>
    <time>2021-02-06T13:41:05Z</time>
   </trkpt>
   <trkpt lat="20.5053120" lon="-100.3614650">
    <ele>1966.8</ele>
    <time>2021-02-06T13:41:09Z</time>
   </trkpt>
   <trkpt lat="20.5052730" lon="-100.3615690">
    <ele>1966.7</ele>
    <time>2021-02-06T13:41:13Z</time>
   </trkpt>
   <trkpt lat="20.5052360" lon="-100.3616830">
    <ele>1966.7</ele>
    <time>2021-02-06T13:41:17Z</time>
   </trkpt>
   <trkpt lat="20.5052000" lon="-100.3618020">
    <ele>1966.6</ele>
    <time>2021-02-06T13:41:21Z</time>
   </trkpt>
   <trkpt lat="20.5051690" lon="-100.3619250">
    <ele>1966.6</ele>
    <time>2021-02-06T13:41:25Z</time>
   </trkpt>
   <trkpt lat="20.5051520" lon="-100.3620470">
    <ele>1966.6</ele>
    <time>2021-02-06T13:41:29Z</time>
   </trkpt>
   <trkpt lat="20.5051360" lon="-100.3621740">
    <ele>1966.7</ele>
    <time>2021-02-06T13:41:33Z</time>
   </trkpt>
   <trkpt lat="20.5051280" lon="-100.3622700">
    <ele>1966.8</ele>
    <time>2021-02-06T13:41:36Z</time>
   </trkpt>
   <trkpt lat="20.5051140" lon="-100.3623840">
    <ele>1967.0</ele>
    <time>2021-02-06T13:41:40Z</time>
   </trkpt>
   <trkpt lat="20.5051070" lon="-100.3624900">
    <ele>1967.1</ele>
    <time>2021-02-06T13:41:44Z</time>
   </trkpt>
   <trkpt lat="20.5050980" lon="-100.3625970">
    <ele>1967.2</ele>
    <time>2021-02-06T13:41:48Z</time>
   </trkpt>
   <trkpt lat="20.5050900" lon="-100.3627070">
    <ele>1967.3</ele>
    <time>2021-02-06T13:41:52Z</time>
   </trkpt>
   <trkpt lat="20.5050800" lon="-100.3628210">
    <ele>1967.4</ele>
    <time>2021-02-06T13:41:56Z</time>
   </trkpt>
   <trkpt lat="20.5050760" lon="-100.3629460">
    <ele>1967.5</ele>
    <time>2021-02-06T13:42:00Z</time>
   </trkpt>
   <trkpt lat="20.5050710" lon="-100.3630680">
    <ele>1967.5</ele>
    <time>2021-02-06T13:42:04Z</time>
   </trkpt>
   <trkpt lat="20.5050650" lon="-100.3631870">
    <ele>1967.6</ele>
    <time>2021-02-06T13:42:08Z</time>
   </trkpt>
   <trkpt lat="20.5050550" lon="-100.3633050">
    <ele>1967.7</ele>
    <time>2021-02-06T13:42:12Z</time>
   </trkpt>
   <trkpt lat="20.5050460" lon="-100.3634220">
    <ele>1967.8</ele>
    <time>2021-02-06T13:42:16Z</time>
   </trkpt>
   <trkpt lat="20.5050520" lon="-100.3635390">
    <ele>1967.9</ele>
    <time>2021-02-06T13:42:20Z</time>
   </trkpt>
   <trkpt lat="20.5050480" lon="-100.3636530">
    <ele>1968.0</ele>
    <time>2021-02-06T13:42:24Z</time>
   </trkpt>
   <trkpt lat="20.5050390" lon="-100.3637700">
    <ele>1968.1</ele>
    <time>2021-02-06T13:42:28Z</time>
   </trkpt>
   <trkpt lat="20.5050380" lon="-100.3638830">
    <ele>1968.2</ele>
    <time>2021-02-06T13:42:32Z</time>
   </trkpt>
   <trkpt lat="20.5050330" lon="-100.3639980">
    <ele>1968.3</ele>
    <time>2021-02-06T13:42:36Z</time>
   </trkpt>
   <trkpt lat="20.5050280" lon="-100.3641120">
    <ele>1968.4</ele>
    <time>2021-02-06T13:42:40Z</time>
   </trkpt>
   <trkpt lat="20.5050310" lon="-100.3642260">
    <ele>1968.4</ele>
    <time>2021-02-06T13:42:44Z</time>
   </trkpt>
   <trkpt lat="20.5050260" lon="-100.3643370">
    <ele>1968.5</ele>
    <time>2021-02-06T13:42:48Z</time>
   </trkpt>
   <trkpt lat="20.5050180" lon="-100.3644410">
    <ele>1968.5</ele>
    <time>2021-02-06T13:42:52Z</time>
   </trkpt>
   <trkpt lat="20.5050120" lon="-100.3645460">
    <ele>1968.5</ele>
    <time>2021-02-06T13:42:56Z</time>
   </trkpt>
   <trkpt lat="20.5050140" lon="-100.3646610">
    <ele>1968.6</ele>
    <time>2021-02-06T13:43:00Z</time>
   </trkpt>
   <trkpt lat="20.5050170" lon="-100.3647780">
    <ele>1968.6</ele>
    <time>2021-02-06T13:43:04Z</time>
   </trkpt>
   <trkpt lat="20.5050050" lon="-100.3648920">
    <ele>1968.7</ele>
    <time>2021-02-06T13:43:08Z</time>
   </trkpt>
   <trkpt lat="20.5049940" lon="-100.3650050">
    <ele>1968.6</ele>
    <time>2021-02-06T13:43:12Z</time>
   </trkpt>
   <trkpt lat="20.5049980" lon="-100.3651140">
    <ele>1968.6</ele>
    <time>2021-02-06T13:43:16Z</time>
   </trkpt>
   <trkpt lat="20.5049950" lon="-100.3652320">
    <ele>1968.6</ele>
    <time>2021-02-06T13:43:20Z</time>
   </trkpt>
   <trkpt lat="20.5049960" lon="-100.3653610">
    <ele>1968.6</ele>
    <time>2021-02-06T13:43:24Z</time>
   </trkpt>
   <trkpt lat="20.5049980" lon="-100.3654600">
    <ele>1968.6</ele>
    <time>2021-02-06T13:43:27Z</time>
   </trkpt>
   <trkpt lat="20.5049920" lon="-100.3655860">
    <ele>1968.6</ele>
    <time>2021-02-06T13:43:31Z</time>
   </trkpt>
   <trkpt lat="20.5049890" lon="-100.3657060">
    <ele>1968.6</ele>
    <time>2021-02-06T13:43:35Z</time>
   </trkpt>
   <trkpt lat="20.5049820" lon="-100.3658140">
    <ele>1968.6</ele>
    <time>2021-02-06T13:43:39Z</time>
   </trkpt>
   <trkpt lat="20.5049750" lon="-100.3659230">
    <ele>1968.6</ele>
    <time>2021-02-06T13:43:43Z</time>
   </trkpt>
   <trkpt lat="20.5049710" lon="-100.3660440">
    <ele>1968.6</ele>
    <time>2021-02-06T13:43:47Z</time>
   </trkpt>
   <trkpt lat="20.5049680" lon="-100.3661590">
    <ele>1968.6</ele>
    <time>2021-02-06T13:43:51Z</time>
   </trkpt>
   <trkpt lat="20.5049640" lon="-100.3662760">
    <ele>1968.7</ele>
    <time>2021-02-06T13:43:55Z</time>
   </trkpt>
   <trkpt lat="20.5049620" lon="-100.3663890">
    <ele>1968.7</ele>
    <time>2021-02-06T13:43:59Z</time>
   </trkpt>
   <trkpt lat="20.5049610" lon="-100.3664980">
    <ele>1968.7</ele>
    <time>2021-02-06T13:44:03Z</time>
   </trkpt>
   <trkpt lat="20.5049500" lon="-100.3666040">
    <ele>1968.7</ele>
    <time>2021-02-06T13:44:07Z</time>
   </trkpt>
   <trkpt lat="20.5049430" lon="-100.3667180">
    <ele>1968.7</ele>
    <time>2021-02-06T13:44:11Z</time>
   </trkpt>
   <trkpt lat="20.5049250" lon="-100.3668310">
    <ele>1968.7</ele>
    <time>2021-02-06T13:44:15Z</time>
   </trkpt>
   <trkpt lat="20.5049160" lon="-100.3669460">
    <ele>1968.6</ele>
    <time>2021-02-06T13:44:19Z</time>
   </trkpt>
   <trkpt lat="20.5049000" lon="-100.3670630">
    <ele>1968.5</ele>
    <time>2021-02-06T13:44:23Z</time>
   </trkpt>
   <trkpt lat="20.5049030" lon="-100.3671770">
    <ele>1968.5</ele>
    <time>2021-02-06T13:44:27Z</time>
   </trkpt>
   <trkpt lat="20.5049000" lon="-100.3672980">
    <ele>1968.4</ele>
    <time>2021-02-06T13:44:31Z</time>
   </trkpt>
   <trkpt lat="20.5048960" lon="-100.3674270">
    <ele>1968.3</ele>
    <time>2021-02-06T13:44:35Z</time>
   </trkpt>
   <trkpt lat="20.5048910" lon="-100.3675480">
    <ele>1968.3</ele>
    <time>2021-02-06T13:44:39Z</time>
   </trkpt>
   <trkpt lat="20.5048870" lon="-100.3676640">
    <ele>1968.2</ele>
    <time>2021-02-06T13:44:43Z</time>
   </trkpt>
   <trkpt lat="20.5048920" lon="-100.3677780">
    <ele>1968.2</ele>
    <time>2021-02-06T13:44:47Z</time>
   </trkpt>
   <trkpt lat="20.5048980" lon="-100.3679040">
    <ele>1968.1</ele>
    <time>2021-02-06T13:44:51Z</time>
   </trkpt>
   <trkpt lat="20.5048960" lon="-100.3680090">
    <ele>1968.0</ele>
    <time>2021-02-06T13:44:54Z</time>
   </trkpt>
   <trkpt lat="20.5048890" lon="-100.3681350">
    <ele>1967.8</ele>
    <time>2021-02-06T13:44:58Z</time>
   </trkpt>
   <trkpt lat="20.5048750" lon="-100.3682490">
    <ele>1967.7</ele>
    <time>2021-02-06T13:45:02Z</time>
   </trkpt>
   <trkpt lat="20.5048640" lon="-100.3683580">
    <ele>1967.6</ele>
    <time>2021-02-06T13:45:06Z</time>
   </trkpt>
   <trkpt lat="20.5048420" lon="-100.3684700">
    <ele>1967.5</ele>
    <time>2021-02-06T13:45:10Z</time>
   </trkpt>
   <trkpt lat="20.5048340" lon="-100.3685880">
    <ele>1967.4</ele>
    <time>2021-02-06T13:45:14Z</time>
   </trkpt>
   <trkpt lat="20.5048300" lon="-100.3687080">
    <ele>1967.3</ele>
    <time>2021-02-06T13:45:18Z</time>
   </trkpt>
   <trkpt lat="20.5048290" lon="-100.3688340">
    <ele>1967.3</ele>
    <time>2021-02-06T13:45:22Z</time>
   </trkpt>
   <trkpt lat="20.5048220" lon="-100.3689610">
    <ele>1967.2</ele>
    <time>2021-02-06T13:45:26Z</time>
   </trkpt>
   <trkpt lat="20.5048170" lon="-100.3690800">
    <ele>1967.1</ele>
    <time>2021-02-06T13:45:30Z</time>
   </trkpt>
   <trkpt lat="20.5048030" lon="-100.3691940">
    <ele>1967.0</ele>
    <time>2021-02-06T13:45:34Z</time>
   </trkpt>
   <trkpt lat="20.5047950" lon="-100.3693120">
    <ele>1966.9</ele>
    <time>2021-02-06T13:45:38Z</time>
   </trkpt>
   <trkpt lat="20.5047840" lon="-100.3694350">
    <ele>1966.8</ele>
    <time>2021-02-06T13:45:42Z</time>
   </trkpt>
   <trkpt lat="20.5047860" lon="-100.3695540">
    <ele>1966.8</ele>
    <time>2021-02-06T13:45:46Z</time>
   </trkpt>
   <trkpt lat="20.5047850" lon="-100.3696650">
    <ele>1966.8</ele>
    <time>2021-02-06T13:45:50Z</time>
   </trkpt>
   <trkpt lat="20.5047760" lon="-100.3697800">
    <ele>1966.7</ele>
    <time>2021-02-06T13:45:54Z</time>
   </trkpt>
   <trkpt lat="20.5047700" lon="-100.3698880">
    <ele>1966.7</ele>
    <time>2021-02-06T13:45:58Z</time>
   </trkpt>
   <trkpt lat="20.5047730" lon="-100.3700070">
    <ele>1966.6</ele>
    <time>2021-02-06T13:46:02Z</time>
   </trkpt>
   <trkpt lat="20.5047670" lon="-100.3701280">
    <ele>1966.5</ele>
    <time>2021-02-06T13:46:06Z</time>
   </trkpt>
   <trkpt lat="20.5047630" lon="-100.3702400">
    <ele>1966.4</ele>
    <time>2021-02-06T13:46:10Z</time>
   </trkpt>
   <trkpt lat="20.5047600" lon="-100.3703500">
    <ele>1966.3</ele>
    <time>2021-02-06T13:46:14Z</time>
   </trkpt>
   <trkpt lat="20.5047480" lon="-100.3704570">
    <ele>1966.2</ele>
    <time>2021-02-06T13:46:18Z</time>
   </trkpt>
   <trkpt lat="20.5047400" lon="-100.3705740">
    <ele>1966.1</ele>
    <time>2021-02-06T13:46:22Z</time>
   </trkpt>
   <trkpt lat="20.5047400" lon="-100.3706700">
    <ele>1966.0</ele>
    <time>2021-02-06T13:46:25Z</time>
   </trkpt>
   <trkpt lat="20.5047390" lon="-100.3707940">
    <ele>1965.9</ele>
    <time>2021-02-06T13:46:29Z</time>
   </trkpt>
   <trkpt lat="20.5047330" lon="-100.3709090">
    <ele>1965.7</ele>
    <time>2021-02-06T13:46:33Z</time>
   </trkpt>
   <trkpt lat="20.5047300" lon="-100.3710130">
    <ele>1965.6</ele>
    <time>2021-02-06T13:46:36Z</time>
   </trkpt>
   <trkpt lat="20.5047260" lon="-100.3711330">
    <ele>1965.5</ele>
    <time>2021-02-06T13:46:40Z</time>
   </trkpt>
   <trkpt lat="20.5047300" lon="-100.3712590">
    <ele>1965.3</ele>
    <time>2021-02-06T13:46:44Z</time>
   </trkpt>
   <trkpt lat="20.5047250" lon="-100.3713790">
    <ele>1965.2</ele>
    <time>2021-02-06T13:46:48Z</time>
   </trkpt>
   <trkpt lat="20.5047230" lon="-100.3715020">
    <ele>1965.1</ele>
    <time>2021-02-06T13:46:52Z</time>
   </trkpt>
   <trkpt lat="20.5047240" lon="-100.3716180">
    <ele>1965.0</ele>
    <time>2021-02-06T13:46:56Z</time>
   </trkpt>
   <trkpt lat="20.5047090" lon="-100.3717180">
    <ele>1965.0</ele>
    <time>2021-02-06T13:47:00Z</time>
   </trkpt>
   <trkpt lat="20.5047080" lon="-100.3718420">
    <ele>1964.9</ele>
    <time>2021-02-06T13:47:04Z</time>
   </trkpt>
   <trkpt lat="20.5047060" lon="-100.3719640">
    <ele>1964.9</ele>
    <time>2021-02-06T13:47:08Z</time>
   </trkpt>
   <trkpt lat="20.5047110" lon="-100.3720780">
    <ele>1964.9</ele>
    <time>2021-02-06T13:47:12Z</time>
   </trkpt>
   <trkpt lat="20.5047110" lon="-100.3721970">
    <ele>1964.9</ele>
    <time>2021-02-06T13:47:16Z</time>
   </trkpt>
   <trkpt lat="20.5047000" lon="-100.3723130">
    <ele>1964.9</ele>
    <time>2021-02-06T13:47:20Z</time>
   </trkpt>
   <trkpt lat="20.5046950" lon="-100.3724360">
    <ele>1965.0</ele>
    <time>2021-02-06T13:47:24Z</time>
   </trkpt>
   <trkpt lat="20.5047000" lon="-100.3725450">
    <ele>1965.0</ele>
    <time>2021-02-06T13:47:28Z</time>
   </trkpt>
   <trkpt lat="20.5046860" lon="-100.3726670">
    <ele>1965.1</ele>
    <time>2021-02-06T13:47:32Z</time>
   </trkpt>
   <trkpt lat="20.5046730" lon="-100.3727770">
    <ele>1965.1</ele>
    <time>2021-02-06T13:47:36Z</time>
   </trkpt>
   <trkpt lat="20.5046750" lon="-100.3728970">
    <ele>1965.1</ele>
    <time>2021-02-06T13:47:40Z</time>
   </trkpt>
   <trkpt lat="20.5046680" lon="-100.3730160">
    <ele>1965.2</ele>
    <time>2021-02-06T13:47:44Z</time>
   </trkpt>
   <trkpt lat="20.5046510" lon="-100.3731320">
    <ele>1965.2</ele>
    <time>2021-02-06T13:47:48Z</time>
   </trkpt>
   <trkpt lat="20.5046430" lon="-100.3732580">
    <ele>1965.3</ele>
    <time>2021-02-06T13:47:52Z</time>
   </trkpt>
   <trkpt lat="20.5046360" lon="-100.3733820">
    <ele>1965.5</ele>
    <time>2021-02-06T13:47:56Z</time>
   </trkpt>
   <trkpt lat="20.5046360" lon="-100.3734910">
    <ele>1965.6</ele>
    <time>2021-02-06T13:48:00Z</time>
   </trkpt>
   <trkpt lat="20.5046280" lon="-100.3735950">
    <ele>1965.8</ele>
    <time>2021-02-06T13:48:04Z</time>
   </trkpt>
   <trkpt lat="20.5046260" lon="-100.3737000">
    <ele>1965.9</ele>
    <time>2021-02-06T13:48:08Z</time>
   </trkpt>
   <trkpt lat="20.5046310" lon="-100.3737960">
    <ele>1966.0</ele>
    <time>2021-02-06T13:48:11Z</time>
   </trkpt>
   <trkpt lat="20.5046260" lon="-100.3739120">
    <ele>1966.1</ele>
    <time>2021-02-06T13:48:15Z</time>
   </trkpt>
   <trkpt lat="20.5046210" lon="-100.3740180">
    <ele>1966.3</ele>
    <time>2021-02-06T13:48:19Z</time>
   </trkpt>
   <trkpt lat="20.5046160" lon="-100.3741200">
    <ele>1966.4</ele>
    <time>2021-02-06T13:48:23Z</time>
   </trkpt>
   <trkpt lat="20.5046200" lon="-100.3742190">
    <ele>1966.6</ele>
    <time>2021-02-06T13:48:27Z</time>
   </trkpt>
   <trkpt lat="20.5046200" lon="-100.3743190">
    <ele>1966.8</ele>
    <time>2021-02-06T13:48:31Z</time>
   </trkpt>
   <trkpt lat="20.5046100" lon="-100.3744200">
    <ele>1967.0</ele>
    <time>2021-02-06T13:48:35Z</time>
   </trkpt>
   <trkpt lat="20.5046060" lon="-100.3745200">
    <ele>1967.1</ele>
    <time>2021-02-06T13:48:39Z</time>
   </trkpt>
   <trkpt lat="20.5046020" lon="-100.3746300">
    <ele>1967.2</ele>
    <time>2021-02-06T13:48:43Z</time>
   </trkpt>
   <trkpt lat="20.5045940" lon="-100.3747390">
    <ele>1967.3</ele>
    <time>2021-02-06T13:48:47Z</time>
   </trkpt>
   <trkpt lat="20.5045810" lon="-100.3748530">
    <ele>1967.4</ele>
    <time>2021-02-06T13:48:51Z</time>
   </trkpt>
   <trkpt lat="20.5045730" lon="-100.3749600">
    <ele>1967.5</ele>
    <time>2021-02-06T13:48:55Z</time>
   </trkpt>
   <trkpt lat="20.5045640" lon="-100.3750770">
    <ele>1967.7</ele>
    <time>2021-02-06T13:48:59Z</time>
   </trkpt>
   <trkpt lat="20.5045550" lon="-100.3751880">
    <ele>1967.8</ele>
    <time>2021-02-06T13:49:03Z</time>
   </trkpt>
   <trkpt lat="20.5045480" lon="-100.3752960">
    <ele>1967.8</ele>
    <time>2021-02-06T13:49:07Z</time>
   </trkpt>
   <trkpt lat="20.5045440" lon="-100.3754040">
    <ele>1967.9</ele>
    <time>2021-02-06T13:49:11Z</time>
   </trkpt>
   <trkpt lat="20.5045320" lon="-100.3755180">
    <ele>1968.0</ele>
    <time>2021-02-06T13:49:15Z</time>
   </trkpt>
   <trkpt lat="20.5045270" lon="-100.3756260">
    <ele>1968.1</ele>
    <time>2021-02-06T13:49:19Z</time>
   </trkpt>
   <trkpt lat="20.5045100" lon="-100.3757380">
    <ele>1968.2</ele>
    <time>2021-02-06T13:49:23Z</time>
   </trkpt>
   <trkpt lat="20.5045060" lon="-100.3758550">
    <ele>1968.2</ele>
    <time>2021-02-06T13:49:27Z</time>
   </trkpt>
   <trkpt lat="20.5044990" lon="-100.3759680">
    <ele>1968.3</ele>
    <time>2021-02-06T13:49:31Z</time>
   </trkpt>
   <trkpt lat="20.5045060" lon="-100.3760910">
    <ele>1968.3</ele>
    <time>2021-02-06T13:49:35Z</time>
   </trkpt>
   <trkpt lat="20.5045160" lon="-100.3762120">
    <ele>1968.2</ele>
    <time>2021-02-06T13:49:39Z</time>
   </trkpt>
   <trkpt lat="20.5045050" lon="-100.3763260">
    <ele>1968.0</ele>
    <time>2021-02-06T13:49:43Z</time>
   </trkpt>
   <trkpt lat="20.5045040" lon="-100.3764490">
    <ele>1967.7</ele>
    <time>2021-02-06T13:49:47Z</time>
   </trkpt>
   <trkpt lat="20.5045100" lon="-100.3765580">
    <ele>1967.2</ele>
    <time>2021-02-06T13:49:51Z</time>
   </trkpt>
   <trkpt lat="20.5045020" lon="-100.3766740">
    <ele>1966.8</ele>
    <time>2021-02-06T13:49:55Z</time>
   </trkpt>
   <trkpt lat="20.5044930" lon="-100.3767830">
    <ele>1966.6</ele>
    <time>2021-02-06T13:49:59Z</time>
   </trkpt>
   <trkpt lat="20.5044850" lon="-100.3769110">
    <ele>1966.0</ele>
    <time>2021-02-06T13:50:03Z</time>
   </trkpt>
   <trkpt lat="20.5044800" lon="-100.3770110">
    <ele>1965.5</ele>
    <time>2021-02-06T13:50:06Z</time>
   </trkpt>
   <trkpt lat="20.5044790" lon="-100.3771140">
    <ele>1965.1</ele>
    <time>2021-02-06T13:50:09Z</time>
   </trkpt>
   <trkpt lat="20.5044750" lon="-100.3772240">
    <ele>1964.8</ele>
    <time>2021-02-06T13:50:12Z</time>
   </trkpt>
   <trkpt lat="20.5044680" lon="-100.3773280">
    <ele>1964.7</ele>
    <time>2021-02-06T13:50:15Z</time>
   </trkpt>
   <trkpt lat="20.5044790" lon="-100.3774510">
    <ele>1964.7</ele>
    <time>2021-02-06T13:50:19Z</time>
   </trkpt>
   <trkpt lat="20.5044890" lon="-100.3775490">
    <ele>1964.8</ele>
    <time>2021-02-06T13:50:22Z</time>
   </trkpt>
   <trkpt lat="20.5044820" lon="-100.3776500">
    <ele>1964.9</ele>
    <time>2021-02-06T13:50:25Z</time>
   </trkpt>
   <trkpt lat="20.5044580" lon="-100.3777680">
    <ele>1965.1</ele>
    <time>2021-02-06T13:50:29Z</time>
   </trkpt>
   <trkpt lat="20.5044380" lon="-100.3778670">
    <ele>1965.3</ele>
    <time>2021-02-06T13:50:33Z</time>
   </trkpt>
   <trkpt lat="20.5044400" lon="-100.3779680">
    <ele>1965.6</ele>
    <time>2021-02-06T13:50:37Z</time>
   </trkpt>
   <trkpt lat="20.5044290" lon="-100.3780740">
    <ele>1965.8</ele>
    <time>2021-02-06T13:50:41Z</time>
   </trkpt>
   <trkpt lat="20.5044210" lon="-100.3781780">
    <ele>1966.0</ele>
    <time>2021-02-06T13:50:45Z</time>
   </trkpt>
   <trkpt lat="20.5044070" lon="-100.3782890">
    <ele>1966.2</ele>
    <time>2021-02-06T13:50:49Z</time>
   </trkpt>
   <trkpt lat="20.5043990" lon="-100.3783940">
    <ele>1966.4</ele>
    <time>2021-02-06T13:50:53Z</time>
   </trkpt>
   <trkpt lat="20.5043850" lon="-100.3785050">
    <ele>1966.6</ele>
    <time>2021-02-06T13:50:57Z</time>
   </trkpt>
   <trkpt lat="20.5043900" lon="-100.3786060">
    <ele>1966.7</ele>
    <time>2021-02-06T13:51:01Z</time>
   </trkpt>
   <trkpt lat="20.5043910" lon="-100.3787030">
    <ele>1966.7</ele>
    <time>2021-02-06T13:51:05Z</time>
   </trkpt>
   <trkpt lat="20.5043890" lon="-100.3788170">
    <ele>1966.8</ele>
    <time>2021-02-06T13:51:09Z</time>
   </trkpt>
   <trkpt lat="20.5043840" lon="-100.3789410">
    <ele>1966.9</ele>
    <time>2021-02-06T13:51:13Z</time>
   </trkpt>
   <trkpt lat="20.5043870" lon="-100.3790700">
    <ele>1967.0</ele>
    <time>2021-02-06T13:51:17Z</time>
   </trkpt>
   <trkpt lat="20.5043970" lon="-100.3791720">
    <ele>1967.0</ele>
    <time>2021-02-06T13:51:20Z</time>
   </trkpt>
   <trkpt lat="20.5044050" lon="-100.3792740">
    <ele>1966.9</ele>
    <time>2021-02-06T13:51:23Z</time>
   </trkpt>
   <trkpt lat="20.5044050" lon="-100.3793920">
    <ele>1966.8</ele>
    <time>2021-02-06T13:51:27Z</time>
   </trkpt>
   <trkpt lat="20.5043980" lon="-100.3795030">
    <ele>1966.7</ele>
    <time>2021-02-06T13:51:31Z</time>
   </trkpt>
   <trkpt lat="20.5043830" lon="-100.3796240">
    <ele>1966.6</ele>
    <time>2021-02-06T13:51:35Z</time>
   </trkpt>
   <trkpt lat="20.5043720" lon="-100.3797300">
    <ele>1966.5</ele>
    <time>2021-02-06T13:51:39Z</time>
   </trkpt>
   <trkpt lat="20.5043620" lon="-100.3798390">
    <ele>1966.3</ele>
    <time>2021-02-06T13:51:43Z</time>
   </trkpt>
   <trkpt lat="20.5043600" lon="-100.3799640">
    <ele>1966.1</ele>
    <time>2021-02-06T13:51:47Z</time>
   </trkpt>
   <trkpt lat="20.5043590" lon="-100.3800850">
    <ele>1965.9</ele>
    <time>2021-02-06T13:51:51Z</time>
   </trkpt>
   <trkpt lat="20.5043470" lon="-100.3802020">
    <ele>1965.8</ele>
    <time>2021-02-06T13:51:55Z</time>
   </trkpt>
   <trkpt lat="20.5043350" lon="-100.3803170">
    <ele>1965.7</ele>
    <time>2021-02-06T13:51:59Z</time>
   </trkpt>
   <trkpt lat="20.5043300" lon="-100.3804280">
    <ele>1965.6</ele>
    <time>2021-02-06T13:52:03Z</time>
   </trkpt>
   <trkpt lat="20.5043290" lon="-100.3805430">
    <ele>1965.6</ele>
    <time>2021-02-06T13:52:07Z</time>
   </trkpt>
   <trkpt lat="20.5043220" lon="-100.3806550">
    <ele>1965.5</ele>
    <time>2021-02-06T13:52:11Z</time>
   </trkpt>
   <trkpt lat="20.5042940" lon="-100.3807740">
    <ele>1965.4</ele>
    <time>2021-02-06T13:52:15Z</time>
   </trkpt>
   <trkpt lat="20.5042660" lon="-100.3808970">
    <ele>1965.0</ele>
    <time>2021-02-06T13:52:19Z</time>
   </trkpt>
   <trkpt lat="20.5042430" lon="-100.3810120">
    <ele>1964.7</ele>
    <time>2021-02-06T13:52:23Z</time>
   </trkpt>
   <trkpt lat="20.5042140" lon="-100.3811380">
    <ele>1964.2</ele>
    <time>2021-02-06T13:52:27Z</time>
   </trkpt>
   <trkpt lat="20.5041850" lon="-100.3812330">
    <ele>1963.9</ele>
    <time>2021-02-06T13:52:30Z</time>
   </trkpt>
   <trkpt lat="20.5041470" lon="-100.3813440">
    <ele>1963.5</ele>
    <time>2021-02-06T13:52:34Z</time>
   </trkpt>
   <trkpt lat="20.5041040" lon="-100.3814560">
    <ele>1963.2</ele>
    <time>2021-02-06T13:52:38Z</time>
   </trkpt>
   <trkpt lat="20.5040590" lon="-100.3815540">
    <ele>1962.8</ele>
    <time>2021-02-06T13:52:42Z</time>
   </trkpt>
   <trkpt lat="20.5040120" lon="-100.3816390">
    <ele>1962.5</ele>
    <time>2021-02-06T13:52:45Z</time>
   </trkpt>
   <trkpt lat="20.5039660" lon="-100.3817310">
    <ele>1962.2</ele>
    <time>2021-02-06T13:52:48Z</time>
   </trkpt>
   <trkpt lat="20.5039170" lon="-100.3818130">
    <ele>1961.8</ele>
    <time>2021-02-06T13:52:51Z</time>
   </trkpt>
   <trkpt lat="20.5038540" lon="-100.3819070">
    <ele>1961.4</ele>
    <time>2021-02-06T13:52:55Z</time>
   </trkpt>
   <trkpt lat="20.5037920" lon="-100.3820010">
    <ele>1960.9</ele>
    <time>2021-02-06T13:52:59Z</time>
   </trkpt>
   <trkpt lat="20.5037270" lon="-100.3821000">
    <ele>1960.3</ele>
    <time>2021-02-06T13:53:03Z</time>
   </trkpt>
   <trkpt lat="20.5036760" lon="-100.3821800">
    <ele>1959.8</ele>
    <time>2021-02-06T13:53:06Z</time>
   </trkpt>
   <trkpt lat="20.5036260" lon="-100.3822620">
    <ele>1959.3</ele>
    <time>2021-02-06T13:53:09Z</time>
   </trkpt>
   <trkpt lat="20.5035750" lon="-100.3823550">
    <ele>1958.8</ele>
    <time>2021-02-06T13:53:12Z</time>
   </trkpt>
   <trkpt lat="20.5035260" lon="-100.3824380">
    <ele>1958.2</ele>
    <time>2021-02-06T13:53:15Z</time>
   </trkpt>
   <trkpt lat="20.5034820" lon="-100.3825300">
    <ele>1957.7</ele>
    <time>2021-02-06T13:53:18Z</time>
   </trkpt>
   <trkpt lat="20.5034310" lon="-100.3826110">
    <ele>1957.1</ele>
    <time>2021-02-06T13:53:21Z</time>
   </trkpt>
   <trkpt lat="20.5033620" lon="-100.3827080">
    <ele>1956.3</ele>
    <time>2021-02-06T13:53:25Z</time>
   </trkpt>
   <trkpt lat="20.5032980" lon="-100.3828080">
    <ele>1955.5</ele>
    <time>2021-02-06T13:53:29Z</time>
   </trkpt>
   <trkpt lat="20.5032480" lon="-100.3828930">
    <ele>1954.8</ele>
    <time>2021-02-06T13:53:32Z</time>
   </trkpt>
   <trkpt lat="20.5031940" lon="-100.3829710">
    <ele>1954.3</ele>
    <time>2021-02-06T13:53:35Z</time>
   </trkpt>
   <trkpt lat="20.5031410" lon="-100.3830540">
    <ele>1953.8</ele>
    <time>2021-02-06T13:53:38Z</time>
   </trkpt>
   <trkpt lat="20.5030690" lon="-100.3831530">
    <ele>1953.4</ele>
    <time>2021-02-06T13:53:42Z</time>
   </trkpt>
   <trkpt lat="20.5030050" lon="-100.3832540">
    <ele>1953.5</ele>
    <time>2021-02-06T13:53:46Z</time>
   </trkpt>
   <trkpt lat="20.5029370" lon="-100.3833470">
    <ele>1953.8</ele>
    <time>2021-02-06T13:53:50Z</time>
   </trkpt>
   <trkpt lat="20.5028870" lon="-100.3834430">
    <ele>1954.1</ele>
    <time>2021-02-06T13:53:54Z</time>
   </trkpt>
   <trkpt lat="20.5028440" lon="-100.3835390">
    <ele>1954.6</ele>
    <time>2021-02-06T13:53:58Z</time>
   </trkpt>
   <trkpt lat="20.5027910" lon="-100.3836200">
    <ele>1955.1</ele>
    <time>2021-02-06T13:54:02Z</time>
   </trkpt>
   <trkpt lat="20.5027370" lon="-100.3837160">
    <ele>1955.6</ele>
    <time>2021-02-06T13:54:07Z</time>
   </trkpt>
   <trkpt lat="20.5026840" lon="-100.3838120">
    <ele>1956.2</ele>
    <time>2021-02-06T13:54:11Z</time>
   </trkpt>
   <trkpt lat="20.5026220" lon="-100.3838990">
    <ele>1956.8</ele>
    <time>2021-02-06T13:54:15Z</time>
   </trkpt>
   <trkpt lat="20.5025640" lon="-100.3839910">
    <ele>1957.3</ele>
    <time>2021-02-06T13:54:19Z</time>
   </trkpt>
   <trkpt lat="20.5025120" lon="-100.3840820">
    <ele>1957.9</ele>
    <time>2021-02-06T13:54:23Z</time>
   </trkpt>
   <trkpt lat="20.5024630" lon="-100.3841750">
    <ele>1958.4</ele>
    <time>2021-02-06T13:54:27Z</time>
   </trkpt>
   <trkpt lat="20.5024100" lon="-100.3842720">
    <ele>1959.0</ele>
    <time>2021-02-06T13:54:31Z</time>
   </trkpt>
   <trkpt lat="20.5023640" lon="-100.3843580">
    <ele>1959.4</ele>
    <time>2021-02-06T13:54:35Z</time>
   </trkpt>
   <trkpt lat="20.5023100" lon="-100.3844390">
    <ele>1959.7</ele>
    <time>2021-02-06T13:54:39Z</time>
   </trkpt>
   <trkpt lat="20.5022480" lon="-100.3845200">
    <ele>1960.1</ele>
    <time>2021-02-06T13:54:43Z</time>
   </trkpt>
   <trkpt lat="20.5021780" lon="-100.3845890">
    <ele>1960.2</ele>
    <time>2021-02-06T13:54:47Z</time>
   </trkpt>
   <trkpt lat="20.5021190" lon="-100.3846630">
    <ele>1960.4</ele>
    <time>2021-02-06T13:54:51Z</time>
   </trkpt>
   <trkpt lat="20.5020580" lon="-100.3847480">
    <ele>1960.5</ele>
    <time>2021-02-06T13:54:55Z</time>
   </trkpt>
   <trkpt lat="20.5020040" lon="-100.3848460">
    <ele>1960.6</ele>
    <time>2021-02-06T13:54:59Z</time>
   </trkpt>
   <trkpt lat="20.5019380" lon="-100.3849220">
    <ele>1960.7</ele>
    <time>2021-02-06T13:55:03Z</time>
   </trkpt>
   <trkpt lat="20.5018780" lon="-100.3850060">
    <ele>1960.8</ele>
    <time>2021-02-06T13:55:07Z</time>
   </trkpt>
   <trkpt lat="20.5018060" lon="-100.3850870">
    <ele>1960.9</ele>
    <time>2021-02-06T13:55:11Z</time>
   </trkpt>
   <trkpt lat="20.5017430" lon="-100.3851680">
    <ele>1961.1</ele>
    <time>2021-02-06T13:55:15Z</time>
   </trkpt>
   <trkpt lat="20.5016820" lon="-100.3852400">
    <ele>1961.4</ele>
    <time>2021-02-06T13:55:19Z</time>
   </trkpt>
   <trkpt lat="20.5016070" lon="-100.3853190">
    <ele>1961.6</ele>
    <time>2021-02-06T13:55:24Z</time>
   </trkpt>
   <trkpt lat="20.5015510" lon="-100.3853960">
    <ele>1961.8</ele>
    <time>2021-02-06T13:55:28Z</time>
   </trkpt>
   <trkpt lat="20.5014830" lon="-100.3854730">
    <ele>1962.0</ele>
    <time>2021-02-06T13:55:32Z</time>
   </trkpt>
   <trkpt lat="20.5014100" lon="-100.3855620">
    <ele>1962.2</ele>
    <time>2021-02-06T13:55:36Z</time>
   </trkpt>
   <trkpt lat="20.5013350" lon="-100.3856550">
    <ele>1962.4</ele>
    <time>2021-02-06T13:55:40Z</time>
   </trkpt>
   <trkpt lat="20.5012740" lon="-100.3857480">
    <ele>1962.6</ele>
    <time>2021-02-06T13:55:44Z</time>
   </trkpt>
   <trkpt lat="20.5011980" lon="-100.3858230">
    <ele>1962.8</ele>
    <time>2021-02-06T13:55:48Z</time>
   </trkpt>
   <trkpt lat="20.5011230" lon="-100.3859020">
    <ele>1963.0</ele>
    <time>2021-02-06T13:55:52Z</time>
   </trkpt>
   <trkpt lat="20.5010480" lon="-100.3859800">
    <ele>1963.2</ele>
    <time>2021-02-06T13:55:56Z</time>
   </trkpt>
   <trkpt lat="20.5009770" lon="-100.3860840">
    <ele>1963.3</ele>
    <time>2021-02-06T13:56:00Z</time>
   </trkpt>
   <trkpt lat="20.5009120" lon="-100.3861900">
    <ele>1963.5</ele>
    <time>2021-02-06T13:56:04Z</time>
   </trkpt>
   <trkpt lat="20.5008440" lon="-100.3862920">
    <ele>1963.6</ele>
    <time>2021-02-06T13:56:08Z</time>
   </trkpt>
   <trkpt lat="20.5008580" lon="-100.3864120">
    <ele>1963.8</ele>
    <time>2021-02-06T13:56:12Z</time>
   </trkpt>
   <trkpt lat="20.5009080" lon="-100.3865150">
    <ele>1964.1</ele>
    <time>2021-02-06T13:56:16Z</time>
   </trkpt>
   <trkpt lat="20.5009550" lon="-100.3866150">
    <ele>1964.3</ele>
    <time>2021-02-06T13:56:20Z</time>
   </trkpt>
   <trkpt lat="20.5009980" lon="-100.3867190">
    <ele>1964.6</ele>
    <time>2021-02-06T13:56:24Z</time>
   </trkpt>
   <trkpt lat="20.5010340" lon="-100.3868200">
    <ele>1964.8</ele>
    <time>2021-02-06T13:56:28Z</time>
   </trkpt>
   <trkpt lat="20.5010800" lon="-100.3869310">
    <ele>1965.1</ele>
    <time>2021-02-06T13:56:32Z</time>
   </trkpt>
   <trkpt lat="20.5011210" lon="-100.3870410">
    <ele>1965.3</ele>
    <time>2021-02-06T13:56:36Z</time>
   </trkpt>
   <trkpt lat="20.5011620" lon="-100.3871450">
    <ele>1965.4</ele>
    <time>2021-02-06T13:56:40Z</time>
   </trkpt>
   <trkpt lat="20.5012010" lon="-100.3872460">
    <ele>1965.6</ele>
    <time>2021-02-06T13:56:44Z</time>
   </trkpt>
   <trkpt lat="20.5012430" lon="-100.3873460">
    <ele>1965.8</ele>
    <time>2021-02-06T13:56:48Z</time>
   </trkpt>
   <trkpt lat="20.5012990" lon="-100.3874350">
    <ele>1965.9</ele>
    <time>2021-02-06T13:56:52Z</time>
   </trkpt>
   <trkpt lat="20.5013500" lon="-100.3875410">
    <ele>1966.1</ele>
    <time>2021-02-06T13:56:56Z</time>
   </trkpt>
   <trkpt lat="20.5013930" lon="-100.3876550">
    <ele>1966.2</ele>
    <time>2021-02-06T13:57:00Z</time>
   </trkpt>
   <trkpt lat="20.5014290" lon="-100.3877720">
    <ele>1966.4</ele>
    <time>2021-02-06T13:57:04Z</time>
   </trkpt>
   <trkpt lat="20.5014690" lon="-100.3878800">
    <ele>1966.5</ele>
    <time>2021-02-06T13:57:08Z</time>
   </trkpt>
   <trkpt lat="20.5015030" lon="-100.3879830">
    <ele>1966.6</ele>
    <time>2021-02-06T13:57:12Z</time>
   </trkpt>
   <trkpt lat="20.5015390" lon="-100.3880730">
    <ele>1966.8</ele>
    <time>2021-02-06T13:57:16Z</time>
   </trkpt>
   <trkpt lat="20.5015800" lon="-100.3881680">
    <ele>1966.9</ele>
    <time>2021-02-06T13:57:20Z</time>
   </trkpt>
   <trkpt lat="20.5016230" lon="-100.3882820">
    <ele>1967.0</ele>
    <time>2021-02-06T13:57:24Z</time>
   </trkpt>
   <trkpt lat="20.5016630" lon="-100.3883870">
    <ele>1967.2</ele>
    <time>2021-02-06T13:57:28Z</time>
   </trkpt>
   <trkpt lat="20.5017020" lon="-100.3884960">
    <ele>1967.4</ele>
    <time>2021-02-06T13:57:32Z</time>
   </trkpt>
   <trkpt lat="20.5017370" lon="-100.3885990">
    <ele>1967.6</ele>
    <time>2021-02-06T13:57:36Z</time>
   </trkpt>
   <trkpt lat="20.5017780" lon="-100.3887100">
    <ele>1967.8</ele>
    <time>2021-02-06T13:57:41Z</time>
   </trkpt>
   <trkpt lat="20.5018200" lon="-100.3888190">
    <ele>1968.1</ele>
    <time>2021-02-06T13:57:46Z</time>
   </trkpt>
   <trkpt lat="20.5018570" lon="-100.3889080">
    <ele>1968.2</ele>
    <time>2021-02-06T13:57:50Z</time>
   </trkpt>
   <trkpt lat="20.5018900" lon="-100.3890120">
    <ele>1968.5</ele>
    <time>2021-02-06T13:57:54Z</time>
   </trkpt>
   <trkpt lat="20.5019260" lon="-100.3891140">
    <ele>1968.6</ele>
    <time>2021-02-06T13:57:58Z</time>
   </trkpt>
   <trkpt lat="20.5019550" lon="-100.3892150">
    <ele>1968.8</ele>
    <time>2021-02-06T13:58:02Z</time>
   </trkpt>
   <trkpt lat="20.5019870" lon="-100.3893150">
    <ele>1968.9</ele>
    <time>2021-02-06T13:58:06Z</time>
   </trkpt>
   <trkpt lat="20.5020160" lon="-100.3894120">
    <ele>1969.1</ele>
    <time>2021-02-06T13:58:10Z</time>
   </trkpt>
   <trkpt lat="20.5020500" lon="-100.3895110">
    <ele>1969.3</ele>
    <time>2021-02-06T13:58:14Z</time>
   </trkpt>
   <trkpt lat="20.5020920" lon="-100.3896100">
    <ele>1969.4</ele>
    <time>2021-02-06T13:58:18Z</time>
   </trkpt>
   <trkpt lat="20.5021290" lon="-100.3897150">
    <ele>1969.6</ele>
    <time>2021-02-06T13:58:22Z</time>
   </trkpt>
   <trkpt lat="20.5021590" lon="-100.3898280">
    <ele>1969.8</ele>
    <time>2021-02-06T13:58:26Z</time>
   </trkpt>
   <trkpt lat="20.5021930" lon="-100.3899330">
    <ele>1970.0</ele>
    <time>2021-02-06T13:58:30Z</time>
   </trkpt>
   <trkpt lat="20.5022240" lon="-100.3900320">
    <ele>1970.1</ele>
    <time>2021-02-06T13:58:34Z</time>
   </trkpt>
   <trkpt lat="20.5022520" lon="-100.3901360">
    <ele>1970.2</ele>
    <time>2021-02-06T13:58:38Z</time>
   </trkpt>
   <trkpt lat="20.5022890" lon="-100.3902310">
    <ele>1970.3</ele>
    <time>2021-02-06T13:58:42Z</time>
   </trkpt>
   <trkpt lat="20.5023200" lon="-100.3903340">
    <ele>1970.5</ele>
    <time>2021-02-06T13:58:46Z</time>
   </trkpt>
   <trkpt lat="20.5023520" lon="-100.3904410">
    <ele>1970.6</ele>
    <time>2021-02-06T13:58:50Z</time>
   </trkpt>
   <trkpt lat="20.5023770" lon="-100.3905480">
    <ele>1970.8</ele>
    <time>2021-02-06T13:58:54Z</time>
   </trkpt>
   <trkpt lat="20.5024420" lon="-100.3906220">
    <ele>1970.9</ele>
    <time>2021-02-06T13:58:58Z</time>
   </trkpt>
   <trkpt lat="20.5025320" lon="-100.3906730">
    <ele>1971.0</ele>
    <time>2021-02-06T13:59:02Z</time>
   </trkpt>
   <trkpt lat="20.5026150" lon="-100.3907420">
    <ele>1971.2</ele>
    <time>2021-02-06T13:59:06Z</time>
   </trkpt>
   <trkpt lat="20.5026690" lon="-100.3908270">
    <ele>1971.4</ele>
    <time>2021-02-06T13:59:10Z</time>
   </trkpt>
   <trkpt lat="20.5026820" lon="-100.3909380">
    <ele>1971.5</ele>
    <time>2021-02-06T13:59:14Z</time>
   </trkpt>
   <trkpt lat="20.5026670" lon="-100.3910530">
    <ele>1971.7</ele>
    <time>2021-02-06T13:59:18Z</time>
   </trkpt>
   <trkpt lat="20.5026510" lon="-100.3911650">
    <ele>1971.9</ele>
    <time>2021-02-06T13:59:22Z</time>
   </trkpt>
   <trkpt lat="20.5026620" lon="-100.3912900">
    <ele>1972.1</ele>
    <time>2021-02-06T13:59:26Z</time>
   </trkpt>
   <trkpt lat="20.5026970" lon="-100.3914030">
    <ele>1972.3</ele>
    <time>2021-02-06T13:59:30Z</time>
   </trkpt>
   <trkpt lat="20.5027330" lon="-100.3915040">
    <ele>1972.4</ele>
    <time>2021-02-06T13:59:34Z</time>
   </trkpt>
   <trkpt lat="20.5027620" lon="-100.3916050">
    <ele>1972.6</ele>
    <time>2021-02-06T13:59:38Z</time>
   </trkpt>
   <trkpt lat="20.5027930" lon="-100.3917040">
    <ele>1972.7</ele>
    <time>2021-02-06T13:59:42Z</time>
   </trkpt>
   <trkpt lat="20.5028230" lon="-100.3917990">
    <ele>1972.9</ele>
    <time>2021-02-06T13:59:46Z</time>
   </trkpt>
   <trkpt lat="20.5028610" lon="-100.3919140">
    <ele>1973.0</ele>
    <time>2021-02-06T13:59:50Z</time>
   </trkpt>
   <trkpt lat="20.5028990" lon="-100.3920170">
    <ele>1973.2</ele>
    <time>2021-02-06T13:59:54Z</time>
   </trkpt>
   <trkpt lat="20.5029430" lon="-100.3921250">
    <ele>1973.4</ele>
    <time>2021-02-06T13:59:58Z</time>
   </trkpt>
   <trkpt lat="20.5029850" lon="-100.3922270">
    <ele>1973.5</ele>
    <time>2021-02-06T14:00:02Z</time>
   </trkpt>
   <trkpt lat="20.5030220" lon="-100.3923280">
    <ele>1973.6</ele>
    <time>2021-02-06T14:00:06Z</time>
   </trkpt>
   <trkpt lat="20.5030570" lon="-100.3924250">
    <ele>1973.8</ele>
    <time>2021-02-06T14:00:10Z</time>
   </trkpt>
   <trkpt lat="20.5030950" lon="-100.3925290">
    <ele>1973.9</ele>
    <time>2021-02-06T14:00:14Z</time>
   </trkpt>
   <trkpt lat="20.5031360" lon="-100.3926350">
    <ele>1974.0</ele>
    <time>2021-02-06T14:00:18Z</time>
   </trkpt>
   <trkpt lat="20.5031740" lon="-100.3927390">
    <ele>1974.2</ele>
    <time>2021-02-06T14:00:22Z</time>
   </trkpt>
   <trkpt lat="20.5032090" lon="-100.3928450">
    <ele>1974.3</ele>
    <time>2021-02-06T14:00:26Z</time>
   </trkpt>
   <trkpt lat="20.5032440" lon="-100.3929490">
    <ele>1974.4</ele>
    <time>2021-02-06T14:00:30Z</time>
   </trkpt>
   <trkpt lat="20.5032820" lon="-100.3930550">
    <ele>1974.6</ele>
    <time>2021-02-06T14:00:34Z</time>
   </trkpt>
   <trkpt lat="20.5033200" lon="-100.3931620">
    <ele>1974.7</ele>
    <time>2021-02-06T14:00:38Z</time>
   </trkpt>
   <trkpt lat="20.5033580" lon="-100.3932680">
    <ele>1974.8</ele>
    <time>2021-02-06T14:00:42Z</time>
   </trkpt>
   <trkpt lat="20.5033960" lon="-100.3933720">
    <ele>1974.9</ele>
    <time>2021-02-06T14:00:46Z</time>
   </trkpt>
   <trkpt lat="20.5034370" lon="-100.3934780">
    <ele>1975.0</ele>
    <time>2021-02-06T14:00:50Z</time>
   </trkpt>
   <trkpt lat="20.5034760" lon="-100.3935820">
    <ele>1975.0</ele>
    <time>2021-02-06T14:00:54Z</time>
   </trkpt>
   <trkpt lat="20.5035150" lon="-100.3936820">
    <ele>1975.1</ele>
    <time>2021-02-06T14:00:58Z</time>
   </trkpt>
   <trkpt lat="20.5035470" lon="-100.3937770">
    <ele>1975.1</ele>
    <time>2021-02-06T14:01:02Z</time>
   </trkpt>
   <trkpt lat="20.5035820" lon="-100.3938770">
    <ele>1975.2</ele>
    <time>2021-02-06T14:01:06Z</time>
   </trkpt>
   <trkpt lat="20.5036260" lon="-100.3939700">
    <ele>1975.2</ele>
    <time>2021-02-06T14:01:10Z</time>
   </trkpt>
   <trkpt lat="20.5036620" lon="-100.3940730">
    <ele>1975.3</ele>
    <time>2021-02-06T14:01:14Z</time>
   </trkpt>
   <trkpt lat="20.5037020" lon="-100.3941800">
    <ele>1975.3</ele>
    <time>2021-02-06T14:01:18Z</time>
   </trkpt>
   <trkpt lat="20.5037460" lon="-100.3942840">
    <ele>1975.3</ele>
    <time>2021-02-06T14:01:22Z</time>
   </trkpt>
   <trkpt lat="20.5037790" lon="-100.3943910">
    <ele>1975.2</ele>
    <time>2021-02-06T14:01:26Z</time>
   </trkpt>
   <trkpt lat="20.5038120" lon="-100.3944950">
    <ele>1975.2</ele>
    <time>2021-02-06T14:01:30Z</time>
   </trkpt>
   <trkpt lat="20.5038490" lon="-100.3945990">
    <ele>1975.2</ele>
    <time>2021-02-06T14:01:34Z</time>
   </trkpt>
   <trkpt lat="20.5038790" lon="-100.3947050">
    <ele>1975.2</ele>
    <time>2021-02-06T14:01:38Z</time>
   </trkpt>
   <trkpt lat="20.5039130" lon="-100.3948040">
    <ele>1975.2</ele>
    <time>2021-02-06T14:01:42Z</time>
   </trkpt>
   <trkpt lat="20.5039520" lon="-100.3948990">
    <ele>1975.2</ele>
    <time>2021-02-06T14:01:46Z</time>
   </trkpt>
   <trkpt lat="20.5039910" lon="-100.3949890">
    <ele>1975.3</ele>
    <time>2021-02-06T14:01:50Z</time>
   </trkpt>
   <trkpt lat="20.5040280" lon="-100.3950900">
    <ele>1975.3</ele>
    <time>2021-02-06T14:01:54Z</time>
   </trkpt>
   <trkpt lat="20.5040660" lon="-100.3951940">
    <ele>1975.4</ele>
    <time>2021-02-06T14:01:58Z</time>
   </trkpt>
   <trkpt lat="20.5040990" lon="-100.3952880">
    <ele>1975.5</ele>
    <time>2021-02-06T14:02:02Z</time>
   </trkpt>
   <trkpt lat="20.5041380" lon="-100.3953980">
    <ele>1975.6</ele>
    <time>2021-02-06T14:02:07Z</time>
   </trkpt>
   <trkpt lat="20.5041790" lon="-100.3955070">
    <ele>1975.8</ele>
    <time>2021-02-06T14:02:12Z</time>
   </trkpt>
   <trkpt lat="20.5042130" lon="-100.3956210">
    <ele>1976.0</ele>
    <time>2021-02-06T14:02:17Z</time>
   </trkpt>
   <trkpt lat="20.5042450" lon="-100.3957130">
    <ele>1976.3</ele>
    <time>2021-02-06T14:02:21Z</time>
   </trkpt>
   <trkpt lat="20.5042780" lon="-100.3958030">
    <ele>1976.5</ele>
    <time>2021-02-06T14:02:25Z</time>
   </trkpt>
   <trkpt lat="20.5043170" lon="-100.3958940">
    <ele>1976.7</ele>
    <time>2021-02-06T14:02:29Z</time>
   </trkpt>
   <trkpt lat="20.5043520" lon="-100.3959870">
    <ele>1977.0</ele>
    <time>2021-02-06T14:02:33Z</time>
   </trkpt>
   <trkpt lat="20.5043880" lon="-100.3960820">
    <ele>1977.3</ele>
    <time>2021-02-06T14:02:37Z</time>
   </trkpt>
   <trkpt lat="20.5044200" lon="-100.3961800">
    <ele>1977.5</ele>
    <time>2021-02-06T14:02:41Z</time>
   </trkpt>
   <trkpt lat="20.5044580" lon="-100.3962760">
    <ele>1977.9</ele>
    <time>2021-02-06T14:02:45Z</time>
   </trkpt>
   <trkpt lat="20.5044940" lon="-100.3963700">
    <ele>1978.3</ele>
    <time>2021-02-06T14:02:49Z</time>
   </trkpt>
   <trkpt lat="20.5045280" lon="-100.3964670">
    <ele>1978.7</ele>
    <time>2021-02-06T14:02:53Z</time>
   </trkpt>
   <trkpt lat="20.5045620" lon="-100.3965630">
    <ele>1979.1</ele>
    <time>2021-02-06T14:02:57Z</time>
   </trkpt>
   <trkpt lat="20.5046070" lon="-100.3966720">
    <ele>1979.7</ele>
    <time>2021-02-06T14:03:02Z</time>
   </trkpt>
   <trkpt lat="20.5046420" lon="-100.3967660">
    <ele>1980.2</ele>
    <time>2021-02-06T14:03:06Z</time>
   </trkpt>
   <trkpt lat="20.5046830" lon="-100.3968590">
    <ele>1980.7</ele>
    <time>2021-02-06T14:03:10Z</time>
   </trkpt>
   <trkpt lat="20.5047250" lon="-100.3969480">
    <ele>1981.3</ele>
    <time>2021-02-06T14:03:14Z</time>
   </trkpt>
   <trkpt lat="20.5047460" lon="-100.3970430">
    <ele>1981.9</ele>
    <time>2021-02-06T14:03:18Z</time>
   </trkpt>
   <trkpt lat="20.5047850" lon="-100.3971540">
    <ele>1982.6</ele>
    <time>2021-02-06T14:03:23Z</time>
   </trkpt>
   <trkpt lat="20.5048220" lon="-100.3972480">
    <ele>1983.3</ele>
    <time>2021-02-06T14:03:27Z</time>
   </trkpt>
   <trkpt lat="20.5048510" lon="-100.3973410">
    <ele>1984.0</ele>
    <time>2021-02-06T14:03:31Z</time>
   </trkpt>
   <trkpt lat="20.5048830" lon="-100.3974310">
    <ele>1984.6</ele>
    <time>2021-02-06T14:03:35Z</time>
   </trkpt>
   <trkpt lat="20.5049310" lon="-100.3975320">
    <ele>1985.4</ele>
    <time>2021-02-06T14:03:40Z</time>
   </trkpt>
   <trkpt lat="20.5049730" lon="-100.3976390">
    <ele>1986.2</ele>
    <time>2021-02-06T14:03:45Z</time>
   </trkpt>
   <trkpt lat="20.5050160" lon="-100.3977490">
    <ele>1987.0</ele>
    <time>2021-02-06T14:03:50Z</time>
   </trkpt>
   <trkpt lat="20.5050540" lon="-100.3978590">
    <ele>1987.9</ele>
    <time>2021-02-06T14:03:55Z</time>
   </trkpt>
   <trkpt lat="20.5050870" lon="-100.3979680">
    <ele>1988.6</ele>
    <time>2021-02-06T14:04:00Z</time>
   </trkpt>
   <trkpt lat="20.5051140" lon="-100.3980600">
    <ele>1989.3</ele>
    <time>2021-02-06T14:04:04Z</time>
   </trkpt>
   <trkpt lat="20.5051580" lon="-100.3981520">
    <ele>1990.0</ele>
    <time>2021-02-06T14:04:08Z</time>
   </trkpt>
   <trkpt lat="20.5051990" lon="-100.3982460">
    <ele>1990.5</ele>
    <time>2021-02-06T14:04:12Z</time>
   </trkpt>
   <trkpt lat="20.5052330" lon="-100.3983370">
    <ele>1990.9</ele>
    <time>2021-02-06T14:04:16Z</time>
   </trkpt>
   <trkpt lat="20.5052750" lon="-100.3984430">
    <ele>1991.6</ele>
    <time>2021-02-06T14:04:21Z</time>
   </trkpt>
   <trkpt lat="20.5053050" lon="-100.3985450">
    <ele>1992.3</ele>
    <time>2021-02-06T14:04:26Z</time>
   </trkpt>
   <trkpt lat="20.5053470" lon="-100.3986430">
    <ele>1992.9</ele>
    <time>2021-02-06T14:04:31Z</time>
   </trkpt>
   <trkpt lat="20.5053820" lon="-100.3987470">
    <ele>1993.6</ele>
    <time>2021-02-06T14:04:36Z</time>
   </trkpt>
   <trkpt lat="20.5054200" lon="-100.3988610">
    <ele>1994.2</ele>
    <time>2021-02-06T14:04:41Z</time>
   </trkpt>
   <trkpt lat="20.5054530" lon="-100.3989530">
    <ele>1994.7</ele>
    <time>2021-02-06T14:04:45Z</time>
   </trkpt>
   <trkpt lat="20.5054800" lon="-100.3990450">
    <ele>1995.1</ele>
    <time>2021-02-06T14:04:49Z</time>
   </trkpt>
   <trkpt lat="20.5055040" lon="-100.3991440">
    <ele>1995.5</ele>
    <time>2021-02-06T14:04:53Z</time>
   </trkpt>
   <trkpt lat="20.5055330" lon="-100.3992440">
    <ele>1995.9</ele>
    <time>2021-02-06T14:04:57Z</time>
   </trkpt>
   <trkpt lat="20.5055750" lon="-100.3993450">
    <ele>1996.2</ele>
    <time>2021-02-06T14:05:01Z</time>
   </trkpt>
   <trkpt lat="20.5056130" lon="-100.3994500">
    <ele>1996.5</ele>
    <time>2021-02-06T14:05:05Z</time>
   </trkpt>
   <trkpt lat="20.5056520" lon="-100.3995520">
    <ele>1996.7</ele>
    <time>2021-02-06T14:05:09Z</time>
   </trkpt>
   <trkpt lat="20.5056880" lon="-100.3996450">
    <ele>1996.8</ele>
    <time>2021-02-06T14:05:13Z</time>
   </trkpt>
   <trkpt lat="20.5057250" lon="-100.3997400">
    <ele>1996.9</ele>
    <time>2021-02-06T14:05:17Z</time>
   </trkpt>
   <trkpt lat="20.5057630" lon="-100.3998410">
    <ele>1997.0</ele>
    <time>2021-02-06T14:05:21Z</time>
   </trkpt>
   <trkpt lat="20.5058060" lon="-100.3999430">
    <ele>1996.9</ele>
    <time>2021-02-06T14:05:25Z</time>
   </trkpt>
   <trkpt lat="20.5058350" lon="-100.4000470">
    <ele>1996.8</ele>
    <time>2021-02-06T14:05:29Z</time>
   </trkpt>
   <trkpt lat="20.5058620" lon="-100.4001610">
    <ele>1996.7</ele>
    <time>2021-02-06T14:05:33Z</time>
   </trkpt>
   <trkpt lat="20.5058950" lon="-100.4002730">
    <ele>1996.5</ele>
    <time>2021-02-06T14:05:37Z</time>
   </trkpt>
   <trkpt lat="20.5059420" lon="-100.4003850">
    <ele>1996.4</ele>
    <time>2021-02-06T14:05:41Z</time>
   </trkpt>
   <trkpt lat="20.5059830" lon="-100.4005020">
    <ele>1996.2</ele>
    <time>2021-02-06T14:05:45Z</time>
   </trkpt>
   <trkpt lat="20.5060260" lon="-100.4006170">
    <ele>1996.0</ele>
    <time>2021-02-06T14:05:49Z</time>
   </trkpt>
   <trkpt lat="20.5060550" lon="-100.4007260">
    <ele>1995.8</ele>
    <time>2021-02-06T14:05:53Z</time>
   </trkpt>
   <trkpt lat="20.5060900" lon="-100.4008390">
    <ele>1995.7</ele>
    <time>2021-02-06T14:05:57Z</time>
   </trkpt>
   <trkpt lat="20.5061260" lon="-100.4009540">
    <ele>1995.5</ele>
    <time>2021-02-06T14:06:01Z</time>
   </trkpt>
   <trkpt lat="20.5061820" lon="-100.4010620">
    <ele>1995.4</ele>
    <time>2021-02-06T14:06:05Z</time>
   </trkpt>
   <trkpt lat="20.5062320" lon="-100.4011750">
    <ele>1995.3</ele>
    <time>2021-02-06T14:06:09Z</time>
   </trkpt>
   <trkpt lat="20.5062800" lon="-100.4012890">
    <ele>1995.1</ele>
    <time>2021-02-06T14:06:13Z</time>
   </trkpt>
   <trkpt lat="20.5063250" lon="-100.4013980">
    <ele>1994.9</ele>
    <time>2021-02-06T14:06:17Z</time>
   </trkpt>
   <trkpt lat="20.5063670" lon="-100.4015110">
    <ele>1994.6</ele>
    <time>2021-02-06T14:06:21Z</time>
   </trkpt>
   <trkpt lat="20.5064000" lon="-100.4016230">
    <ele>1994.4</ele>
    <time>2021-02-06T14:06:25Z</time>
   </trkpt>
   <trkpt lat="20.5064400" lon="-100.4017220">
    <ele>1994.3</ele>
    <time>2021-02-06T14:06:29Z</time>
   </trkpt>
   <trkpt lat="20.5064900" lon="-100.4018230">
    <ele>1994.1</ele>
    <time>2021-02-06T14:06:33Z</time>
   </trkpt>
   <trkpt lat="20.5065370" lon="-100.4019260">
    <ele>1994.0</ele>
    <time>2021-02-06T14:06:37Z</time>
   </trkpt>
   <trkpt lat="20.5065870" lon="-100.4020300">
    <ele>1993.9</ele>
    <time>2021-02-06T14:06:41Z</time>
   </trkpt>
   <trkpt lat="20.5066370" lon="-100.4021360">
    <ele>1993.7</ele>
    <time>2021-02-06T14:06:45Z</time>
   </trkpt>
   <trkpt lat="20.5066750" lon="-100.4022260">
    <ele>1993.6</ele>
    <time>2021-02-06T14:06:48Z</time>
   </trkpt>
   <trkpt lat="20.5067100" lon="-100.4023160">
    <ele>1993.5</ele>
    <time>2021-02-06T14:06:51Z</time>
   </trkpt>
   <trkpt lat="20.5067500" lon="-100.4024280">
    <ele>1993.4</ele>
    <time>2021-02-06T14:06:55Z</time>
   </trkpt>
   <trkpt lat="20.5067890" lon="-100.4025430">
    <ele>1993.4</ele>
    <time>2021-02-06T14:06:59Z</time>
   </trkpt>
   <trkpt lat="20.5068280" lon="-100.4026490">
    <ele>1993.4</ele>
    <time>2021-02-06T14:07:03Z</time>
   </trkpt>
   <trkpt lat="20.5068680" lon="-100.4027590">
    <ele>1993.5</ele>
    <time>2021-02-06T14:07:07Z</time>
   </trkpt>
   <trkpt lat="20.5069070" lon="-100.4028680">
    <ele>1993.5</ele>
    <time>2021-02-06T14:07:11Z</time>
   </trkpt>
   <trkpt lat="20.5069380" lon="-100.4029810">
    <ele>1993.4</ele>
    <time>2021-02-06T14:07:15Z</time>
   </trkpt>
   <trkpt lat="20.5069800" lon="-100.4030740">
    <ele>1993.4</ele>
    <time>2021-02-06T14:07:18Z</time>
   </trkpt>
   <trkpt lat="20.5070230" lon="-100.4031870">
    <ele>1993.4</ele>
    <time>2021-02-06T14:07:22Z</time>
   </trkpt>
   <trkpt lat="20.5070680" lon="-100.4032970">
    <ele>1993.4</ele>
    <time>2021-02-06T14:07:26Z</time>
   </trkpt>
   <trkpt lat="20.5071030" lon="-100.4034040">
    <ele>1993.4</ele>
    <time>2021-02-06T14:07:30Z</time>
   </trkpt>
   <trkpt lat="20.5071440" lon="-100.4035130">
    <ele>1993.4</ele>
    <time>2021-02-06T14:07:34Z</time>
   </trkpt>
   <trkpt lat="20.5071840" lon="-100.4036240">
    <ele>1993.5</ele>
    <time>2021-02-06T14:07:38Z</time>
   </trkpt>
   <trkpt lat="20.5072240" lon="-100.4037290">
    <ele>1993.5</ele>
    <time>2021-02-06T14:07:42Z</time>
   </trkpt>
   <trkpt lat="20.5072620" lon="-100.4038320">
    <ele>1993.5</ele>
    <time>2021-02-06T14:07:46Z</time>
   </trkpt>
   <trkpt lat="20.5072990" lon="-100.4039360">
    <ele>1993.6</ele>
    <time>2021-02-06T14:07:50Z</time>
   </trkpt>
   <trkpt lat="20.5073340" lon="-100.4040440">
    <ele>1993.5</ele>
    <time>2021-02-06T14:07:54Z</time>
   </trkpt>
   <trkpt lat="20.5074170" lon="-100.4041170">
    <ele>1993.4</ele>
    <time>2021-02-06T14:07:58Z</time>
   </trkpt>
   <trkpt lat="20.5075310" lon="-100.4041100">
    <ele>1993.3</ele>
    <time>2021-02-06T14:08:02Z</time>
   </trkpt>
   <trkpt lat="20.5076380" lon="-100.4040740">
    <ele>1993.1</ele>
    <time>2021-02-06T14:08:06Z</time>
   </trkpt>
   <trkpt lat="20.5077430" lon="-100.4040400">
    <ele>1993.1</ele>
    <time>2021-02-06T14:08:10Z</time>
   </trkpt>
   <trkpt lat="20.5078460" lon="-100.4040620">
    <ele>1993.1</ele>
    <time>2021-02-06T14:08:14Z</time>
   </trkpt>
   <trkpt lat="20.5079150" lon="-100.4041610">
    <ele>1993.1</ele>
    <time>2021-02-06T14:08:18Z</time>
   </trkpt>
   <trkpt lat="20.5078950" lon="-100.4042700">
    <ele>1993.2</ele>
    <time>2021-02-06T14:08:22Z</time>
   </trkpt>
   <trkpt lat="20.5078090" lon="-100.4043380">
    <ele>1993.2</ele>
    <time>2021-02-06T14:08:26Z</time>
   </trkpt>
   <trkpt lat="20.5077200" lon="-100.4043970">
    <ele>1993.3</ele>
    <time>2021-02-06T14:08:30Z</time>
   </trkpt>
   <trkpt lat="20.5076290" lon="-100.4044460">
    <ele>1993.4</ele>
    <time>2021-02-06T14:08:34Z</time>
   </trkpt>
   <trkpt lat="20.5075690" lon="-100.4045320">
    <ele>1993.6</ele>
    <time>2021-02-06T14:08:38Z</time>
   </trkpt>
   <trkpt lat="20.5075520" lon="-100.4046520">
    <ele>1993.7</ele>
    <time>2021-02-06T14:08:42Z</time>
   </trkpt>
   <trkpt lat="20.5075710" lon="-100.4047740">
    <ele>1993.8</ele>
    <time>2021-02-06T14:08:46Z</time>
   </trkpt>
   <trkpt lat="20.5076240" lon="-100.4048860">
    <ele>1993.8</ele>
    <time>2021-02-06T14:08:50Z</time>
   </trkpt>
   <trkpt lat="20.5076680" lon="-100.4049970">
    <ele>1993.9</ele>
    <time>2021-02-06T14:08:54Z</time>
   </trkpt>
   <trkpt lat="20.5077090" lon="-100.4051090">
    <ele>1994.0</ele>
    <time>2021-02-06T14:08:58Z</time>
   </trkpt>
   <trkpt lat="20.5077430" lon="-100.4052230">
    <ele>1994.0</ele>
    <time>2021-02-06T14:09:02Z</time>
   </trkpt>
   <trkpt lat="20.5077900" lon="-100.4053330">
    <ele>1994.0</ele>
    <time>2021-02-06T14:09:06Z</time>
   </trkpt>
   <trkpt lat="20.5078260" lon="-100.4054220">
    <ele>1994.0</ele>
    <time>2021-02-06T14:09:10Z</time>
   </trkpt>
   <trkpt lat="20.5078530" lon="-100.4055150">
    <ele>1993.9</ele>
    <time>2021-02-06T14:09:14Z</time>
   </trkpt>
   <trkpt lat="20.5078900" lon="-100.4056150">
    <ele>1993.8</ele>
    <time>2021-02-06T14:09:18Z</time>
   </trkpt>
   <trkpt lat="20.5079240" lon="-100.4057260">
    <ele>1993.7</ele>
    <time>2021-02-06T14:09:23Z</time>
   </trkpt>
   <trkpt lat="20.5079610" lon="-100.4058270">
    <ele>1993.4</ele>
    <time>2021-02-06T14:09:27Z</time>
   </trkpt>
   <trkpt lat="20.5080060" lon="-100.4059310">
    <ele>1993.2</ele>
    <time>2021-02-06T14:09:31Z</time>
   </trkpt>
   <trkpt lat="20.5080480" lon="-100.4060410">
    <ele>1992.9</ele>
    <time>2021-02-06T14:09:35Z</time>
   </trkpt>
   <trkpt lat="20.5080920" lon="-100.4061570">
    <ele>1992.6</ele>
    <time>2021-02-06T14:09:39Z</time>
   </trkpt>
   <trkpt lat="20.5081300" lon="-100.4062750">
    <ele>1992.3</ele>
    <time>2021-02-06T14:09:43Z</time>
   </trkpt>
   <trkpt lat="20.5081690" lon="-100.4063830">
    <ele>1992.0</ele>
    <time>2021-02-06T14:09:47Z</time>
   </trkpt>
   <trkpt lat="20.5082110" lon="-100.4064900">
    <ele>1991.6</ele>
    <time>2021-02-06T14:09:51Z</time>
   </trkpt>
   <trkpt lat="20.5082960" lon="-100.4065740">
    <ele>1991.3</ele>
    <time>2021-02-06T14:09:55Z</time>
   </trkpt>
   <trkpt lat="20.5083860" lon="-100.4066130">
    <ele>1991.2</ele>
    <time>2021-02-06T14:09:58Z</time>
   </trkpt>
   <trkpt lat="20.5084830" lon="-100.4065620">
    <ele>1991.0</ele>
    <time>2021-02-06T14:10:02Z</time>
   </trkpt>
   <trkpt lat="20.5085650" lon="-100.4065080">
    <ele>1990.9</ele>
    <time>2021-02-06T14:10:06Z</time>
   </trkpt>
   <trkpt lat="20.5086750" lon="-100.4064930">
    <ele>1990.6</ele>
    <time>2021-02-06T14:10:11Z</time>
   </trkpt>
   <trkpt lat="20.5087650" lon="-100.4064670">
    <ele>1990.5</ele>
    <time>2021-02-06T14:10:15Z</time>
   </trkpt>
   <trkpt lat="20.5088640" lon="-100.4064530">
    <ele>1990.4</ele>
    <time>2021-02-06T14:10:19Z</time>
   </trkpt>
   <trkpt lat="20.5089520" lon="-100.4063990">
    <ele>1990.3</ele>
    <time>2021-02-06T14:10:23Z</time>
   </trkpt>
   <trkpt lat="20.5090440" lon="-100.4063610">
    <ele>1990.2</ele>
    <time>2021-02-06T14:10:27Z</time>
   </trkpt>
   <trkpt lat="20.5091360" lon="-100.4063220">
    <ele>1990.1</ele>
    <time>2021-02-06T14:10:31Z</time>
   </trkpt>
   <trkpt lat="20.5092150" lon="-100.4062640">
    <ele>1989.9</ele>
    <time>2021-02-06T14:10:35Z</time>
   </trkpt>
   <trkpt lat="20.5093110" lon="-100.4062580">
    <ele>1989.9</ele>
    <time>2021-02-06T14:10:39Z</time>
   </trkpt>
   <trkpt lat="20.5094150" lon="-100.4062120">
    <ele>1989.9</ele>
    <time>2021-02-06T14:10:44Z</time>
   </trkpt>
   <trkpt lat="20.5094700" lon="-100.4061340">
    <ele>1990.1</ele>
    <time>2021-02-06T14:10:48Z</time>
   </trkpt>
   <trkpt lat="20.5095430" lon="-100.4060650">
    <ele>1990.0</ele>
    <time>2021-02-06T14:10:52Z</time>
   </trkpt>
   <trkpt lat="20.5096280" lon="-100.4060010">
    <ele>1990.0</ele>
    <time>2021-02-06T14:10:56Z</time>
   </trkpt>
   <trkpt lat="20.5097010" lon="-100.4059210">
    <ele>1990.1</ele>
    <time>2021-02-06T14:11:00Z</time>
   </trkpt>
   <trkpt lat="20.5097520" lon="-100.4058330">
    <ele>1990.1</ele>
    <time>2021-02-06T14:11:04Z</time>
   </trkpt>
   <trkpt lat="20.5098610" lon="-100.4057930">
    <ele>1990.2</ele>
    <time>2021-02-06T14:11:08Z</time>
   </trkpt>
   <trkpt lat="20.5099650" lon="-100.4057630">
    <ele>1990.6</ele>
    <time>2021-02-06T14:11:12Z</time>
   </trkpt>
   <trkpt lat="20.5100570" lon="-100.4057090">
    <ele>1990.8</ele>
    <time>2021-02-06T14:11:16Z</time>
   </trkpt>
   <trkpt lat="20.5101500" lon="-100.4056750">
    <ele>1990.8</ele>
    <time>2021-02-06T14:11:20Z</time>
   </trkpt>
   <trkpt lat="20.5102190" lon="-100.4055940">
    <ele>1991.0</ele>
    <time>2021-02-06T14:11:24Z</time>
   </trkpt>
   <trkpt lat="20.5102770" lon="-100.4055040">
    <ele>1991.0</ele>
    <time>2021-02-06T14:11:28Z</time>
   </trkpt>
   <trkpt lat="20.5103070" lon="-100.4054100">
    <ele>1991.1</ele>
    <time>2021-02-06T14:11:32Z</time>
   </trkpt>
   <trkpt lat="20.5103330" lon="-100.4053120">
    <ele>1991.4</ele>
    <time>2021-02-06T14:11:36Z</time>
   </trkpt>
   <trkpt lat="20.5103690" lon="-100.4052050">
    <ele>1991.8</ele>
    <time>2021-02-06T14:11:40Z</time>
   </trkpt>
   <trkpt lat="20.5104120" lon="-100.4050990">
    <ele>1992.0</ele>
    <time>2021-02-06T14:11:44Z</time>
   </trkpt>
   <trkpt lat="20.5104680" lon="-100.4050080">
    <ele>1992.3</ele>
    <time>2021-02-06T14:11:48Z</time>
   </trkpt>
   <trkpt lat="20.5105280" lon="-100.4049230">
    <ele>1992.7</ele>
    <time>2021-02-06T14:11:52Z</time>
   </trkpt>
   <trkpt lat="20.5105780" lon="-100.4048310">
    <ele>1993.0</ele>
    <time>2021-02-06T14:11:56Z</time>
   </trkpt>
   <trkpt lat="20.5105980" lon="-100.4047280">
    <ele>1993.5</ele>
    <time>2021-02-06T14:12:00Z</time>
   </trkpt>
   <trkpt lat="20.5105960" lon="-100.4046160">
    <ele>1993.8</ele>
    <time>2021-02-06T14:12:04Z</time>
   </trkpt>
   <trkpt lat="20.5105860" lon="-100.4045030">
    <ele>1994.0</ele>
    <time>2021-02-06T14:12:08Z</time>
   </trkpt>
   <trkpt lat="20.5106310" lon="-100.4043950">
    <ele>1994.4</ele>
    <time>2021-02-06T14:12:12Z</time>
   </trkpt>
   <trkpt lat="20.5106900" lon="-100.4043010">
    <ele>1994.7</ele>
    <time>2021-02-06T14:12:16Z</time>
   </trkpt>
   <trkpt lat="20.5107550" lon="-100.4042130">
    <ele>1995.0</ele>
    <time>2021-02-06T14:12:20Z</time>
   </trkpt>
   <trkpt lat="20.5108280" lon="-100.4041170">
    <ele>1995.4</ele>
    <time>2021-02-06T14:12:24Z</time>
   </trkpt>
   <trkpt lat="20.5109050" lon="-100.4040290">
    <ele>1995.7</ele>
    <time>2021-02-06T14:12:28Z</time>
   </trkpt>
   <trkpt lat="20.5109570" lon="-100.4039390">
    <ele>1996.0</ele>
    <time>2021-02-06T14:12:32Z</time>
   </trkpt>
   <trkpt lat="20.5110110" lon="-100.4038360">
    <ele>1996.5</ele>
    <time>2021-02-06T14:12:36Z</time>
   </trkpt>
   <trkpt lat="20.5110750" lon="-100.4037390">
    <ele>1996.7</ele>
    <time>2021-02-06T14:12:40Z</time>
   </trkpt>
   <trkpt lat="20.5111490" lon="-100.4036460">
    <ele>1997.0</ele>
    <time>2021-02-06T14:12:44Z</time>
   </trkpt>
   <trkpt lat="20.5112140" lon="-100.4035680">
    <ele>1997.5</ele>
    <time>2021-02-06T14:12:48Z</time>
   </trkpt>
   <trkpt lat="20.5112490" lon="-100.4034540">
    <ele>1998.0</ele>
    <time>2021-02-06T14:12:53Z</time>
   </trkpt>
   <trkpt lat="20.5112390" lon="-100.4033460">
    <ele>1998.4</ele>
    <time>2021-02-06T14:12:57Z</time>
   </trkpt>
   <trkpt lat="20.5112130" lon="-100.4032340">
    <ele>1998.7</ele>
    <time>2021-02-06T14:13:01Z</time>
   </trkpt>
   <trkpt lat="20.5112440" lon="-100.4031220">
    <ele>1998.9</ele>
    <time>2021-02-06T14:13:06Z</time>
   </trkpt>
   <trkpt lat="20.5112860" lon="-100.4030320">
    <ele>1999.3</ele>
    <time>2021-02-06T14:13:10Z</time>
   </trkpt>
   <trkpt lat="20.5113170" lon="-100.4029380">
    <ele>1999.7</ele>
    <time>2021-02-06T14:13:14Z</time>
   </trkpt>
   <trkpt lat="20.5113480" lon="-100.4028430">
    <ele>2000.2</ele>
    <time>2021-02-06T14:13:18Z</time>
   </trkpt>
   <trkpt lat="20.5113750" lon="-100.4027480">
    <ele>2000.5</ele>
    <time>2021-02-06T14:13:22Z</time>
   </trkpt>
   <trkpt lat="20.5114060" lon="-100.4026520">
    <ele>2000.9</ele>
    <time>2021-02-06T14:13:26Z</time>
   </trkpt>
   <trkpt lat="20.5114630" lon="-100.4025720">
    <ele>2001.3</ele>
    <time>2021-02-06T14:13:30Z</time>
   </trkpt>
   <trkpt lat="20.5115350" lon="-100.4025100">
    <ele>2001.8</ele>
    <time>2021-02-06T14:13:34Z</time>
   </trkpt>
   <trkpt lat="20.5115960" lon="-100.4024330">
    <ele>2002.1</ele>
    <time>2021-02-06T14:13:38Z</time>
   </trkpt>
   <trkpt lat="20.5116500" lon="-100.4023460">
    <ele>2002.4</ele>
    <time>2021-02-06T14:13:42Z</time>
   </trkpt>
   <trkpt lat="20.5117100" lon="-100.4022750">
    <ele>2002.7</ele>
    <time>2021-02-06T14:13:45Z</time>
   </trkpt>
   <trkpt lat="20.5117960" lon="-100.4021950">
    <ele>2003.3</ele>
    <time>2021-02-06T14:13:49Z</time>
   </trkpt>
   <trkpt lat="20.5118780" lon="-100.4021420">
    <ele>2003.8</ele>
    <time>2021-02-06T14:13:53Z</time>
   </trkpt>
   <trkpt lat="20.5119720" lon="-100.4020890">
    <ele>2004.1</ele>
    <time>2021-02-06T14:13:58Z</time>
   </trkpt>
   <trkpt lat="20.5120580" lon="-100.4020480">
    <ele>2004.6</ele>
    <time>2021-02-06T14:14:02Z</time>
   </trkpt>
   <trkpt lat="20.5121480" lon="-100.4020180">
    <ele>2004.8</ele>
    <time>2021-02-06T14:14:06Z</time>
   </trkpt>
   <trkpt lat="20.5122480" lon="-100.4020390">
    <ele>2004.9</ele>
    <time>2021-02-06T14:14:10Z</time>
   </trkpt>
   <trkpt lat="20.5123480" lon="-100.4020900">
    <ele>2004.9</ele>
    <time>2021-02-06T14:14:14Z</time>
   </trkpt>
   <trkpt lat="20.5124340" lon="-100.4021450">
    <ele>2004.6</ele>
    <time>2021-02-06T14:14:17Z</time>
   </trkpt>
   <trkpt lat="20.5125390" lon="-100.4022000">
    <ele>2004.1</ele>
    <time>2021-02-06T14:14:21Z</time>
   </trkpt>
   <trkpt lat="20.5126370" lon="-100.4022420">
    <ele>2003.5</ele>
    <time>2021-02-06T14:14:25Z</time>
   </trkpt>
   <trkpt lat="20.5127370" lon="-100.4022770">
    <ele>2003.1</ele>
    <time>2021-02-06T14:14:29Z</time>
   </trkpt>
   <trkpt lat="20.5128220" lon="-100.4023380">
    <ele>2002.6</ele>
    <time>2021-02-06T14:14:33Z</time>
   </trkpt>
   <trkpt lat="20.5129180" lon="-100.4024030">
    <ele>2002.2</ele>
    <time>2021-02-06T14:14:37Z</time>
   </trkpt>
   <trkpt lat="20.5130060" lon="-100.4024390">
    <ele>2002.0</ele>
    <time>2021-02-06T14:14:40Z</time>
   </trkpt>
   <trkpt lat="20.5130990" lon="-100.4024660">
    <ele>2002.0</ele>
    <time>2021-02-06T14:14:43Z</time>
   </trkpt>
   <trkpt lat="20.5132080" lon="-100.4024940">
    <ele>2001.9</ele>
    <time>2021-02-06T14:14:47Z</time>
   </trkpt>
   <trkpt lat="20.5133010" lon="-100.4025100">
    <ele>2001.9</ele>
    <time>2021-02-06T14:14:51Z</time>
   </trkpt>
   <trkpt lat="20.5133960" lon="-100.4025020">
    <ele>2001.8</ele>
    <time>2021-02-06T14:14:55Z</time>
   </trkpt>
   <trkpt lat="20.5134840" lon="-100.4025230">
    <ele>2001.7</ele>
    <time>2021-02-06T14:14:59Z</time>
   </trkpt>
   <trkpt lat="20.5135760" lon="-100.4024950">
    <ele>2001.6</ele>
    <time>2021-02-06T14:15:04Z</time>
   </trkpt>
   <trkpt lat="20.5136370" lon="-100.4024090">
    <ele>2002.4</ele>
    <time>2021-02-06T14:15:08Z</time>
   </trkpt>
   <trkpt lat="20.5136520" lon="-100.4022930">
    <ele>2003.3</ele>
    <time>2021-02-06T14:15:12Z</time>
   </trkpt>
   <trkpt lat="20.5136490" lon="-100.4021820">
    <ele>2003.9</ele>
    <time>2021-02-06T14:15:16Z</time>
   </trkpt>
   <trkpt lat="20.5136390" lon="-100.4020850">
    <ele>2004.3</ele>
    <time>2021-02-06T14:15:19Z</time>
   </trkpt>
   <trkpt lat="20.5136560" lon="-100.4019850">
    <ele>2005.7</ele>
    <time>2021-02-06T14:15:23Z</time>
   </trkpt>
   <trkpt lat="20.5137170" lon="-100.4018900">
    <ele>2006.5</ele>
    <time>2021-02-06T14:15:27Z</time>
   </trkpt>
   <trkpt lat="20.5137830" lon="-100.4018160">
    <ele>2008.0</ele>
    <time>2021-02-06T14:15:31Z</time>
   </trkpt>
   <trkpt lat="20.5138520" lon="-100.4017400">
    <ele>2008.6</ele>
    <time>2021-02-06T14:15:35Z</time>
   </trkpt>
   <trkpt lat="20.5139060" lon="-100.4016510">
    <ele>2009.6</ele>
    <time>2021-02-06T14:15:39Z</time>
   </trkpt>
   <trkpt lat="20.5139380" lon="-100.4015470">
    <ele>2011.2</ele>
    <time>2021-02-06T14:15:44Z</time>
   </trkpt>
   <trkpt lat="20.5140300" lon="-100.4015390">
    <ele>2011.4</ele>
    <time>2021-02-06T14:15:49Z</time>
   </trkpt>
   <trkpt lat="20.5141210" lon="-100.4016120">
    <ele>2011.1</ele>
    <time>2021-02-06T14:15:54Z</time>
   </trkpt>
   <trkpt lat="20.5141760" lon="-100.4017150">
    <ele>2010.8</ele>
    <time>2021-02-06T14:15:58Z</time>
   </trkpt>
   <trkpt lat="20.5142470" lon="-100.4017930">
    <ele>2010.6</ele>
    <time>2021-02-06T14:16:02Z</time>
   </trkpt>
   <trkpt lat="20.5143320" lon="-100.4018550">
    <ele>2010.5</ele>
    <time>2021-02-06T14:16:06Z</time>
   </trkpt>
   <trkpt lat="20.5144270" lon="-100.4019040">
    <ele>2010.4</ele>
    <time>2021-02-06T14:16:10Z</time>
   </trkpt>
   <trkpt lat="20.5145090" lon="-100.4019550">
    <ele>2010.3</ele>
    <time>2021-02-06T14:16:14Z</time>
   </trkpt>
   <trkpt lat="20.5146040" lon="-100.4019990">
    <ele>2010.3</ele>
    <time>2021-02-06T14:16:18Z</time>
   </trkpt>
   <trkpt lat="20.5146960" lon="-100.4020430">
    <ele>2010.3</ele>
    <time>2021-02-06T14:16:22Z</time>
   </trkpt>
   <trkpt lat="20.5147860" lon="-100.4020740">
    <ele>2010.2</ele>
    <time>2021-02-06T14:16:26Z</time>
   </trkpt>
   <trkpt lat="20.5148900" lon="-100.4021040">
    <ele>2010.1</ele>
    <time>2021-02-06T14:16:31Z</time>
   </trkpt>
   <trkpt lat="20.5149850" lon="-100.4021250">
    <ele>2010.0</ele>
    <time>2021-02-06T14:16:35Z</time>
   </trkpt>
   <trkpt lat="20.5150880" lon="-100.4021540">
    <ele>2010.1</ele>
    <time>2021-02-06T14:16:39Z</time>
   </trkpt>
   <trkpt lat="20.5152080" lon="-100.4021660">
    <ele>2010.3</ele>
    <time>2021-02-06T14:16:43Z</time>
   </trkpt>
   <trkpt lat="20.5153100" lon="-100.4022120">
    <ele>2010.4</ele>
    <time>2021-02-06T14:16:47Z</time>
   </trkpt>
   <trkpt lat="20.5154140" lon="-100.4022400">
    <ele>2010.5</ele>
    <time>2021-02-06T14:16:51Z</time>
   </trkpt>
   <trkpt lat="20.5155040" lon="-100.4022850">
    <ele>2010.4</ele>
    <time>2021-02-06T14:16:55Z</time>
   </trkpt>
   <trkpt lat="20.5155810" lon="-100.4023480">
    <ele>2010.1</ele>
    <time>2021-02-06T14:16:59Z</time>
   </trkpt>
   <trkpt lat="20.5156550" lon="-100.4024230">
    <ele>2009.9</ele>
    <time>2021-02-06T14:17:03Z</time>
   </trkpt>
   <trkpt lat="20.5157140" lon="-100.4024960">
    <ele>2009.7</ele>
    <time>2021-02-06T14:17:06Z</time>
   </trkpt>
   <trkpt lat="20.5157910" lon="-100.4025910">
    <ele>2009.4</ele>
    <time>2021-02-06T14:17:10Z</time>
   </trkpt>
   <trkpt lat="20.5158690" lon="-100.4026710">
    <ele>2008.9</ele>
    <time>2021-02-06T14:17:14Z</time>
   </trkpt>
   <trkpt lat="20.5159240" lon="-100.4027580">
    <ele>2008.0</ele>
    <time>2021-02-06T14:17:18Z</time>
   </trkpt>
   <trkpt lat="20.5159760" lon="-100.4028500">
    <ele>2006.8</ele>
    <time>2021-02-06T14:17:22Z</time>
   </trkpt>
   <trkpt lat="20.5160660" lon="-100.4029240">
    <ele>2005.6</ele>
    <time>2021-02-06T14:17:26Z</time>
   </trkpt>
   <trkpt lat="20.5161310" lon="-100.4029940">
    <ele>2004.9</ele>
    <time>2021-02-06T14:17:29Z</time>
   </trkpt>
   <trkpt lat="20.5162000" lon="-100.4030640">
    <ele>2004.4</ele>
    <time>2021-02-06T14:17:32Z</time>
   </trkpt>
   <trkpt lat="20.5163000" lon="-100.4031140">
    <ele>2004.2</ele>
    <time>2021-02-06T14:17:36Z</time>
   </trkpt>
   <trkpt lat="20.5164040" lon="-100.4030870">
    <ele>2007.5</ele>
    <time>2021-02-06T14:17:40Z</time>
   </trkpt>
   <trkpt lat="20.5165000" lon="-100.4030560">
    <ele>2007.9</ele>
    <time>2021-02-06T14:17:44Z</time>
   </trkpt>
   <trkpt lat="20.5166000" lon="-100.4030480">
    <ele>2007.5</ele>
    <time>2021-02-06T14:17:48Z</time>
   </trkpt>
   <trkpt lat="20.5167040" lon="-100.4030660">
    <ele>2007.1</ele>
    <time>2021-02-06T14:17:52Z</time>
   </trkpt>
   <trkpt lat="20.5168020" lon="-100.4030990">
    <ele>2006.8</ele>
    <time>2021-02-06T14:17:56Z</time>
   </trkpt>
   <trkpt lat="20.5169060" lon="-100.4031310">
    <ele>2006.4</ele>
    <time>2021-02-06T14:18:00Z</time>
   </trkpt>
   <trkpt lat="20.5169980" lon="-100.4031550">
    <ele>2006.3</ele>
    <time>2021-02-06T14:18:03Z</time>
   </trkpt>
   <trkpt lat="20.5171100" lon="-100.4031840">
    <ele>2006.5</ele>
    <time>2021-02-06T14:18:07Z</time>
   </trkpt>
   <trkpt lat="20.5172190" lon="-100.4031960">
    <ele>2006.7</ele>
    <time>2021-02-06T14:18:11Z</time>
   </trkpt>
   <trkpt lat="20.5173130" lon="-100.4032210">
    <ele>2006.9</ele>
    <time>2021-02-06T14:18:15Z</time>
   </trkpt>
   <trkpt lat="20.5174120" lon="-100.4032360">
    <ele>2007.1</ele>
    <time>2021-02-06T14:18:19Z</time>
   </trkpt>
   <trkpt lat="20.5175080" lon="-100.4032550">
    <ele>2007.2</ele>
    <time>2021-02-06T14:18:23Z</time>
   </trkpt>
   <trkpt lat="20.5176130" lon="-100.4032880">
    <ele>2007.3</ele>
    <time>2021-02-06T14:18:27Z</time>
   </trkpt>
   <trkpt lat="20.5177240" lon="-100.4033160">
    <ele>2007.3</ele>
    <time>2021-02-06T14:18:31Z</time>
   </trkpt>
   <trkpt lat="20.5178110" lon="-100.4033520">
    <ele>2007.3</ele>
    <time>2021-02-06T14:18:34Z</time>
   </trkpt>
   <trkpt lat="20.5179030" lon="-100.4033960">
    <ele>2007.2</ele>
    <time>2021-02-06T14:18:37Z</time>
   </trkpt>
   <trkpt lat="20.5179840" lon="-100.4034560">
    <ele>2007.2</ele>
    <time>2021-02-06T14:18:40Z</time>
   </trkpt>
   <trkpt lat="20.5180580" lon="-100.4035140">
    <ele>2007.1</ele>
    <time>2021-02-06T14:18:43Z</time>
   </trkpt>
   <trkpt lat="20.5181570" lon="-100.4035810">
    <ele>2007.1</ele>
    <time>2021-02-06T14:18:47Z</time>
   </trkpt>
   <trkpt lat="20.5182450" lon="-100.4036320">
    <ele>2007.1</ele>
    <time>2021-02-06T14:18:51Z</time>
   </trkpt>
   <trkpt lat="20.5183260" lon="-100.4036950">
    <ele>2007.1</ele>
    <time>2021-02-06T14:18:55Z</time>
   </trkpt>
   <trkpt lat="20.5183970" lon="-100.4037550">
    <ele>2007.2</ele>
    <time>2021-02-06T14:18:59Z</time>
   </trkpt>
   <trkpt lat="20.5184920" lon="-100.4038140">
    <ele>2007.2</ele>
    <time>2021-02-06T14:19:03Z</time>
   </trkpt>
   <trkpt lat="20.5185870" lon="-100.4038620">
    <ele>2007.2</ele>
    <time>2021-02-06T14:19:07Z</time>
   </trkpt>
   <trkpt lat="20.5186740" lon="-100.4039140">
    <ele>2007.2</ele>
    <time>2021-02-06T14:19:11Z</time>
   </trkpt>
   <trkpt lat="20.5187610" lon="-100.4039600">
    <ele>2007.2</ele>
    <time>2021-02-06T14:19:14Z</time>
   </trkpt>
   <trkpt lat="20.5188560" lon="-100.4039890">
    <ele>2007.1</ele>
    <time>2021-02-06T14:19:18Z</time>
   </trkpt>
   <trkpt lat="20.5189410" lon="-100.4040210">
    <ele>2007.1</ele>
    <time>2021-02-06T14:19:22Z</time>
   </trkpt>
   <trkpt lat="20.5190430" lon="-100.4040600">
    <ele>2007.2</ele>
    <time>2021-02-06T14:19:27Z</time>
   </trkpt>
   <trkpt lat="20.5191410" lon="-100.4040860">
    <ele>2007.4</ele>
    <time>2021-02-06T14:19:32Z</time>
   </trkpt>
   <trkpt lat="20.5192470" lon="-100.4041240">
    <ele>2007.6</ele>
    <time>2021-02-06T14:19:37Z</time>
   </trkpt>
   <trkpt lat="20.5193490" lon="-100.4041540">
    <ele>2007.7</ele>
    <time>2021-02-06T14:19:41Z</time>
   </trkpt>
   <trkpt lat="20.5194410" lon="-100.4041670">
    <ele>2007.9</ele>
    <time>2021-02-06T14:19:45Z</time>
   </trkpt>
   <trkpt lat="20.5195300" lon="-100.4041930">
    <ele>2008.0</ele>
    <time>2021-02-06T14:19:49Z</time>
   </trkpt>
   <trkpt lat="20.5196290" lon="-100.4042220">
    <ele>2008.2</ele>
    <time>2021-02-06T14:19:53Z</time>
   </trkpt>
   <trkpt lat="20.5197190" lon="-100.4042590">
    <ele>2008.4</ele>
    <time>2021-02-06T14:19:57Z</time>
   </trkpt>
   <trkpt lat="20.5198040" lon="-100.4042920">
    <ele>2008.6</ele>
    <time>2021-02-06T14:20:01Z</time>
   </trkpt>
   <trkpt lat="20.5198970" lon="-100.4043200">
    <ele>2008.8</ele>
    <time>2021-02-06T14:20:05Z</time>
   </trkpt>
   <trkpt lat="20.5199920" lon="-100.4043490">
    <ele>2008.9</ele>
    <time>2021-02-06T14:20:09Z</time>
   </trkpt>
   <trkpt lat="20.5200920" lon="-100.4043790">
    <ele>2009.0</ele>
    <time>2021-02-06T14:20:13Z</time>
   </trkpt>
   <trkpt lat="20.5201920" lon="-100.4044070">
    <ele>2009.3</ele>
    <time>2021-02-06T14:20:17Z</time>
   </trkpt>
   <trkpt lat="20.5202830" lon="-100.4044420">
    <ele>2009.5</ele>
    <time>2021-02-06T14:20:21Z</time>
   </trkpt>
   <trkpt lat="20.5203870" lon="-100.4044640">
    <ele>2009.8</ele>
    <time>2021-02-06T14:20:26Z</time>
   </trkpt>
   <trkpt lat="20.5204970" lon="-100.4044900">
    <ele>2010.0</ele>
    <time>2021-02-06T14:20:31Z</time>
   </trkpt>
   <trkpt lat="20.5205910" lon="-100.4045180">
    <ele>2010.2</ele>
    <time>2021-02-06T14:20:35Z</time>
   </trkpt>
   <trkpt lat="20.5206870" lon="-100.4045450">
    <ele>2010.5</ele>
    <time>2021-02-06T14:20:39Z</time>
   </trkpt>
   <trkpt lat="20.5207750" lon="-100.4045760">
    <ele>2010.8</ele>
    <time>2021-02-06T14:20:43Z</time>
   </trkpt>
   <trkpt lat="20.5208620" lon="-100.4046070">
    <ele>2011.2</ele>
    <time>2021-02-06T14:20:47Z</time>
   </trkpt>
   <trkpt lat="20.5209610" lon="-100.4046240">
    <ele>2011.5</ele>
    <time>2021-02-06T14:20:51Z</time>
   </trkpt>
   <trkpt lat="20.5210550" lon="-100.4046480">
    <ele>2011.8</ele>
    <time>2021-02-06T14:20:55Z</time>
   </trkpt>
   <trkpt lat="20.5211470" lon="-100.4046710">
    <ele>2012.1</ele>
    <time>2021-02-06T14:20:58Z</time>
   </trkpt>
   <trkpt lat="20.5212370" lon="-100.4046960">
    <ele>2012.3</ele>
    <time>2021-02-06T14:21:01Z</time>
   </trkpt>
   <trkpt lat="20.5213320" lon="-100.4047270">
    <ele>2012.6</ele>
    <time>2021-02-06T14:21:05Z</time>
   </trkpt>
   <trkpt lat="20.5214310" lon="-100.4047630">
    <ele>2013.0</ele>
    <time>2021-02-06T14:21:09Z</time>
   </trkpt>
   <trkpt lat="20.5215240" lon="-100.4047820">
    <ele>2013.4</ele>
    <time>2021-02-06T14:21:13Z</time>
   </trkpt>
   <trkpt lat="20.5216170" lon="-100.4047930">
    <ele>2013.7</ele>
    <time>2021-02-06T14:21:17Z</time>
   </trkpt>
   <trkpt lat="20.5217260" lon="-100.4048230">
    <ele>2014.1</ele>
    <time>2021-02-06T14:21:22Z</time>
   </trkpt>
   <trkpt lat="20.5218190" lon="-100.4048500">
    <ele>2014.5</ele>
    <time>2021-02-06T14:21:26Z</time>
   </trkpt>
   <trkpt lat="20.5219280" lon="-100.4048640">
    <ele>2015.1</ele>
    <time>2021-02-06T14:21:31Z</time>
   </trkpt>
   <trkpt lat="20.5220320" lon="-100.4048710">
    <ele>2015.6</ele>
    <time>2021-02-06T14:21:36Z</time>
   </trkpt>
   <trkpt lat="20.5221240" lon="-100.4048690">
    <ele>2016.0</ele>
    <time>2021-02-06T14:21:40Z</time>
   </trkpt>
   <trkpt lat="20.5222150" lon="-100.4048540">
    <ele>2016.4</ele>
    <time>2021-02-06T14:21:44Z</time>
   </trkpt>
   <trkpt lat="20.5223180" lon="-100.4048550">
    <ele>2016.9</ele>
    <time>2021-02-06T14:21:49Z</time>
   </trkpt>
   <trkpt lat="20.5224130" lon="-100.4048380">
    <ele>2017.4</ele>
    <time>2021-02-06T14:21:53Z</time>
   </trkpt>
   <trkpt lat="20.5225100" lon="-100.4048170">
    <ele>2017.9</ele>
    <time>2021-02-06T14:21:57Z</time>
   </trkpt>
   <trkpt lat="20.5226160" lon="-100.4047920">
    <ele>2018.3</ele>
    <time>2021-02-06T14:22:01Z</time>
   </trkpt>
   <trkpt lat="20.5227140" lon="-100.4047960">
    <ele>2018.8</ele>
    <time>2021-02-06T14:22:05Z</time>
   </trkpt>
   <trkpt lat="20.5228090" lon="-100.4047590">
    <ele>2019.3</ele>
    <time>2021-02-06T14:22:09Z</time>
   </trkpt>
   <trkpt lat="20.5228940" lon="-100.4047080">
    <ele>2019.9</ele>
    <time>2021-02-06T14:22:13Z</time>
   </trkpt>
   <trkpt lat="20.5229950" lon="-100.4046870">
    <ele>2020.3</ele>
    <time>2021-02-06T14:22:18Z</time>
   </trkpt>
   <trkpt lat="20.5230460" lon="-100.4047740">
    <ele>2019.7</ele>
    <time>2021-02-06T14:22:21Z</time>
   </trkpt>
   <trkpt lat="20.5230500" lon="-100.4048700">
    <ele>2019.6</ele>
    <time>2021-02-06T14:22:24Z</time>
   </trkpt>
   <trkpt lat="20.5229900" lon="-100.4049550">
    <ele>2019.1</ele>
    <time>2021-02-06T14:22:28Z</time>
   </trkpt>
   <trkpt lat="20.5229420" lon="-100.4050390">
    <ele>2018.6</ele>
    <time>2021-02-06T14:22:32Z</time>
   </trkpt>
   <trkpt lat="20.5229110" lon="-100.4051310">
    <ele>2018.1</ele>
    <time>2021-02-06T14:22:36Z</time>
   </trkpt>
   <trkpt lat="20.5228870" lon="-100.4052270">
    <ele>2017.6</ele>
    <time>2021-02-06T14:22:40Z</time>
   </trkpt>
   <trkpt lat="20.5228550" lon="-100.4053410">
    <ele>2016.9</ele>
    <time>2021-02-06T14:22:45Z</time>
   </trkpt>
   <trkpt lat="20.5228220" lon="-100.4054440">
    <ele>2016.4</ele>
    <time>2021-02-06T14:22:49Z</time>
   </trkpt>
   <trkpt lat="20.5227820" lon="-100.4055330">
    <ele>2015.8</ele>
    <time>2021-02-06T14:22:53Z</time>
   </trkpt>
   <trkpt lat="20.5227490" lon="-100.4056300">
    <ele>2015.3</ele>
    <time>2021-02-06T14:22:57Z</time>
   </trkpt>
   <trkpt lat="20.5227150" lon="-100.4057200">
    <ele>2014.8</ele>
    <time>2021-02-06T14:23:01Z</time>
   </trkpt>
   <trkpt lat="20.5226910" lon="-100.4058350">
    <ele>2014.3</ele>
    <time>2021-02-06T14:23:04Z</time>
   </trkpt>
   <trkpt lat="20.5226820" lon="-100.4059610">
    <ele>2013.7</ele>
    <time>2021-02-06T14:23:08Z</time>
   </trkpt>
   <trkpt lat="20.5226550" lon="-100.4060770">
    <ele>2013.1</ele>
    <time>2021-02-06T14:23:12Z</time>
   </trkpt>
   <trkpt lat="20.5226220" lon="-100.4061780">
    <ele>2012.6</ele>
    <time>2021-02-06T14:23:16Z</time>
   </trkpt>
   <trkpt lat="20.5225940" lon="-100.4062760">
    <ele>2012.1</ele>
    <time>2021-02-06T14:23:20Z</time>
   </trkpt>
   <trkpt lat="20.5225680" lon="-100.4063970">
    <ele>2011.3</ele>
    <time>2021-02-06T14:23:24Z</time>
   </trkpt>
   <trkpt lat="20.5225430" lon="-100.4065090">
    <ele>2010.6</ele>
    <time>2021-02-06T14:23:28Z</time>
   </trkpt>
   <trkpt lat="20.5225180" lon="-100.4066270">
    <ele>2009.8</ele>
    <time>2021-02-06T14:23:32Z</time>
   </trkpt>
   <trkpt lat="20.5224730" lon="-100.4067220">
    <ele>2009.0</ele>
    <time>2021-02-06T14:23:36Z</time>
   </trkpt>
   <trkpt lat="20.5224430" lon="-100.4068320">
    <ele>2008.2</ele>
    <time>2021-02-06T14:23:40Z</time>
   </trkpt>
   <trkpt lat="20.5224120" lon="-100.4069520">
    <ele>2007.4</ele>
    <time>2021-02-06T14:23:44Z</time>
   </trkpt>
   <trkpt lat="20.5223680" lon="-100.4070650">
    <ele>2006.5</ele>
    <time>2021-02-06T14:23:48Z</time>
   </trkpt>
   <trkpt lat="20.5223400" lon="-100.4071850">
    <ele>2005.8</ele>
    <time>2021-02-06T14:23:52Z</time>
   </trkpt>
   <trkpt lat="20.5223080" lon="-100.4072940">
    <ele>2005.0</ele>
    <time>2021-02-06T14:23:56Z</time>
   </trkpt>
   <trkpt lat="20.5222750" lon="-100.4073990">
    <ele>2004.3</ele>
    <time>2021-02-06T14:24:00Z</time>
   </trkpt>
   <trkpt lat="20.5222310" lon="-100.4075080">
    <ele>2003.6</ele>
    <time>2021-02-06T14:24:04Z</time>
   </trkpt>
   <trkpt lat="20.5221960" lon="-100.4076150">
    <ele>2002.9</ele>
    <time>2021-02-06T14:24:08Z</time>
   </trkpt>
   <trkpt lat="20.5221700" lon="-100.4077200">
    <ele>2002.3</ele>
    <time>2021-02-06T14:24:12Z</time>
   </trkpt>
   <trkpt lat="20.5221490" lon="-100.4078350">
    <ele>2001.6</ele>
    <time>2021-02-06T14:24:16Z</time>
   </trkpt>
   <trkpt lat="20.5221220" lon="-100.4079520">
    <ele>2000.8</ele>
    <time>2021-02-06T14:24:20Z</time>
   </trkpt>
   <trkpt lat="20.5220950" lon="-100.4080660">
    <ele>2000.1</ele>
    <time>2021-02-06T14:24:24Z</time>
   </trkpt>
   <trkpt lat="20.5220540" lon="-100.4081740">
    <ele>1999.5</ele>
    <time>2021-02-06T14:24:28Z</time>
   </trkpt>
   <trkpt lat="20.5220120" lon="-100.4082820">
    <ele>1998.9</ele>
    <time>2021-02-06T14:24:32Z</time>
   </trkpt>
   <trkpt lat="20.5219730" lon="-100.4083840">
    <ele>1998.3</ele>
    <time>2021-02-06T14:24:36Z</time>
   </trkpt>
   <trkpt lat="20.5219390" lon="-100.4084890">
    <ele>1997.7</ele>
    <time>2021-02-06T14:24:40Z</time>
   </trkpt>
   <trkpt lat="20.5219050" lon="-100.4086000">
    <ele>1997.2</ele>
    <time>2021-02-06T14:24:44Z</time>
   </trkpt>
   <trkpt lat="20.5218810" lon="-100.4087180">
    <ele>1996.6</ele>
    <time>2021-02-06T14:24:48Z</time>
   </trkpt>
   <trkpt lat="20.5218550" lon="-100.4088390">
    <ele>1996.1</ele>
    <time>2021-02-06T14:24:52Z</time>
   </trkpt>
   <trkpt lat="20.5218320" lon="-100.4089450">
    <ele>1995.7</ele>
    <time>2021-02-06T14:24:56Z</time>
   </trkpt>
   <trkpt lat="20.5217990" lon="-100.4090450">
    <ele>1995.3</ele>
    <time>2021-02-06T14:25:00Z</time>
   </trkpt>
   <trkpt lat="20.5217580" lon="-100.4091380">
    <ele>1995.0</ele>
    <time>2021-02-06T14:25:04Z</time>
   </trkpt>
   <trkpt lat="20.5217310" lon="-100.4092450">
    <ele>1994.6</ele>
    <time>2021-02-06T14:25:09Z</time>
   </trkpt>
   <trkpt lat="20.5217070" lon="-100.4093480">
    <ele>1994.3</ele>
    <time>2021-02-06T14:25:13Z</time>
   </trkpt>
   <trkpt lat="20.5216840" lon="-100.4094410">
    <ele>1994.0</ele>
    <time>2021-02-06T14:25:17Z</time>
   </trkpt>
   <trkpt lat="20.5216440" lon="-100.4095340">
    <ele>1993.8</ele>
    <time>2021-02-06T14:25:21Z</time>
   </trkpt>
   <trkpt lat="20.5216020" lon="-100.4096380">
    <ele>1993.5</ele>
    <time>2021-02-06T14:25:26Z</time>
   </trkpt>
   <trkpt lat="20.5215760" lon="-100.4097310">
    <ele>1993.3</ele>
    <time>2021-02-06T14:25:30Z</time>
   </trkpt>
   <trkpt lat="20.5215210" lon="-100.4098290">
    <ele>1993.0</ele>
    <time>2021-02-06T14:25:35Z</time>
   </trkpt>
   <trkpt lat="20.5214610" lon="-100.4099240">
    <ele>1992.8</ele>
    <time>2021-02-06T14:25:40Z</time>
   </trkpt>
   <trkpt lat="20.5214110" lon="-100.4100040">
    <ele>1992.6</ele>
    <time>2021-02-06T14:25:45Z</time>
   </trkpt>
   <trkpt lat="20.5213460" lon="-100.4100820">
    <ele>1992.5</ele>
    <time>2021-02-06T14:25:49Z</time>
   </trkpt>
   <trkpt lat="20.5212860" lon="-100.4101680">
    <ele>1992.3</ele>
    <time>2021-02-06T14:25:53Z</time>
   </trkpt>
   <trkpt lat="20.5212200" lon="-100.4102600">
    <ele>1992.2</ele>
    <time>2021-02-06T14:25:57Z</time>
   </trkpt>
   <trkpt lat="20.5211480" lon="-100.4103480">
    <ele>1992.1</ele>
    <time>2021-02-06T14:26:01Z</time>
   </trkpt>
   <trkpt lat="20.5210890" lon="-100.4104340">
    <ele>1992.0</ele>
    <time>2021-02-06T14:26:05Z</time>
   </trkpt>
   <trkpt lat="20.5210180" lon="-100.4105260">
    <ele>1991.8</ele>
    <time>2021-02-06T14:26:09Z</time>
   </trkpt>
   <trkpt lat="20.5209470" lon="-100.4106070">
    <ele>1991.6</ele>
    <time>2021-02-06T14:26:13Z</time>
   </trkpt>
   <trkpt lat="20.5208810" lon="-100.4106830">
    <ele>1991.5</ele>
    <time>2021-02-06T14:26:17Z</time>
   </trkpt>
   <trkpt lat="20.5208250" lon="-100.4107900">
    <ele>1991.3</ele>
    <time>2021-02-06T14:26:21Z</time>
   </trkpt>
   <trkpt lat="20.5207690" lon="-100.4108840">
    <ele>1991.2</ele>
    <time>2021-02-06T14:26:25Z</time>
   </trkpt>
   <trkpt lat="20.5207040" lon="-100.4109850">
    <ele>1991.0</ele>
    <time>2021-02-06T14:26:29Z</time>
   </trkpt>
   <trkpt lat="20.5206270" lon="-100.4110540">
    <ele>1990.8</ele>
    <time>2021-02-06T14:26:33Z</time>
   </trkpt>
   <trkpt lat="20.5205730" lon="-100.4111350">
    <ele>1990.6</ele>
    <time>2021-02-06T14:26:37Z</time>
   </trkpt>
   <trkpt lat="20.5205090" lon="-100.4112240">
    <ele>1990.4</ele>
    <time>2021-02-06T14:26:41Z</time>
   </trkpt>
   <trkpt lat="20.5204250" lon="-100.4113120">
    <ele>1990.1</ele>
    <time>2021-02-06T14:26:45Z</time>
   </trkpt>
   <trkpt lat="20.5203410" lon="-100.4113960">
    <ele>1989.8</ele>
    <time>2021-02-06T14:26:49Z</time>
   </trkpt>
   <trkpt lat="20.5202780" lon="-100.4114780">
    <ele>1989.5</ele>
    <time>2021-02-06T14:26:53Z</time>
   </trkpt>
   <trkpt lat="20.5202190" lon="-100.4115750">
    <ele>1989.1</ele>
    <time>2021-02-06T14:26:57Z</time>
   </trkpt>
   <trkpt lat="20.5201490" lon="-100.4116500">
    <ele>1988.8</ele>
    <time>2021-02-06T14:27:01Z</time>
   </trkpt>
   <trkpt lat="20.5200910" lon="-100.4117390">
    <ele>1988.4</ele>
    <time>2021-02-06T14:27:05Z</time>
   </trkpt>
   <trkpt lat="20.5200360" lon="-100.4118350">
    <ele>1988.1</ele>
    <time>2021-02-06T14:27:09Z</time>
   </trkpt>
   <trkpt lat="20.5199870" lon="-100.4119280">
    <ele>1987.7</ele>
    <time>2021-02-06T14:27:13Z</time>
   </trkpt>
   <trkpt lat="20.5199260" lon="-100.4120250">
    <ele>1987.2</ele>
    <time>2021-02-06T14:27:17Z</time>
   </trkpt>
   <trkpt lat="20.5198600" lon="-100.4121240">
    <ele>1986.8</ele>
    <time>2021-02-06T14:27:21Z</time>
   </trkpt>
   <trkpt lat="20.5198010" lon="-100.4122290">
    <ele>1986.3</ele>
    <time>2021-02-06T14:27:25Z</time>
   </trkpt>
   <trkpt lat="20.5197630" lon="-100.4123420">
    <ele>1985.8</ele>
    <time>2021-02-06T14:27:29Z</time>
   </trkpt>
   <trkpt lat="20.5197040" lon="-100.4124410">
    <ele>1985.4</ele>
    <time>2021-02-06T14:27:33Z</time>
   </trkpt>
   <trkpt lat="20.5196390" lon="-100.4125350">
    <ele>1985.1</ele>
    <time>2021-02-06T14:27:37Z</time>
   </trkpt>
   <trkpt lat="20.5195600" lon="-100.4125930">
    <ele>1984.7</ele>
    <time>2021-02-06T14:27:41Z</time>
   </trkpt>
   <trkpt lat="20.5194610" lon="-100.4126520">
    <ele>1984.3</ele>
    <time>2021-02-06T14:27:45Z</time>
   </trkpt>
   <trkpt lat="20.5193590" lon="-100.4126950">
    <ele>1983.9</ele>
    <time>2021-02-06T14:27:49Z</time>
   </trkpt>
   <trkpt lat="20.5192660" lon="-100.4127360">
    <ele>1983.6</ele>
    <time>2021-02-06T14:27:53Z</time>
   </trkpt>
   <trkpt lat="20.5191800" lon="-100.4127930">
    <ele>1983.3</ele>
    <time>2021-02-06T14:27:57Z</time>
   </trkpt>
   <trkpt lat="20.5191070" lon="-100.4128560">
    <ele>1983.0</ele>
    <time>2021-02-06T14:28:01Z</time>
   </trkpt>
   <trkpt lat="20.5190180" lon="-100.4128870">
    <ele>1982.8</ele>
    <time>2021-02-06T14:28:05Z</time>
   </trkpt>
   <trkpt lat="20.5189310" lon="-100.4129280">
    <ele>1982.5</ele>
    <time>2021-02-06T14:28:09Z</time>
   </trkpt>
   <trkpt lat="20.5188330" lon="-100.4129800">
    <ele>1982.1</ele>
    <time>2021-02-06T14:28:13Z</time>
   </trkpt>
   <trkpt lat="20.5187370" lon="-100.4130210">
    <ele>1981.7</ele>
    <time>2021-02-06T14:28:17Z</time>
   </trkpt>
   <trkpt lat="20.5186530" lon="-100.4130620">
    <ele>1981.4</ele>
    <time>2021-02-06T14:28:21Z</time>
   </trkpt>
   <trkpt lat="20.5185670" lon="-100.4130990">
    <ele>1981.1</ele>
    <time>2021-02-06T14:28:25Z</time>
   </trkpt>
   <trkpt lat="20.5184770" lon="-100.4131350">
    <ele>1980.9</ele>
    <time>2021-02-06T14:28:29Z</time>
   </trkpt>
   <trkpt lat="20.5183920" lon="-100.4131760">
    <ele>1980.6</ele>
    <time>2021-02-06T14:28:33Z</time>
   </trkpt>
   <trkpt lat="20.5183040" lon="-100.4132250">
    <ele>1980.2</ele>
    <time>2021-02-06T14:28:37Z</time>
   </trkpt>
   <trkpt lat="20.5182020" lon="-100.4132720">
    <ele>1979.9</ele>
    <time>2021-02-06T14:28:42Z</time>
   </trkpt>
   <trkpt lat="20.5181140" lon="-100.4133070">
    <ele>1979.6</ele>
    <time>2021-02-06T14:28:46Z</time>
   </trkpt>
   <trkpt lat="20.5180270" lon="-100.4133440">
    <ele>1979.3</ele>
    <time>2021-02-06T14:28:50Z</time>
   </trkpt>
   <trkpt lat="20.5179380" lon="-100.4133850">
    <ele>1979.0</ele>
    <time>2021-02-06T14:28:54Z</time>
   </trkpt>
   <trkpt lat="20.5178520" lon="-100.4134270">
    <ele>1978.7</ele>
    <time>2021-02-06T14:28:58Z</time>
   </trkpt>
   <trkpt lat="20.5177660" lon="-100.4134740">
    <ele>1978.5</ele>
    <time>2021-02-06T14:29:02Z</time>
   </trkpt>
   <trkpt lat="20.5176720" lon="-100.4135120">
    <ele>1978.2</ele>
    <time>2021-02-06T14:29:07Z</time>
   </trkpt>
   <trkpt lat="20.5175870" lon="-100.4135490">
    <ele>1978.0</ele>
    <time>2021-02-06T14:29:11Z</time>
   </trkpt>
   <trkpt lat="20.5174830" lon="-100.4135850">
    <ele>1977.8</ele>
    <time>2021-02-06T14:29:16Z</time>
   </trkpt>
   <trkpt lat="20.5173860" lon="-100.4136270">
    <ele>1977.6</ele>
    <time>2021-02-06T14:29:21Z</time>
   </trkpt>
   <trkpt lat="20.5172910" lon="-100.4136650">
    <ele>1977.4</ele>
    <time>2021-02-06T14:29:26Z</time>
   </trkpt>
   <trkpt lat="20.5171870" lon="-100.4137130">
    <ele>1977.3</ele>
    <time>2021-02-06T14:29:31Z</time>
   </trkpt>
   <trkpt lat="20.5171020" lon="-100.4137510">
    <ele>1977.1</ele>
    <time>2021-02-06T14:29:35Z</time>
   </trkpt>
   <trkpt lat="20.5170070" lon="-100.4138030">
    <ele>1977.0</ele>
    <time>2021-02-06T14:29:40Z</time>
   </trkpt>
   <trkpt lat="20.5169210" lon="-100.4138560">
    <ele>1976.9</ele>
    <time>2021-02-06T14:29:45Z</time>
   </trkpt>
   <trkpt lat="20.5168300" lon="-100.4139060">
    <ele>1976.8</ele>
    <time>2021-02-06T14:29:51Z</time>
   </trkpt>
   <trkpt lat="20.5167470" lon="-100.4139530">
    <ele>1976.7</ele>
    <time>2021-02-06T14:29:55Z</time>
   </trkpt>
   <trkpt lat="20.5166610" lon="-100.4139910">
    <ele>1976.7</ele>
    <time>2021-02-06T14:30:00Z</time>
   </trkpt>
   <trkpt lat="20.5165660" lon="-100.4140210">
    <ele>1976.6</ele>
    <time>2021-02-06T14:30:06Z</time>
   </trkpt>
   <trkpt lat="20.5164690" lon="-100.4140670">
    <ele>1976.6</ele>
    <time>2021-02-06T14:30:12Z</time>
   </trkpt>
   <trkpt lat="20.5163760" lon="-100.4141010">
    <ele>1976.7</ele>
    <time>2021-02-06T14:30:17Z</time>
   </trkpt>
   <trkpt lat="20.5163060" lon="-100.4141630">
    <ele>1976.6</ele>
    <time>2021-02-06T14:30:22Z</time>
   </trkpt>
   <trkpt lat="20.5162470" lon="-100.4142470">
    <ele>1976.4</ele>
    <time>2021-02-06T14:30:27Z</time>
   </trkpt>
   <trkpt lat="20.5161770" lon="-100.4143260">
    <ele>1976.3</ele>
    <time>2021-02-06T14:30:32Z</time>
   </trkpt>
   <trkpt lat="20.5160830" lon="-100.4143690">
    <ele>1976.3</ele>
    <time>2021-02-06T14:30:37Z</time>
   </trkpt>
   <trkpt lat="20.5160240" lon="-100.4144460">
    <ele>1976.3</ele>
    <time>2021-02-06T14:30:42Z</time>
   </trkpt>
   <trkpt lat="20.5159410" lon="-100.4144890">
    <ele>1976.2</ele>
    <time>2021-02-06T14:30:47Z</time>
   </trkpt>
   <trkpt lat="20.5158350" lon="-100.4144670">
    <ele>1976.1</ele>
    <time>2021-02-06T14:30:52Z</time>
   </trkpt>
   <trkpt lat="20.5157400" lon="-100.4144090">
    <ele>1976.1</ele>
    <time>2021-02-06T14:30:57Z</time>
   </trkpt>
   <trkpt lat="20.5156760" lon="-100.4143210">
    <ele>1976.1</ele>
    <time>2021-02-06T14:31:02Z</time>
   </trkpt>
   <trkpt lat="20.5156200" lon="-100.4142220">
    <ele>1976.2</ele>
    <time>2021-02-06T14:31:07Z</time>
   </trkpt>
   <trkpt lat="20.5155610" lon="-100.4141290">
    <ele>1976.3</ele>
    <time>2021-02-06T14:31:12Z</time>
   </trkpt>
   <trkpt lat="20.5154960" lon="-100.4140510">
    <ele>1976.3</ele>
    <time>2021-02-06T14:31:17Z</time>
   </trkpt>
   <trkpt lat="20.5154080" lon="-100.4139860">
    <ele>1976.3</ele>
    <time>2021-02-06T14:31:22Z</time>
   </trkpt>
   <trkpt lat="20.5153220" lon="-100.4139120">
    <ele>1976.2</ele>
    <time>2021-02-06T14:31:27Z</time>
   </trkpt>
   <trkpt lat="20.5152530" lon="-100.4138430">
    <ele>1976.2</ele>
    <time>2021-02-06T14:31:32Z</time>
   </trkpt>
   <trkpt lat="20.5151770" lon="-100.4137780">
    <ele>1976.2</ele>
    <time>2021-02-06T14:31:37Z</time>
   </trkpt>
   <trkpt lat="20.5151010" lon="-100.4137070">
    <ele>1976.2</ele>
    <time>2021-02-06T14:31:42Z</time>
   </trkpt>
   <trkpt lat="20.5150190" lon="-100.4136300">
    <ele>1976.2</ele>
    <time>2021-02-06T14:31:47Z</time>
   </trkpt>
   <trkpt lat="20.5149370" lon="-100.4135660">
    <ele>1976.3</ele>
    <time>2021-02-06T14:31:52Z</time>
   </trkpt>
   <trkpt lat="20.5148570" lon="-100.4134920">
    <ele>1976.4</ele>
    <time>2021-02-06T14:31:57Z</time>
   </trkpt>
   <trkpt lat="20.5147750" lon="-100.4134170">
    <ele>1976.4</ele>
    <time>2021-02-06T14:32:02Z</time>
   </trkpt>
   <trkpt lat="20.5146990" lon="-100.4133460">
    <ele>1976.5</ele>
    <time>2021-02-06T14:32:07Z</time>
   </trkpt>
   <trkpt lat="20.5146220" lon="-100.4132670">
    <ele>1976.4</ele>
    <time>2021-02-06T14:32:12Z</time>
   </trkpt>
   <trkpt lat="20.5145370" lon="-100.4131920">
    <ele>1976.4</ele>
    <time>2021-02-06T14:32:17Z</time>
   </trkpt>
   <trkpt lat="20.5144540" lon="-100.4131240">
    <ele>1976.4</ele>
    <time>2021-02-06T14:32:22Z</time>
   </trkpt>
   <trkpt lat="20.5143860" lon="-100.4130600">
    <ele>1976.3</ele>
    <time>2021-02-06T14:32:26Z</time>
   </trkpt>
   <trkpt lat="20.5142950" lon="-100.4129870">
    <ele>1976.3</ele>
    <time>2021-02-06T14:32:30Z</time>
   </trkpt>
   <trkpt lat="20.5142040" lon="-100.4129200">
    <ele>1976.4</ele>
    <time>2021-02-06T14:32:34Z</time>
   </trkpt>
   <trkpt lat="20.5141230" lon="-100.4128620">
    <ele>1976.5</ele>
    <time>2021-02-06T14:32:38Z</time>
   </trkpt>
   <trkpt lat="20.5140450" lon="-100.4127890">
    <ele>1976.5</ele>
    <time>2021-02-06T14:32:43Z</time>
   </trkpt>
   <trkpt lat="20.5139670" lon="-100.4127150">
    <ele>1976.6</ele>
    <time>2021-02-06T14:32:48Z</time>
   </trkpt>
   <trkpt lat="20.5138930" lon="-100.4126370">
    <ele>1976.7</ele>
    <time>2021-02-06T14:32:53Z</time>
   </trkpt>
   <trkpt lat="20.5138250" lon="-100.4125700">
    <ele>1976.8</ele>
    <time>2021-02-06T14:32:57Z</time>
   </trkpt>
   <trkpt lat="20.5137550" lon="-100.4125020">
    <ele>1976.8</ele>
    <time>2021-02-06T14:33:01Z</time>
   </trkpt>
   <trkpt lat="20.5136630" lon="-100.4124350">
    <ele>1976.8</ele>
    <time>2021-02-06T14:33:06Z</time>
   </trkpt>
   <trkpt lat="20.5135930" lon="-100.4123740">
    <ele>1976.8</ele>
    <time>2021-02-06T14:33:10Z</time>
   </trkpt>
   <trkpt lat="20.5135160" lon="-100.4122910">
    <ele>1976.8</ele>
    <time>2021-02-06T14:33:15Z</time>
   </trkpt>
   <trkpt lat="20.5134380" lon="-100.4122170">
    <ele>1976.8</ele>
    <time>2021-02-06T14:33:19Z</time>
   </trkpt>
   <trkpt lat="20.5133570" lon="-100.4121410">
    <ele>1976.8</ele>
    <time>2021-02-06T14:33:24Z</time>
   </trkpt>
   <trkpt lat="20.5132710" lon="-100.4120730">
    <ele>1976.8</ele>
    <time>2021-02-06T14:33:29Z</time>
   </trkpt>
   <trkpt lat="20.5132000" lon="-100.4120100">
    <ele>1976.8</ele>
    <time>2021-02-06T14:33:34Z</time>
   </trkpt>
   <trkpt lat="20.5131150" lon="-100.4119430">
    <ele>1976.7</ele>
    <time>2021-02-06T14:33:40Z</time>
   </trkpt>
   <trkpt lat="20.5130420" lon="-100.4118750">
    <ele>1976.7</ele>
    <time>2021-02-06T14:33:45Z</time>
   </trkpt>
   <trkpt lat="20.5129670" lon="-100.4118080">
    <ele>1976.7</ele>
    <time>2021-02-06T14:33:50Z</time>
   </trkpt>
   <trkpt lat="20.5128810" lon="-100.4117410">
    <ele>1976.7</ele>
    <time>2021-02-06T14:33:56Z</time>
   </trkpt>
   <trkpt lat="20.5127960" lon="-100.4116850">
    <ele>1976.7</ele>
    <time>2021-02-06T14:34:01Z</time>
   </trkpt>
   <trkpt lat="20.5127070" lon="-100.4116150">
    <ele>1976.7</ele>
    <time>2021-02-06T14:34:06Z</time>
   </trkpt>
   <trkpt lat="20.5126370" lon="-100.4115340">
    <ele>1976.7</ele>
    <time>2021-02-06T14:34:11Z</time>
   </trkpt>
   <trkpt lat="20.5125650" lon="-100.4114620">
    <ele>1976.7</ele>
    <time>2021-02-06T14:34:16Z</time>
   </trkpt>
   <trkpt lat="20.5125040" lon="-100.4113890">
    <ele>1976.7</ele>
    <time>2021-02-06T14:34:21Z</time>
   </trkpt>
   <trkpt lat="20.5124270" lon="-100.4113260">
    <ele>1976.7</ele>
    <time>2021-02-06T14:34:25Z</time>
   </trkpt>
   <trkpt lat="20.5123530" lon="-100.4112670">
    <ele>1976.7</ele>
    <time>2021-02-06T14:34:29Z</time>
   </trkpt>
   <trkpt lat="20.5122770" lon="-100.4112160">
    <ele>1976.6</ele>
    <time>2021-02-06T14:34:33Z</time>
   </trkpt>
   <trkpt lat="20.5122070" lon="-100.4111540">
    <ele>1976.7</ele>
    <time>2021-02-06T14:34:38Z</time>
   </trkpt>
   <trkpt lat="20.5121230" lon="-100.4110820">
    <ele>1976.7</ele>
    <time>2021-02-06T14:34:44Z</time>
   </trkpt>
   <trkpt lat="20.5120420" lon="-100.4110120">
    <ele>1976.7</ele>
    <time>2021-02-06T14:34:49Z</time>
   </trkpt>
   <trkpt lat="20.5119630" lon="-100.4109400">
    <ele>1976.7</ele>
    <time>2021-02-06T14:34:54Z</time>
   </trkpt>
   <trkpt lat="20.5118860" lon="-100.4108670">
    <ele>1976.8</ele>
    <time>2021-02-06T14:34:59Z</time>
   </trkpt>
   <trkpt lat="20.5118020" lon="-100.4108060">
    <ele>1976.8</ele>
    <time>2021-02-06T14:35:03Z</time>
   </trkpt>
   <trkpt lat="20.5117230" lon="-100.4107330">
    <ele>1976.9</ele>
    <time>2021-02-06T14:35:08Z</time>
   </trkpt>
   <trkpt lat="20.5116480" lon="-100.4106670">
    <ele>1977.0</ele>
    <time>2021-02-06T14:35:13Z</time>
   </trkpt>
   <trkpt lat="20.5115760" lon="-100.4106050">
    <ele>1977.2</ele>
    <time>2021-02-06T14:35:17Z</time>
   </trkpt>
   <trkpt lat="20.5114950" lon="-100.4105270">
    <ele>1977.4</ele>
    <time>2021-02-06T14:35:22Z</time>
   </trkpt>
   <trkpt lat="20.5114170" lon="-100.4104570">
    <ele>1977.5</ele>
    <time>2021-02-06T14:35:27Z</time>
   </trkpt>
   <trkpt lat="20.5113500" lon="-100.4103800">
    <ele>1977.7</ele>
    <time>2021-02-06T14:35:32Z</time>
   </trkpt>
   <trkpt lat="20.5112950" lon="-100.4102970">
    <ele>1977.8</ele>
    <time>2021-02-06T14:35:37Z</time>
   </trkpt>
   <trkpt lat="20.5112030" lon="-100.4102340">
    <ele>1978.1</ele>
    <time>2021-02-06T14:35:42Z</time>
   </trkpt>
   <trkpt lat="20.5111250" lon="-100.4101830">
    <ele>1978.3</ele>
    <time>2021-02-06T14:35:47Z</time>
   </trkpt>
   <trkpt lat="20.5110410" lon="-100.4101220">
    <ele>1978.5</ele>
    <time>2021-02-06T14:35:52Z</time>
   </trkpt>
   <trkpt lat="20.5109590" lon="-100.4100610">
    <ele>1978.8</ele>
    <time>2021-02-06T14:35:57Z</time>
   </trkpt>
   <trkpt lat="20.5108760" lon="-100.4099850">
    <ele>1979.1</ele>
    <time>2021-02-06T14:36:02Z</time>
   </trkpt>
   <trkpt lat="20.5107970" lon="-100.4099090">
    <ele>1979.4</ele>
    <time>2021-02-06T14:36:07Z</time>
   </trkpt>
   <trkpt lat="20.5107340" lon="-100.4098390">
    <ele>1979.6</ele>
    <time>2021-02-06T14:36:11Z</time>
   </trkpt>
   <trkpt lat="20.5106490" lon="-100.4097720">
    <ele>1979.8</ele>
    <time>2021-02-06T14:36:16Z</time>
   </trkpt>
   <trkpt lat="20.5105710" lon="-100.4097030">
    <ele>1980.0</ele>
    <time>2021-02-06T14:36:21Z</time>
   </trkpt>
   <trkpt lat="20.5105010" lon="-100.4096210">
    <ele>1980.2</ele>
    <time>2021-02-06T14:36:26Z</time>
   </trkpt>
   <trkpt lat="20.5104190" lon="-100.4095560">
    <ele>1980.5</ele>
    <time>2021-02-06T14:36:31Z</time>
   </trkpt>
   <trkpt lat="20.5103540" lon="-100.4094880">
    <ele>1980.7</ele>
    <time>2021-02-06T14:36:35Z</time>
   </trkpt>
   <trkpt lat="20.5102810" lon="-100.4094280">
    <ele>1981.0</ele>
    <time>2021-02-06T14:36:39Z</time>
   </trkpt>
   <trkpt lat="20.5101880" lon="-100.4093680">
    <ele>1981.3</ele>
    <time>2021-02-06T14:36:44Z</time>
   </trkpt>
   <trkpt lat="20.5101160" lon="-100.4093090">
    <ele>1981.5</ele>
    <time>2021-02-06T14:36:48Z</time>
   </trkpt>
   <trkpt lat="20.5100360" lon="-100.4092370">
    <ele>1981.8</ele>
    <time>2021-02-06T14:36:53Z</time>
   </trkpt>
   <trkpt lat="20.5099570" lon="-100.4091600">
    <ele>1982.1</ele>
    <time>2021-02-06T14:36:58Z</time>
   </trkpt>
   <trkpt lat="20.5098750" lon="-100.4090890">
    <ele>1982.5</ele>
    <time>2021-02-06T14:37:03Z</time>
   </trkpt>
   <trkpt lat="20.5098010" lon="-100.4090010">
    <ele>1982.8</ele>
    <time>2021-02-06T14:37:08Z</time>
   </trkpt>
   <trkpt lat="20.5097370" lon="-100.4089300">
    <ele>1983.0</ele>
    <time>2021-02-06T14:37:12Z</time>
   </trkpt>
   <trkpt lat="20.5096610" lon="-100.4088610">
    <ele>1983.3</ele>
    <time>2021-02-06T14:37:16Z</time>
   </trkpt>
   <trkpt lat="20.5095930" lon="-100.4087930">
    <ele>1983.6</ele>
    <time>2021-02-06T14:37:20Z</time>
   </trkpt>
   <trkpt lat="20.5095110" lon="-100.4087230">
    <ele>1983.8</ele>
    <time>2021-02-06T14:37:25Z</time>
   </trkpt>
   <trkpt lat="20.5094330" lon="-100.4086560">
    <ele>1984.1</ele>
    <time>2021-02-06T14:37:30Z</time>
   </trkpt>
   <trkpt lat="20.5093590" lon="-100.4085930">
    <ele>1984.3</ele>
    <time>2021-02-06T14:37:34Z</time>
   </trkpt>
   <trkpt lat="20.5092670" lon="-100.4085240">
    <ele>1984.6</ele>
    <time>2021-02-06T14:37:38Z</time>
   </trkpt>
   <trkpt lat="20.5091740" lon="-100.4084650">
    <ele>1984.9</ele>
    <time>2021-02-06T14:37:42Z</time>
   </trkpt>
   <trkpt lat="20.5090880" lon="-100.4084030">
    <ele>1985.2</ele>
    <time>2021-02-06T14:37:46Z</time>
   </trkpt>
   <trkpt lat="20.5090170" lon="-100.4083400">
    <ele>1985.4</ele>
    <time>2021-02-06T14:37:50Z</time>
   </trkpt>
   <trkpt lat="20.5089550" lon="-100.4082530">
    <ele>1985.7</ele>
    <time>2021-02-06T14:37:55Z</time>
   </trkpt>
   <trkpt lat="20.5088820" lon="-100.4081750">
    <ele>1986.0</ele>
    <time>2021-02-06T14:38:00Z</time>
   </trkpt>
   <trkpt lat="20.5088030" lon="-100.4080900">
    <ele>1986.4</ele>
    <time>2021-02-06T14:38:05Z</time>
   </trkpt>
   <trkpt lat="20.5087340" lon="-100.4080220">
    <ele>1986.7</ele>
    <time>2021-02-06T14:38:09Z</time>
   </trkpt>
   <trkpt lat="20.5086610" lon="-100.4079390">
    <ele>1987.0</ele>
    <time>2021-02-06T14:38:14Z</time>
   </trkpt>
   <trkpt lat="20.5085920" lon="-100.4078640">
    <ele>1987.3</ele>
    <time>2021-02-06T14:38:18Z</time>
   </trkpt>
   <trkpt lat="20.5085220" lon="-100.4077800">
    <ele>1987.6</ele>
    <time>2021-02-06T14:38:23Z</time>
   </trkpt>
   <trkpt lat="20.5084690" lon="-100.4076910">
    <ele>1987.9</ele>
    <time>2021-02-06T14:38:28Z</time>
   </trkpt>
   <trkpt lat="20.5084140" lon="-100.4076000">
    <ele>1988.2</ele>
    <time>2021-02-06T14:38:33Z</time>
   </trkpt>
   <trkpt lat="20.5083580" lon="-100.4075200">
    <ele>1988.4</ele>
    <time>2021-02-06T14:38:37Z</time>
   </trkpt>
   <trkpt lat="20.5083040" lon="-100.4074260">
    <ele>1988.6</ele>
    <time>2021-02-06T14:38:42Z</time>
   </trkpt>
   <trkpt lat="20.5082600" lon="-100.4073420">
    <ele>1988.9</ele>
    <time>2021-02-06T14:38:46Z</time>
   </trkpt>
   <trkpt lat="20.5082190" lon="-100.4072340">
    <ele>1989.1</ele>
    <time>2021-02-06T14:38:51Z</time>
   </trkpt>
   <trkpt lat="20.5081810" lon="-100.4071280">
    <ele>1989.4</ele>
    <time>2021-02-06T14:38:56Z</time>
   </trkpt>
   <trkpt lat="20.5081550" lon="-100.4070160">
    <ele>1989.8</ele>
    <time>2021-02-06T14:39:01Z</time>
   </trkpt>
   <trkpt lat="20.5081270" lon="-100.4069240">
    <ele>1990.0</ele>
    <time>2021-02-06T14:39:05Z</time>
   </trkpt>
   <trkpt lat="20.5080800" lon="-100.4068160">
    <ele>1990.3</ele>
    <time>2021-02-06T14:39:09Z</time>
   </trkpt>
   <trkpt lat="20.5080370" lon="-100.4067270">
    <ele>1990.6</ele>
    <time>2021-02-06T14:39:13Z</time>
   </trkpt>
   <trkpt lat="20.5080030" lon="-100.4066280">
    <ele>1990.9</ele>
    <time>2021-02-06T14:39:18Z</time>
   </trkpt>
   <trkpt lat="20.5079620" lon="-100.4065240">
    <ele>1991.2</ele>
    <time>2021-02-06T14:39:23Z</time>
   </trkpt>
   <trkpt lat="20.5079290" lon="-100.4064140">
    <ele>1991.5</ele>
    <time>2021-02-06T14:39:27Z</time>
   </trkpt>
   <trkpt lat="20.5078990" lon="-100.4063030">
    <ele>1991.8</ele>
    <time>2021-02-06T14:39:32Z</time>
   </trkpt>
   <trkpt lat="20.5078590" lon="-100.4062030">
    <ele>1992.1</ele>
    <time>2021-02-06T14:39:37Z</time>
   </trkpt>
   <trkpt lat="20.5078170" lon="-100.4061110">
    <ele>1992.3</ele>
    <time>2021-02-06T14:39:42Z</time>
   </trkpt>
   <trkpt lat="20.5077790" lon="-100.4060080">
    <ele>1992.6</ele>
    <time>2021-02-06T14:39:48Z</time>
   </trkpt>
   <trkpt lat="20.5077490" lon="-100.4059160">
    <ele>1992.8</ele>
    <time>2021-02-06T14:39:53Z</time>
   </trkpt>
   <trkpt lat="20.5077060" lon="-100.4058250">
    <ele>1992.9</ele>
    <time>2021-02-06T14:39:58Z</time>
   </trkpt>
   <trkpt lat="20.5076670" lon="-100.4057300">
    <ele>1993.0</ele>
    <time>2021-02-06T14:40:02Z</time>
   </trkpt>
   <trkpt lat="20.5076270" lon="-100.4056350">
    <ele>1993.2</ele>
    <time>2021-02-06T14:40:06Z</time>
   </trkpt>
   <trkpt lat="20.5075930" lon="-100.4055320">
    <ele>1993.3</ele>
    <time>2021-02-06T14:40:10Z</time>
   </trkpt>
   <trkpt lat="20.5075490" lon="-100.4054290">
    <ele>1993.4</ele>
    <time>2021-02-06T14:40:15Z</time>
   </trkpt>
   <trkpt lat="20.5075080" lon="-100.4053240">
    <ele>1993.4</ele>
    <time>2021-02-06T14:40:20Z</time>
   </trkpt>
   <trkpt lat="20.5074800" lon="-100.4052300">
    <ele>1993.5</ele>
    <time>2021-02-06T14:40:25Z</time>
   </trkpt>
   <trkpt lat="20.5074350" lon="-100.4051370">
    <ele>1993.6</ele>
    <time>2021-02-06T14:40:29Z</time>
   </trkpt>
   <trkpt lat="20.5074070" lon="-100.4050460">
    <ele>1993.6</ele>
    <time>2021-02-06T14:40:33Z</time>
   </trkpt>
   <trkpt lat="20.5073590" lon="-100.4049360">
    <ele>1993.6</ele>
    <time>2021-02-06T14:40:38Z</time>
   </trkpt>
   <trkpt lat="20.5073260" lon="-100.4048440">
    <ele>1993.7</ele>
    <time>2021-02-06T14:40:42Z</time>
   </trkpt>
   <trkpt lat="20.5072970" lon="-100.4047470">
    <ele>1993.7</ele>
    <time>2021-02-06T14:40:46Z</time>
   </trkpt>
   <trkpt lat="20.5072670" lon="-100.4046540">
    <ele>1993.7</ele>
    <time>2021-02-06T14:40:50Z</time>
   </trkpt>
   <trkpt lat="20.5072180" lon="-100.4045500">
    <ele>1993.7</ele>
    <time>2021-02-06T14:40:54Z</time>
   </trkpt>
   <trkpt lat="20.5071760" lon="-100.4044390">
    <ele>1993.7</ele>
    <time>2021-02-06T14:40:58Z</time>
   </trkpt>
   <trkpt lat="20.5071320" lon="-100.4043410">
    <ele>1993.7</ele>
    <time>2021-02-06T14:41:02Z</time>
   </trkpt>
   <trkpt lat="20.5070930" lon="-100.4042280">
    <ele>1993.7</ele>
    <time>2021-02-06T14:41:07Z</time>
   </trkpt>
   <trkpt lat="20.5070530" lon="-100.4041190">
    <ele>1993.7</ele>
    <time>2021-02-06T14:41:12Z</time>
   </trkpt>
   <trkpt lat="20.5070200" lon="-100.4040030">
    <ele>1993.7</ele>
    <time>2021-02-06T14:41:17Z</time>
   </trkpt>
   <trkpt lat="20.5069860" lon="-100.4039120">
    <ele>1993.7</ele>
    <time>2021-02-06T14:41:21Z</time>
   </trkpt>
   <trkpt lat="20.5069340" lon="-100.4038130">
    <ele>1993.7</ele>
    <time>2021-02-06T14:41:25Z</time>
   </trkpt>
   <trkpt lat="20.5068960" lon="-100.4037220">
    <ele>1993.7</ele>
    <time>2021-02-06T14:41:29Z</time>
   </trkpt>
   <trkpt lat="20.5068550" lon="-100.4036200">
    <ele>1993.7</ele>
    <time>2021-02-06T14:41:34Z</time>
   </trkpt>
   <trkpt lat="20.5068420" lon="-100.4035090">
    <ele>1993.7</ele>
    <time>2021-02-06T14:41:39Z</time>
   </trkpt>
   <trkpt lat="20.5068070" lon="-100.4034000">
    <ele>1993.6</ele>
    <time>2021-02-06T14:41:44Z</time>
   </trkpt>
   <trkpt lat="20.5067730" lon="-100.4033080">
    <ele>1993.6</ele>
    <time>2021-02-06T14:41:48Z</time>
   </trkpt>
   <trkpt lat="20.5067280" lon="-100.4032140">
    <ele>1993.6</ele>
    <time>2021-02-06T14:41:53Z</time>
   </trkpt>
   <trkpt lat="20.5066830" lon="-100.4031200">
    <ele>1993.6</ele>
    <time>2021-02-06T14:41:58Z</time>
   </trkpt>
   <trkpt lat="20.5066570" lon="-100.4030150">
    <ele>1993.6</ele>
    <time>2021-02-06T14:42:03Z</time>
   </trkpt>
   <trkpt lat="20.5066230" lon="-100.4029150">
    <ele>1993.6</ele>
    <time>2021-02-06T14:42:08Z</time>
   </trkpt>
   <trkpt lat="20.5065830" lon="-100.4028170">
    <ele>1993.6</ele>
    <time>2021-02-06T14:42:13Z</time>
   </trkpt>
   <trkpt lat="20.5065830" lon="-100.4028170">
    <ele>1993.6</ele>
    <time>2021-02-06T14:42:16Z</time>
   </trkpt>
   <trkpt lat="20.5065400" lon="-100.4027240">
    <ele>1993.6</ele>
    <time>2021-02-06T14:42:20Z</time>
   </trkpt>
   <trkpt lat="20.5065120" lon="-100.4026250">
    <ele>1993.7</ele>
    <time>2021-02-06T14:42:32Z</time>
   </trkpt>
   <trkpt lat="20.5064880" lon="-100.4025300">
    <ele>1993.8</ele>
    <time>2021-02-06T14:42:39Z</time>
   </trkpt>
   <trkpt lat="20.5064350" lon="-100.4024450">
    <ele>1993.8</ele>
    <time>2021-02-06T14:42:47Z</time>
   </trkpt>
   <trkpt lat="20.5064040" lon="-100.4023470">
    <ele>1993.9</ele>
    <time>2021-02-06T14:42:55Z</time>
   </trkpt>
   <trkpt lat="20.5063730" lon="-100.4022470">
    <ele>1994.0</ele>
    <time>2021-02-06T14:43:05Z</time>
   </trkpt>
   <trkpt lat="20.5063320" lon="-100.4021540">
    <ele>1994.1</ele>
    <time>2021-02-06T14:43:13Z</time>
   </trkpt>
   <trkpt lat="20.5063060" lon="-100.4020490">
    <ele>1994.3</ele>
    <time>2021-02-06T14:43:21Z</time>
   </trkpt>
   <trkpt lat="20.5062800" lon="-100.4020060">
    <ele>1994.3</ele>
    <time>2021-02-06T14:43:27Z</time>
   </trkpt>
   <trkpt lat="20.5062410" lon="-100.4019010">
    <ele>1994.5</ele>
    <time>2021-02-06T14:43:36Z</time>
   </trkpt>
   <trkpt lat="20.5062410" lon="-100.4019010">
    <ele>1994.5</ele>
    <time>2021-02-06T14:43:38Z</time>
   </trkpt>
   <trkpt lat="20.5062110" lon="-100.4017960">
    <ele>1994.6</ele>
    <time>2021-02-06T14:43:42Z</time>
   </trkpt>
   <trkpt lat="20.5061750" lon="-100.4016940">
    <ele>1994.8</ele>
    <time>2021-02-06T14:43:46Z</time>
   </trkpt>
   <trkpt lat="20.5061430" lon="-100.4015920">
    <ele>1994.9</ele>
    <time>2021-02-06T14:43:51Z</time>
   </trkpt>
   <trkpt lat="20.5061100" lon="-100.4014960">
    <ele>1995.1</ele>
    <time>2021-02-06T14:43:56Z</time>
   </trkpt>
   <trkpt lat="20.5060870" lon="-100.4013950">
    <ele>1995.3</ele>
    <time>2021-02-06T14:44:01Z</time>
   </trkpt>
   <trkpt lat="20.5060400" lon="-100.4012990">
    <ele>1995.5</ele>
    <time>2021-02-06T14:44:06Z</time>
   </trkpt>
   <trkpt lat="20.5060010" lon="-100.4011890">
    <ele>1995.7</ele>
    <time>2021-02-06T14:44:11Z</time>
   </trkpt>
   <trkpt lat="20.5059670" lon="-100.4010930">
    <ele>1995.9</ele>
    <time>2021-02-06T14:44:16Z</time>
   </trkpt>
   <trkpt lat="20.5059160" lon="-100.4009950">
    <ele>1996.1</ele>
    <time>2021-02-06T14:44:21Z</time>
   </trkpt>
   <trkpt lat="20.5058940" lon="-100.4008970">
    <ele>1996.3</ele>
    <time>2021-02-06T14:44:26Z</time>
   </trkpt>
   <trkpt lat="20.5058940" lon="-100.4008970">
    <ele>1996.3</ele>
    <time>2021-02-06T14:44:27Z</time>
   </trkpt>
   <trkpt lat="20.5058620" lon="-100.4008040">
    <ele>1996.4</ele>
    <time>2021-02-06T14:44:31Z</time>
   </trkpt>
   <trkpt lat="20.5058200" lon="-100.4007100">
    <ele>1996.6</ele>
    <time>2021-02-06T14:44:36Z</time>
   </trkpt>
   <trkpt lat="20.5057800" lon="-100.4006130">
    <ele>1996.9</ele>
    <time>2021-02-06T14:44:41Z</time>
   </trkpt>
   <trkpt lat="20.5057490" lon="-100.4005090">
    <ele>1997.1</ele>
    <time>2021-02-06T14:44:46Z</time>
   </trkpt>
   <trkpt lat="20.5057070" lon="-100.4004080">
    <ele>1997.3</ele>
    <time>2021-02-06T14:44:51Z</time>
   </trkpt>
   <trkpt lat="20.5056700" lon="-100.4003090">
    <ele>1997.5</ele>
    <time>2021-02-06T14:44:56Z</time>
   </trkpt>
   <trkpt lat="20.5056310" lon="-100.4002120">
    <ele>1997.7</ele>
    <time>2021-02-06T14:45:01Z</time>
   </trkpt>
   <trkpt lat="20.5055930" lon="-100.4001160">
    <ele>1997.8</ele>
    <time>2021-02-06T14:45:06Z</time>
   </trkpt>
   <trkpt lat="20.5055540" lon="-100.4000200">
    <ele>1997.9</ele>
    <time>2021-02-06T14:45:11Z</time>
   </trkpt>
  </trkseg>
 </trk>
</gpx>
