<?xml version='1.0' encoding='UTF-8'?>
<gpx version="1.1" creator="https://www.komoot.de" xmlns="http://www.topografix.com/GPX/1/1" xmlns:xsi="http://www.w3.org/2001/XMLSchema-instance" xsi:schemaLocation="http://www.topografix.com/GPX/1/1 http://www.topografix.com/GPX/1/1/gpx.xsd">
  <metadata>
    <name>El Tlacuache</name>
    <author>
      <link href="https://www.komoot.de">
        <text>komoot</text>
        <type>text/html</type>
      </link>
    </author>
  </metadata>
  <trk>
    <name>El Tlacuache</name>
    <type>touring_bicycle</type>
    <trkseg>
      <trkpt lat="20.615447" lon="-100.370399">
        <ele>1884.838995</ele>
        <time>2026-10-02T15:51:11.849Z</time>
      </trkpt>
      <trkpt lat="20.615620" lon="-100.370021">
        <ele>1884.838995</ele>
        <time>2026-10-02T15:51:17.421Z</time>
      </trkpt>
      <trkpt lat="20.616092" lon="-100.370447">
        <ele>1884.578261</ele>
        <time>2026-10-02T15:51:26.576Z</time>
      </trkpt>
      <trkpt lat="20.616406" lon="-100.370722">
        <ele>1883.636221</ele>
        <time>2026-10-02T15:51:32.682Z</time>
      </trkpt>
      <trkpt lat="20.616465" lon="-100.370657">
        <ele>1883.439586</ele>
        <time>2026-10-02T15:51:33.991Z</time>
      </trkpt>
      <trkpt lat="20.616993" lon="-100.369453">
        <ele>1880.800136</ele>
        <time>2026-10-02T15:52:00.782Z</time>
      </trkpt>
      <trkpt lat="20.617014" lon="-100.369285">
        <ele>1881.235789</ele>
        <time>2026-10-02T15:52:07.127Z</time>
      </trkpt>
      <trkpt lat="20.617032" lon="-100.369139">
        <ele>1881.614303</ele>
        <time>2026-10-02T15:52:12.418Z</time>
      </trkpt>
      <trkpt lat="20.617080" lon="-100.369023">
        <ele>1881.940303</ele>
        <time>2026-10-02T15:52:16.927Z</time>
      </trkpt>
      <trkpt lat="20.617147" lon="-100.368946">
        <ele>1882.210537</ele>
        <time>2026-10-02T15:52:20.247Z</time>
      </trkpt>
      <trkpt lat="20.617215" lon="-100.368907">
        <ele>1882.422485</ele>
        <time>2026-10-02T15:52:22.913Z</time>
      </trkpt>
      <trkpt lat="20.617680" lon="-100.368674">
        <ele>1883.832945</ele>
        <time>2026-10-02T15:52:40.983Z</time>
      </trkpt>
      <trkpt lat="20.617721" lon="-100.368608">
        <ele>1884.036553</ele>
        <time>2026-10-02T15:52:44.330Z</time>
      </trkpt>
      <trkpt lat="20.617713" lon="-100.368555">
        <ele>1884.174542</ele>
        <time>2026-10-02T15:52:45.687Z</time>
      </trkpt>
      <trkpt lat="20.617645" lon="-100.368044">
        <ele>1885.501195</ele>
        <time>2026-10-02T15:53:02.833Z</time>
      </trkpt>
      <trkpt lat="20.617624" lon="-100.368003">
        <ele>1885.626367</ele>
        <time>2026-10-02T15:53:04.511Z</time>
      </trkpt>
      <trkpt lat="20.617598" lon="-100.367949">
        <ele>1885.831285</ele>
        <time>2026-10-02T15:53:07.092Z</time>
      </trkpt>
      <trkpt lat="20.617494" lon="-100.367888">
        <ele>1886.259030</ele>
        <time>2026-10-02T15:53:11.192Z</time>
      </trkpt>
      <trkpt lat="20.617494" lon="-100.367888">
        <ele>1886.259030</ele>
        <time>2026-10-02T15:53:11.220Z</time>
      </trkpt>
      <trkpt lat="20.617494" lon="-100.367888">
        <ele>1886.259030</ele>
        <time>2026-10-02T15:53:11.220Z</time>
      </trkpt>
      <trkpt lat="20.617493" lon="-100.367890">
        <ele>1886.266682</ele>
        <time>2026-10-02T15:53:11.275Z</time>
      </trkpt>
      <trkpt lat="20.617472" lon="-100.367880">
        <ele>1886.349574</ele>
        <time>2026-10-02T15:53:11.870Z</time>
      </trkpt>
      <trkpt lat="20.617451" lon="-100.367872">
        <ele>1886.429956</ele>
        <time>2026-10-02T15:53:12.446Z</time>
      </trkpt>
      <trkpt lat="20.617431" lon="-100.367863">
        <ele>1886.508199</ele>
        <time>2026-10-02T15:53:13.007Z</time>
      </trkpt>
      <trkpt lat="20.617413" lon="-100.367854">
        <ele>1886.579850</ele>
        <time>2026-10-02T15:53:13.521Z</time>
      </trkpt>
      <trkpt lat="20.617397" lon="-100.367844">
        <ele>1886.646681</ele>
        <time>2026-10-02T15:53:14.001Z</time>
      </trkpt>
      <trkpt lat="20.617385" lon="-100.367835">
        <ele>1886.699541</ele>
        <time>2026-10-02T15:53:14.380Z</time>
      </trkpt>
      <trkpt lat="20.617373" lon="-100.367828">
        <ele>1886.748834</ele>
        <time>2026-10-02T15:53:14.734Z</time>
      </trkpt>
      <trkpt lat="20.617364" lon="-100.367821">
        <ele>1886.788970</ele>
        <time>2026-10-02T15:53:15.022Z</time>
      </trkpt>
      <trkpt lat="20.617355" lon="-100.367816">
        <ele>1886.825543</ele>
        <time>2026-10-02T15:53:15.288Z</time>
      </trkpt>
      <trkpt lat="20.617350" lon="-100.367813">
        <ele>1886.846218</ele>
        <time>2026-10-02T15:53:15.436Z</time>
      </trkpt>
      <trkpt lat="20.617374" lon="-100.367775">
        <ele>1887.000911</ele>
        <time>2026-10-02T15:53:16.546Z</time>
      </trkpt>
      <trkpt lat="20.617383" lon="-100.367742">
        <ele>1887.116900</ele>
        <time>2026-10-02T15:53:17.378Z</time>
      </trkpt>
      <trkpt lat="20.617395" lon="-100.367705">
        <ele>1887.249039</ele>
        <time>2026-10-02T15:53:18.326Z</time>
      </trkpt>
      <trkpt lat="20.617407" lon="-100.367663">
        <ele>1887.397223</ele>
        <time>2026-10-02T15:53:19.392Z</time>
      </trkpt>
      <trkpt lat="20.617414" lon="-100.367621">
        <ele>1887.541180</ele>
        <time>2026-10-02T15:53:20.423Z</time>
      </trkpt>
      <trkpt lat="20.617416" lon="-100.367580">
        <ele>1887.679721</ele>
        <time>2026-10-02T15:53:21.417Z</time>
      </trkpt>
      <trkpt lat="20.617413" lon="-100.367543">
        <ele>1887.805044</ele>
        <time>2026-10-02T15:53:22.316Z</time>
      </trkpt>
      <trkpt lat="20.617404" lon="-100.367507">
        <ele>1887.930784</ele>
        <time>2026-10-02T15:53:23.221Z</time>
      </trkpt>
      <trkpt lat="20.617395" lon="-100.367473">
        <ele>1888.050016</ele>
        <time>2026-10-02T15:53:24.076Z</time>
      </trkpt>
      <trkpt lat="20.617388" lon="-100.367437">
        <ele>1888.174091</ele>
        <time>2026-10-02T15:53:24.966Z</time>
      </trkpt>
      <trkpt lat="20.617384" lon="-100.367403">
        <ele>1888.289725</ele>
        <time>2026-10-02T15:53:25.796Z</time>
      </trkpt>
      <trkpt lat="20.617381" lon="-100.367367">
        <ele>1888.411687</ele>
        <time>2026-10-02T15:53:26.671Z</time>
      </trkpt>
      <trkpt lat="20.617379" lon="-100.367331">
        <ele>1888.533381</ele>
        <time>2026-10-02T15:53:27.546Z</time>
      </trkpt>
      <trkpt lat="20.617375" lon="-100.367298">
        <ele>1888.645669</ele>
        <time>2026-10-02T15:53:28.351Z</time>
      </trkpt>
      <trkpt lat="20.617370" lon="-100.367266">
        <ele>1888.755146</ele>
        <time>2026-10-02T15:53:29.137Z</time>
      </trkpt>
      <trkpt lat="20.617364" lon="-100.367239">
        <ele>1888.848790</ele>
        <time>2026-10-02T15:53:29.808Z</time>
      </trkpt>
      <trkpt lat="20.617357" lon="-100.367222">
        <ele>1888.911462</ele>
        <time>2026-10-02T15:53:30.258Z</time>
      </trkpt>
      <trkpt lat="20.617352" lon="-100.367213">
        <ele>1888.946779</ele>
        <time>2026-10-02T15:53:30.512Z</time>
      </trkpt>
      <trkpt lat="20.617360" lon="-100.367152">
        <ele>1889.154633</ele>
        <time>2026-10-02T15:53:32.005Z</time>
      </trkpt>
      <trkpt lat="20.617357" lon="-100.367128">
        <ele>1889.236339</ele>
        <time>2026-10-02T15:53:32.591Z</time>
      </trkpt>
      <trkpt lat="20.617355" lon="-100.367102">
        <ele>1889.324371</ele>
        <time>2026-10-02T15:53:33.222Z</time>
      </trkpt>
      <trkpt lat="20.617355" lon="-100.367076">
        <ele>1889.412107</ele>
        <time>2026-10-02T15:53:33.852Z</time>
      </trkpt>
      <trkpt lat="20.617356" lon="-100.367050">
        <ele>1889.499917</ele>
        <time>2026-10-02T15:53:34.482Z</time>
      </trkpt>
      <trkpt lat="20.617357" lon="-100.367024">
        <ele>1889.587728</ele>
        <time>2026-10-02T15:53:35.115Z</time>
      </trkpt>
      <trkpt lat="20.617359" lon="-100.366998">
        <ele>1889.675760</ele>
        <time>2026-10-02T15:53:35.747Z</time>
      </trkpt>
      <trkpt lat="20.617361" lon="-100.366974">
        <ele>1889.757067</ele>
        <time>2026-10-02T15:53:36.330Z</time>
      </trkpt>
      <trkpt lat="20.617367" lon="-100.366951">
        <ele>1889.837638</ele>
        <time>2026-10-02T15:53:36.908Z</time>
      </trkpt>
      <trkpt lat="20.617375" lon="-100.366929">
        <ele>1889.917283</ele>
        <time>2026-10-02T15:53:37.480Z</time>
      </trkpt>
      <trkpt lat="20.617384" lon="-100.366910">
        <ele>1889.989141</ele>
        <time>2026-10-02T15:53:37.995Z</time>
      </trkpt>
      <trkpt lat="20.617393" lon="-100.366890">
        <ele>1890.064026</ele>
        <time>2026-10-02T15:53:38.533Z</time>
      </trkpt>
      <trkpt lat="20.617401" lon="-100.366872">
        <ele>1890.131266</ele>
        <time>2026-10-02T15:53:39.019Z</time>
      </trkpt>
      <trkpt lat="20.617408" lon="-100.366853">
        <ele>1890.200170</ele>
        <time>2026-10-02T15:53:39.513Z</time>
      </trkpt>
      <trkpt lat="20.617416" lon="-100.366834">
        <ele>1890.270474</ele>
        <time>2026-10-02T15:53:40.018Z</time>
      </trkpt>
      <trkpt lat="20.617425" lon="-100.366815">
        <ele>1890.342332</ele>
        <time>2026-10-02T15:53:40.533Z</time>
      </trkpt>
      <trkpt lat="20.617434" lon="-100.366797">
        <ele>1890.411196</ele>
        <time>2026-10-02T15:53:41.027Z</time>
      </trkpt>
      <trkpt lat="20.617442" lon="-100.366779">
        <ele>1890.478437</ele>
        <time>2026-10-02T15:53:41.510Z</time>
      </trkpt>
      <trkpt lat="20.617449" lon="-100.366761">
        <ele>1890.544212</ele>
        <time>2026-10-02T15:53:41.982Z</time>
      </trkpt>
      <trkpt lat="20.617456" lon="-100.366742">
        <ele>1890.613115</ele>
        <time>2026-10-02T15:53:42.477Z</time>
      </trkpt>
      <trkpt lat="20.617463" lon="-100.366722">
        <ele>1890.685169</ele>
        <time>2026-10-02T15:53:42.995Z</time>
      </trkpt>
      <trkpt lat="20.617468" lon="-100.366700">
        <ele>1890.761565</ele>
        <time>2026-10-02T15:53:43.543Z</time>
      </trkpt>
      <trkpt lat="20.617473" lon="-100.366678">
        <ele>1890.837960</ele>
        <time>2026-10-02T15:53:44.091Z</time>
      </trkpt>
      <trkpt lat="20.617477" lon="-100.366656">
        <ele>1890.913586</ele>
        <time>2026-10-02T15:53:44.633Z</time>
      </trkpt>
      <trkpt lat="20.617479" lon="-100.366633">
        <ele>1890.991533</ele>
        <time>2026-10-02T15:53:45.193Z</time>
      </trkpt>
      <trkpt lat="20.617482" lon="-100.366611">
        <ele>1891.066555</ele>
        <time>2026-10-02T15:53:45.731Z</time>
      </trkpt>
      <trkpt lat="20.617485" lon="-100.366588">
        <ele>1891.144918</ele>
        <time>2026-10-02T15:53:46.294Z</time>
      </trkpt>
      <trkpt lat="20.617489" lon="-100.366567">
        <ele>1891.217234</ele>
        <time>2026-10-02T15:53:46.813Z</time>
      </trkpt>
      <trkpt lat="20.617495" lon="-100.366546">
        <ele>1891.291326</ele>
        <time>2026-10-02T15:53:47.345Z</time>
      </trkpt>
      <trkpt lat="20.617500" lon="-100.366525">
        <ele>1891.364447</ele>
        <time>2026-10-02T15:53:47.870Z</time>
      </trkpt>
      <trkpt lat="20.617506" lon="-100.366503">
        <ele>1891.441773</ele>
        <time>2026-10-02T15:53:48.424Z</time>
      </trkpt>
      <trkpt lat="20.617511" lon="-100.366481">
        <ele>1891.518168</ele>
        <time>2026-10-02T15:53:48.972Z</time>
      </trkpt>
      <trkpt lat="20.617516" lon="-100.366459">
        <ele>1891.594564</ele>
        <time>2026-10-02T15:53:49.521Z</time>
      </trkpt>
      <trkpt lat="20.617522" lon="-100.366436">
        <ele>1891.675135</ele>
        <time>2026-10-02T15:53:50.099Z</time>
      </trkpt>
      <trkpt lat="20.617527" lon="-100.366413">
        <ele>1891.754814</ele>
        <time>2026-10-02T15:53:50.671Z</time>
      </trkpt>
      <trkpt lat="20.617533" lon="-100.366390">
        <ele>1891.835385</ele>
        <time>2026-10-02T15:53:51.250Z</time>
      </trkpt>
      <trkpt lat="20.617539" lon="-100.366367">
        <ele>1891.915956</ele>
        <time>2026-10-02T15:53:51.828Z</time>
      </trkpt>
      <trkpt lat="20.617547" lon="-100.366343">
        <ele>1892.001926</ele>
        <time>2026-10-02T15:53:52.445Z</time>
      </trkpt>
      <trkpt lat="20.617556" lon="-100.366318">
        <ele>1892.092637</ele>
        <time>2026-10-02T15:53:53.093Z</time>
      </trkpt>
      <trkpt lat="20.617565" lon="-100.366292">
        <ele>1892.199420</ele>
        <time>2026-10-02T15:53:53.765Z</time>
      </trkpt>
      <trkpt lat="20.617573" lon="-100.366265">
        <ele>1892.308512</ele>
        <time>2026-10-02T15:53:54.451Z</time>
      </trkpt>
      <trkpt lat="20.617581" lon="-100.366235">
        <ele>1892.428672</ele>
        <time>2026-10-02T15:53:55.207Z</time>
      </trkpt>
      <trkpt lat="20.617590" lon="-100.366203">
        <ele>1892.557382</ele>
        <time>2026-10-02T15:53:56.016Z</time>
      </trkpt>
      <trkpt lat="20.617600" lon="-100.366166">
        <ele>1892.705730</ele>
        <time>2026-10-02T15:53:56.948Z</time>
      </trkpt>
      <trkpt lat="20.617612" lon="-100.366123">
        <ele>1892.878573</ele>
        <time>2026-10-02T15:53:58.035Z</time>
      </trkpt>
      <trkpt lat="20.617628" lon="-100.366075">
        <ele>1893.074847</ele>
        <time>2026-10-02T15:53:59.269Z</time>
      </trkpt>
      <trkpt lat="20.617651" lon="-100.366023">
        <ele>1893.296393</ele>
        <time>2026-10-02T15:54:00.662Z</time>
      </trkpt>
      <trkpt lat="20.617676" lon="-100.365967">
        <ele>1893.535388</ele>
        <time>2026-10-02T15:54:02.165Z</time>
      </trkpt>
      <trkpt lat="20.617706" lon="-100.365913">
        <ele>1893.777282</ele>
        <time>2026-10-02T15:54:03.686Z</time>
      </trkpt>
      <trkpt lat="20.617740" lon="-100.365865">
        <ele>1894.009160</ele>
        <time>2026-10-02T15:54:05.143Z</time>
      </trkpt>
      <trkpt lat="20.617776" lon="-100.365826">
        <ele>1894.220160</ele>
        <time>2026-10-02T15:54:06.470Z</time>
      </trkpt>
      <trkpt lat="20.617811" lon="-100.365802">
        <ele>1894.391322</ele>
        <time>2026-10-02T15:54:07.547Z</time>
      </trkpt>
      <trkpt lat="20.617845" lon="-100.365785">
        <ele>1894.545817</ele>
        <time>2026-10-02T15:54:08.518Z</time>
      </trkpt>
      <trkpt lat="20.617874" lon="-100.365773">
        <ele>1894.673809</ele>
        <time>2026-10-02T15:54:09.322Z</time>
      </trkpt>
      <trkpt lat="20.617901" lon="-100.365761">
        <ele>1894.794162</ele>
        <time>2026-10-02T15:54:10.079Z</time>
      </trkpt>
      <trkpt lat="20.617925" lon="-100.365746">
        <ele>1894.908596</ele>
        <time>2026-10-02T15:54:10.799Z</time>
      </trkpt>
      <trkpt lat="20.617947" lon="-100.365727">
        <ele>1895.025020</ele>
        <time>2026-10-02T15:54:11.531Z</time>
      </trkpt>
      <trkpt lat="20.617966" lon="-100.365704">
        <ele>1895.143190</ele>
        <time>2026-10-02T15:54:12.274Z</time>
      </trkpt>
      <trkpt lat="20.617984" lon="-100.365677">
        <ele>1895.270881</ele>
        <time>2026-10-02T15:54:13.076Z</time>
      </trkpt>
      <trkpt lat="20.618003" lon="-100.365652">
        <ele>1895.394931</ele>
        <time>2026-10-02T15:54:13.856Z</time>
      </trkpt>
      <trkpt lat="20.618029" lon="-100.365628">
        <ele>1895.536342</ele>
        <time>2026-10-02T15:54:14.746Z</time>
      </trkpt>
      <trkpt lat="20.618060" lon="-100.365607">
        <ele>1895.687410</ele>
        <time>2026-10-02T15:54:15.696Z</time>
      </trkpt>
      <trkpt lat="20.618095" lon="-100.365585">
        <ele>1895.854536</ele>
        <time>2026-10-02T15:54:16.746Z</time>
      </trkpt>
      <trkpt lat="20.618129" lon="-100.365554">
        <ele>1896.038493</ele>
        <time>2026-10-02T15:54:17.903Z</time>
      </trkpt>
      <trkpt lat="20.618158" lon="-100.365518">
        <ele>1896.221455</ele>
        <time>2026-10-02T15:54:19.053Z</time>
      </trkpt>
      <trkpt lat="20.618183" lon="-100.365483">
        <ele>1896.391052</ele>
        <time>2026-10-02T15:54:20.120Z</time>
      </trkpt>
      <trkpt lat="20.618200" lon="-100.365454">
        <ele>1896.522862</ele>
        <time>2026-10-02T15:54:20.948Z</time>
      </trkpt>
      <trkpt lat="20.618208" lon="-100.365432">
        <ele>1896.613778</ele>
        <time>2026-10-02T15:54:21.520Z</time>
      </trkpt>
      <trkpt lat="20.618212" lon="-100.365416">
        <ele>1896.677571</ele>
        <time>2026-10-02T15:54:21.921Z</time>
      </trkpt>
      <trkpt lat="20.618213" lon="-100.365402">
        <ele>1896.731656</ele>
        <time>2026-10-02T15:54:22.261Z</time>
      </trkpt>
      <trkpt lat="20.618212" lon="-100.365389">
        <ele>1896.781901</ele>
        <time>2026-10-02T15:54:22.577Z</time>
      </trkpt>
      <trkpt lat="20.618211" lon="-100.365375">
        <ele>1896.835986</ele>
        <time>2026-10-02T15:54:22.917Z</time>
      </trkpt>
      <trkpt lat="20.618211" lon="-100.365362">
        <ele>1896.886062</ele>
        <time>2026-10-02T15:54:23.232Z</time>
      </trkpt>
      <trkpt lat="20.618207" lon="-100.365348">
        <ele>1896.942447</ele>
        <time>2026-10-02T15:54:23.587Z</time>
      </trkpt>
      <trkpt lat="20.618203" lon="-100.365333">
        <ele>1897.002526</ele>
        <time>2026-10-02T15:54:23.964Z</time>
      </trkpt>
      <trkpt lat="20.618197" lon="-100.365318">
        <ele>1897.065362</ele>
        <time>2026-10-02T15:54:24.359Z</time>
      </trkpt>
      <trkpt lat="20.618190" lon="-100.365303">
        <ele>1897.129926</ele>
        <time>2026-10-02T15:54:24.765Z</time>
      </trkpt>
      <trkpt lat="20.618183" lon="-100.365285">
        <ele>1897.205010</ele>
        <time>2026-10-02T15:54:25.237Z</time>
      </trkpt>
      <trkpt lat="20.618175" lon="-100.365268">
        <ele>1897.278305</ele>
        <time>2026-10-02T15:54:25.698Z</time>
      </trkpt>
      <trkpt lat="20.618170" lon="-100.365248">
        <ele>1897.358046</ele>
        <time>2026-10-02T15:54:26.200Z</time>
      </trkpt>
      <trkpt lat="20.618165" lon="-100.365228">
        <ele>1897.437788</ele>
        <time>2026-10-02T15:54:26.701Z</time>
      </trkpt>
      <trkpt lat="20.618161" lon="-100.365206">
        <ele>1897.524116</ele>
        <time>2026-10-02T15:54:27.244Z</time>
      </trkpt>
      <trkpt lat="20.618156" lon="-100.365185">
        <ele>1897.607585</ele>
        <time>2026-10-02T15:54:27.769Z</time>
      </trkpt>
      <trkpt lat="20.618151" lon="-100.365162">
        <ele>1897.698539</ele>
        <time>2026-10-02T15:54:28.341Z</time>
      </trkpt>
      <trkpt lat="20.618145" lon="-100.365138">
        <ele>1897.794229</ele>
        <time>2026-10-02T15:54:28.942Z</time>
      </trkpt>
      <trkpt lat="20.618139" lon="-100.365114">
        <ele>1897.889918</ele>
        <time>2026-10-02T15:54:29.544Z</time>
      </trkpt>
      <trkpt lat="20.618132" lon="-100.365089">
        <ele>1897.990436</ele>
        <time>2026-10-02T15:54:30.176Z</time>
      </trkpt>
      <trkpt lat="20.618126" lon="-100.365062">
        <ele>1898.097331</ele>
        <time>2026-10-02T15:54:30.848Z</time>
      </trkpt>
      <trkpt lat="20.618118" lon="-100.365034">
        <ele>1898.210101</ele>
        <time>2026-10-02T15:54:31.557Z</time>
      </trkpt>
      <trkpt lat="20.618109" lon="-100.365004">
        <ele>1898.331453</ele>
        <time>2026-10-02T15:54:32.320Z</time>
      </trkpt>
      <trkpt lat="20.618099" lon="-100.364972">
        <ele>1898.461407</ele>
        <time>2026-10-02T15:54:33.137Z</time>
      </trkpt>
      <trkpt lat="20.618088" lon="-100.364938">
        <ele>1898.599979</ele>
        <time>2026-10-02T15:54:34.009Z</time>
      </trkpt>
      <trkpt lat="20.618076" lon="-100.364903">
        <ele>1898.743561</ele>
        <time>2026-10-02T15:54:34.911Z</time>
      </trkpt>
      <trkpt lat="20.618064" lon="-100.364870">
        <ele>1898.879934</ele>
        <time>2026-10-02T15:54:35.769Z</time>
      </trkpt>
      <trkpt lat="20.618050" lon="-100.364836">
        <ele>1899.023017</ele>
        <time>2026-10-02T15:54:36.668Z</time>
      </trkpt>
      <trkpt lat="20.618037" lon="-100.364802">
        <ele>1899.164493</ele>
        <time>2026-10-02T15:54:37.558Z</time>
      </trkpt>
      <trkpt lat="20.618025" lon="-100.364768">
        <ele>1899.304464</ele>
        <time>2026-10-02T15:54:38.438Z</time>
      </trkpt>
      <trkpt lat="20.618013" lon="-100.364731">
        <ele>1899.455303</ele>
        <time>2026-10-02T15:54:39.387Z</time>
      </trkpt>
      <trkpt lat="20.617999" lon="-100.364692">
        <ele>1899.626229</ele>
        <time>2026-10-02T15:54:40.398Z</time>
      </trkpt>
      <trkpt lat="20.617982" lon="-100.364652">
        <ele>1899.809174</ele>
        <time>2026-10-02T15:54:41.462Z</time>
      </trkpt>
      <trkpt lat="20.617965" lon="-100.364612">
        <ele>1899.992120</ele>
        <time>2026-10-02T15:54:42.527Z</time>
      </trkpt>
      <trkpt lat="20.617947" lon="-100.364572">
        <ele>1900.176949</ele>
        <time>2026-10-02T15:54:43.602Z</time>
      </trkpt>
      <trkpt lat="20.617932" lon="-100.364531">
        <ele>1900.360271</ele>
        <time>2026-10-02T15:54:44.668Z</time>
      </trkpt>
      <trkpt lat="20.617921" lon="-100.364486">
        <ele>1900.553955</ele>
        <time>2026-10-02T15:54:45.794Z</time>
      </trkpt>
      <trkpt lat="20.617913" lon="-100.364439">
        <ele>1900.752893</ele>
        <time>2026-10-02T15:54:46.951Z</time>
      </trkpt>
      <trkpt lat="20.617908" lon="-100.364390">
        <ele>1900.958158</ele>
        <time>2026-10-02T15:54:48.145Z</time>
      </trkpt>
      <trkpt lat="20.617904" lon="-100.364342">
        <ele>1901.158840</ele>
        <time>2026-10-02T15:54:49.312Z</time>
      </trkpt>
      <trkpt lat="20.617898" lon="-100.364297">
        <ele>1901.348131</ele>
        <time>2026-10-02T15:54:50.413Z</time>
      </trkpt>
      <trkpt lat="20.617892" lon="-100.364255">
        <ele>1901.525061</ele>
        <time>2026-10-02T15:54:51.443Z</time>
      </trkpt>
      <trkpt lat="20.617886" lon="-100.364214">
        <ele>1901.697877</ele>
        <time>2026-10-02T15:54:52.448Z</time>
      </trkpt>
      <trkpt lat="20.617880" lon="-100.364173">
        <ele>1901.870692</ele>
        <time>2026-10-02T15:54:53.453Z</time>
      </trkpt>
      <trkpt lat="20.617875" lon="-100.364130">
        <ele>1902.051138</ele>
        <time>2026-10-02T15:54:54.502Z</time>
      </trkpt>
      <trkpt lat="20.617872" lon="-100.364085">
        <ele>1902.239012</ele>
        <time>2026-10-02T15:54:55.595Z</time>
      </trkpt>
      <trkpt lat="20.617873" lon="-100.364039">
        <ele>1902.430626</ele>
        <time>2026-10-02T15:54:56.710Z</time>
      </trkpt>
      <trkpt lat="20.617878" lon="-100.363993">
        <ele>1902.623476</ele>
        <time>2026-10-02T15:54:57.831Z</time>
      </trkpt>
      <trkpt lat="20.617885" lon="-100.363947">
        <ele>1902.817555</ele>
        <time>2026-10-02T15:54:58.960Z</time>
      </trkpt>
      <trkpt lat="20.617894" lon="-100.363901">
        <ele>1903.013258</ele>
        <time>2026-10-02T15:55:00.098Z</time>
      </trkpt>
      <trkpt lat="20.617905" lon="-100.363857">
        <ele>1903.202916</ele>
        <time>2026-10-02T15:55:01.202Z</time>
      </trkpt>
      <trkpt lat="20.617917" lon="-100.363815">
        <ele>1903.385789</ele>
        <time>2026-10-02T15:55:02.265Z</time>
      </trkpt>
      <trkpt lat="20.617929" lon="-100.363775">
        <ele>1903.560714</ele>
        <time>2026-10-02T15:55:03.283Z</time>
      </trkpt>
      <trkpt lat="20.617941" lon="-100.363736">
        <ele>1903.731677</ele>
        <time>2026-10-02T15:55:04.277Z</time>
      </trkpt>
      <trkpt lat="20.617950" lon="-100.363699">
        <ele>1903.890878</ele>
        <time>2026-10-02T15:55:05.203Z</time>
      </trkpt>
      <trkpt lat="20.617957" lon="-100.363661">
        <ele>1904.052162</ele>
        <time>2026-10-02T15:55:06.141Z</time>
      </trkpt>
      <trkpt lat="20.617967" lon="-100.363619">
        <ele>1904.232638</ele>
        <time>2026-10-02T15:55:07.191Z</time>
      </trkpt>
      <trkpt lat="20.617978" lon="-100.363576">
        <ele>1904.418275</ele>
        <time>2026-10-02T15:55:08.271Z</time>
      </trkpt>
      <trkpt lat="20.617990" lon="-100.363531">
        <ele>1904.613131</ele>
        <time>2026-10-02T15:55:09.404Z</time>
      </trkpt>
      <trkpt lat="20.618003" lon="-100.363485">
        <ele>1904.813236</ele>
        <time>2026-10-02T15:55:10.568Z</time>
      </trkpt>
      <trkpt lat="20.618019" lon="-100.363440">
        <ele>1905.013701</ele>
        <time>2026-10-02T15:55:11.734Z</time>
      </trkpt>
      <trkpt lat="20.618038" lon="-100.363394">
        <ele>1905.223089</ele>
        <time>2026-10-02T15:55:12.952Z</time>
      </trkpt>
      <trkpt lat="20.618059" lon="-100.363347">
        <ele>1905.439975</ele>
        <time>2026-10-02T15:55:14.214Z</time>
      </trkpt>
      <trkpt lat="20.618082" lon="-100.363300">
        <ele>1905.660841</ele>
        <time>2026-10-02T15:55:15.498Z</time>
      </trkpt>
      <trkpt lat="20.618107" lon="-100.363253">
        <ele>1905.885968</ele>
        <time>2026-10-02T15:55:16.808Z</time>
      </trkpt>
      <trkpt lat="20.618131" lon="-100.363206">
        <ele>1906.108930</ele>
        <time>2026-10-02T15:55:18.105Z</time>
      </trkpt>
      <trkpt lat="20.618156" lon="-100.363158">
        <ele>1906.337687</ele>
        <time>2026-10-02T15:55:19.436Z</time>
      </trkpt>
      <trkpt lat="20.618180" lon="-100.363111">
        <ele>1906.560649</ele>
        <time>2026-10-02T15:55:20.732Z</time>
      </trkpt>
      <trkpt lat="20.618207" lon="-100.363067">
        <ele>1906.779754</ele>
        <time>2026-10-02T15:55:22.007Z</time>
      </trkpt>
      <trkpt lat="20.618234" lon="-100.363024">
        <ele>1906.995387</ele>
        <time>2026-10-02T15:55:23.261Z</time>
      </trkpt>
      <trkpt lat="20.618258" lon="-100.362980">
        <ele>1907.207467</ele>
        <time>2026-10-02T15:55:24.495Z</time>
      </trkpt>
      <trkpt lat="20.618275" lon="-100.362932">
        <ele>1907.421190</ele>
        <time>2026-10-02T15:55:25.738Z</time>
      </trkpt>
      <trkpt lat="20.618281" lon="-100.362883">
        <ele>1907.634123</ele>
        <time>2026-10-02T15:55:26.935Z</time>
      </trkpt>
      <trkpt lat="20.618280" lon="-100.362831">
        <ele>1907.862471</ele>
        <time>2026-10-02T15:55:28.195Z</time>
      </trkpt>
      <trkpt lat="20.618279" lon="-100.362780">
        <ele>1908.086430</ele>
        <time>2026-10-02T15:55:29.431Z</time>
      </trkpt>
      <trkpt lat="20.618282" lon="-100.362736">
        <ele>1908.280118</ele>
        <time>2026-10-02T15:55:30.498Z</time>
      </trkpt>
      <trkpt lat="20.618287" lon="-100.362701">
        <ele>1908.435561</ele>
        <time>2026-10-02T15:55:31.356Z</time>
      </trkpt>
      <trkpt lat="20.618295" lon="-100.362674">
        <ele>1908.559899</ele>
        <time>2026-10-02T15:55:32.043Z</time>
      </trkpt>
      <trkpt lat="20.618308" lon="-100.362653">
        <ele>1908.670439</ele>
        <time>2026-10-02T15:55:32.652Z</time>
      </trkpt>
      <trkpt lat="20.618322" lon="-100.362632">
        <ele>1908.783635</ele>
        <time>2026-10-02T15:55:33.277Z</time>
      </trkpt>
      <trkpt lat="20.618338" lon="-100.362610">
        <ele>1908.905955</ele>
        <time>2026-10-02T15:55:33.952Z</time>
      </trkpt>
      <trkpt lat="20.618352" lon="-100.362585">
        <ele>1909.033861</ele>
        <time>2026-10-02T15:55:34.658Z</time>
      </trkpt>
      <trkpt lat="20.618361" lon="-100.362558">
        <ele>1909.159695</ele>
        <time>2026-10-02T15:55:35.353Z</time>
      </trkpt>
      <trkpt lat="20.618367" lon="-100.362527">
        <ele>1909.298676</ele>
        <time>2026-10-02T15:55:36.119Z</time>
      </trkpt>
      <trkpt lat="20.618373" lon="-100.362491">
        <ele>1909.459216</ele>
        <time>2026-10-02T15:55:37.005Z</time>
      </trkpt>
      <trkpt lat="20.618379" lon="-100.362453">
        <ele>1909.628408</ele>
        <time>2026-10-02T15:55:37.939Z</time>
      </trkpt>
      <trkpt lat="20.618386" lon="-100.362413">
        <ele>1909.807066</ele>
        <time>2026-10-02T15:55:38.924Z</time>
      </trkpt>
      <trkpt lat="20.618395" lon="-100.362374">
        <ele>1909.983418</ele>
        <time>2026-10-02T15:55:39.898Z</time>
      </trkpt>
      <trkpt lat="20.618408" lon="-100.362337">
        <ele>1910.156931</ele>
        <time>2026-10-02T15:55:40.855Z</time>
      </trkpt>
      <trkpt lat="20.618424" lon="-100.362301">
        <ele>1910.331900</ele>
        <time>2026-10-02T15:55:41.820Z</time>
      </trkpt>
      <trkpt lat="20.618439" lon="-100.362267">
        <ele>1910.496924</ele>
        <time>2026-10-02T15:55:42.731Z</time>
      </trkpt>
      <trkpt lat="20.618448" lon="-100.362239">
        <ele>1910.626902</ele>
        <time>2026-10-02T15:55:43.448Z</time>
      </trkpt>
      <trkpt lat="20.618452" lon="-100.362213">
        <ele>1910.742584</ele>
        <time>2026-10-02T15:55:44.086Z</time>
      </trkpt>
      <trkpt lat="20.618456" lon="-100.362192">
        <ele>1910.836671</ele>
        <time>2026-10-02T15:55:44.606Z</time>
      </trkpt>
      <trkpt lat="20.618463" lon="-100.362177">
        <ele>1910.910259</ele>
        <time>2026-10-02T15:55:45.012Z</time>
      </trkpt>
      <trkpt lat="20.618474" lon="-100.362167">
        <ele>1910.978009</ele>
        <time>2026-10-02T15:55:45.385Z</time>
      </trkpt>
      <trkpt lat="20.618484" lon="-100.362160">
        <ele>1911.034088</ele>
        <time>2026-10-02T15:55:45.695Z</time>
      </trkpt>
      <trkpt lat="20.618494" lon="-100.362155">
        <ele>1911.085879</ele>
        <time>2026-10-02T15:55:45.981Z</time>
      </trkpt>
      <trkpt lat="20.618502" lon="-100.362148">
        <ele>1911.134384</ele>
        <time>2026-10-02T15:55:46.248Z</time>
      </trkpt>
      <trkpt lat="20.618510" lon="-100.362138">
        <ele>1911.192140</ele>
        <time>2026-10-02T15:55:46.567Z</time>
      </trkpt>
      <trkpt lat="20.618515" lon="-100.362128">
        <ele>1911.241916</ele>
        <time>2026-10-02T15:55:46.841Z</time>
      </trkpt>
      <trkpt lat="20.618516" lon="-100.362121">
        <ele>1911.273005</ele>
        <time>2026-10-02T15:55:47.013Z</time>
      </trkpt>
      <trkpt lat="20.618517" lon="-100.362116">
        <ele>1911.295452</ele>
        <time>2026-10-02T15:55:47.137Z</time>
      </trkpt>
      <trkpt lat="20.618544" lon="-100.362066">
        <ele>1911.548887</ele>
        <time>2026-10-02T15:55:48.535Z</time>
      </trkpt>
      <trkpt lat="20.618547" lon="-100.362057">
        <ele>1911.590832</ele>
        <time>2026-10-02T15:55:48.767Z</time>
      </trkpt>
      <trkpt lat="20.618550" lon="-100.362049">
        <ele>1911.628669</ele>
        <time>2026-10-02T15:55:48.976Z</time>
      </trkpt>
      <trkpt lat="20.618555" lon="-100.362041">
        <ele>1911.670903</ele>
        <time>2026-10-02T15:55:49.209Z</time>
      </trkpt>
      <trkpt lat="20.618562" lon="-100.362038">
        <ele>1911.706282</ele>
        <time>2026-10-02T15:55:49.404Z</time>
      </trkpt>
      <trkpt lat="20.618570" lon="-100.362035">
        <ele>1911.746053</ele>
        <time>2026-10-02T15:55:49.623Z</time>
      </trkpt>
      <trkpt lat="20.618578" lon="-100.362032">
        <ele>1911.785824</ele>
        <time>2026-10-02T15:55:49.843Z</time>
      </trkpt>
      <trkpt lat="20.618586" lon="-100.362028">
        <ele>1911.827257</ele>
        <time>2026-10-02T15:55:50.071Z</time>
      </trkpt>
      <trkpt lat="20.618595" lon="-100.362024">
        <ele>1911.872981</ele>
        <time>2026-10-02T15:55:50.324Z</time>
      </trkpt>
      <trkpt lat="20.618604" lon="-100.362018">
        <ele>1911.922743</ele>
        <time>2026-10-02T15:55:50.598Z</time>
      </trkpt>
      <trkpt lat="20.618613" lon="-100.362012">
        <ele>1911.972505</ele>
        <time>2026-10-02T15:55:50.873Z</time>
      </trkpt>
      <trkpt lat="20.618621" lon="-100.362004">
        <ele>1912.023904</ele>
        <time>2026-10-02T15:55:51.156Z</time>
      </trkpt>
      <trkpt lat="20.618629" lon="-100.361996">
        <ele>1912.075303</ele>
        <time>2026-10-02T15:55:51.440Z</time>
      </trkpt>
      <trkpt lat="20.618637" lon="-100.361989">
        <ele>1912.123808</ele>
        <time>2026-10-02T15:55:51.708Z</time>
      </trkpt>
      <trkpt lat="20.618644" lon="-100.361982">
        <ele>1912.168782</ele>
        <time>2026-10-02T15:55:51.956Z</time>
      </trkpt>
      <trkpt lat="20.618651" lon="-100.361975">
        <ele>1912.213757</ele>
        <time>2026-10-02T15:55:52.204Z</time>
      </trkpt>
      <trkpt lat="20.618658" lon="-100.361968">
        <ele>1912.258731</ele>
        <time>2026-10-02T15:55:52.452Z</time>
      </trkpt>
      <trkpt lat="20.618666" lon="-100.361961">
        <ele>1912.307236</ele>
        <time>2026-10-02T15:55:52.720Z</time>
      </trkpt>
      <trkpt lat="20.618674" lon="-100.361955">
        <ele>1912.353085</ele>
        <time>2026-10-02T15:55:52.973Z</time>
      </trkpt>
      <trkpt lat="20.618683" lon="-100.361947">
        <ele>1912.408003</ele>
        <time>2026-10-02T15:55:53.276Z</time>
      </trkpt>
      <trkpt lat="20.618689" lon="-100.361941">
        <ele>1912.446552</ele>
        <time>2026-10-02T15:55:53.489Z</time>
      </trkpt>
      <trkpt lat="20.618695" lon="-100.361934">
        <ele>1912.488225</ele>
        <time>2026-10-02T15:55:53.718Z</time>
      </trkpt>
      <trkpt lat="20.618699" lon="-100.361928">
        <ele>1912.520567</ele>
        <time>2026-10-02T15:55:53.897Z</time>
      </trkpt>
      <trkpt lat="20.618702" lon="-100.361925">
        <ele>1912.539841</ele>
        <time>2026-10-02T15:55:54.003Z</time>
      </trkpt>
      <trkpt lat="20.618712" lon="-100.361912">
        <ele>1912.613719</ele>
        <time>2026-10-02T15:55:54.411Z</time>
      </trkpt>
      <trkpt lat="20.618718" lon="-100.361903">
        <ele>1912.662231</ele>
        <time>2026-10-02T15:55:54.679Z</time>
      </trkpt>
      <trkpt lat="20.618724" lon="-100.361890">
        <ele>1912.725868</ele>
        <time>2026-10-02T15:55:55.030Z</time>
      </trkpt>
      <trkpt lat="20.618731" lon="-100.361877">
        <ele>1912.791715</ele>
        <time>2026-10-02T15:55:55.393Z</time>
      </trkpt>
      <trkpt lat="20.618738" lon="-100.361863">
        <ele>1912.861401</ele>
        <time>2026-10-02T15:55:55.778Z</time>
      </trkpt>
      <trkpt lat="20.618745" lon="-100.361849">
        <ele>1912.931087</ele>
        <time>2026-10-02T15:55:56.162Z</time>
      </trkpt>
      <trkpt lat="20.618751" lon="-100.361836">
        <ele>1912.994724</ele>
        <time>2026-10-02T15:55:56.513Z</time>
      </trkpt>
      <trkpt lat="20.618757" lon="-100.361823">
        <ele>1913.058361</ele>
        <time>2026-10-02T15:55:56.864Z</time>
      </trkpt>
      <trkpt lat="20.618762" lon="-100.361810">
        <ele>1913.120067</ele>
        <time>2026-10-02T15:55:57.205Z</time>
      </trkpt>
      <trkpt lat="20.618766" lon="-100.361796">
        <ele>1913.184332</ele>
        <time>2026-10-02T15:55:57.559Z</time>
      </trkpt>
      <trkpt lat="20.618769" lon="-100.361783">
        <ele>1913.243116</ele>
        <time>2026-10-02T15:55:57.884Z</time>
      </trkpt>
      <trkpt lat="20.618772" lon="-100.361770">
        <ele>1913.301900</ele>
        <time>2026-10-02T15:55:58.208Z</time>
      </trkpt>
      <trkpt lat="20.618777" lon="-100.361758">
        <ele>1913.359569</ele>
        <time>2026-10-02T15:55:58.526Z</time>
      </trkpt>
      <trkpt lat="20.618782" lon="-100.361745">
        <ele>1913.421275</ele>
        <time>2026-10-02T15:55:58.867Z</time>
      </trkpt>
      <trkpt lat="20.618788" lon="-100.361733">
        <ele>1913.481006</ele>
        <time>2026-10-02T15:55:59.196Z</time>
      </trkpt>
      <trkpt lat="20.618793" lon="-100.361721">
        <ele>1913.538675</ele>
        <time>2026-10-02T15:55:59.515Z</time>
      </trkpt>
      <trkpt lat="20.618800" lon="-100.361709">
        <ele>1913.600755</ele>
        <time>2026-10-02T15:55:59.857Z</time>
      </trkpt>
      <trkpt lat="20.618806" lon="-100.361699">
        <ele>1913.652905</ele>
        <time>2026-10-02T15:56:00.145Z</time>
      </trkpt>
      <trkpt lat="20.618811" lon="-100.361692">
        <ele>1913.691565</ele>
        <time>2026-10-02T15:56:00.358Z</time>
      </trkpt>
      <trkpt lat="20.618814" lon="-100.361685">
        <ele>1913.725366</ele>
        <time>2026-10-02T15:56:00.545Z</time>
      </trkpt>
      <trkpt lat="20.618815" lon="-100.361681">
        <ele>1913.743543</ele>
        <time>2026-10-02T15:56:00.645Z</time>
      </trkpt>
      <trkpt lat="20.618816" lon="-100.361678">
        <ele>1913.757525</ele>
        <time>2026-10-02T15:56:00.722Z</time>
      </trkpt>
      <trkpt lat="20.618840" lon="-100.361642">
        <ele>1913.951574</ele>
        <time>2026-10-02T15:56:01.793Z</time>
      </trkpt>
      <trkpt lat="20.618844" lon="-100.361634">
        <ele>1913.991395</ele>
        <time>2026-10-02T15:56:02.013Z</time>
      </trkpt>
      <trkpt lat="20.618850" lon="-100.361624">
        <ele>1914.043545</ele>
        <time>2026-10-02T15:56:02.300Z</time>
      </trkpt>
      <trkpt lat="20.618856" lon="-100.361615">
        <ele>1914.092057</ele>
        <time>2026-10-02T15:56:02.568Z</time>
      </trkpt>
      <trkpt lat="20.618861" lon="-100.361605">
        <ele>1914.141833</ele>
        <time>2026-10-02T15:56:02.843Z</time>
      </trkpt>
      <trkpt lat="20.618867" lon="-100.361594">
        <ele>1914.197730</ele>
        <time>2026-10-02T15:56:03.151Z</time>
      </trkpt>
      <trkpt lat="20.618871" lon="-100.361585">
        <ele>1914.241472</ele>
        <time>2026-10-02T15:56:03.392Z</time>
      </trkpt>
      <trkpt lat="20.618874" lon="-100.361579">
        <ele>1914.271337</ele>
        <time>2026-10-02T15:56:03.557Z</time>
      </trkpt>
      <trkpt lat="20.618877" lon="-100.361574">
        <ele>1914.297413</ele>
        <time>2026-10-02T15:56:03.701Z</time>
      </trkpt>
      <trkpt lat="20.618891" lon="-100.361566">
        <ele>1914.371887</ele>
        <time>2026-10-02T15:56:04.112Z</time>
      </trkpt>
      <trkpt lat="20.618900" lon="-100.361558">
        <ele>1914.426804</ele>
        <time>2026-10-02T15:56:04.415Z</time>
      </trkpt>
      <trkpt lat="20.618909" lon="-100.361552">
        <ele>1914.476566</ele>
        <time>2026-10-02T15:56:04.690Z</time>
      </trkpt>
      <trkpt lat="20.618918" lon="-100.361544">
        <ele>1914.531483</ele>
        <time>2026-10-02T15:56:04.993Z</time>
      </trkpt>
      <trkpt lat="20.618924" lon="-100.361536">
        <ele>1914.576492</ele>
        <time>2026-10-02T15:56:05.241Z</time>
      </trkpt>
      <trkpt lat="20.618930" lon="-100.361527">
        <ele>1914.625004</ele>
        <time>2026-10-02T15:56:05.509Z</time>
      </trkpt>
      <trkpt lat="20.618935" lon="-100.361516">
        <ele>1914.678692</ele>
        <time>2026-10-02T15:56:05.805Z</time>
      </trkpt>
      <trkpt lat="20.618939" lon="-100.361505">
        <ele>1914.730503</ele>
        <time>2026-10-02T15:56:06.091Z</time>
      </trkpt>
      <trkpt lat="20.618940" lon="-100.361494">
        <ele>1914.779024</ele>
        <time>2026-10-02T15:56:06.359Z</time>
      </trkpt>
      <trkpt lat="20.618941" lon="-100.361484">
        <ele>1914.823178</ele>
        <time>2026-10-02T15:56:06.602Z</time>
      </trkpt>
      <trkpt lat="20.618941" lon="-100.361477">
        <ele>1914.853910</ele>
        <time>2026-10-02T15:56:06.772Z</time>
      </trkpt>
      <trkpt lat="20.618940" lon="-100.361474">
        <ele>1914.867892</ele>
        <time>2026-10-02T15:56:06.849Z</time>
      </trkpt>
      <trkpt lat="20.618964" lon="-100.361461">
        <ele>1914.994113</ele>
        <time>2026-10-02T15:56:07.545Z</time>
      </trkpt>
      <trkpt lat="20.618974" lon="-100.361451">
        <ele>1915.058362</ele>
        <time>2026-10-02T15:56:07.900Z</time>
      </trkpt>
      <trkpt lat="20.618982" lon="-100.361441">
        <ele>1915.116118</ele>
        <time>2026-10-02T15:56:08.219Z</time>
      </trkpt>
      <trkpt lat="20.618987" lon="-100.361431">
        <ele>1915.165894</ele>
        <time>2026-10-02T15:56:08.493Z</time>
      </trkpt>
      <trkpt lat="20.618992" lon="-100.361420">
        <ele>1915.219582</ele>
        <time>2026-10-02T15:56:08.789Z</time>
      </trkpt>
      <trkpt lat="20.618997" lon="-100.361409">
        <ele>1915.273270</ele>
        <time>2026-10-02T15:56:09.086Z</time>
      </trkpt>
      <trkpt lat="20.619002" lon="-100.361398">
        <ele>1915.326958</ele>
        <time>2026-10-02T15:56:09.382Z</time>
      </trkpt>
      <trkpt lat="20.619008" lon="-100.361389">
        <ele>1915.375470</ele>
        <time>2026-10-02T15:56:09.650Z</time>
      </trkpt>
      <trkpt lat="20.619015" lon="-100.361379">
        <ele>1915.430295</ele>
        <time>2026-10-02T15:56:09.952Z</time>
      </trkpt>
      <trkpt lat="20.619022" lon="-100.361367">
        <ele>1915.492374</ele>
        <time>2026-10-02T15:56:10.295Z</time>
      </trkpt>
      <trkpt lat="20.619030" lon="-100.361354">
        <ele>1915.560680</ele>
        <time>2026-10-02T15:56:10.672Z</time>
      </trkpt>
      <trkpt lat="20.619038" lon="-100.361340">
        <ele>1915.632695</ele>
        <time>2026-10-02T15:56:11.069Z</time>
      </trkpt>
      <trkpt lat="20.619046" lon="-100.361329">
        <ele>1915.693855</ele>
        <time>2026-10-02T15:56:11.406Z</time>
      </trkpt>
      <trkpt lat="20.619055" lon="-100.361320">
        <ele>1915.751679</ele>
        <time>2026-10-02T15:56:11.726Z</time>
      </trkpt>
      <trkpt lat="20.619064" lon="-100.361310">
        <ele>1915.812588</ele>
        <time>2026-10-02T15:56:12.062Z</time>
      </trkpt>
      <trkpt lat="20.619072" lon="-100.361301">
        <ele>1915.867082</ele>
        <time>2026-10-02T15:56:12.362Z</time>
      </trkpt>
      <trkpt lat="20.619078" lon="-100.361289">
        <ele>1915.926812</ele>
        <time>2026-10-02T15:56:12.692Z</time>
      </trkpt>
      <trkpt lat="20.619085" lon="-100.361276">
        <ele>1915.990391</ele>
        <time>2026-10-02T15:56:13.055Z</time>
      </trkpt>
      <trkpt lat="20.619092" lon="-100.361263">
        <ele>1916.053753</ele>
        <time>2026-10-02T15:56:13.419Z</time>
      </trkpt>
      <trkpt lat="20.619099" lon="-100.361251">
        <ele>1916.113489</ele>
        <time>2026-10-02T15:56:13.761Z</time>
      </trkpt>
      <trkpt lat="20.619107" lon="-100.361242">
        <ele>1916.165927</ele>
        <time>2026-10-02T15:56:14.062Z</time>
      </trkpt>
      <trkpt lat="20.619116" lon="-100.361234">
        <ele>1916.218772</ele>
        <time>2026-10-02T15:56:14.365Z</time>
      </trkpt>
      <trkpt lat="20.619125" lon="-100.361227">
        <ele>1916.269020</ele>
        <time>2026-10-02T15:56:14.653Z</time>
      </trkpt>
      <trkpt lat="20.619135" lon="-100.361219">
        <ele>1916.325409</ele>
        <time>2026-10-02T15:56:14.976Z</time>
      </trkpt>
      <trkpt lat="20.619144" lon="-100.361212">
        <ele>1916.375657</ele>
        <time>2026-10-02T15:56:15.264Z</time>
      </trkpt>
      <trkpt lat="20.619152" lon="-100.361205">
        <ele>1916.422332</ele>
        <time>2026-10-02T15:56:15.532Z</time>
      </trkpt>
      <trkpt lat="20.619157" lon="-100.361202">
        <ele>1916.448216</ele>
        <time>2026-10-02T15:56:15.680Z</time>
      </trkpt>
      <trkpt lat="20.619167" lon="-100.361195">
        <ele>1916.502179</ele>
        <time>2026-10-02T15:56:15.990Z</time>
      </trkpt>
      <trkpt lat="20.619170" lon="-100.361192">
        <ele>1916.520727</ele>
        <time>2026-10-02T15:56:16.096Z</time>
      </trkpt>
      <trkpt lat="20.619175" lon="-100.361189">
        <ele>1916.546611</ele>
        <time>2026-10-02T15:56:16.245Z</time>
      </trkpt>
      <trkpt lat="20.619188" lon="-100.361181">
        <ele>1916.614328</ele>
        <time>2026-10-02T15:56:16.633Z</time>
      </trkpt>
      <trkpt lat="20.619197" lon="-100.361175">
        <ele>1916.662212</ele>
        <time>2026-10-02T15:56:16.907Z</time>
      </trkpt>
      <trkpt lat="20.619206" lon="-100.361169">
        <ele>1916.710096</ele>
        <time>2026-10-02T15:56:17.182Z</time>
      </trkpt>
      <trkpt lat="20.619214" lon="-100.361161">
        <ele>1916.759555</ele>
        <time>2026-10-02T15:56:17.466Z</time>
      </trkpt>
      <trkpt lat="20.619222" lon="-100.361152">
        <ele>1916.811993</ele>
        <time>2026-10-02T15:56:17.766Z</time>
      </trkpt>
      <trkpt lat="20.619228" lon="-100.361144">
        <ele>1916.855303</ele>
        <time>2026-10-02T15:56:18.015Z</time>
      </trkpt>
      <trkpt lat="20.619233" lon="-100.361134">
        <ele>1916.903200</ele>
        <time>2026-10-02T15:56:18.289Z</time>
      </trkpt>
      <trkpt lat="20.619238" lon="-100.361124">
        <ele>1916.951097</ele>
        <time>2026-10-02T15:56:18.564Z</time>
      </trkpt>
      <trkpt lat="20.619243" lon="-100.361114">
        <ele>1916.998995</ele>
        <time>2026-10-02T15:56:18.839Z</time>
      </trkpt>
      <trkpt lat="20.619246" lon="-100.361105">
        <ele>1917.039356</ele>
        <time>2026-10-02T15:56:19.070Z</time>
      </trkpt>
      <trkpt lat="20.619247" lon="-100.361098">
        <ele>1917.069271</ele>
        <time>2026-10-02T15:56:19.242Z</time>
      </trkpt>
      <trkpt lat="20.619248" lon="-100.361095">
        <ele>1917.082725</ele>
        <time>2026-10-02T15:56:19.319Z</time>
      </trkpt>
      <trkpt lat="20.619257" lon="-100.361084">
        <ele>1917.144450</ele>
        <time>2026-10-02T15:56:19.673Z</time>
      </trkpt>
      <trkpt lat="20.619264" lon="-100.361078">
        <ele>1917.184958</ele>
        <time>2026-10-02T15:56:19.905Z</time>
      </trkpt>
      <trkpt lat="20.619272" lon="-100.361073">
        <ele>1917.226793</ele>
        <time>2026-10-02T15:56:20.145Z</time>
      </trkpt>
      <trkpt lat="20.619279" lon="-100.361067">
        <ele>1917.267301</ele>
        <time>2026-10-02T15:56:20.377Z</time>
      </trkpt>
      <trkpt lat="20.619286" lon="-100.361060">
        <ele>1917.310578</ele>
        <time>2026-10-02T15:56:20.625Z</time>
      </trkpt>
      <trkpt lat="20.619293" lon="-100.361051">
        <ele>1917.360015</ele>
        <time>2026-10-02T15:56:20.909Z</time>
      </trkpt>
      <trkpt lat="20.619301" lon="-100.361039">
        <ele>1917.422257</ele>
        <time>2026-10-02T15:56:21.266Z</time>
      </trkpt>
      <trkpt lat="20.619309" lon="-100.361025">
        <ele>1917.491555</ele>
        <time>2026-10-02T15:56:21.663Z</time>
      </trkpt>
      <trkpt lat="20.619317" lon="-100.361011">
        <ele>1917.560852</ele>
        <time>2026-10-02T15:56:22.060Z</time>
      </trkpt>
      <trkpt lat="20.619327" lon="-100.360996">
        <ele>1917.638655</ele>
        <time>2026-10-02T15:56:22.506Z</time>
      </trkpt>
      <trkpt lat="20.619336" lon="-100.360982">
        <ele>1917.710408</ele>
        <time>2026-10-02T15:56:22.918Z</time>
      </trkpt>
      <trkpt lat="20.619346" lon="-100.360970">
        <ele>1917.778287</ele>
        <time>2026-10-02T15:56:23.307Z</time>
      </trkpt>
      <trkpt lat="20.619353" lon="-100.360957">
        <ele>1917.841648</ele>
        <time>2026-10-02T15:56:23.670Z</time>
      </trkpt>
      <trkpt lat="20.619357" lon="-100.360944">
        <ele>1917.899461</ele>
        <time>2026-10-02T15:56:24.002Z</time>
      </trkpt>
      <trkpt lat="20.619358" lon="-100.360932">
        <ele>1917.950357</ele>
        <time>2026-10-02T15:56:24.294Z</time>
      </trkpt>
      <trkpt lat="20.619357" lon="-100.360921">
        <ele>1917.997048</ele>
        <time>2026-10-02T15:56:24.561Z</time>
      </trkpt>
      <trkpt lat="20.619356" lon="-100.360910">
        <ele>1918.043738</ele>
        <time>2026-10-02T15:56:24.829Z</time>
      </trkpt>
      <trkpt lat="20.619356" lon="-100.360901">
        <ele>1918.081760</ele>
        <time>2026-10-02T15:56:25.047Z</time>
      </trkpt>
      <trkpt lat="20.619359" lon="-100.360893">
        <ele>1918.118169</ele>
        <time>2026-10-02T15:56:25.256Z</time>
      </trkpt>
      <trkpt lat="20.619363" lon="-100.360885">
        <ele>1918.156487</ele>
        <time>2026-10-02T15:56:25.476Z</time>
      </trkpt>
      <trkpt lat="20.619370" lon="-100.360877">
        <ele>1918.202754</ele>
        <time>2026-10-02T15:56:25.741Z</time>
      </trkpt>
      <trkpt lat="20.619377" lon="-100.360869">
        <ele>1918.249021</ele>
        <time>2026-10-02T15:56:26.006Z</time>
      </trkpt>
      <trkpt lat="20.619386" lon="-100.360864">
        <ele>1918.294809</ele>
        <time>2026-10-02T15:56:26.269Z</time>
      </trkpt>
      <trkpt lat="20.619397" lon="-100.360861">
        <ele>1918.346053</ele>
        <time>2026-10-02T15:56:26.563Z</time>
      </trkpt>
      <trkpt lat="20.619408" lon="-100.360860">
        <ele>1918.395884</ele>
        <time>2026-10-02T15:56:26.848Z</time>
      </trkpt>
      <trkpt lat="20.619421" lon="-100.360861">
        <ele>1918.454716</ele>
        <time>2026-10-02T15:56:27.186Z</time>
      </trkpt>
      <trkpt lat="20.619433" lon="-100.360863">
        <ele>1918.509537</ele>
        <time>2026-10-02T15:56:27.500Z</time>
      </trkpt>
      <trkpt lat="20.619444" lon="-100.360864">
        <ele>1918.559368</ele>
        <time>2026-10-02T15:56:27.786Z</time>
      </trkpt>
      <trkpt lat="20.619455" lon="-100.360862">
        <ele>1918.609734</ele>
        <time>2026-10-02T15:56:28.075Z</time>
      </trkpt>
      <trkpt lat="20.619465" lon="-100.360859">
        <ele>1918.656618</ele>
        <time>2026-10-02T15:56:28.343Z</time>
      </trkpt>
      <trkpt lat="20.619472" lon="-100.360854">
        <ele>1918.694625</ele>
        <time>2026-10-02T15:56:28.561Z</time>
      </trkpt>
      <trkpt lat="20.619479" lon="-100.360846">
        <ele>1918.740892</ele>
        <time>2026-10-02T15:56:28.827Z</time>
      </trkpt>
      <trkpt lat="20.619485" lon="-100.360837">
        <ele>1918.787574</ele>
        <time>2026-10-02T15:56:29.094Z</time>
      </trkpt>
      <trkpt lat="20.619492" lon="-100.360828">
        <ele>1918.837011</ele>
        <time>2026-10-02T15:56:29.378Z</time>
      </trkpt>
      <trkpt lat="20.619501" lon="-100.360819">
        <ele>1918.892653</ele>
        <time>2026-10-02T15:56:29.697Z</time>
      </trkpt>
      <trkpt lat="20.619510" lon="-100.360810">
        <ele>1918.948295</ele>
        <time>2026-10-02T15:56:30.016Z</time>
      </trkpt>
      <trkpt lat="20.619520" lon="-100.360802">
        <ele>1919.004684</ele>
        <time>2026-10-02T15:56:30.339Z</time>
      </trkpt>
      <trkpt lat="20.619531" lon="-100.360793">
        <ele>1919.067222</ele>
        <time>2026-10-02T15:56:30.698Z</time>
      </trkpt>
      <trkpt lat="20.619542" lon="-100.360782">
        <ele>1919.135229</ele>
        <time>2026-10-02T15:56:31.088Z</time>
      </trkpt>
      <trkpt lat="20.619551" lon="-100.360769">
        <ele>1919.203541</ele>
        <time>2026-10-02T15:56:31.479Z</time>
      </trkpt>
      <trkpt lat="20.619555" lon="-100.360756">
        <ele>1919.261354</ele>
        <time>2026-10-02T15:56:31.811Z</time>
      </trkpt>
      <trkpt lat="20.619557" lon="-100.360741">
        <ele>1919.325364</ele>
        <time>2026-10-02T15:56:32.178Z</time>
      </trkpt>
      <trkpt lat="20.619559" lon="-100.360725">
        <ele>1919.393558</ele>
        <time>2026-10-02T15:56:32.569Z</time>
      </trkpt>
      <trkpt lat="20.619562" lon="-100.360709">
        <ele>1919.462496</ele>
        <time>2026-10-02T15:56:32.964Z</time>
      </trkpt>
      <trkpt lat="20.619568" lon="-100.360695">
        <ele>1919.527547</ele>
        <time>2026-10-02T15:56:33.337Z</time>
      </trkpt>
      <trkpt lat="20.619577" lon="-100.360683">
        <ele>1919.592512</ele>
        <time>2026-10-02T15:56:33.710Z</time>
      </trkpt>
      <trkpt lat="20.619587" lon="-100.360673">
        <ele>1919.654337</ele>
        <time>2026-10-02T15:56:34.064Z</time>
      </trkpt>
      <trkpt lat="20.619599" lon="-100.360665">
        <ele>1919.718182</ele>
        <time>2026-10-02T15:56:34.430Z</time>
      </trkpt>
      <trkpt lat="20.619611" lon="-100.360659">
        <ele>1919.777985</ele>
        <time>2026-10-02T15:56:34.773Z</time>
      </trkpt>
      <trkpt lat="20.619620" lon="-100.360652">
        <ele>1919.828234</ele>
        <time>2026-10-02T15:56:35.061Z</time>
      </trkpt>
      <trkpt lat="20.619627" lon="-100.360642">
        <ele>1919.880989</ele>
        <time>2026-10-02T15:56:35.364Z</time>
      </trkpt>
      <trkpt lat="20.619632" lon="-100.360632">
        <ele>1919.928886</ele>
        <time>2026-10-02T15:56:35.638Z</time>
      </trkpt>
      <trkpt lat="20.619638" lon="-100.360621">
        <ele>1919.982674</ele>
        <time>2026-10-02T15:56:35.947Z</time>
      </trkpt>
      <trkpt lat="20.619645" lon="-100.360610">
        <ele>1920.038869</ele>
        <time>2026-10-02T15:56:36.269Z</time>
      </trkpt>
      <trkpt lat="20.619651" lon="-100.360598">
        <ele>1920.096346</ele>
        <time>2026-10-02T15:56:36.599Z</time>
      </trkpt>
      <trkpt lat="20.619655" lon="-100.360586">
        <ele>1920.150161</ele>
        <time>2026-10-02T15:56:36.907Z</time>
      </trkpt>
      <trkpt lat="20.619660" lon="-100.360575">
        <ele>1920.201823</ele>
        <time>2026-10-02T15:56:37.203Z</time>
      </trkpt>
      <trkpt lat="20.619664" lon="-100.360563">
        <ele>1920.255638</ele>
        <time>2026-10-02T15:56:37.512Z</time>
      </trkpt>
      <trkpt lat="20.619669" lon="-100.360551">
        <ele>1920.311131</ele>
        <time>2026-10-02T15:56:37.830Z</time>
      </trkpt>
      <trkpt lat="20.619673" lon="-100.360541">
        <ele>1920.357074</ele>
        <time>2026-10-02T15:56:38.094Z</time>
      </trkpt>
      <trkpt lat="20.619679" lon="-100.360530">
        <ele>1920.410862</ele>
        <time>2026-10-02T15:56:38.402Z</time>
      </trkpt>
      <trkpt lat="20.619685" lon="-100.360519">
        <ele>1920.464649</ele>
        <time>2026-10-02T15:56:38.710Z</time>
      </trkpt>
      <trkpt lat="20.619692" lon="-100.360509">
        <ele>1920.517404</ele>
        <time>2026-10-02T15:56:39.013Z</time>
      </trkpt>
      <trkpt lat="20.619699" lon="-100.360500">
        <ele>1920.566841</ele>
        <time>2026-10-02T15:56:39.296Z</time>
      </trkpt>
      <trkpt lat="20.619708" lon="-100.360492">
        <ele>1920.619686</ele>
        <time>2026-10-02T15:56:39.599Z</time>
      </trkpt>
      <trkpt lat="20.619718" lon="-100.360486">
        <ele>1920.671455</ele>
        <time>2026-10-02T15:56:39.896Z</time>
      </trkpt>
      <trkpt lat="20.619727" lon="-100.360483">
        <ele>1920.714011</ele>
        <time>2026-10-02T15:56:40.140Z</time>
      </trkpt>
      <trkpt lat="20.619735" lon="-100.360482">
        <ele>1920.750367</ele>
        <time>2026-10-02T15:56:40.349Z</time>
      </trkpt>
      <trkpt lat="20.619742" lon="-100.360480">
        <ele>1920.783075</ele>
        <time>2026-10-02T15:56:40.536Z</time>
      </trkpt>
      <trkpt lat="20.619745" lon="-100.360480">
        <ele>1920.796616</ele>
        <time>2026-10-02T15:56:40.614Z</time>
      </trkpt>
      <trkpt lat="20.619763" lon="-100.360474">
        <ele>1920.881727</ele>
        <time>2026-10-02T15:56:41.102Z</time>
      </trkpt>
      <trkpt lat="20.619780" lon="-100.360463">
        <ele>1920.971437</ele>
        <time>2026-10-02T15:56:41.616Z</time>
      </trkpt>
      <trkpt lat="20.619800" lon="-100.360449">
        <ele>1921.079363</ele>
        <time>2026-10-02T15:56:42.235Z</time>
      </trkpt>
      <trkpt lat="20.619822" lon="-100.360435">
        <ele>1921.194946</ele>
        <time>2026-10-02T15:56:42.898Z</time>
      </trkpt>
      <trkpt lat="20.619843" lon="-100.360421">
        <ele>1921.306675</ele>
        <time>2026-10-02T15:56:43.538Z</time>
      </trkpt>
      <trkpt lat="20.619862" lon="-100.360407">
        <ele>1921.410855</ele>
        <time>2026-10-02T15:56:44.136Z</time>
      </trkpt>
      <trkpt lat="20.619879" lon="-100.360393">
        <ele>1921.507739</ele>
        <time>2026-10-02T15:56:44.691Z</time>
      </trkpt>
      <trkpt lat="20.619892" lon="-100.360378">
        <ele>1921.594104</ele>
        <time>2026-10-02T15:56:45.186Z</time>
      </trkpt>
      <trkpt lat="20.619902" lon="-100.360363">
        <ele>1921.671907</ele>
        <time>2026-10-02T15:56:45.632Z</time>
      </trkpt>
      <trkpt lat="20.619912" lon="-100.360350">
        <ele>1921.742996</ele>
        <time>2026-10-02T15:56:46.040Z</time>
      </trkpt>
      <trkpt lat="20.619923" lon="-100.360338">
        <ele>1921.813957</ele>
        <time>2026-10-02T15:56:46.447Z</time>
      </trkpt>
      <trkpt lat="20.619933" lon="-100.360327">
        <ele>1921.878741</ele>
        <time>2026-10-02T15:56:46.818Z</time>
      </trkpt>
      <trkpt lat="20.619943" lon="-100.360318">
        <ele>1921.937760</ele>
        <time>2026-10-02T15:56:47.157Z</time>
      </trkpt>
      <trkpt lat="20.619954" lon="-100.360311">
        <ele>1921.995551</ele>
        <time>2026-10-02T15:56:47.488Z</time>
      </trkpt>
      <trkpt lat="20.619965" lon="-100.360305">
        <ele>1922.051299</ele>
        <time>2026-10-02T15:56:47.808Z</time>
      </trkpt>
      <trkpt lat="20.619975" lon="-100.360299">
        <ele>1922.103068</ele>
        <time>2026-10-02T15:56:48.104Z</time>
      </trkpt>
      <trkpt lat="20.619985" lon="-100.360293">
        <ele>1922.154836</ele>
        <time>2026-10-02T15:56:48.401Z</time>
      </trkpt>
      <trkpt lat="20.619996" lon="-100.360286">
        <ele>1922.212628</ele>
        <time>2026-10-02T15:56:48.733Z</time>
      </trkpt>
      <trkpt lat="20.620005" lon="-100.360278">
        <ele>1922.265473</ele>
        <time>2026-10-02T15:56:49.036Z</time>
      </trkpt>
      <trkpt lat="20.620013" lon="-100.360271">
        <ele>1922.312148</ele>
        <time>2026-10-02T15:56:49.303Z</time>
      </trkpt>
      <trkpt lat="20.620020" lon="-100.360262">
        <ele>1922.361585</ele>
        <time>2026-10-02T15:56:49.587Z</time>
      </trkpt>
      <trkpt lat="20.620026" lon="-100.360252">
        <ele>1922.411767</ele>
        <time>2026-10-02T15:56:49.874Z</time>
      </trkpt>
      <trkpt lat="20.620031" lon="-100.360242">
        <ele>1922.459664</ele>
        <time>2026-10-02T15:56:50.149Z</time>
      </trkpt>
      <trkpt lat="20.620036" lon="-100.360232">
        <ele>1922.507561</ele>
        <time>2026-10-02T15:56:50.424Z</time>
      </trkpt>
      <trkpt lat="20.620042" lon="-100.360224">
        <ele>1922.550871</ele>
        <time>2026-10-02T15:56:50.672Z</time>
      </trkpt>
      <trkpt lat="20.620048" lon="-100.360217">
        <ele>1922.590971</ele>
        <time>2026-10-02T15:56:50.902Z</time>
      </trkpt>
      <trkpt lat="20.620055" lon="-100.360211">
        <ele>1922.631479</ele>
        <time>2026-10-02T15:56:51.134Z</time>
      </trkpt>
      <trkpt lat="20.620064" lon="-100.360205">
        <ele>1922.679363</ele>
        <time>2026-10-02T15:56:51.409Z</time>
      </trkpt>
      <trkpt lat="20.620072" lon="-100.360199">
        <ele>1922.723482</ele>
        <time>2026-10-02T15:56:51.662Z</time>
      </trkpt>
      <trkpt lat="20.620081" lon="-100.360194">
        <ele>1922.769270</ele>
        <time>2026-10-02T15:56:51.924Z</time>
      </trkpt>
      <trkpt lat="20.620089" lon="-100.360188">
        <ele>1922.813389</ele>
        <time>2026-10-02T15:56:52.177Z</time>
      </trkpt>
      <trkpt lat="20.620099" lon="-100.360182">
        <ele>1922.865157</ele>
        <time>2026-10-02T15:56:52.474Z</time>
      </trkpt>
      <trkpt lat="20.620109" lon="-100.360175">
        <ele>1922.919120</ele>
        <time>2026-10-02T15:56:52.783Z</time>
      </trkpt>
      <trkpt lat="20.620119" lon="-100.360168">
        <ele>1922.973083</ele>
        <time>2026-10-02T15:56:53.093Z</time>
      </trkpt>
      <trkpt lat="20.620129" lon="-100.360160">
        <ele>1923.029472</ele>
        <time>2026-10-02T15:56:53.416Z</time>
      </trkpt>
      <trkpt lat="20.620139" lon="-100.360151">
        <ele>1923.088490</ele>
        <time>2026-10-02T15:56:53.754Z</time>
      </trkpt>
      <trkpt lat="20.620151" lon="-100.360143">
        <ele>1923.152336</ele>
        <time>2026-10-02T15:56:54.120Z</time>
      </trkpt>
      <trkpt lat="20.620164" lon="-100.360138">
        <ele>1923.214701</ele>
        <time>2026-10-02T15:56:54.478Z</time>
      </trkpt>
      <trkpt lat="20.620178" lon="-100.360135">
        <ele>1923.279153</ele>
        <time>2026-10-02T15:56:54.847Z</time>
      </trkpt>
      <trkpt lat="20.620193" lon="-100.360135">
        <ele>1923.346861</ele>
        <time>2026-10-02T15:56:55.236Z</time>
      </trkpt>
      <trkpt lat="20.620205" lon="-100.360136">
        <ele>1923.401191</ele>
        <time>2026-10-02T15:56:55.547Z</time>
      </trkpt>
      <trkpt lat="20.620216" lon="-100.360140">
        <ele>1923.453640</ele>
        <time>2026-10-02T15:56:55.848Z</time>
      </trkpt>
      <trkpt lat="20.620225" lon="-100.360144">
        <ele>1923.497639</ele>
        <time>2026-10-02T15:56:56.100Z</time>
      </trkpt>
      <trkpt lat="20.620238" lon="-100.360148">
        <ele>1923.558704</ele>
        <time>2026-10-02T15:56:56.450Z</time>
      </trkpt>
      <trkpt lat="20.620258" lon="-100.360148">
        <ele>1923.648980</ele>
        <time>2026-10-02T15:56:56.968Z</time>
      </trkpt>
      <trkpt lat="20.620285" lon="-100.360145">
        <ele>1923.771511</ele>
        <time>2026-10-02T15:56:57.670Z</time>
      </trkpt>
      <trkpt lat="20.620314" lon="-100.360136">
        <ele>1923.907822</ele>
        <time>2026-10-02T15:56:58.452Z</time>
      </trkpt>
      <trkpt lat="20.620338" lon="-100.360123">
        <ele>1924.029280</ele>
        <time>2026-10-02T15:56:59.148Z</time>
      </trkpt>
      <trkpt lat="20.620356" lon="-100.360109">
        <ele>1924.116232</ele>
        <time>2026-10-02T15:56:59.724Z</time>
      </trkpt>
      <trkpt lat="20.620369" lon="-100.360096">
        <ele>1924.182724</ele>
        <time>2026-10-02T15:57:00.185Z</time>
      </trkpt>
      <trkpt lat="20.620379" lon="-100.360082">
        <ele>1924.244277</ele>
        <time>2026-10-02T15:57:00.612Z</time>
      </trkpt>
      <trkpt lat="20.620385" lon="-100.360068">
        <ele>1924.298094</ele>
        <time>2026-10-02T15:57:00.985Z</time>
      </trkpt>
      <trkpt lat="20.620389" lon="-100.360053">
        <ele>1924.352606</ele>
        <time>2026-10-02T15:57:01.362Z</time>
      </trkpt>
      <trkpt lat="20.620394" lon="-100.360039">
        <ele>1924.404979</ele>
        <time>2026-10-02T15:57:01.725Z</time>
      </trkpt>
      <trkpt lat="20.620399" lon="-100.360027">
        <ele>1924.450888</ele>
        <time>2026-10-02T15:57:02.043Z</time>
      </trkpt>
      <trkpt lat="20.620406" lon="-100.360015">
        <ele>1924.500308</ele>
        <time>2026-10-02T15:57:02.386Z</time>
      </trkpt>
      <trkpt lat="20.620411" lon="-100.360005">
        <ele>1924.539934</ele>
        <time>2026-10-02T15:57:02.660Z</time>
      </trkpt>
      <trkpt lat="20.620417" lon="-100.359993">
        <ele>1924.587484</ele>
        <time>2026-10-02T15:57:02.990Z</time>
      </trkpt>
      <trkpt lat="20.620423" lon="-100.359981">
        <ele>1924.635035</ele>
        <time>2026-10-02T15:57:03.319Z</time>
      </trkpt>
      <trkpt lat="20.620428" lon="-100.359968">
        <ele>1924.684158</ele>
        <time>2026-10-02T15:57:03.660Z</time>
      </trkpt>
      <trkpt lat="20.620434" lon="-100.359955">
        <ele>1924.734818</ele>
        <time>2026-10-02T15:57:04.011Z</time>
      </trkpt>
      <trkpt lat="20.620442" lon="-100.359945">
        <ele>1924.780797</ele>
        <time>2026-10-02T15:57:04.330Z</time>
      </trkpt>
      <trkpt lat="20.620449" lon="-100.359936">
        <ele>1924.821696</ele>
        <time>2026-10-02T15:57:04.613Z</time>
      </trkpt>
      <trkpt lat="20.620456" lon="-100.359927">
        <ele>1924.862596</ele>
        <time>2026-10-02T15:57:04.896Z</time>
      </trkpt>
      <trkpt lat="20.620463" lon="-100.359919">
        <ele>1924.900873</ele>
        <time>2026-10-02T15:57:05.162Z</time>
      </trkpt>
      <trkpt lat="20.620468" lon="-100.359910">
        <ele>1924.937452</ele>
        <time>2026-10-02T15:57:05.415Z</time>
      </trkpt>
      <trkpt lat="20.620471" lon="-100.359901">
        <ele>1924.970844</ele>
        <time>2026-10-02T15:57:05.646Z</time>
      </trkpt>
      <trkpt lat="20.620474" lon="-100.359891">
        <ele>1925.007546</ele>
        <time>2026-10-02T15:57:05.901Z</time>
      </trkpt>
      <trkpt lat="20.620477" lon="-100.359880">
        <ele>1925.047591</ele>
        <time>2026-10-02T15:57:06.178Z</time>
      </trkpt>
      <trkpt lat="20.620482" lon="-100.359871">
        <ele>1925.084171</ele>
        <time>2026-10-02T15:57:06.432Z</time>
      </trkpt>
      <trkpt lat="20.620490" lon="-100.359863">
        <ele>1925.125089</ele>
        <time>2026-10-02T15:57:06.715Z</time>
      </trkpt>
      <trkpt lat="20.620499" lon="-100.359856">
        <ele>1925.166659</ele>
        <time>2026-10-02T15:57:07.003Z</time>
      </trkpt>
      <trkpt lat="20.620508" lon="-100.359852">
        <ele>1925.203060</ele>
        <time>2026-10-02T15:57:07.256Z</time>
      </trkpt>
      <trkpt lat="20.620517" lon="-100.359849">
        <ele>1925.238266</ele>
        <time>2026-10-02T15:57:07.500Z</time>
      </trkpt>
      <trkpt lat="20.620529" lon="-100.359848">
        <ele>1925.283214</ele>
        <time>2026-10-02T15:57:07.811Z</time>
      </trkpt>
      <trkpt lat="20.620541" lon="-100.359847">
        <ele>1925.328162</ele>
        <time>2026-10-02T15:57:08.123Z</time>
      </trkpt>
      <trkpt lat="20.620553" lon="-100.359845">
        <ele>1925.373516</ele>
        <time>2026-10-02T15:57:08.437Z</time>
      </trkpt>
      <trkpt lat="20.620565" lon="-100.359841">
        <ele>1925.420458</ele>
        <time>2026-10-02T15:57:08.762Z</time>
      </trkpt>
      <trkpt lat="20.620577" lon="-100.359836">
        <ele>1925.468556</ele>
        <time>2026-10-02T15:57:09.096Z</time>
      </trkpt>
      <trkpt lat="20.620589" lon="-100.359829">
        <ele>1925.519612</ele>
        <time>2026-10-02T15:57:09.449Z</time>
      </trkpt>
      <trkpt lat="20.620599" lon="-100.359821">
        <ele>1925.566263</ele>
        <time>2026-10-02T15:57:09.773Z</time>
      </trkpt>
      <trkpt lat="20.620608" lon="-100.359812">
        <ele>1925.612295</ele>
        <time>2026-10-02T15:57:10.092Z</time>
      </trkpt>
      <trkpt lat="20.620615" lon="-100.359801">
        <ele>1925.658786</ele>
        <time>2026-10-02T15:57:10.414Z</time>
      </trkpt>
      <trkpt lat="20.620621" lon="-100.359790">
        <ele>1925.703285</ele>
        <time>2026-10-02T15:57:10.722Z</time>
      </trkpt>
      <trkpt lat="20.620629" lon="-100.359779">
        <ele>1925.751973</ele>
        <time>2026-10-02T15:57:11.059Z</time>
      </trkpt>
      <trkpt lat="20.620636" lon="-100.359767">
        <ele>1925.801393</ele>
        <time>2026-10-02T15:57:11.402Z</time>
      </trkpt>
      <trkpt lat="20.620643" lon="-100.359756">
        <ele>1925.847884</ele>
        <time>2026-10-02T15:57:11.724Z</time>
      </trkpt>
      <trkpt lat="20.620652" lon="-100.359745">
        <ele>1925.898949</ele>
        <time>2026-10-02T15:57:12.078Z</time>
      </trkpt>
      <trkpt lat="20.620662" lon="-100.359735">
        <ele>1925.950096</ele>
        <time>2026-10-02T15:57:12.432Z</time>
      </trkpt>
      <trkpt lat="20.620673" lon="-100.359726">
        <ele>1926.001834</ele>
        <time>2026-10-02T15:57:12.791Z</time>
      </trkpt>
      <trkpt lat="20.620688" lon="-100.359719">
        <ele>1926.062959</ele>
        <time>2026-10-02T15:57:13.214Z</time>
      </trkpt>
      <trkpt lat="20.620702" lon="-100.359712">
        <ele>1926.120681</ele>
        <time>2026-10-02T15:57:13.614Z</time>
      </trkpt>
      <trkpt lat="20.620716" lon="-100.359703">
        <ele>1926.181694</ele>
        <time>2026-10-02T15:57:14.037Z</time>
      </trkpt>
      <trkpt lat="20.620730" lon="-100.359695">
        <ele>1926.240982</ele>
        <time>2026-10-02T15:57:14.448Z</time>
      </trkpt>
      <trkpt lat="20.620744" lon="-100.359687">
        <ele>1926.300270</ele>
        <time>2026-10-02T15:57:14.859Z</time>
      </trkpt>
      <trkpt lat="20.620755" lon="-100.359678">
        <ele>1926.352008</ele>
        <time>2026-10-02T15:57:15.217Z</time>
      </trkpt>
      <trkpt lat="20.620765" lon="-100.359669">
        <ele>1926.400834</ele>
        <time>2026-10-02T15:57:15.556Z</time>
      </trkpt>
      <trkpt lat="20.620774" lon="-100.359658">
        <ele>1926.451899</ele>
        <time>2026-10-02T15:57:15.910Z</time>
      </trkpt>
      <trkpt lat="20.620783" lon="-100.359646">
        <ele>1926.505644</ele>
        <time>2026-10-02T15:57:16.282Z</time>
      </trkpt>
      <trkpt lat="20.620791" lon="-100.359635">
        <ele>1926.554333</ele>
        <time>2026-10-02T15:57:16.619Z</time>
      </trkpt>
      <trkpt lat="20.620801" lon="-100.359629">
        <ele>1926.597161</ele>
        <time>2026-10-02T15:57:16.916Z</time>
      </trkpt>
      <trkpt lat="20.620813" lon="-100.359628">
        <ele>1926.642109</ele>
        <time>2026-10-02T15:57:17.227Z</time>
      </trkpt>
      <trkpt lat="20.620825" lon="-100.359630">
        <ele>1926.687463</ele>
        <time>2026-10-02T15:57:17.542Z</time>
      </trkpt>
      <trkpt lat="20.620839" lon="-100.359634">
        <ele>1926.741580</ele>
        <time>2026-10-02T15:57:17.917Z</time>
      </trkpt>
      <trkpt lat="20.620855" lon="-100.359636">
        <ele>1926.801737</ele>
        <time>2026-10-02T15:57:18.334Z</time>
      </trkpt>
      <trkpt lat="20.620875" lon="-100.359634">
        <ele>1926.876749</ele>
        <time>2026-10-02T15:57:18.853Z</time>
      </trkpt>
      <trkpt lat="20.620897" lon="-100.359627">
        <ele>1926.962470</ele>
        <time>2026-10-02T15:57:19.447Z</time>
      </trkpt>
      <trkpt lat="20.620920" lon="-100.359617">
        <ele>1927.055198</ele>
        <time>2026-10-02T15:57:20.090Z</time>
      </trkpt>
      <trkpt lat="20.620942" lon="-100.359603">
        <ele>1927.150821</ele>
        <time>2026-10-02T15:57:20.752Z</time>
      </trkpt>
      <trkpt lat="20.620962" lon="-100.359587">
        <ele>1927.244122</ele>
        <time>2026-10-02T15:57:21.399Z</time>
      </trkpt>
      <trkpt lat="20.620978" lon="-100.359571">
        <ele>1927.325958</ele>
        <time>2026-10-02T15:57:21.966Z</time>
      </trkpt>
      <trkpt lat="20.620990" lon="-100.359556">
        <ele>1927.394926</ele>
        <time>2026-10-02T15:57:22.444Z</time>
      </trkpt>
      <trkpt lat="20.621000" lon="-100.359542">
        <ele>1927.456479</ele>
        <time>2026-10-02T15:57:22.870Z</time>
      </trkpt>
      <trkpt lat="20.621009" lon="-100.359530">
        <ele>1927.510224</ele>
        <time>2026-10-02T15:57:23.243Z</time>
      </trkpt>
      <trkpt lat="20.621017" lon="-100.359519">
        <ele>1927.558913</ele>
        <time>2026-10-02T15:57:23.580Z</time>
      </trkpt>
      <trkpt lat="20.621027" lon="-100.359510">
        <ele>1927.607739</ele>
        <time>2026-10-02T15:57:23.919Z</time>
      </trkpt>
      <trkpt lat="20.621038" lon="-100.359500">
        <ele>1927.661673</ele>
        <time>2026-10-02T15:57:24.292Z</time>
      </trkpt>
      <trkpt lat="20.621049" lon="-100.359488">
        <ele>1927.720379</ele>
        <time>2026-10-02T15:57:24.699Z</time>
      </trkpt>
      <trkpt lat="20.621062" lon="-100.359474">
        <ele>1927.789306</ele>
        <time>2026-10-02T15:57:25.176Z</time>
      </trkpt>
      <trkpt lat="20.621074" lon="-100.359459">
        <ele>1927.858274</ele>
        <time>2026-10-02T15:57:25.654Z</time>
      </trkpt>
      <trkpt lat="20.621086" lon="-100.359445">
        <ele>1927.924624</ele>
        <time>2026-10-02T15:57:26.114Z</time>
      </trkpt>
      <trkpt lat="20.621098" lon="-100.359432">
        <ele>1927.988440</ele>
        <time>2026-10-02T15:57:26.556Z</time>
      </trkpt>
      <trkpt lat="20.621111" lon="-100.359420">
        <ele>1928.052594</ele>
        <time>2026-10-02T15:57:27.001Z</time>
      </trkpt>
      <trkpt lat="20.621124" lon="-100.359406">
        <ele>1928.121521</ele>
        <time>2026-10-02T15:57:27.478Z</time>
      </trkpt>
      <trkpt lat="20.621136" lon="-100.359392">
        <ele>1928.187871</ele>
        <time>2026-10-02T15:57:27.938Z</time>
      </trkpt>
      <trkpt lat="20.621149" lon="-100.359377">
        <ele>1928.259322</ele>
        <time>2026-10-02T15:57:28.433Z</time>
      </trkpt>
      <trkpt lat="20.621160" lon="-100.359362">
        <ele>1928.325924</ele>
        <time>2026-10-02T15:57:28.894Z</time>
      </trkpt>
      <trkpt lat="20.621171" lon="-100.359347">
        <ele>1928.392526</ele>
        <time>2026-10-02T15:57:29.356Z</time>
      </trkpt>
      <trkpt lat="20.621182" lon="-100.359331">
        <ele>1928.461913</ele>
        <time>2026-10-02T15:57:29.837Z</time>
      </trkpt>
      <trkpt lat="20.621194" lon="-100.359316">
        <ele>1928.530881</ele>
        <time>2026-10-02T15:57:30.314Z</time>
      </trkpt>
      <trkpt lat="20.621208" lon="-100.359300">
        <ele>1928.607434</ele>
        <time>2026-10-02T15:57:30.845Z</time>
      </trkpt>
      <trkpt lat="20.621222" lon="-100.359286">
        <ele>1928.679040</ele>
        <time>2026-10-02T15:57:31.341Z</time>
      </trkpt>
      <trkpt lat="20.621236" lon="-100.359273">
        <ele>1928.748305</ele>
        <time>2026-10-02T15:57:31.821Z</time>
      </trkpt>
      <trkpt lat="20.621249" lon="-100.359261">
        <ele>1928.812459</ele>
        <time>2026-10-02T15:57:32.265Z</time>
      </trkpt>
      <trkpt lat="20.621262" lon="-100.359250">
        <ele>1928.874385</ele>
        <time>2026-10-02T15:57:32.695Z</time>
      </trkpt>
      <trkpt lat="20.621274" lon="-100.359238">
        <ele>1928.935762</ele>
        <time>2026-10-02T15:57:33.120Z</time>
      </trkpt>
      <trkpt lat="20.621286" lon="-100.359226">
        <ele>1928.997139</ele>
        <time>2026-10-02T15:57:33.545Z</time>
      </trkpt>
      <trkpt lat="20.621297" lon="-100.359214">
        <ele>1929.055845</ele>
        <time>2026-10-02T15:57:33.952Z</time>
      </trkpt>
      <trkpt lat="20.621307" lon="-100.359201">
        <ele>1929.114657</ele>
        <time>2026-10-02T15:57:34.359Z</time>
      </trkpt>
      <trkpt lat="20.621319" lon="-100.359187">
        <ele>1929.181007</ele>
        <time>2026-10-02T15:57:34.819Z</time>
      </trkpt>
      <trkpt lat="20.621331" lon="-100.359173">
        <ele>1929.247357</ele>
        <time>2026-10-02T15:57:35.279Z</time>
      </trkpt>
      <trkpt lat="20.621343" lon="-100.359157">
        <ele>1929.319018</ele>
        <time>2026-10-02T15:57:35.775Z</time>
      </trkpt>
      <trkpt lat="20.621356" lon="-100.359141">
        <ele>1929.393071</ele>
        <time>2026-10-02T15:57:36.288Z</time>
      </trkpt>
      <trkpt lat="20.621368" lon="-100.359124">
        <ele>1929.467491</ele>
        <time>2026-10-02T15:57:36.804Z</time>
      </trkpt>
      <trkpt lat="20.621379" lon="-100.359106">
        <ele>1929.542625</ele>
        <time>2026-10-02T15:57:37.324Z</time>
      </trkpt>
      <trkpt lat="20.621389" lon="-100.359088">
        <ele>1929.615784</ele>
        <time>2026-10-02T15:57:37.831Z</time>
      </trkpt>
      <trkpt lat="20.621397" lon="-100.359070">
        <ele>1929.685428</ele>
        <time>2026-10-02T15:57:38.313Z</time>
      </trkpt>
      <trkpt lat="20.621406" lon="-100.359052">
        <ele>1929.756754</ele>
        <time>2026-10-02T15:57:38.808Z</time>
      </trkpt>
      <trkpt lat="20.621416" lon="-100.359035">
        <ele>1929.826931</ele>
        <time>2026-10-02T15:57:39.294Z</time>
      </trkpt>
      <trkpt lat="20.621424" lon="-100.359017">
        <ele>1929.896575</ele>
        <time>2026-10-02T15:57:39.776Z</time>
      </trkpt>
      <trkpt lat="20.621432" lon="-100.358999">
        <ele>1929.966218</ele>
        <time>2026-10-02T15:57:40.259Z</time>
      </trkpt>
      <trkpt lat="20.621438" lon="-100.358980">
        <ele>1930.036303</ele>
        <time>2026-10-02T15:57:40.744Z</time>
      </trkpt>
      <trkpt lat="20.621443" lon="-100.358961">
        <ele>1930.105284</ele>
        <time>2026-10-02T15:57:41.222Z</time>
      </trkpt>
      <trkpt lat="20.621447" lon="-100.358943">
        <ele>1930.169943</ele>
        <time>2026-10-02T15:57:41.670Z</time>
      </trkpt>
      <trkpt lat="20.621451" lon="-100.358926">
        <ele>1930.231208</ele>
        <time>2026-10-02T15:57:42.095Z</time>
      </trkpt>
      <trkpt lat="20.621452" lon="-100.358909">
        <ele>1930.290741</ele>
        <time>2026-10-02T15:57:42.507Z</time>
      </trkpt>
      <trkpt lat="20.621454" lon="-100.358892">
        <ele>1930.350625</ele>
        <time>2026-10-02T15:57:42.922Z</time>
      </trkpt>
      <trkpt lat="20.621457" lon="-100.358875">
        <ele>1930.411088</ele>
        <time>2026-10-02T15:57:43.341Z</time>
      </trkpt>
      <trkpt lat="20.621462" lon="-100.358858">
        <ele>1930.473368</ele>
        <time>2026-10-02T15:57:43.772Z</time>
      </trkpt>
      <trkpt lat="20.621468" lon="-100.358841">
        <ele>1930.536868</ele>
        <time>2026-10-02T15:57:44.212Z</time>
      </trkpt>
      <trkpt lat="20.621474" lon="-100.358825">
        <ele>1930.597111</ele>
        <time>2026-10-02T15:57:44.630Z</time>
      </trkpt>
      <trkpt lat="20.621480" lon="-100.358808">
        <ele>1930.660611</ele>
        <time>2026-10-02T15:57:45.069Z</time>
      </trkpt>
      <trkpt lat="20.621485" lon="-100.358791">
        <ele>1930.722892</ele>
        <time>2026-10-02T15:57:45.501Z</time>
      </trkpt>
      <trkpt lat="20.621491" lon="-100.358775">
        <ele>1930.778143</ele>
        <time>2026-10-02T15:57:45.918Z</time>
      </trkpt>
      <trkpt lat="20.621497" lon="-100.358758">
        <ele>1930.820633</ele>
        <time>2026-10-02T15:57:46.358Z</time>
      </trkpt>
      <trkpt lat="20.621502" lon="-100.358743">
        <ele>1930.857870</ele>
        <time>2026-10-02T15:57:46.744Z</time>
      </trkpt>
      <trkpt lat="20.621508" lon="-100.358727">
        <ele>1930.898180</ele>
        <time>2026-10-02T15:57:47.161Z</time>
      </trkpt>
      <trkpt lat="20.621516" lon="-100.358713">
        <ele>1930.936541</ele>
        <time>2026-10-02T15:57:47.558Z</time>
      </trkpt>
      <trkpt lat="20.621524" lon="-100.358700">
        <ele>1930.972926</ele>
        <time>2026-10-02T15:57:47.935Z</time>
      </trkpt>
      <trkpt lat="20.621533" lon="-100.358687">
        <ele>1931.010741</ele>
        <time>2026-10-02T15:57:48.326Z</time>
      </trkpt>
      <trkpt lat="20.621542" lon="-100.358674">
        <ele>1931.048557</ele>
        <time>2026-10-02T15:57:48.718Z</time>
      </trkpt>
      <trkpt lat="20.621551" lon="-100.358662">
        <ele>1931.084519</ele>
        <time>2026-10-02T15:57:49.090Z</time>
      </trkpt>
      <trkpt lat="20.621560" lon="-100.358650">
        <ele>1931.120481</ele>
        <time>2026-10-02T15:57:49.463Z</time>
      </trkpt>
      <trkpt lat="20.621569" lon="-100.358640">
        <ele>1931.152926</ele>
        <time>2026-10-02T15:57:49.798Z</time>
      </trkpt>
      <trkpt lat="20.621578" lon="-100.358630">
        <ele>1931.185370</ele>
        <time>2026-10-02T15:57:50.134Z</time>
      </trkpt>
      <trkpt lat="20.621584" lon="-100.358618">
        <ele>1931.217187</ele>
        <time>2026-10-02T15:57:50.464Z</time>
      </trkpt>
      <trkpt lat="20.621589" lon="-100.358608">
        <ele>1931.243702</ele>
        <time>2026-10-02T15:57:50.738Z</time>
      </trkpt>
      <trkpt lat="20.621591" lon="-100.358600">
        <ele>1931.263066</ele>
        <time>2026-10-02T15:57:50.939Z</time>
      </trkpt>
      <trkpt lat="20.621591" lon="-100.358597">
        <ele>1931.270082</ele>
        <time>2026-10-02T15:57:51.011Z</time>
      </trkpt>
      <trkpt lat="20.621612" lon="-100.358579">
        <ele>1931.337354</ele>
        <time>2026-10-02T15:57:51.708Z</time>
      </trkpt>
      <trkpt lat="20.621624" lon="-100.358564">
        <ele>1931.383501</ele>
        <time>2026-10-02T15:57:52.186Z</time>
      </trkpt>
      <trkpt lat="20.621633" lon="-100.358550">
        <ele>1931.423221</ele>
        <time>2026-10-02T15:57:52.597Z</time>
      </trkpt>
      <trkpt lat="20.621641" lon="-100.358537">
        <ele>1931.459607</ele>
        <time>2026-10-02T15:57:52.973Z</time>
      </trkpt>
      <trkpt lat="20.621648" lon="-100.358525">
        <ele>1931.492674</ele>
        <time>2026-10-02T15:57:53.316Z</time>
      </trkpt>
      <trkpt lat="20.621655" lon="-100.358514">
        <ele>1931.523782</ele>
        <time>2026-10-02T15:57:53.638Z</time>
      </trkpt>
      <trkpt lat="20.621660" lon="-100.358503">
        <ele>1931.552380</ele>
        <time>2026-10-02T15:57:53.934Z</time>
      </trkpt>
      <trkpt lat="20.621666" lon="-100.358492">
        <ele>1931.582155</ele>
        <time>2026-10-02T15:57:54.242Z</time>
      </trkpt>
      <trkpt lat="20.621672" lon="-100.358482">
        <ele>1931.609934</ele>
        <time>2026-10-02T15:57:54.530Z</time>
      </trkpt>
      <trkpt lat="20.621679" lon="-100.358473">
        <ele>1931.637301</ele>
        <time>2026-10-02T15:57:54.813Z</time>
      </trkpt>
      <trkpt lat="20.621688" lon="-100.358463">
        <ele>1931.669745</ele>
        <time>2026-10-02T15:57:55.149Z</time>
      </trkpt>
      <trkpt lat="20.621696" lon="-100.358453">
        <ele>1931.700511</ele>
        <time>2026-10-02T15:57:55.468Z</time>
      </trkpt>
      <trkpt lat="20.621704" lon="-100.358443">
        <ele>1931.731276</ele>
        <time>2026-10-02T15:57:55.786Z</time>
      </trkpt>
      <trkpt lat="20.621713" lon="-100.358433">
        <ele>1931.763720</ele>
        <time>2026-10-02T15:57:56.122Z</time>
      </trkpt>
      <trkpt lat="20.621721" lon="-100.358422">
        <ele>1931.796299</ele>
        <time>2026-10-02T15:57:56.459Z</time>
      </trkpt>
      <trkpt lat="20.621730" lon="-100.358412">
        <ele>1931.828743</ele>
        <time>2026-10-02T15:57:56.795Z</time>
      </trkpt>
      <trkpt lat="20.621739" lon="-100.358402">
        <ele>1931.861188</ele>
        <time>2026-10-02T15:57:57.131Z</time>
      </trkpt>
      <trkpt lat="20.621750" lon="-100.358391">
        <ele>1931.898834</ele>
        <time>2026-10-02T15:57:57.521Z</time>
      </trkpt>
      <trkpt lat="20.621760" lon="-100.358381">
        <ele>1931.933058</ele>
        <time>2026-10-02T15:57:57.875Z</time>
      </trkpt>
      <trkpt lat="20.621769" lon="-100.358369">
        <ele>1931.969020</ele>
        <time>2026-10-02T15:57:58.247Z</time>
      </trkpt>
      <trkpt lat="20.621780" lon="-100.358358">
        <ele>1932.006666</ele>
        <time>2026-10-02T15:57:58.637Z</time>
      </trkpt>
      <trkpt lat="20.621790" lon="-100.358347">
        <ele>1932.042529</ele>
        <time>2026-10-02T15:57:59.008Z</time>
      </trkpt>
      <trkpt lat="20.621799" lon="-100.358336">
        <ele>1932.076697</ele>
        <time>2026-10-02T15:57:59.362Z</time>
      </trkpt>
      <trkpt lat="20.621808" lon="-100.358323">
        <ele>1932.114513</ele>
        <time>2026-10-02T15:57:59.754Z</time>
      </trkpt>
      <trkpt lat="20.621819" lon="-100.358310">
        <ele>1932.155498</ele>
        <time>2026-10-02T15:58:00.178Z</time>
      </trkpt>
      <trkpt lat="20.621831" lon="-100.358296">
        <ele>1932.199894</ele>
        <time>2026-10-02T15:58:00.637Z</time>
      </trkpt>
      <trkpt lat="20.621843" lon="-100.358280">
        <ele>1932.247844</ele>
        <time>2026-10-02T15:58:01.134Z</time>
      </trkpt>
      <trkpt lat="20.621856" lon="-100.358265">
        <ele>1932.295653</ele>
        <time>2026-10-02T15:58:01.629Z</time>
      </trkpt>
      <trkpt lat="20.621870" lon="-100.358249">
        <ele>1932.346876</ele>
        <time>2026-10-02T15:58:02.159Z</time>
      </trkpt>
      <trkpt lat="20.621882" lon="-100.358233">
        <ele>1932.394826</ele>
        <time>2026-10-02T15:58:02.655Z</time>
      </trkpt>
      <trkpt lat="20.621894" lon="-100.358216">
        <ele>1932.444622</ele>
        <time>2026-10-02T15:58:03.171Z</time>
      </trkpt>
      <trkpt lat="20.621905" lon="-100.358197">
        <ele>1932.496870</ele>
        <time>2026-10-02T15:58:03.712Z</time>
      </trkpt>
      <trkpt lat="20.621915" lon="-100.358178">
        <ele>1932.547847</ele>
        <time>2026-10-02T15:58:04.239Z</time>
      </trkpt>
      <trkpt lat="20.621927" lon="-100.358160">
        <ele>1932.599529</ele>
        <time>2026-10-02T15:58:04.774Z</time>
      </trkpt>
      <trkpt lat="20.621938" lon="-100.358142">
        <ele>1932.649803</ele>
        <time>2026-10-02T15:58:05.295Z</time>
      </trkpt>
      <trkpt lat="20.621950" lon="-100.358125">
        <ele>1932.699599</ele>
        <time>2026-10-02T15:58:05.810Z</time>
      </trkpt>
      <trkpt lat="20.621961" lon="-100.358110">
        <ele>1932.744164</ele>
        <time>2026-10-02T15:58:06.272Z</time>
      </trkpt>
      <trkpt lat="20.621973" lon="-100.358095">
        <ele>1932.790312</ele>
        <time>2026-10-02T15:58:06.749Z</time>
      </trkpt>
      <trkpt lat="20.621985" lon="-100.358081">
        <ele>1932.834708</ele>
        <time>2026-10-02T15:58:07.209Z</time>
      </trkpt>
      <trkpt lat="20.621996" lon="-100.358067">
        <ele>1932.877456</ele>
        <time>2026-10-02T15:58:07.652Z</time>
      </trkpt>
      <trkpt lat="20.622008" lon="-100.358053">
        <ele>1932.921853</ele>
        <time>2026-10-02T15:58:08.111Z</time>
      </trkpt>
      <trkpt lat="20.622020" lon="-100.358039">
        <ele>1932.966249</ele>
        <time>2026-10-02T15:58:08.571Z</time>
      </trkpt>
      <trkpt lat="20.622035" lon="-100.358027">
        <ele>1933.013071</ele>
        <time>2026-10-02T15:58:09.055Z</time>
      </trkpt>
      <trkpt lat="20.622049" lon="-100.358015">
        <ele>1933.057919</ele>
        <time>2026-10-02T15:58:09.520Z</time>
      </trkpt>
      <trkpt lat="20.622063" lon="-100.358003">
        <ele>1933.102766</ele>
        <time>2026-10-02T15:58:09.984Z</time>
      </trkpt>
      <trkpt lat="20.622076" lon="-100.357992">
        <ele>1933.144202</ele>
        <time>2026-10-02T15:58:10.413Z</time>
      </trkpt>
      <trkpt lat="20.622090" lon="-100.357982">
        <ele>1933.186281</ele>
        <time>2026-10-02T15:58:10.848Z</time>
      </trkpt>
      <trkpt lat="20.622103" lon="-100.357973">
        <ele>1933.224987</ele>
        <time>2026-10-02T15:58:11.249Z</time>
      </trkpt>
      <trkpt lat="20.622117" lon="-100.357964">
        <ele>1933.265813</ele>
        <time>2026-10-02T15:58:11.672Z</time>
      </trkpt>
      <trkpt lat="20.622131" lon="-100.357955">
        <ele>1933.306639</ele>
        <time>2026-10-02T15:58:12.094Z</time>
      </trkpt>
      <trkpt lat="20.622146" lon="-100.357946">
        <ele>1933.349625</ele>
        <time>2026-10-02T15:58:12.539Z</time>
      </trkpt>
      <trkpt lat="20.622163" lon="-100.357937">
        <ele>1933.397032</ele>
        <time>2026-10-02T15:58:13.030Z</time>
      </trkpt>
      <trkpt lat="20.622179" lon="-100.357927">
        <ele>1933.443349</ele>
        <time>2026-10-02T15:58:13.509Z</time>
      </trkpt>
      <trkpt lat="20.622195" lon="-100.357917">
        <ele>1933.489666</ele>
        <time>2026-10-02T15:58:13.989Z</time>
      </trkpt>
      <trkpt lat="20.622210" lon="-100.357907">
        <ele>1933.533844</ele>
        <time>2026-10-02T15:58:14.446Z</time>
      </trkpt>
      <trkpt lat="20.622225" lon="-100.357898">
        <ele>1933.576830</ele>
        <time>2026-10-02T15:58:14.891Z</time>
      </trkpt>
      <trkpt lat="20.622241" lon="-100.357889">
        <ele>1933.622011</ele>
        <time>2026-10-02T15:58:15.359Z</time>
      </trkpt>
      <trkpt lat="20.622257" lon="-100.357882">
        <ele>1933.665212</ele>
        <time>2026-10-02T15:58:15.806Z</time>
      </trkpt>
      <trkpt lat="20.622271" lon="-100.357874">
        <ele>1933.704883</ele>
        <time>2026-10-02T15:58:16.217Z</time>
      </trkpt>
      <trkpt lat="20.622286" lon="-100.357866">
        <ele>1933.746774</ele>
        <time>2026-10-02T15:58:16.650Z</time>
      </trkpt>
      <trkpt lat="20.622302" lon="-100.357858">
        <ele>1933.790914</ele>
        <time>2026-10-02T15:58:17.107Z</time>
      </trkpt>
      <trkpt lat="20.622317" lon="-100.357849">
        <ele>1933.833900</ele>
        <time>2026-10-02T15:58:17.552Z</time>
      </trkpt>
      <trkpt lat="20.622332" lon="-100.357840">
        <ele>1933.876886</ele>
        <time>2026-10-02T15:58:17.997Z</time>
      </trkpt>
      <trkpt lat="20.622347" lon="-100.357832">
        <ele>1933.918777</ele>
        <time>2026-10-02T15:58:18.431Z</time>
      </trkpt>
      <trkpt lat="20.622363" lon="-100.357823">
        <ele>1933.963958</ele>
        <time>2026-10-02T15:58:18.898Z</time>
      </trkpt>
      <trkpt lat="20.622378" lon="-100.357815">
        <ele>1934.005849</ele>
        <time>2026-10-02T15:58:19.332Z</time>
      </trkpt>
      <trkpt lat="20.622394" lon="-100.357807">
        <ele>1934.049990</ele>
        <time>2026-10-02T15:58:19.789Z</time>
      </trkpt>
      <trkpt lat="20.622409" lon="-100.357800">
        <ele>1934.090889</ele>
        <time>2026-10-02T15:58:20.212Z</time>
      </trkpt>
      <trkpt lat="20.622425" lon="-100.357792">
        <ele>1934.135030</ele>
        <time>2026-10-02T15:58:20.669Z</time>
      </trkpt>
      <trkpt lat="20.622441" lon="-100.357784">
        <ele>1934.179170</ele>
        <time>2026-10-02T15:58:21.126Z</time>
      </trkpt>
      <trkpt lat="20.622457" lon="-100.357779">
        <ele>1934.220825</ele>
        <time>2026-10-02T15:58:21.557Z</time>
      </trkpt>
      <trkpt lat="20.622474" lon="-100.357774">
        <ele>1934.264883</ele>
        <time>2026-10-02T15:58:22.013Z</time>
      </trkpt>
      <trkpt lat="20.622491" lon="-100.357770">
        <ele>1934.308379</ele>
        <time>2026-10-02T15:58:22.464Z</time>
      </trkpt>
      <trkpt lat="20.622509" lon="-100.357767">
        <ele>1934.353900</ele>
        <time>2026-10-02T15:58:22.935Z</time>
      </trkpt>
      <trkpt lat="20.622525" lon="-100.357763">
        <ele>1934.394959</ele>
        <time>2026-10-02T15:58:23.360Z</time>
      </trkpt>
      <trkpt lat="20.622542" lon="-100.357758">
        <ele>1934.439017</ele>
        <time>2026-10-02T15:58:23.816Z</time>
      </trkpt>
      <trkpt lat="20.622558" lon="-100.357753">
        <ele>1934.480671</ele>
        <time>2026-10-02T15:58:24.247Z</time>
      </trkpt>
      <trkpt lat="20.622576" lon="-100.357745">
        <ele>1934.529384</ele>
        <time>2026-10-02T15:58:24.751Z</time>
      </trkpt>
      <trkpt lat="20.622593" lon="-100.357737">
        <ele>1934.575800</ele>
        <time>2026-10-02T15:58:25.232Z</time>
      </trkpt>
      <trkpt lat="20.622611" lon="-100.357730">
        <ele>1934.623663</ele>
        <time>2026-10-02T15:58:25.727Z</time>
      </trkpt>
      <trkpt lat="20.622628" lon="-100.357724">
        <ele>1934.668399</ele>
        <time>2026-10-02T15:58:26.190Z</time>
      </trkpt>
      <trkpt lat="20.622645" lon="-100.357717">
        <ele>1934.713922</ele>
        <time>2026-10-02T15:58:26.661Z</time>
      </trkpt>
      <trkpt lat="20.622661" lon="-100.357711">
        <ele>1934.756293</ele>
        <time>2026-10-02T15:58:27.100Z</time>
      </trkpt>
      <trkpt lat="20.622677" lon="-100.357705">
        <ele>1934.798663</ele>
        <time>2026-10-02T15:58:27.538Z</time>
      </trkpt>
      <trkpt lat="20.622690" lon="-100.357697">
        <ele>1934.836149</ele>
        <time>2026-10-02T15:58:27.926Z</time>
      </trkpt>
      <trkpt lat="20.622700" lon="-100.357686">
        <ele>1934.872011</ele>
        <time>2026-10-02T15:58:28.298Z</time>
      </trkpt>
      <trkpt lat="20.622707" lon="-100.357676">
        <ele>1934.901215</ele>
        <time>2026-10-02T15:58:28.600Z</time>
      </trkpt>
      <trkpt lat="20.622712" lon="-100.357668">
        <ele>1934.923712</ele>
        <time>2026-10-02T15:58:28.833Z</time>
      </trkpt>
      <trkpt lat="20.622713" lon="-100.357666">
        <ele>1934.929014</ele>
        <time>2026-10-02T15:58:28.888Z</time>
      </trkpt>
      <trkpt lat="20.622653" lon="-100.357696">
        <ele>1935.094541</ele>
        <time>2026-10-02T15:58:30.601Z</time>
      </trkpt>
      <trkpt lat="20.622633" lon="-100.357705">
        <ele>1935.148767</ele>
        <time>2026-10-02T15:58:31.162Z</time>
      </trkpt>
      <trkpt lat="20.622615" lon="-100.357712">
        <ele>1935.196630</ele>
        <time>2026-10-02T15:58:31.658Z</time>
      </trkpt>
      <trkpt lat="20.622598" lon="-100.357719">
        <ele>1935.242154</ele>
        <time>2026-10-02T15:58:32.129Z</time>
      </trkpt>
      <trkpt lat="20.622581" lon="-100.357725">
        <ele>1935.273604</ele>
        <time>2026-10-02T15:58:32.592Z</time>
      </trkpt>
      <trkpt lat="20.622562" lon="-100.357733">
        <ele>1935.297003</ele>
        <time>2026-10-02T15:58:33.120Z</time>
      </trkpt>
      <trkpt lat="20.622543" lon="-100.357741">
        <ele>1935.320403</ele>
        <time>2026-10-02T15:58:33.648Z</time>
      </trkpt>
      <trkpt lat="20.622522" lon="-100.357750">
        <ele>1935.346328</ele>
        <time>2026-10-02T15:58:34.233Z</time>
      </trkpt>
      <trkpt lat="20.622497" lon="-100.357761">
        <ele>1935.377307</ele>
        <time>2026-10-02T15:58:34.933Z</time>
      </trkpt>
      <trkpt lat="20.622466" lon="-100.357772">
        <ele>1935.414735</ele>
        <time>2026-10-02T15:58:35.777Z</time>
      </trkpt>
      <trkpt lat="20.622430" lon="-100.357784">
        <ele>1935.457945</ele>
        <time>2026-10-02T15:58:36.753Z</time>
      </trkpt>
      <trkpt lat="20.622385" lon="-100.357802">
        <ele>1935.513001</ele>
        <time>2026-10-02T15:58:37.995Z</time>
      </trkpt>
      <trkpt lat="20.622334" lon="-100.357825">
        <ele>1935.576429</ele>
        <time>2026-10-02T15:58:39.427Z</time>
      </trkpt>
      <trkpt lat="20.622277" lon="-100.357854">
        <ele>1935.648766</ele>
        <time>2026-10-02T15:58:41.060Z</time>
      </trkpt>
      <trkpt lat="20.622215" lon="-100.357890">
        <ele>1935.729618</ele>
        <time>2026-10-02T15:58:42.885Z</time>
      </trkpt>
      <trkpt lat="20.622151" lon="-100.357928">
        <ele>1935.813512</ele>
        <time>2026-10-02T15:58:44.778Z</time>
      </trkpt>
      <trkpt lat="20.622086" lon="-100.357967">
        <ele>1935.898929</ele>
        <time>2026-10-02T15:58:46.706Z</time>
      </trkpt>
      <trkpt lat="20.622025" lon="-100.358009">
        <ele>1935.982078</ele>
        <time>2026-10-02T15:58:48.583Z</time>
      </trkpt>
      <trkpt lat="20.621970" lon="-100.358058">
        <ele>1936.064131</ele>
        <time>2026-10-02T15:58:50.435Z</time>
      </trkpt>
      <trkpt lat="20.621923" lon="-100.358111">
        <ele>1936.142428</ele>
        <time>2026-10-02T15:58:52.202Z</time>
      </trkpt>
      <trkpt lat="20.621881" lon="-100.358170">
        <ele>1936.221921</ele>
        <time>2026-10-02T15:58:53.996Z</time>
      </trkpt>
      <trkpt lat="20.621842" lon="-100.358232">
        <ele>1936.302031</ele>
        <time>2026-10-02T15:58:55.804Z</time>
      </trkpt>
      <trkpt lat="20.621802" lon="-100.358291">
        <ele>1936.380158</ele>
        <time>2026-10-02T15:58:57.567Z</time>
      </trkpt>
      <trkpt lat="20.621763" lon="-100.358346">
        <ele>1936.454155</ele>
        <time>2026-10-02T15:58:59.238Z</time>
      </trkpt>
      <trkpt lat="20.621724" lon="-100.358398">
        <ele>1936.525615</ele>
        <time>2026-10-02T15:59:00.850Z</time>
      </trkpt>
      <trkpt lat="20.621683" lon="-100.358451">
        <ele>1936.599354</ele>
        <time>2026-10-02T15:59:02.515Z</time>
      </trkpt>
      <trkpt lat="20.621641" lon="-100.358508">
        <ele>1936.677150</ele>
        <time>2026-10-02T15:59:04.270Z</time>
      </trkpt>
      <trkpt lat="20.621600" lon="-100.358567">
        <ele>1936.755955</ele>
        <time>2026-10-02T15:59:06.049Z</time>
      </trkpt>
      <trkpt lat="20.621561" lon="-100.358626">
        <ele>1936.833415</ele>
        <time>2026-10-02T15:59:07.797Z</time>
      </trkpt>
      <trkpt lat="20.621523" lon="-100.358682">
        <ele>1936.907592</ele>
        <time>2026-10-02T15:59:09.471Z</time>
      </trkpt>
      <trkpt lat="20.621488" lon="-100.358738">
        <ele>1936.979806</ele>
        <time>2026-10-02T15:59:11.101Z</time>
      </trkpt>
      <trkpt lat="20.621460" lon="-100.358794">
        <ele>1937.047892</ele>
        <time>2026-10-02T15:59:12.638Z</time>
      </trkpt>
      <trkpt lat="20.621440" lon="-100.358851">
        <ele>1937.113173</ele>
        <time>2026-10-02T15:59:14.111Z</time>
      </trkpt>
      <trkpt lat="20.621424" lon="-100.358910">
        <ele>1937.179046</ele>
        <time>2026-10-02T15:59:15.598Z</time>
      </trkpt>
      <trkpt lat="20.621413" lon="-100.358966">
        <ele>1937.240409</ele>
        <time>2026-10-02T15:59:16.983Z</time>
      </trkpt>
      <trkpt lat="20.621402" lon="-100.359016">
        <ele>1937.295490</ele>
        <time>2026-10-02T15:59:18.226Z</time>
      </trkpt>
      <trkpt lat="20.621393" lon="-100.359053">
        <ele>1937.322543</ele>
        <time>2026-10-02T15:59:19.151Z</time>
      </trkpt>
      <trkpt lat="20.621384" lon="-100.359078">
        <ele>1937.321014</ele>
        <time>2026-10-02T15:59:19.799Z</time>
      </trkpt>
      <trkpt lat="20.621378" lon="-100.359093">
        <ele>1937.320083</ele>
        <time>2026-10-02T15:59:20.194Z</time>
      </trkpt>
      <trkpt lat="20.621375" lon="-100.359100">
        <ele>1937.319644</ele>
        <time>2026-10-02T15:59:20.380Z</time>
      </trkpt>
      <trkpt lat="20.621374" lon="-100.359103">
        <ele>1937.319462</ele>
        <time>2026-10-02T15:59:20.458Z</time>
      </trkpt>
      <trkpt lat="20.621375" lon="-100.359103">
        <ele>1937.319401</ele>
        <time>2026-10-02T15:59:20.483Z</time>
      </trkpt>
      <trkpt lat="20.621377" lon="-100.359101">
        <ele>1937.319234</ele>
        <time>2026-10-02T15:59:20.554Z</time>
      </trkpt>
      <trkpt lat="20.621406" lon="-100.359079">
        <ele>1937.317066</ele>
        <time>2026-10-02T15:59:21.474Z</time>
      </trkpt>
      <trkpt lat="20.621414" lon="-100.359086">
        <ele>1937.316436</ele>
        <time>2026-10-02T15:59:21.741Z</time>
      </trkpt>
      <trkpt lat="20.621421" lon="-100.359097">
        <ele>1937.315676</ele>
        <time>2026-10-02T15:59:22.063Z</time>
      </trkpt>
      <trkpt lat="20.621426" lon="-100.359114">
        <ele>1937.314660</ele>
        <time>2026-10-02T15:59:22.495Z</time>
      </trkpt>
      <trkpt lat="20.621432" lon="-100.359135">
        <ele>1937.313407</ele>
        <time>2026-10-02T15:59:23.026Z</time>
      </trkpt>
      <trkpt lat="20.621437" lon="-100.359153">
        <ele>1937.312335</ele>
        <time>2026-10-02T15:59:23.480Z</time>
      </trkpt>
      <trkpt lat="20.621442" lon="-100.359165">
        <ele>1937.311586</ele>
        <time>2026-10-02T15:59:23.798Z</time>
      </trkpt>
      <trkpt lat="20.621443" lon="-100.359171">
        <ele>1937.311238</ele>
        <time>2026-10-02T15:59:23.946Z</time>
      </trkpt>
      <trkpt lat="20.621447" lon="-100.359185">
        <ele>1937.310403</ele>
        <time>2026-10-02T15:59:24.300Z</time>
      </trkpt>
      <trkpt lat="20.621449" lon="-100.359192">
        <ele>1937.309985</ele>
        <time>2026-10-02T15:59:24.477Z</time>
      </trkpt>
      <trkpt lat="20.621450" lon="-100.359198">
        <ele>1937.309637</ele>
        <time>2026-10-02T15:59:24.625Z</time>
      </trkpt>
      <trkpt lat="20.621451" lon="-100.359204">
        <ele>1937.309290</ele>
        <time>2026-10-02T15:59:24.772Z</time>
      </trkpt>
      <trkpt lat="20.621452" lon="-100.359209">
        <ele>1937.308998</ele>
        <time>2026-10-02T15:59:24.896Z</time>
      </trkpt>
      <trkpt lat="20.621457" lon="-100.359222">
        <ele>1937.308196</ele>
        <time>2026-10-02T15:59:25.236Z</time>
      </trkpt>
      <trkpt lat="20.621460" lon="-100.359228">
        <ele>1937.307808</ele>
        <time>2026-10-02T15:59:25.401Z</time>
      </trkpt>
      <trkpt lat="20.621461" lon="-100.359235">
        <ele>1937.307404</ele>
        <time>2026-10-02T15:59:25.572Z</time>
      </trkpt>
      <trkpt lat="20.621460" lon="-100.359241">
        <ele>1937.307056</ele>
        <time>2026-10-02T15:59:25.720Z</time>
      </trkpt>
      <trkpt lat="20.621460" lon="-100.359247">
        <ele>1937.306713</ele>
        <time>2026-10-02T15:59:25.865Z</time>
      </trkpt>
      <trkpt lat="20.621460" lon="-100.359253">
        <ele>1937.306371</ele>
        <time>2026-10-02T15:59:26.010Z</time>
      </trkpt>
      <trkpt lat="20.621462" lon="-100.359262">
        <ele>1937.305843</ele>
        <time>2026-10-02T15:59:26.234Z</time>
      </trkpt>
      <trkpt lat="20.621464" lon="-100.359266">
        <ele>1937.305584</ele>
        <time>2026-10-02T15:59:26.344Z</time>
      </trkpt>
      <trkpt lat="20.621464" lon="-100.359268">
        <ele>1937.305470</ele>
        <time>2026-10-02T15:59:26.392Z</time>
      </trkpt>
      <trkpt lat="20.621467" lon="-100.359282">
        <ele>1937.304651</ele>
        <time>2026-10-02T15:59:26.740Z</time>
      </trkpt>
      <trkpt lat="20.621466" lon="-100.359290">
        <ele>1937.304190</ele>
        <time>2026-10-02T15:59:26.935Z</time>
      </trkpt>
      <trkpt lat="20.621464" lon="-100.359299">
        <ele>1937.303662</ele>
        <time>2026-10-02T15:59:27.159Z</time>
      </trkpt>
      <trkpt lat="20.621461" lon="-100.359307">
        <ele>1937.303170</ele>
        <time>2026-10-02T15:59:27.368Z</time>
      </trkpt>
      <trkpt lat="20.621458" lon="-100.359315">
        <ele>1937.302679</ele>
        <time>2026-10-02T15:59:27.576Z</time>
      </trkpt>
      <trkpt lat="20.621454" lon="-100.359326">
        <ele>1937.302005</ele>
        <time>2026-10-02T15:59:27.862Z</time>
      </trkpt>
      <trkpt lat="20.621449" lon="-100.359338">
        <ele>1937.301256</ele>
        <time>2026-10-02T15:59:28.180Z</time>
      </trkpt>
      <trkpt lat="20.621442" lon="-100.359353">
        <ele>1937.300299</ele>
        <time>2026-10-02T15:59:28.585Z</time>
      </trkpt>
      <trkpt lat="20.621434" lon="-100.359370">
        <ele>1937.299213</ele>
        <time>2026-10-02T15:59:29.046Z</time>
      </trkpt>
      <trkpt lat="20.621427" lon="-100.359389">
        <ele>1937.298048</ele>
        <time>2026-10-02T15:59:29.540Z</time>
      </trkpt>
      <trkpt lat="20.621419" lon="-100.359409">
        <ele>1937.296807</ele>
        <time>2026-10-02T15:59:30.067Z</time>
      </trkpt>
      <trkpt lat="20.621413" lon="-100.359432">
        <ele>1937.295445</ele>
        <time>2026-10-02T15:59:30.644Z</time>
      </trkpt>
      <trkpt lat="20.621407" lon="-100.359452">
        <ele>1937.294246</ele>
        <time>2026-10-02T15:59:31.153Z</time>
      </trkpt>
      <trkpt lat="20.621401" lon="-100.359471">
        <ele>1937.293102</ele>
        <time>2026-10-02T15:59:31.638Z</time>
      </trkpt>
      <trkpt lat="20.621396" lon="-100.359486">
        <ele>1937.292193</ele>
        <time>2026-10-02T15:59:32.023Z</time>
      </trkpt>
      <trkpt lat="20.621394" lon="-100.359500">
        <ele>1937.291385</ele>
        <time>2026-10-02T15:59:32.366Z</time>
      </trkpt>
      <trkpt lat="20.621392" lon="-100.359514">
        <ele>1937.290577</ele>
        <time>2026-10-02T15:59:32.709Z</time>
      </trkpt>
      <trkpt lat="20.621390" lon="-100.359527">
        <ele>1937.289825</ele>
        <time>2026-10-02T15:59:33.028Z</time>
      </trkpt>
      <trkpt lat="20.621387" lon="-100.359540">
        <ele>1937.289061</ele>
        <time>2026-10-02T15:59:33.352Z</time>
      </trkpt>
      <trkpt lat="20.621381" lon="-100.359553">
        <ele>1937.288234</ele>
        <time>2026-10-02T15:59:33.703Z</time>
      </trkpt>
      <trkpt lat="20.621373" lon="-100.359565">
        <ele>1937.287393</ele>
        <time>2026-10-02T15:59:34.059Z</time>
      </trkpt>
      <trkpt lat="20.621365" lon="-100.359577">
        <ele>1937.286553</ele>
        <time>2026-10-02T15:59:34.416Z</time>
      </trkpt>
      <trkpt lat="20.621355" lon="-100.359590">
        <ele>1937.285593</ele>
        <time>2026-10-02T15:59:34.823Z</time>
      </trkpt>
      <trkpt lat="20.621345" lon="-100.359605">
        <ele>1937.284542</ele>
        <time>2026-10-02T15:59:35.269Z</time>
      </trkpt>
      <trkpt lat="20.621336" lon="-100.359620">
        <ele>1937.283525</ele>
        <time>2026-10-02T15:59:35.700Z</time>
      </trkpt>
      <trkpt lat="20.621325" lon="-100.359635">
        <ele>1937.282437</ele>
        <time>2026-10-02T15:59:36.161Z</time>
      </trkpt>
      <trkpt lat="20.621314" lon="-100.359652">
        <ele>1937.281258</ele>
        <time>2026-10-02T15:59:36.662Z</time>
      </trkpt>
      <trkpt lat="20.621303" lon="-100.359668">
        <ele>1937.280125</ele>
        <time>2026-10-02T15:59:37.142Z</time>
      </trkpt>
      <trkpt lat="20.621292" lon="-100.359684">
        <ele>1937.278992</ele>
        <time>2026-10-02T15:59:37.623Z</time>
      </trkpt>
      <trkpt lat="20.621282" lon="-100.359700">
        <ele>1937.277895</ele>
        <time>2026-10-02T15:59:38.088Z</time>
      </trkpt>
      <trkpt lat="20.621274" lon="-100.359715">
        <ele>1937.276909</ele>
        <time>2026-10-02T15:59:38.506Z</time>
      </trkpt>
      <trkpt lat="20.621266" lon="-100.359731">
        <ele>1937.275874</ele>
        <time>2026-10-02T15:59:38.945Z</time>
      </trkpt>
      <trkpt lat="20.621259" lon="-100.359745">
        <ele>1937.274968</ele>
        <time>2026-10-02T15:59:39.329Z</time>
      </trkpt>
      <trkpt lat="20.621252" lon="-100.359759">
        <ele>1937.274063</ele>
        <time>2026-10-02T15:59:39.713Z</time>
      </trkpt>
      <trkpt lat="20.621244" lon="-100.359774">
        <ele>1937.273078</ele>
        <time>2026-10-02T15:59:40.131Z</time>
      </trkpt>
      <trkpt lat="20.621234" lon="-100.359788">
        <ele>1937.272073</ele>
        <time>2026-10-02T15:59:40.558Z</time>
      </trkpt>
      <trkpt lat="20.621223" lon="-100.359804">
        <ele>1937.270940</ele>
        <time>2026-10-02T15:59:41.038Z</time>
      </trkpt>
      <trkpt lat="20.621214" lon="-100.359821">
        <ele>1937.269825</ele>
        <time>2026-10-02T15:59:41.511Z</time>
      </trkpt>
      <trkpt lat="20.621209" lon="-100.359839">
        <ele>1937.268754</ele>
        <time>2026-10-02T15:59:41.965Z</time>
      </trkpt>
      <trkpt lat="20.621207" lon="-100.359856">
        <ele>1937.267776</ele>
        <time>2026-10-02T15:59:42.380Z</time>
      </trkpt>
      <trkpt lat="20.621207" lon="-100.359871">
        <ele>1937.266920</ele>
        <time>2026-10-02T15:59:42.743Z</time>
      </trkpt>
      <trkpt lat="20.621209" lon="-100.359883">
        <ele>1937.266225</ele>
        <time>2026-10-02T15:59:43.038Z</time>
      </trkpt>
      <trkpt lat="20.621212" lon="-100.359889">
        <ele>1937.265836</ele>
        <time>2026-10-02T15:59:43.203Z</time>
      </trkpt>
      <trkpt lat="20.621214" lon="-100.359890">
        <ele>1937.265702</ele>
        <time>2026-10-02T15:59:43.260Z</time>
      </trkpt>
      <trkpt lat="20.621214" lon="-100.359899">
        <ele>1937.265188</ele>
        <time>2026-10-02T15:59:43.477Z</time>
      </trkpt>
      <trkpt lat="20.621216" lon="-100.359907">
        <ele>1937.264716</ele>
        <time>2026-10-02T15:59:43.678Z</time>
      </trkpt>
      <trkpt lat="20.621220" lon="-100.359914">
        <ele>1937.264248</ele>
        <time>2026-10-02T15:59:43.876Z</time>
      </trkpt>
      <trkpt lat="20.621225" lon="-100.359922">
        <ele>1937.263699</ele>
        <time>2026-10-02T15:59:44.109Z</time>
      </trkpt>
      <trkpt lat="20.621231" lon="-100.359930">
        <ele>1937.263114</ele>
        <time>2026-10-02T15:59:44.357Z</time>
      </trkpt>
      <trkpt lat="20.621235" lon="-100.359939">
        <ele>1937.262545</ele>
        <time>2026-10-02T15:59:44.598Z</time>
      </trkpt>
      <trkpt lat="20.621240" lon="-100.359948">
        <ele>1937.261948</ele>
        <time>2026-10-02T15:59:44.852Z</time>
      </trkpt>
      <trkpt lat="20.621244" lon="-100.359955">
        <ele>1937.261480</ele>
        <time>2026-10-02T15:59:45.050Z</time>
      </trkpt>
      <trkpt lat="20.621248" lon="-100.359963">
        <ele>1937.260962</ele>
        <time>2026-10-02T15:59:45.270Z</time>
      </trkpt>
      <trkpt lat="20.621249" lon="-100.359971">
        <ele>1937.260502</ele>
        <time>2026-10-02T15:59:45.465Z</time>
      </trkpt>
      <trkpt lat="20.621249" lon="-100.359980">
        <ele>1937.259988</ele>
        <time>2026-10-02T15:59:45.682Z</time>
      </trkpt>
      <trkpt lat="20.621248" lon="-100.359986">
        <ele>1937.259641</ele>
        <time>2026-10-02T15:59:45.830Z</time>
      </trkpt>
      <trkpt lat="20.621245" lon="-100.359993">
        <ele>1937.259201</ele>
        <time>2026-10-02T15:59:46.017Z</time>
      </trkpt>
      <trkpt lat="20.621242" lon="-100.359997">
        <ele>1937.258909</ele>
        <time>2026-10-02T15:59:46.141Z</time>
      </trkpt>
      <trkpt lat="20.621240" lon="-100.360000">
        <ele>1937.258699</ele>
        <time>2026-10-02T15:59:46.230Z</time>
      </trkpt>
      <trkpt lat="20.621234" lon="-100.360009">
        <ele>1937.258068</ele>
        <time>2026-10-02T15:59:46.497Z</time>
      </trkpt>
      <trkpt lat="20.621231" lon="-100.360016">
        <ele>1937.257629</ele>
        <time>2026-10-02T15:59:46.684Z</time>
      </trkpt>
      <trkpt lat="20.621230" lon="-100.360022">
        <ele>1937.257281</ele>
        <time>2026-10-02T15:59:46.831Z</time>
      </trkpt>
      <trkpt lat="20.621228" lon="-100.360026">
        <ele>1937.257022</ele>
        <time>2026-10-02T15:59:46.941Z</time>
      </trkpt>
      <trkpt lat="20.621219" lon="-100.360041">
        <ele>1937.256005</ele>
        <time>2026-10-02T15:59:47.372Z</time>
      </trkpt>
      <trkpt lat="20.621213" lon="-100.360048">
        <ele>1937.255464</ele>
        <time>2026-10-02T15:59:47.602Z</time>
      </trkpt>
      <trkpt lat="20.621205" lon="-100.360057">
        <ele>1937.254755</ele>
        <time>2026-10-02T15:59:47.902Z</time>
      </trkpt>
      <trkpt lat="20.621194" lon="-100.360067">
        <ele>1937.253875</ele>
        <time>2026-10-02T15:59:48.276Z</time>
      </trkpt>
      <trkpt lat="20.621182" lon="-100.360080">
        <ele>1937.252833</ele>
        <time>2026-10-02T15:59:48.718Z</time>
      </trkpt>
      <trkpt lat="20.621168" lon="-100.360097">
        <ele>1937.251541</ele>
        <time>2026-10-02T15:59:49.266Z</time>
      </trkpt>
      <trkpt lat="20.621153" lon="-100.360115">
        <ele>1937.250166</ele>
        <time>2026-10-02T15:59:49.849Z</time>
      </trkpt>
      <trkpt lat="20.621138" lon="-100.360135">
        <ele>1937.248703</ele>
        <time>2026-10-02T15:59:50.470Z</time>
      </trkpt>
      <trkpt lat="20.621127" lon="-100.360153">
        <ele>1937.247476</ele>
        <time>2026-10-02T15:59:50.989Z</time>
      </trkpt>
      <trkpt lat="20.621117" lon="-100.360172">
        <ele>1937.246232</ele>
        <time>2026-10-02T15:59:51.517Z</time>
      </trkpt>
      <trkpt lat="20.621109" lon="-100.360192">
        <ele>1937.244991</ele>
        <time>2026-10-02T15:59:52.044Z</time>
      </trkpt>
      <trkpt lat="20.621101" lon="-100.360215">
        <ele>1937.243591</ele>
        <time>2026-10-02T15:59:52.638Z</time>
      </trkpt>
      <trkpt lat="20.621095" lon="-100.360237">
        <ele>1937.242284</ele>
        <time>2026-10-02T15:59:53.191Z</time>
      </trkpt>
      <trkpt lat="20.621092" lon="-100.360258">
        <ele>1937.241071</ele>
        <time>2026-10-02T15:59:53.706Z</time>
      </trkpt>
      <trkpt lat="20.621093" lon="-100.360276">
        <ele>1937.240042</ele>
        <time>2026-10-02T15:59:54.143Z</time>
      </trkpt>
      <trkpt lat="20.621095" lon="-100.360292">
        <ele>1937.239121</ele>
        <time>2026-10-02T15:59:54.533Z</time>
      </trkpt>
      <trkpt lat="20.621095" lon="-100.360308">
        <ele>1937.238208</ele>
        <time>2026-10-02T15:59:54.921Z</time>
      </trkpt>
      <trkpt lat="20.621095" lon="-100.360323">
        <ele>1937.237352</ele>
        <time>2026-10-02T15:59:55.283Z</time>
      </trkpt>
      <trkpt lat="20.621094" lon="-100.360337">
        <ele>1937.236551</ele>
        <time>2026-10-02T15:59:55.624Z</time>
      </trkpt>
      <trkpt lat="20.621091" lon="-100.360351">
        <ele>1937.235732</ele>
        <time>2026-10-02T15:59:55.970Z</time>
      </trkpt>
      <trkpt lat="20.621088" lon="-100.360363">
        <ele>1937.235023</ele>
        <time>2026-10-02T15:59:56.272Z</time>
      </trkpt>
      <trkpt lat="20.621084" lon="-100.360373">
        <ele>1937.234402</ele>
        <time>2026-10-02T15:59:56.535Z</time>
      </trkpt>
      <trkpt lat="20.621082" lon="-100.360382">
        <ele>1937.233874</ele>
        <time>2026-10-02T15:59:56.759Z</time>
      </trkpt>
      <trkpt lat="20.621080" lon="-100.360388">
        <ele>1937.233511</ele>
        <time>2026-10-02T15:59:56.913Z</time>
      </trkpt>
      <trkpt lat="20.621080" lon="-100.360389">
        <ele>1937.233454</ele>
        <time>2026-10-02T15:59:56.937Z</time>
      </trkpt>
      <trkpt lat="20.621068" lon="-100.360407">
        <ele>1937.232193</ele>
        <time>2026-10-02T15:59:57.472Z</time>
      </trkpt>
      <trkpt lat="20.621061" lon="-100.360423">
        <ele>1937.231185</ele>
        <time>2026-10-02T15:59:57.900Z</time>
      </trkpt>
      <trkpt lat="20.621051" lon="-100.360441">
        <ele>1937.229990</ele>
        <time>2026-10-02T15:59:58.406Z</time>
      </trkpt>
      <trkpt lat="20.621042" lon="-100.360456">
        <ele>1937.228974</ele>
        <time>2026-10-02T15:59:58.838Z</time>
      </trkpt>
      <trkpt lat="20.621033" lon="-100.360468">
        <ele>1937.228096</ele>
        <time>2026-10-02T15:59:59.210Z</time>
      </trkpt>
      <trkpt lat="20.621027" lon="-100.360477">
        <ele>1937.227466</ele>
        <time>2026-10-02T15:59:59.477Z</time>
      </trkpt>
      <trkpt lat="20.621024" lon="-100.360483">
        <ele>1937.227078</ele>
        <time>2026-10-02T15:59:59.642Z</time>
      </trkpt>
      <trkpt lat="20.621023" lon="-100.360484">
        <ele>1937.226994</ele>
        <time>2026-10-02T15:59:59.677Z</time>
      </trkpt>
      <trkpt lat="20.621017" lon="-100.360505">
        <ele>1937.225741</ele>
        <time>2026-10-02T16:00:00.209Z</time>
      </trkpt>
      <trkpt lat="20.621012" lon="-100.360516">
        <ele>1937.225043</ele>
        <time>2026-10-02T16:00:00.505Z</time>
      </trkpt>
      <trkpt lat="20.621005" lon="-100.360524">
        <ele>1937.224418</ele>
        <time>2026-10-02T16:00:00.770Z</time>
      </trkpt>
      <trkpt lat="20.620999" lon="-100.360530">
        <ele>1937.223917</ele>
        <time>2026-10-02T16:00:00.982Z</time>
      </trkpt>
      <trkpt lat="20.620990" lon="-100.360536">
        <ele>1937.223271</ele>
        <time>2026-10-02T16:00:01.257Z</time>
      </trkpt>
      <trkpt lat="20.620979" lon="-100.360544">
        <ele>1937.222459</ele>
        <time>2026-10-02T16:00:01.601Z</time>
      </trkpt>
      <trkpt lat="20.620964" lon="-100.360554">
        <ele>1937.221381</ele>
        <time>2026-10-02T16:00:02.058Z</time>
      </trkpt>
      <trkpt lat="20.620945" lon="-100.360568">
        <ele>1937.219974</ele>
        <time>2026-10-02T16:00:02.655Z</time>
      </trkpt>
      <trkpt lat="20.620926" lon="-100.360583">
        <ele>1937.218534</ele>
        <time>2026-10-02T16:00:03.266Z</time>
      </trkpt>
      <trkpt lat="20.620911" lon="-100.360598">
        <ele>1937.217281</ele>
        <time>2026-10-02T16:00:03.797Z</time>
      </trkpt>
      <trkpt lat="20.620901" lon="-100.360612">
        <ele>1937.216276</ele>
        <time>2026-10-02T16:00:04.223Z</time>
      </trkpt>
      <trkpt lat="20.620897" lon="-100.360627">
        <ele>1937.215386</ele>
        <time>2026-10-02T16:00:04.601Z</time>
      </trkpt>
      <trkpt lat="20.620897" lon="-100.360641">
        <ele>1937.214587</ele>
        <time>2026-10-02T16:00:04.939Z</time>
      </trkpt>
      <trkpt lat="20.620897" lon="-100.360656">
        <ele>1937.213731</ele>
        <time>2026-10-02T16:00:05.303Z</time>
      </trkpt>
      <trkpt lat="20.620895" lon="-100.360670">
        <ele>1937.201220</ele>
        <time>2026-10-02T16:00:05.645Z</time>
      </trkpt>
      <trkpt lat="20.620893" lon="-100.360684">
        <ele>1937.186111</ele>
        <time>2026-10-02T16:00:05.988Z</time>
      </trkpt>
      <trkpt lat="20.620890" lon="-100.360697">
        <ele>1937.171827</ele>
        <time>2026-10-02T16:00:06.312Z</time>
      </trkpt>
      <trkpt lat="20.620887" lon="-100.360713">
        <ele>1937.154419</ele>
        <time>2026-10-02T16:00:06.707Z</time>
      </trkpt>
      <trkpt lat="20.620882" lon="-100.360730">
        <ele>1937.135408</ele>
        <time>2026-10-02T16:00:07.138Z</time>
      </trkpt>
      <trkpt lat="20.620876" lon="-100.360746">
        <ele>1937.117020</ele>
        <time>2026-10-02T16:00:07.556Z</time>
      </trkpt>
      <trkpt lat="20.620868" lon="-100.360762">
        <ele>1937.097668</ele>
        <time>2026-10-02T16:00:07.995Z</time>
      </trkpt>
      <trkpt lat="20.620859" lon="-100.360779">
        <ele>1937.076831</ele>
        <time>2026-10-02T16:00:08.467Z</time>
      </trkpt>
      <trkpt lat="20.620848" lon="-100.360796">
        <ele>1937.054783</ele>
        <time>2026-10-02T16:00:08.968Z</time>
      </trkpt>
      <trkpt lat="20.620837" lon="-100.360812">
        <ele>1937.033604</ele>
        <time>2026-10-02T16:00:09.448Z</time>
      </trkpt>
      <trkpt lat="20.620826" lon="-100.360828">
        <ele>1937.012424</ele>
        <time>2026-10-02T16:00:09.929Z</time>
      </trkpt>
      <trkpt lat="20.620817" lon="-100.360842">
        <ele>1936.994305</ele>
        <time>2026-10-02T16:00:10.340Z</time>
      </trkpt>
      <trkpt lat="20.620811" lon="-100.360857">
        <ele>1936.976902</ele>
        <time>2026-10-02T16:00:10.734Z</time>
      </trkpt>
      <trkpt lat="20.620805" lon="-100.360873">
        <ele>1936.958514</ele>
        <time>2026-10-02T16:00:11.152Z</time>
      </trkpt>
      <trkpt lat="20.620799" lon="-100.360888">
        <ele>1936.941111</ele>
        <time>2026-10-02T16:00:11.546Z</time>
      </trkpt>
      <trkpt lat="20.620793" lon="-100.360901">
        <ele>1936.925648</ele>
        <time>2026-10-02T16:00:11.897Z</time>
      </trkpt>
      <trkpt lat="20.620784" lon="-100.360912">
        <ele>1936.910061</ele>
        <time>2026-10-02T16:00:12.251Z</time>
      </trkpt>
      <trkpt lat="20.620773" lon="-100.360920">
        <ele>1936.894893</ele>
        <time>2026-10-02T16:00:12.595Z</time>
      </trkpt>
      <trkpt lat="20.620764" lon="-100.360927">
        <ele>1936.882205</ele>
        <time>2026-10-02T16:00:12.883Z</time>
      </trkpt>
      <trkpt lat="20.620758" lon="-100.360930">
        <ele>1936.874654</ele>
        <time>2026-10-02T16:00:13.054Z</time>
      </trkpt>
      <trkpt lat="20.620755" lon="-100.360929">
        <ele>1936.871072</ele>
        <time>2026-10-02T16:00:13.135Z</time>
      </trkpt>
      <trkpt lat="20.620755" lon="-100.360921">
        <ele>1936.862537</ele>
        <time>2026-10-02T16:00:13.329Z</time>
      </trkpt>
      <trkpt lat="20.620745" lon="-100.360924">
        <ele>1936.850698</ele>
        <time>2026-10-02T16:00:13.598Z</time>
      </trkpt>
      <trkpt lat="20.620733" lon="-100.360924">
        <ele>1936.837019</ele>
        <time>2026-10-02T16:00:13.908Z</time>
      </trkpt>
      <trkpt lat="20.620717" lon="-100.360922">
        <ele>1936.818657</ele>
        <time>2026-10-02T16:00:14.325Z</time>
      </trkpt>
      <trkpt lat="20.620698" lon="-100.360916">
        <ele>1936.796074</ele>
        <time>2026-10-02T16:00:14.837Z</time>
      </trkpt>
      <trkpt lat="20.620676" lon="-100.360905">
        <ele>1936.768387</ele>
        <time>2026-10-02T16:00:15.465Z</time>
      </trkpt>
      <trkpt lat="20.620651" lon="-100.360889">
        <ele>1936.735170</ele>
        <time>2026-10-02T16:00:16.219Z</time>
      </trkpt>
      <trkpt lat="20.620622" lon="-100.360868">
        <ele>1936.695237</ele>
        <time>2026-10-02T16:00:17.125Z</time>
      </trkpt>
      <trkpt lat="20.620590" lon="-100.360846">
        <ele>1936.651863</ele>
        <time>2026-10-02T16:00:18.109Z</time>
      </trkpt>
      <trkpt lat="20.620552" lon="-100.360822">
        <ele>1936.601547</ele>
        <time>2026-10-02T16:00:19.250Z</time>
      </trkpt>
      <trkpt lat="20.620508" lon="-100.360794">
        <ele>1936.543172</ele>
        <time>2026-10-02T16:00:20.575Z</time>
      </trkpt>
      <trkpt lat="20.620461" lon="-100.360762">
        <ele>1936.479646</ele>
        <time>2026-10-02T16:00:22.016Z</time>
      </trkpt>
      <trkpt lat="20.620413" lon="-100.360726">
        <ele>1936.412799</ele>
        <time>2026-10-02T16:00:23.532Z</time>
      </trkpt>
      <trkpt lat="20.620366" lon="-100.360694">
        <ele>1936.349273</ele>
        <time>2026-10-02T16:00:24.974Z</time>
      </trkpt>
      <trkpt lat="20.620324" lon="-100.360672">
        <ele>1936.295956</ele>
        <time>2026-10-02T16:00:26.183Z</time>
      </trkpt>
      <trkpt lat="20.620289" lon="-100.360660">
        <ele>1936.254057</ele>
        <time>2026-10-02T16:00:27.134Z</time>
      </trkpt>
      <trkpt lat="20.620267" lon="-100.360658">
        <ele>1936.228890</ele>
        <time>2026-10-02T16:00:27.705Z</time>
      </trkpt>
      <trkpt lat="20.620257" lon="-100.360661">
        <ele>1936.217050</ele>
        <time>2026-10-02T16:00:27.974Z</time>
      </trkpt>
      <trkpt lat="20.620278" lon="-100.360655">
        <ele>1936.192272</ele>
        <time>2026-10-02T16:00:28.536Z</time>
      </trkpt>
      <trkpt lat="20.620279" lon="-100.360647">
        <ele>1936.183662</ele>
        <time>2026-10-02T16:00:28.731Z</time>
      </trkpt>
      <trkpt lat="20.620279" lon="-100.360643">
        <ele>1936.179395</ele>
        <time>2026-10-02T16:00:28.828Z</time>
      </trkpt>
      <trkpt lat="20.620243" lon="-100.360617">
        <ele>1936.129865</ele>
        <time>2026-10-02T16:00:29.952Z</time>
      </trkpt>
      <trkpt lat="20.620248" lon="-100.360626">
        <ele>1936.118699</ele>
        <time>2026-10-02T16:00:30.205Z</time>
      </trkpt>
      <trkpt lat="20.620251" lon="-100.360632">
        <ele>1936.111442</ele>
        <time>2026-10-02T16:00:30.370Z</time>
      </trkpt>
      <trkpt lat="20.620253" lon="-100.360633">
        <ele>1936.108925</ele>
        <time>2026-10-02T16:00:30.427Z</time>
      </trkpt>
      <trkpt lat="20.620240" lon="-100.360615">
        <ele>1936.084669</ele>
        <time>2026-10-02T16:00:30.977Z</time>
      </trkpt>
      <trkpt lat="20.620235" lon="-100.360607">
        <ele>1936.074407</ele>
        <time>2026-10-02T16:00:31.210Z</time>
      </trkpt>
      <trkpt lat="20.620230" lon="-100.360598">
        <ele>1936.063241</ele>
        <time>2026-10-02T16:00:31.463Z</time>
      </trkpt>
      <trkpt lat="20.620226" lon="-100.360588">
        <ele>1936.051639</ele>
        <time>2026-10-02T16:00:31.726Z</time>
      </trkpt>
      <trkpt lat="20.620224" lon="-100.360576">
        <ele>1936.038636</ele>
        <time>2026-10-02T16:00:32.021Z</time>
      </trkpt>
      <trkpt lat="20.620225" lon="-100.360566">
        <ele>1936.027907</ele>
        <time>2026-10-02T16:00:32.265Z</time>
      </trkpt>
      <trkpt lat="20.620226" lon="-100.360559">
        <ele>1936.020353</ele>
        <time>2026-10-02T16:00:32.436Z</time>
      </trkpt>
      <trkpt lat="20.620226" lon="-100.360556">
        <ele>1936.017152</ele>
        <time>2026-10-02T16:00:32.509Z</time>
      </trkpt>
      <trkpt lat="20.620230" lon="-100.360583">
        <ele>1935.987989</ele>
        <time>2026-10-02T16:00:33.170Z</time>
      </trkpt>
      <trkpt lat="20.620230" lon="-100.360594">
        <ele>1935.976254</ele>
        <time>2026-10-02T16:00:33.437Z</time>
      </trkpt>
      <trkpt lat="20.620231" lon="-100.360602">
        <ele>1935.967644</ele>
        <time>2026-10-02T16:00:33.632Z</time>
      </trkpt>
      <trkpt lat="20.620232" lon="-100.360616">
        <ele>1935.952665</ele>
        <time>2026-10-02T16:00:33.972Z</time>
      </trkpt>
      <trkpt lat="20.620230" lon="-100.360614">
        <ele>1935.949542</ele>
        <time>2026-10-02T16:00:34.043Z</time>
      </trkpt>
      <trkpt lat="20.620229" lon="-100.360613">
        <ele>1935.947981</ele>
        <time>2026-10-02T16:00:34.078Z</time>
      </trkpt>
      <trkpt lat="20.620221" lon="-100.360581">
        <ele>1935.912646</ele>
        <time>2026-10-02T16:00:34.880Z</time>
      </trkpt>
      <trkpt lat="20.620222" lon="-100.360564">
        <ele>1935.894474</ele>
        <time>2026-10-02T16:00:35.292Z</time>
      </trkpt>
      <trkpt lat="20.620226" lon="-100.360542">
        <ele>1935.870565</ele>
        <time>2026-10-02T16:00:35.835Z</time>
      </trkpt>
      <trkpt lat="20.620231" lon="-100.360516">
        <ele>1935.842248</ele>
        <time>2026-10-02T16:00:36.477Z</time>
      </trkpt>
      <trkpt lat="20.620239" lon="-100.360488">
        <ele>1935.811015</ele>
        <time>2026-10-02T16:00:37.186Z</time>
      </trkpt>
      <trkpt lat="20.620246" lon="-100.360463">
        <ele>1935.783177</ele>
        <time>2026-10-02T16:00:37.817Z</time>
      </trkpt>
      <trkpt lat="20.620256" lon="-100.360444">
        <ele>1935.759922</ele>
        <time>2026-10-02T16:00:38.345Z</time>
      </trkpt>
      <trkpt lat="20.620266" lon="-100.360433">
        <ele>1935.743562</ele>
        <time>2026-10-02T16:00:38.716Z</time>
      </trkpt>
      <trkpt lat="20.620281" lon="-100.360427">
        <ele>1935.725305</ele>
        <time>2026-10-02T16:00:39.130Z</time>
      </trkpt>
      <trkpt lat="20.620296" lon="-100.360423">
        <ele>1935.707683</ele>
        <time>2026-10-02T16:00:39.530Z</time>
      </trkpt>
      <trkpt lat="20.620314" lon="-100.360418">
        <ele>1935.686484</ele>
        <time>2026-10-02T16:00:40.011Z</time>
      </trkpt>
      <trkpt lat="20.620336" lon="-100.360411">
        <ele>1935.660319</ele>
        <time>2026-10-02T16:00:40.605Z</time>
      </trkpt>
      <trkpt lat="20.620358" lon="-100.360403">
        <ele>1935.633829</ele>
        <time>2026-10-02T16:00:41.206Z</time>
      </trkpt>
      <trkpt lat="20.620377" lon="-100.360394">
        <ele>1935.610139</ele>
        <time>2026-10-02T16:00:41.743Z</time>
      </trkpt>
      <trkpt lat="20.620394" lon="-100.360381">
        <ele>1935.586310</ele>
        <time>2026-10-02T16:00:42.284Z</time>
      </trkpt>
      <trkpt lat="20.620409" lon="-100.360360">
        <ele>1935.558127</ele>
        <time>2026-10-02T16:00:42.923Z</time>
      </trkpt>
      <trkpt lat="20.620423" lon="-100.360336">
        <ele>1935.527958</ele>
        <time>2026-10-02T16:00:43.608Z</time>
      </trkpt>
      <trkpt lat="20.620433" lon="-100.360315">
        <ele>1935.502821</ele>
        <time>2026-10-02T16:00:44.178Z</time>
      </trkpt>
      <trkpt lat="20.620438" lon="-100.360297">
        <ele>1935.482790</ele>
        <time>2026-10-02T16:00:44.633Z</time>
      </trkpt>
      <trkpt lat="20.620439" lon="-100.360285">
        <ele>1935.469938</ele>
        <time>2026-10-02T16:00:44.924Z</time>
      </trkpt>
      <trkpt lat="20.620438" lon="-100.360277">
        <ele>1935.461327</ele>
        <time>2026-10-02T16:00:45.120Z</time>
      </trkpt>
      <trkpt lat="20.620435" lon="-100.360271">
        <ele>1935.454070</ele>
        <time>2026-10-02T16:00:45.284Z</time>
      </trkpt>
      <trkpt lat="20.620432" lon="-100.360267">
        <ele>1935.448602</ele>
        <time>2026-10-02T16:00:45.408Z</time>
      </trkpt>
      <trkpt lat="20.620428" lon="-100.360265">
        <ele>1935.443568</ele>
        <time>2026-10-02T16:00:45.523Z</time>
      </trkpt>
      <trkpt lat="20.620425" lon="-100.360266">
        <ele>1935.439986</ele>
        <time>2026-10-02T16:00:45.604Z</time>
      </trkpt>
      <trkpt lat="20.620418" lon="-100.360308">
        <ele>1935.394474</ele>
        <time>2026-10-02T16:00:46.636Z</time>
      </trkpt>
      <trkpt lat="20.620410" lon="-100.360332">
        <ele>1935.367295</ele>
        <time>2026-10-02T16:00:47.253Z</time>
      </trkpt>
      <trkpt lat="20.620401" lon="-100.360358">
        <ele>1935.337721</ele>
        <time>2026-10-02T16:00:47.924Z</time>
      </trkpt>
      <trkpt lat="20.620390" lon="-100.360380">
        <ele>1935.311111</ele>
        <time>2026-10-02T16:00:48.528Z</time>
      </trkpt>
      <trkpt lat="20.620377" lon="-100.360397">
        <ele>1935.287692</ele>
        <time>2026-10-02T16:00:49.059Z</time>
      </trkpt>
      <trkpt lat="20.620363" lon="-100.360408">
        <ele>1935.267883</ele>
        <time>2026-10-02T16:00:49.509Z</time>
      </trkpt>
      <trkpt lat="20.620348" lon="-100.360416">
        <ele>1935.248774</ele>
        <time>2026-10-02T16:00:49.942Z</time>
      </trkpt>
      <trkpt lat="20.620335" lon="-100.360420">
        <ele>1935.233353</ele>
        <time>2026-10-02T16:00:50.292Z</time>
      </trkpt>
      <trkpt lat="20.620321" lon="-100.360424">
        <ele>1935.216835</ele>
        <time>2026-10-02T16:00:50.667Z</time>
      </trkpt>
      <trkpt lat="20.620307" lon="-100.360426">
        <ele>1935.200735</ele>
        <time>2026-10-02T16:00:51.032Z</time>
      </trkpt>
      <trkpt lat="20.620294" lon="-100.360427">
        <ele>1935.185878</ele>
        <time>2026-10-02T16:00:51.369Z</time>
      </trkpt>
      <trkpt lat="20.620282" lon="-100.360431">
        <ele>1935.171550</ele>
        <time>2026-10-02T16:00:51.694Z</time>
      </trkpt>
      <trkpt lat="20.620270" lon="-100.360438">
        <ele>1935.148973</ele>
        <time>2026-10-02T16:00:52.048Z</time>
      </trkpt>
      <trkpt lat="20.620260" lon="-100.360448">
        <ele>1935.118661</ele>
        <time>2026-10-02T16:00:52.402Z</time>
      </trkpt>
      <trkpt lat="20.620252" lon="-100.360462">
        <ele>1935.084686</ele>
        <time>2026-10-02T16:00:52.799Z</time>
      </trkpt>
      <trkpt lat="20.620246" lon="-100.360478">
        <ele>1935.048984</ele>
        <time>2026-10-02T16:00:53.216Z</time>
      </trkpt>
      <trkpt lat="20.620241" lon="-100.360496">
        <ele>1935.010093</ele>
        <time>2026-10-02T16:00:53.671Z</time>
      </trkpt>
      <trkpt lat="20.620237" lon="-100.360514">
        <ele>1934.971773</ele>
        <time>2026-10-02T16:00:54.119Z</time>
      </trkpt>
      <trkpt lat="20.620233" lon="-100.360533">
        <ele>1934.931435</ele>
        <time>2026-10-02T16:00:54.590Z</time>
      </trkpt>
      <trkpt lat="20.620230" lon="-100.360552">
        <ele>1934.891525</ele>
        <time>2026-10-02T16:00:55.057Z</time>
      </trkpt>
      <trkpt lat="20.620228" lon="-100.360571">
        <ele>1934.851922</ele>
        <time>2026-10-02T16:00:55.519Z</time>
      </trkpt>
      <trkpt lat="20.620229" lon="-100.360588">
        <ele>1934.816641</ele>
        <time>2026-10-02T16:00:55.932Z</time>
      </trkpt>
      <trkpt lat="20.620233" lon="-100.360605">
        <ele>1934.780333</ele>
        <time>2026-10-02T16:00:56.356Z</time>
      </trkpt>
      <trkpt lat="20.620242" lon="-100.360620">
        <ele>1934.743427</ele>
        <time>2026-10-02T16:00:56.787Z</time>
      </trkpt>
      <trkpt lat="20.620252" lon="-100.360633">
        <ele>1934.708573</ele>
        <time>2026-10-02T16:00:57.195Z</time>
      </trkpt>
      <trkpt lat="20.620265" lon="-100.360643">
        <ele>1934.673123</ele>
        <time>2026-10-02T16:00:57.609Z</time>
      </trkpt>
      <trkpt lat="20.620278" lon="-100.360649">
        <ele>1934.641783</ele>
        <time>2026-10-02T16:00:57.975Z</time>
      </trkpt>
      <trkpt lat="20.620290" lon="-100.360656">
        <ele>1934.611526</ele>
        <time>2026-10-02T16:00:58.329Z</time>
      </trkpt>
      <trkpt lat="20.620298" lon="-100.360668">
        <ele>1934.581010</ele>
        <time>2026-10-02T16:00:58.685Z</time>
      </trkpt>
      <trkpt lat="20.620300" lon="-100.360683">
        <ele>1934.549627</ele>
        <time>2026-10-02T16:00:59.052Z</time>
      </trkpt>
      <trkpt lat="20.620297" lon="-100.360702">
        <ele>1934.509716</ele>
        <time>2026-10-02T16:00:59.518Z</time>
      </trkpt>
      <trkpt lat="20.620291" lon="-100.360722">
        <ele>1934.466214</ele>
        <time>2026-10-02T16:01:00.027Z</time>
      </trkpt>
      <trkpt lat="20.620284" lon="-100.360742">
        <ele>1934.421986</ele>
        <time>2026-10-02T16:01:00.544Z</time>
      </trkpt>
      <trkpt lat="20.620276" lon="-100.360761">
        <ele>1934.378833</ele>
        <time>2026-10-02T16:01:01.048Z</time>
      </trkpt>
      <trkpt lat="20.620270" lon="-100.360779">
        <ele>1934.339256</ele>
        <time>2026-10-02T16:01:01.511Z</time>
      </trkpt>
      <trkpt lat="20.620266" lon="-100.360796">
        <ele>1934.302948</ele>
        <time>2026-10-02T16:01:01.935Z</time>
      </trkpt>
      <trkpt lat="20.620262" lon="-100.360813">
        <ele>1934.266640</ele>
        <time>2026-10-02T16:01:02.359Z</time>
      </trkpt>
      <trkpt lat="20.620258" lon="-100.360830">
        <ele>1934.230333</ele>
        <time>2026-10-02T16:01:02.784Z</time>
      </trkpt>
      <trkpt lat="20.620254" lon="-100.360847">
        <ele>1934.194025</ele>
        <time>2026-10-02T16:01:03.208Z</time>
      </trkpt>
      <trkpt lat="20.620248" lon="-100.360863">
        <ele>1934.158323</ele>
        <time>2026-10-02T16:01:03.625Z</time>
      </trkpt>
      <trkpt lat="20.620241" lon="-100.360880">
        <ele>1934.119854</ele>
        <time>2026-10-02T16:01:04.075Z</time>
      </trkpt>
      <trkpt lat="20.620232" lon="-100.360897">
        <ele>1934.079399</ele>
        <time>2026-10-02T16:01:04.547Z</time>
      </trkpt>
      <trkpt lat="20.620225" lon="-100.360911">
        <ele>1934.046522</ele>
        <time>2026-10-02T16:01:04.932Z</time>
      </trkpt>
      <trkpt lat="20.620219" lon="-100.360922">
        <ele>1934.020151</ele>
        <time>2026-10-02T16:01:05.240Z</time>
      </trkpt>
      <trkpt lat="20.620213" lon="-100.360933">
        <ele>1933.993780</ele>
        <time>2026-10-02T16:01:05.548Z</time>
      </trkpt>
      <trkpt lat="20.620207" lon="-100.360942">
        <ele>1933.970893</ele>
        <time>2026-10-02T16:01:05.816Z</time>
      </trkpt>
      <trkpt lat="20.620203" lon="-100.360948">
        <ele>1933.955635</ele>
        <time>2026-10-02T16:01:05.994Z</time>
      </trkpt>
      <trkpt lat="20.620202" lon="-100.360951">
        <ele>1933.949038</ele>
        <time>2026-10-02T16:01:06.071Z</time>
      </trkpt>
      <trkpt lat="20.620204" lon="-100.360951">
        <ele>1933.944612</ele>
        <time>2026-10-02T16:01:06.123Z</time>
      </trkpt>
      <trkpt lat="20.620219" lon="-100.360942">
        <ele>1933.906540</ele>
        <time>2026-10-02T16:01:06.568Z</time>
      </trkpt>
      <trkpt lat="20.620219" lon="-100.360940">
        <ele>1933.902397</ele>
        <time>2026-10-02T16:01:06.616Z</time>
      </trkpt>
      <trkpt lat="20.620218" lon="-100.360940">
        <ele>1933.900184</ele>
        <time>2026-10-02T16:01:06.642Z</time>
      </trkpt>
      <trkpt lat="20.620205" lon="-100.360969">
        <ele>1933.833582</ele>
        <time>2026-10-02T16:01:07.420Z</time>
      </trkpt>
      <trkpt lat="20.620199" lon="-100.360994">
        <ele>1933.780125</ele>
        <time>2026-10-02T16:01:08.045Z</time>
      </trkpt>
      <trkpt lat="20.620197" lon="-100.361024">
        <ele>1933.717829</ele>
        <time>2026-10-02T16:01:08.773Z</time>
      </trkpt>
      <trkpt lat="20.620195" lon="-100.361051">
        <ele>1933.661729</ele>
        <time>2026-10-02T16:01:09.429Z</time>
      </trkpt>
      <trkpt lat="20.620194" lon="-100.361074">
        <ele>1933.614038</ele>
        <time>2026-10-02T16:01:09.986Z</time>
      </trkpt>
      <trkpt lat="20.620194" lon="-100.361094">
        <ele>1933.572612</ele>
        <time>2026-10-02T16:01:10.470Z</time>
      </trkpt>
      <trkpt lat="20.620191" lon="-100.361115">
        <ele>1933.528611</ele>
        <time>2026-10-02T16:01:10.984Z</time>
      </trkpt>
      <trkpt lat="20.620190" lon="-100.361132">
        <ele>1933.493329</ele>
        <time>2026-10-02T16:01:11.397Z</time>
      </trkpt>
      <trkpt lat="20.620190" lon="-100.361140">
        <ele>1933.476759</ele>
        <time>2026-10-02T16:01:11.590Z</time>
      </trkpt>
      <trkpt lat="20.620190" lon="-100.361142">
        <ele>1933.472616</ele>
        <time>2026-10-02T16:01:11.639Z</time>
      </trkpt>
      <trkpt lat="20.620201" lon="-100.361188">
        <ele>1933.374276</ele>
        <time>2026-10-02T16:01:12.788Z</time>
      </trkpt>
      <trkpt lat="20.620203" lon="-100.361196">
        <ele>1933.357125</ele>
        <time>2026-10-02T16:01:12.989Z</time>
      </trkpt>
      <trkpt lat="20.620204" lon="-100.361203">
        <ele>1933.342458</ele>
        <time>2026-10-02T16:01:13.160Z</time>
      </trkpt>
      <trkpt lat="20.620205" lon="-100.361211">
        <ele>1933.325740</ele>
        <time>2026-10-02T16:01:13.356Z</time>
      </trkpt>
      <trkpt lat="20.620247" lon="-100.361286">
        <ele>1933.144709</ele>
        <time>2026-10-02T16:01:15.471Z</time>
      </trkpt>
      <trkpt lat="20.620254" lon="-100.361289">
        <ele>1933.128018</ele>
        <time>2026-10-02T16:01:15.666Z</time>
      </trkpt>
      <trkpt lat="20.620261" lon="-100.361289">
        <ele>1933.112527</ele>
        <time>2026-10-02T16:01:15.847Z</time>
      </trkpt>
      <trkpt lat="20.620269" lon="-100.361288">
        <ele>1933.094701</ele>
        <time>2026-10-02T16:01:16.056Z</time>
      </trkpt>
      <trkpt lat="20.620277" lon="-100.361286">
        <ele>1933.076518</ele>
        <time>2026-10-02T16:01:16.268Z</time>
      </trkpt>
      <trkpt lat="20.620286" lon="-100.361285">
        <ele>1933.056493</ele>
        <time>2026-10-02T16:01:16.502Z</time>
      </trkpt>
      <trkpt lat="20.620294" lon="-100.361283">
        <ele>1933.038311</ele>
        <time>2026-10-02T16:01:16.715Z</time>
      </trkpt>
      <trkpt lat="20.620304" lon="-100.361280">
        <ele>1933.015324</ele>
        <time>2026-10-02T16:01:16.983Z</time>
      </trkpt>
      <trkpt lat="20.620313" lon="-100.361278">
        <ele>1932.994980</ele>
        <time>2026-10-02T16:01:17.221Z</time>
      </trkpt>
      <trkpt lat="20.620321" lon="-100.361275">
        <ele>1932.976217</ele>
        <time>2026-10-02T16:01:17.440Z</time>
      </trkpt>
      <trkpt lat="20.620329" lon="-100.361272">
        <ele>1932.957453</ele>
        <time>2026-10-02T16:01:17.660Z</time>
      </trkpt>
      <trkpt lat="20.620336" lon="-100.361270">
        <ele>1932.941418</ele>
        <time>2026-10-02T16:01:17.847Z</time>
      </trkpt>
      <trkpt lat="20.620342" lon="-100.361269">
        <ele>1932.927978</ele>
        <time>2026-10-02T16:01:18.004Z</time>
      </trkpt>
      <trkpt lat="20.620386" lon="-100.361227">
        <ele>1932.797403</ele>
        <time>2026-10-02T16:01:19.530Z</time>
      </trkpt>
      <trkpt lat="20.620388" lon="-100.361221">
        <ele>1932.784211</ele>
        <time>2026-10-02T16:01:19.684Z</time>
      </trkpt>
      <trkpt lat="20.620389" lon="-100.361215">
        <ele>1932.771587</ele>
        <time>2026-10-02T16:01:19.832Z</time>
      </trkpt>
      <trkpt lat="20.620391" lon="-100.361210">
        <ele>1932.760325</ele>
        <time>2026-10-02T16:01:19.964Z</time>
      </trkpt>
      <trkpt lat="20.620422" lon="-100.361166">
        <ele>1932.646252</ele>
        <time>2026-10-02T16:01:21.297Z</time>
      </trkpt>
      <trkpt lat="20.620420" lon="-100.361154">
        <ele>1932.621006</ele>
        <time>2026-10-02T16:01:21.592Z</time>
      </trkpt>
      <trkpt lat="20.620413" lon="-100.361138">
        <ele>1932.584423</ele>
        <time>2026-10-02T16:01:22.019Z</time>
      </trkpt>
      <trkpt lat="20.620399" lon="-100.361118">
        <ele>1932.532692</ele>
        <time>2026-10-02T16:01:22.624Z</time>
      </trkpt>
      <trkpt lat="20.620380" lon="-100.361100">
        <ele>1932.476495</ele>
        <time>2026-10-02T16:01:23.281Z</time>
      </trkpt>
      <trkpt lat="20.620352" lon="-100.361079">
        <ele>1932.400787</ele>
        <time>2026-10-02T16:01:24.166Z</time>
      </trkpt>
      <trkpt lat="20.620315" lon="-100.361054">
        <ele>1932.303904</ele>
        <time>2026-10-02T16:01:25.298Z</time>
      </trkpt>
      <trkpt lat="20.620276" lon="-100.361029">
        <ele>1932.203252</ele>
        <time>2026-10-02T16:01:26.474Z</time>
      </trkpt>
      <trkpt lat="20.620242" lon="-100.361000">
        <ele>1932.106972</ele>
        <time>2026-10-02T16:01:27.600Z</time>
      </trkpt>
      <trkpt lat="20.620218" lon="-100.360970">
        <ele>1932.025226</ele>
        <time>2026-10-02T16:01:28.555Z</time>
      </trkpt>
      <trkpt lat="20.620207" lon="-100.360943">
        <ele>1931.964233</ele>
        <time>2026-10-02T16:01:29.268Z</time>
      </trkpt>
      <trkpt lat="20.620209" lon="-100.360925">
        <ele>1931.926688</ele>
        <time>2026-10-02T16:01:29.707Z</time>
      </trkpt>
      <trkpt lat="20.620218" lon="-100.360914">
        <ele>1931.896425</ele>
        <time>2026-10-02T16:01:30.061Z</time>
      </trkpt>
      <trkpt lat="20.620230" lon="-100.360906">
        <ele>1931.865122</ele>
        <time>2026-10-02T16:01:30.427Z</time>
      </trkpt>
      <trkpt lat="20.620239" lon="-100.360900">
        <ele>1931.841646</ele>
        <time>2026-10-02T16:01:30.701Z</time>
      </trkpt>
      <trkpt lat="20.620243" lon="-100.360898">
        <ele>1931.831872</ele>
        <time>2026-10-02T16:01:30.815Z</time>
      </trkpt>
      <trkpt lat="20.620247" lon="-100.360899">
        <ele>1931.822781</ele>
        <time>2026-10-02T16:01:30.921Z</time>
      </trkpt>
      <trkpt lat="20.620255" lon="-100.360887">
        <ele>1931.792264</ele>
        <time>2026-10-02T16:01:31.278Z</time>
      </trkpt>
      <trkpt lat="20.620261" lon="-100.360875">
        <ele>1931.764084</ele>
        <time>2026-10-02T16:01:31.607Z</time>
      </trkpt>
      <trkpt lat="20.620268" lon="-100.360862">
        <ele>1931.733019</ele>
        <time>2026-10-02T16:01:31.970Z</time>
      </trkpt>
      <trkpt lat="20.620274" lon="-100.360849">
        <ele>1931.702996</ele>
        <time>2026-10-02T16:01:32.321Z</time>
      </trkpt>
      <trkpt lat="20.620281" lon="-100.360832">
        <ele>1931.664527</ele>
        <time>2026-10-02T16:01:32.771Z</time>
      </trkpt>
      <trkpt lat="20.620287" lon="-100.360808">
        <ele>1931.613073</ele>
        <time>2026-10-02T16:01:33.373Z</time>
      </trkpt>
      <trkpt lat="20.620292" lon="-100.360779">
        <ele>1931.551995</ele>
        <time>2026-10-02T16:01:34.086Z</time>
      </trkpt>
      <trkpt lat="20.620299" lon="-100.360745">
        <ele>1931.479887</ele>
        <time>2026-10-02T16:01:34.929Z</time>
      </trkpt>
      <trkpt lat="20.620306" lon="-100.360715">
        <ele>1931.415847</ele>
        <time>2026-10-02T16:01:35.678Z</time>
      </trkpt>
      <trkpt lat="20.620312" lon="-100.360693">
        <ele>1931.368383</ele>
        <time>2026-10-02T16:01:36.232Z</time>
      </trkpt>
      <trkpt lat="20.620315" lon="-100.360677">
        <ele>1931.334584</ele>
        <time>2026-10-02T16:01:36.628Z</time>
      </trkpt>
      <trkpt lat="20.620314" lon="-100.360664">
        <ele>1931.307566</ele>
        <time>2026-10-02T16:01:36.943Z</time>
      </trkpt>
      <trkpt lat="20.620311" lon="-100.360656">
        <ele>1931.289715</ele>
        <time>2026-10-02T16:01:37.152Z</time>
      </trkpt>
      <trkpt lat="20.620308" lon="-100.360654">
        <ele>1931.281890</ele>
        <time>2026-10-02T16:01:37.244Z</time>
      </trkpt>
      <trkpt lat="20.620273" lon="-100.360645">
        <ele>1931.202221</ele>
        <time>2026-10-02T16:01:38.175Z</time>
      </trkpt>
      <trkpt lat="20.620260" lon="-100.360641">
        <ele>1931.166811</ele>
        <time>2026-10-02T16:01:38.525Z</time>
      </trkpt>
      <trkpt lat="20.620252" lon="-100.360637">
        <ele>1931.137160</ele>
        <time>2026-10-02T16:01:38.753Z</time>
      </trkpt>
      <trkpt lat="20.620248" lon="-100.360591">
        <ele>1930.992007</ele>
        <time>2026-10-02T16:01:39.871Z</time>
      </trkpt>
      <trkpt lat="20.620250" lon="-100.360577">
        <ele>1930.947509</ele>
        <time>2026-10-02T16:01:40.214Z</time>
      </trkpt>
      <trkpt lat="20.620253" lon="-100.360562">
        <ele>1930.899316</ele>
        <time>2026-10-02T16:01:40.586Z</time>
      </trkpt>
      <trkpt lat="20.620256" lon="-100.360545">
        <ele>1930.844961</ele>
        <time>2026-10-02T16:01:41.005Z</time>
      </trkpt>
      <trkpt lat="20.620260" lon="-100.360526">
        <ele>1930.783772</ele>
        <time>2026-10-02T16:01:41.476Z</time>
      </trkpt>
      <trkpt lat="20.620264" lon="-100.360506">
        <ele>1930.719514</ele>
        <time>2026-10-02T16:01:41.971Z</time>
      </trkpt>
      <trkpt lat="20.620268" lon="-100.360488">
        <ele>1930.661386</ele>
        <time>2026-10-02T16:01:42.419Z</time>
      </trkpt>
      <trkpt lat="20.620271" lon="-100.360472">
        <ele>1930.610115</ele>
        <time>2026-10-02T16:01:42.814Z</time>
      </trkpt>
      <trkpt lat="20.620277" lon="-100.360459">
        <ele>1930.564573</ele>
        <time>2026-10-02T16:01:43.165Z</time>
      </trkpt>
      <trkpt lat="20.620281" lon="-100.360446">
        <ele>1930.521577</ele>
        <time>2026-10-02T16:01:43.496Z</time>
      </trkpt>
      <trkpt lat="20.620282" lon="-100.360432">
        <ele>1930.477462</ele>
        <time>2026-10-02T16:01:43.836Z</time>
      </trkpt>
      <trkpt lat="20.620280" lon="-100.360419">
        <ele>1930.436068</ele>
        <time>2026-10-02T16:01:44.155Z</time>
      </trkpt>
      <trkpt lat="20.620274" lon="-100.360411">
        <ele>1930.403857</ele>
        <time>2026-10-02T16:01:44.404Z</time>
      </trkpt>
      <trkpt lat="20.620263" lon="-100.360404">
        <ele>1930.360876</ele>
        <time>2026-10-02T16:01:44.735Z</time>
      </trkpt>
      <trkpt lat="20.620247" lon="-100.360398">
        <ele>1930.303951</ele>
        <time>2026-10-02T16:01:45.174Z</time>
      </trkpt>
      <trkpt lat="20.620229" lon="-100.360391">
        <ele>1930.239646</ele>
        <time>2026-10-02T16:01:45.669Z</time>
      </trkpt>
      <trkpt lat="20.620210" lon="-100.360385">
        <ele>1930.173135</ele>
        <time>2026-10-02T16:01:46.182Z</time>
      </trkpt>
      <trkpt lat="20.620188" lon="-100.360381">
        <ele>1930.098218</ele>
        <time>2026-10-02T16:01:46.759Z</time>
      </trkpt>
      <trkpt lat="20.620170" lon="-100.360383">
        <ele>1930.037466</ele>
        <time>2026-10-02T16:01:47.227Z</time>
      </trkpt>
      <trkpt lat="20.620157" lon="-100.360391">
        <ele>1929.987103</ele>
        <time>2026-10-02T16:01:47.615Z</time>
      </trkpt>
      <trkpt lat="20.620151" lon="-100.360402">
        <ele>1929.947100</ele>
        <time>2026-10-02T16:01:47.923Z</time>
      </trkpt>
      <trkpt lat="20.620149" lon="-100.360416">
        <ele>1929.902603</ele>
        <time>2026-10-02T16:01:48.266Z</time>
      </trkpt>
      <trkpt lat="20.620147" lon="-100.360430">
        <ele>1929.858106</ele>
        <time>2026-10-02T16:01:48.609Z</time>
      </trkpt>
      <trkpt lat="20.620144" lon="-100.360446">
        <ele>1929.806835</ele>
        <time>2026-10-02T16:01:49.004Z</time>
      </trkpt>
      <trkpt lat="20.620142" lon="-100.360462">
        <ele>1929.756117</ele>
        <time>2026-10-02T16:01:49.395Z</time>
      </trkpt>
      <trkpt lat="20.620140" lon="-100.360479">
        <ele>1929.702284</ele>
        <time>2026-10-02T16:01:49.810Z</time>
      </trkpt>
      <trkpt lat="20.620137" lon="-100.360496">
        <ele>1929.647929</ele>
        <time>2026-10-02T16:01:50.229Z</time>
      </trkpt>
      <trkpt lat="20.620133" lon="-100.360513">
        <ele>1929.592853</ele>
        <time>2026-10-02T16:01:50.653Z</time>
      </trkpt>
      <trkpt lat="20.620125" lon="-100.360529">
        <ele>1929.535857</ele>
        <time>2026-10-02T16:01:51.092Z</time>
      </trkpt>
      <trkpt lat="20.620117" lon="-100.360545">
        <ele>1929.478862</ele>
        <time>2026-10-02T16:01:51.531Z</time>
      </trkpt>
      <trkpt lat="20.620110" lon="-100.360563">
        <ele>1929.417618</ele>
        <time>2026-10-02T16:01:52.003Z</time>
      </trkpt>
      <trkpt lat="20.620105" lon="-100.360582">
        <ele>1929.355606</ele>
        <time>2026-10-02T16:01:52.481Z</time>
      </trkpt>
      <trkpt lat="20.620102" lon="-100.360600">
        <ele>1929.298161</ele>
        <time>2026-10-02T16:01:52.924Z</time>
      </trkpt>
      <trkpt lat="20.620100" lon="-100.360620">
        <ele>1929.234964</ele>
        <time>2026-10-02T16:01:53.411Z</time>
      </trkpt>
      <trkpt lat="20.620099" lon="-100.360641">
        <ele>1929.168897</ele>
        <time>2026-10-02T16:01:53.920Z</time>
      </trkpt>
      <trkpt lat="20.620097" lon="-100.360662">
        <ele>1929.102574</ele>
        <time>2026-10-02T16:01:54.431Z</time>
      </trkpt>
      <trkpt lat="20.620096" lon="-100.360682">
        <ele>1929.039645</ele>
        <time>2026-10-02T16:01:54.916Z</time>
      </trkpt>
      <trkpt lat="20.620094" lon="-100.360699">
        <ele>1928.985811</ele>
        <time>2026-10-02T16:01:55.331Z</time>
      </trkpt>
      <trkpt lat="20.620091" lon="-100.360715">
        <ele>1928.934541</ele>
        <time>2026-10-02T16:01:55.726Z</time>
      </trkpt>
      <trkpt lat="20.620087" lon="-100.360729">
        <ele>1928.888549</ele>
        <time>2026-10-02T16:01:56.080Z</time>
      </trkpt>
      <trkpt lat="20.620084" lon="-100.360743">
        <ele>1928.843423</ele>
        <time>2026-10-02T16:01:56.428Z</time>
      </trkpt>
      <trkpt lat="20.620081" lon="-100.360756">
        <ele>1928.801354</ele>
        <time>2026-10-02T16:01:56.753Z</time>
      </trkpt>
      <trkpt lat="20.620077" lon="-100.360770">
        <ele>1928.755363</ele>
        <time>2026-10-02T16:01:57.107Z</time>
      </trkpt>
      <trkpt lat="20.620073" lon="-100.360788">
        <ele>1928.697235</ele>
        <time>2026-10-02T16:01:57.555Z</time>
      </trkpt>
      <trkpt lat="20.620068" lon="-100.360805">
        <ele>1928.641246</ele>
        <time>2026-10-02T16:01:57.987Z</time>
      </trkpt>
      <trkpt lat="20.620063" lon="-100.360821">
        <ele>1928.588246</ele>
        <time>2026-10-02T16:01:58.395Z</time>
      </trkpt>
      <trkpt lat="20.620057" lon="-100.360835">
        <ele>1928.539866</ele>
        <time>2026-10-02T16:01:58.768Z</time>
      </trkpt>
      <trkpt lat="20.620051" lon="-100.360849">
        <ele>1928.491486</ele>
        <time>2026-10-02T16:01:59.140Z</time>
      </trkpt>
      <trkpt lat="20.620044" lon="-100.360864">
        <ele>1928.438823</ele>
        <time>2026-10-02T16:01:59.546Z</time>
      </trkpt>
      <trkpt lat="20.620036" lon="-100.360880">
        <ele>1928.381827</ele>
        <time>2026-10-02T16:01:59.986Z</time>
      </trkpt>
      <trkpt lat="20.620029" lon="-100.360899">
        <ele>1928.317671</ele>
        <time>2026-10-02T16:02:00.480Z</time>
      </trkpt>
      <trkpt lat="20.620026" lon="-100.360918">
        <ele>1928.257130</ele>
        <time>2026-10-02T16:02:00.947Z</time>
      </trkpt>
      <trkpt lat="20.620023" lon="-100.360939">
        <ele>1928.190384</ele>
        <time>2026-10-02T16:02:01.461Z</time>
      </trkpt>
      <trkpt lat="20.620021" lon="-100.360960">
        <ele>1928.124062</ele>
        <time>2026-10-02T16:02:01.972Z</time>
      </trkpt>
      <trkpt lat="20.620018" lon="-100.360981">
        <ele>1928.057316</ele>
        <time>2026-10-02T16:02:02.487Z</time>
      </trkpt>
      <trkpt lat="20.620015" lon="-100.361006">
        <ele>1927.978123</ele>
        <time>2026-10-02T16:02:03.097Z</time>
      </trkpt>
      <trkpt lat="20.620009" lon="-100.361030">
        <ele>1927.900072</ele>
        <time>2026-10-02T16:02:03.698Z</time>
      </trkpt>
      <trkpt lat="20.620003" lon="-100.361052">
        <ele>1927.828074</ele>
        <time>2026-10-02T16:02:04.253Z</time>
      </trkpt>
      <trkpt lat="20.619998" lon="-100.361070">
        <ele>1927.769080</ele>
        <time>2026-10-02T16:02:04.708Z</time>
      </trkpt>
      <trkpt lat="20.619991" lon="-100.361085">
        <ele>1927.716416</ele>
        <time>2026-10-02T16:02:05.114Z</time>
      </trkpt>
      <trkpt lat="20.619984" lon="-100.361100">
        <ele>1927.663753</ele>
        <time>2026-10-02T16:02:05.520Z</time>
      </trkpt>
      <trkpt lat="20.619974" lon="-100.361117">
        <ele>1927.600666</ele>
        <time>2026-10-02T16:02:06.006Z</time>
      </trkpt>
      <trkpt lat="20.619960" lon="-100.361136">
        <ele>1927.524688</ele>
        <time>2026-10-02T16:02:06.591Z</time>
      </trkpt>
      <trkpt lat="20.619943" lon="-100.361158">
        <ele>1927.435049</ele>
        <time>2026-10-02T16:02:07.282Z</time>
      </trkpt>
      <trkpt lat="20.619927" lon="-100.361184">
        <ele>1927.337282</ele>
        <time>2026-10-02T16:02:08.036Z</time>
      </trkpt>
      <trkpt lat="20.619913" lon="-100.361214">
        <ele>1927.231955</ele>
        <time>2026-10-02T16:02:08.847Z</time>
      </trkpt>
      <trkpt lat="20.619903" lon="-100.361245">
        <ele>1927.128931</ele>
        <time>2026-10-02T16:02:09.642Z</time>
      </trkpt>
      <trkpt lat="20.619894" lon="-100.361277">
        <ele>1927.023946</ele>
        <time>2026-10-02T16:02:10.451Z</time>
      </trkpt>
      <trkpt lat="20.619888" lon="-100.361308">
        <ele>1926.924483</ele>
        <time>2026-10-02T16:02:11.217Z</time>
      </trkpt>
      <trkpt lat="20.619885" lon="-100.361340">
        <ele>1926.823437</ele>
        <time>2026-10-02T16:02:11.996Z</time>
      </trkpt>
      <trkpt lat="20.619882" lon="-100.361371">
        <ele>1926.725516</ele>
        <time>2026-10-02T16:02:12.751Z</time>
      </trkpt>
      <trkpt lat="20.619881" lon="-100.361401">
        <ele>1926.631197</ele>
        <time>2026-10-02T16:02:13.478Z</time>
      </trkpt>
      <trkpt lat="20.619878" lon="-100.361430">
        <ele>1926.539525</ele>
        <time>2026-10-02T16:02:14.184Z</time>
      </trkpt>
      <trkpt lat="20.619872" lon="-100.361459">
        <ele>1926.446207</ele>
        <time>2026-10-02T16:02:14.903Z</time>
      </trkpt>
      <trkpt lat="20.619862" lon="-100.361482">
        <ele>1926.366525</ele>
        <time>2026-10-02T16:02:15.517Z</time>
      </trkpt>
      <trkpt lat="20.619851" lon="-100.361499">
        <ele>1926.301589</ele>
        <time>2026-10-02T16:02:16.018Z</time>
      </trkpt>
      <trkpt lat="20.619840" lon="-100.361512">
        <ele>1926.246525</ele>
        <time>2026-10-02T16:02:16.442Z</time>
      </trkpt>
      <trkpt lat="20.619829" lon="-100.361523">
        <ele>1926.195947</ele>
        <time>2026-10-02T16:02:16.832Z</time>
      </trkpt>
      <trkpt lat="20.619820" lon="-100.361534">
        <ele>1926.150041</ele>
        <time>2026-10-02T16:02:17.186Z</time>
      </trkpt>
      <trkpt lat="20.619809" lon="-100.361547">
        <ele>1926.094977</ele>
        <time>2026-10-02T16:02:17.610Z</time>
      </trkpt>
      <trkpt lat="20.619797" lon="-100.361563">
        <ele>1926.030556</ele>
        <time>2026-10-02T16:02:18.107Z</time>
      </trkpt>
      <trkpt lat="20.619783" lon="-100.361583">
        <ele>1925.952085</ele>
        <time>2026-10-02T16:02:18.712Z</time>
      </trkpt>
      <trkpt lat="20.619770" lon="-100.361607">
        <ele>1925.864959</ele>
        <time>2026-10-02T16:02:19.383Z</time>
      </trkpt>
      <trkpt lat="20.619758" lon="-100.361631">
        <ele>1925.779466</ele>
        <time>2026-10-02T16:02:20.042Z</time>
      </trkpt>
      <trkpt lat="20.619746" lon="-100.361654">
        <ele>1925.696730</ele>
        <time>2026-10-02T16:02:20.680Z</time>
      </trkpt>
      <trkpt lat="20.619735" lon="-100.361674">
        <ele>1925.623844</ele>
        <time>2026-10-02T16:02:21.242Z</time>
      </trkpt>
      <trkpt lat="20.619724" lon="-100.361693">
        <ele>1925.553648</ele>
        <time>2026-10-02T16:02:21.783Z</time>
      </trkpt>
      <trkpt lat="20.619714" lon="-100.361711">
        <ele>1925.487879</ele>
        <time>2026-10-02T16:02:22.290Z</time>
      </trkpt>
      <trkpt lat="20.619702" lon="-100.361731">
        <ele>1925.413235</ele>
        <time>2026-10-02T16:02:22.865Z</time>
      </trkpt>
      <trkpt lat="20.619692" lon="-100.361754">
        <ele>1925.333553</ele>
        <time>2026-10-02T16:02:23.479Z</time>
      </trkpt>
      <trkpt lat="20.619684" lon="-100.361778">
        <ele>1925.253505</ele>
        <time>2026-10-02T16:02:24.096Z</time>
      </trkpt>
      <trkpt lat="20.619680" lon="-100.361805">
        <ele>1925.167616</ele>
        <time>2026-10-02T16:02:24.758Z</time>
      </trkpt>
      <trkpt lat="20.619677" lon="-100.361832">
        <ele>1925.063199</ele>
        <time>2026-10-02T16:02:25.417Z</time>
      </trkpt>
      <trkpt lat="20.619674" lon="-100.361861">
        <ele>1924.943701</ele>
        <time>2026-10-02T16:02:26.123Z</time>
      </trkpt>
      <trkpt lat="20.619669" lon="-100.361892">
        <ele>1924.814863</ele>
        <time>2026-10-02T16:02:26.885Z</time>
      </trkpt>
      <trkpt lat="20.619662" lon="-100.361922">
        <ele>1924.688231</ele>
        <time>2026-10-02T16:02:27.634Z</time>
      </trkpt>
      <trkpt lat="20.619653" lon="-100.361950">
        <ele>1924.566978</ele>
        <time>2026-10-02T16:02:28.351Z</time>
      </trkpt>
      <trkpt lat="20.619642" lon="-100.361978">
        <ele>1924.442605</ele>
        <time>2026-10-02T16:02:29.086Z</time>
      </trkpt>
      <trkpt lat="20.619629" lon="-100.362005">
        <ele>1924.318247</ele>
        <time>2026-10-02T16:02:29.822Z</time>
      </trkpt>
      <trkpt lat="20.619616" lon="-100.362036">
        <ele>1924.179119</ele>
        <time>2026-10-02T16:02:30.644Z</time>
      </trkpt>
      <trkpt lat="20.619601" lon="-100.362072">
        <ele>1924.017723</ele>
        <time>2026-10-02T16:02:31.599Z</time>
      </trkpt>
      <trkpt lat="20.619587" lon="-100.362115">
        <ele>1923.831256</ele>
        <time>2026-10-02T16:02:32.701Z</time>
      </trkpt>
      <trkpt lat="20.619573" lon="-100.362158">
        <ele>1923.644790</ele>
        <time>2026-10-02T16:02:33.804Z</time>
      </trkpt>
      <trkpt lat="20.619560" lon="-100.362202">
        <ele>1923.455814</ele>
        <time>2026-10-02T16:02:34.921Z</time>
      </trkpt>
      <trkpt lat="20.619544" lon="-100.362245">
        <ele>1923.266291</ele>
        <time>2026-10-02T16:02:36.042Z</time>
      </trkpt>
      <trkpt lat="20.619527" lon="-100.362290">
        <ele>1923.067538</ele>
        <time>2026-10-02T16:02:37.218Z</time>
      </trkpt>
      <trkpt lat="20.619509" lon="-100.362333">
        <ele>1922.874611</ele>
        <time>2026-10-02T16:02:38.358Z</time>
      </trkpt>
      <trkpt lat="20.619491" lon="-100.362374">
        <ele>1922.689131</ele>
        <time>2026-10-02T16:02:39.455Z</time>
      </trkpt>
      <trkpt lat="20.619476" lon="-100.362409">
        <ele>1922.531468</ele>
        <time>2026-10-02T16:02:40.388Z</time>
      </trkpt>
      <trkpt lat="20.619463" lon="-100.362441">
        <ele>1922.388592</ele>
        <time>2026-10-02T16:02:41.233Z</time>
      </trkpt>
      <trkpt lat="20.619452" lon="-100.362471">
        <ele>1922.256628</ele>
        <time>2026-10-02T16:02:42.013Z</time>
      </trkpt>
      <trkpt lat="20.619441" lon="-100.362501">
        <ele>1922.124665</ele>
        <time>2026-10-02T16:02:42.793Z</time>
      </trkpt>
      <trkpt lat="20.619432" lon="-100.362535">
        <ele>1921.979949</ele>
        <time>2026-10-02T16:02:43.649Z</time>
      </trkpt>
      <trkpt lat="20.619425" lon="-100.362572">
        <ele>1921.825343</ele>
        <time>2026-10-02T16:02:44.564Z</time>
      </trkpt>
      <trkpt lat="20.619421" lon="-100.362611">
        <ele>1921.664655</ele>
        <time>2026-10-02T16:02:45.514Z</time>
      </trkpt>
      <trkpt lat="20.619417" lon="-100.362655">
        <ele>1921.483596</ele>
        <time>2026-10-02T16:02:46.584Z</time>
      </trkpt>
      <trkpt lat="20.619413" lon="-100.362699">
        <ele>1921.302538</ele>
        <time>2026-10-02T16:02:47.655Z</time>
      </trkpt>
      <trkpt lat="20.619410" lon="-100.362745">
        <ele>1921.113679</ele>
        <time>2026-10-02T16:02:48.772Z</time>
      </trkpt>
      <trkpt lat="20.619403" lon="-100.362794">
        <ele>1920.910665</ele>
        <time>2026-10-02T16:02:49.973Z</time>
      </trkpt>
      <trkpt lat="20.619392" lon="-100.362844">
        <ele>1920.700299</ele>
        <time>2026-10-02T16:02:51.217Z</time>
      </trkpt>
      <trkpt lat="20.619379" lon="-100.362890">
        <ele>1920.503496</ele>
        <time>2026-10-02T16:02:52.381Z</time>
      </trkpt>
      <trkpt lat="20.619369" lon="-100.362931">
        <ele>1920.329964</ele>
        <time>2026-10-02T16:02:53.407Z</time>
      </trkpt>
      <trkpt lat="20.619365" lon="-100.362971">
        <ele>1920.165204</ele>
        <time>2026-10-02T16:02:54.382Z</time>
      </trkpt>
      <trkpt lat="20.619365" lon="-100.363009">
        <ele>1920.009567</ele>
        <time>2026-10-02T16:02:55.302Z</time>
      </trkpt>
      <trkpt lat="20.619367" lon="-100.363044">
        <ele>1919.865951</ele>
        <time>2026-10-02T16:02:56.151Z</time>
      </trkpt>
      <trkpt lat="20.619368" lon="-100.363077">
        <ele>1919.730722</ele>
        <time>2026-10-02T16:02:56.951Z</time>
      </trkpt>
      <trkpt lat="20.619368" lon="-100.363108">
        <ele>1919.603756</ele>
        <time>2026-10-02T16:02:57.702Z</time>
      </trkpt>
      <trkpt lat="20.619364" lon="-100.363134">
        <ele>1919.495838</ele>
        <time>2026-10-02T16:02:58.340Z</time>
      </trkpt>
      <trkpt lat="20.619358" lon="-100.363159">
        <ele>1919.390133</ele>
        <time>2026-10-02T16:02:58.966Z</time>
      </trkpt>
      <trkpt lat="20.619350" lon="-100.363184">
        <ele>1919.281921</ele>
        <time>2026-10-02T16:02:59.606Z</time>
      </trkpt>
      <trkpt lat="20.619339" lon="-100.363213">
        <ele>1919.153763</ele>
        <time>2026-10-02T16:03:00.364Z</time>
      </trkpt>
      <trkpt lat="20.619323" lon="-100.363249">
        <ele>1918.990538</ele>
        <time>2026-10-02T16:03:01.329Z</time>
      </trkpt>
      <trkpt lat="20.619304" lon="-100.363289">
        <ele>1918.806819</ele>
        <time>2026-10-02T16:03:02.416Z</time>
      </trkpt>
      <trkpt lat="20.619282" lon="-100.363324">
        <ele>1918.634142</ele>
        <time>2026-10-02T16:03:03.437Z</time>
      </trkpt>
      <trkpt lat="20.619264" lon="-100.363352">
        <ele>1918.495016</ele>
        <time>2026-10-02T16:03:04.260Z</time>
      </trkpt>
      <trkpt lat="20.619252" lon="-100.363369">
        <ele>1918.407807</ele>
        <time>2026-10-02T16:03:04.776Z</time>
      </trkpt>
      <trkpt lat="20.619248" lon="-100.363374">
        <ele>1918.380867</ele>
        <time>2026-10-02T16:03:04.935Z</time>
      </trkpt>
      <trkpt lat="20.619236" lon="-100.363394">
        <ele>1918.283567</ele>
        <time>2026-10-02T16:03:05.510Z</time>
      </trkpt>
      <trkpt lat="20.619230" lon="-100.363408">
        <ele>1918.220501</ele>
        <time>2026-10-02T16:03:05.884Z</time>
      </trkpt>
      <trkpt lat="20.619225" lon="-100.363421">
        <ele>1918.162937</ele>
        <time>2026-10-02T16:03:06.224Z</time>
      </trkpt>
      <trkpt lat="20.619221" lon="-100.363432">
        <ele>1918.114603</ele>
        <time>2026-10-02T16:03:06.510Z</time>
      </trkpt>
      <trkpt lat="20.619218" lon="-100.363438">
        <ele>1918.086742</ele>
        <time>2026-10-02T16:03:06.675Z</time>
      </trkpt>
      <trkpt lat="20.619246" lon="-100.363417">
        <ele>1917.937039</ele>
        <time>2026-10-02T16:03:07.560Z</time>
      </trkpt>
      <trkpt lat="20.619245" lon="-100.363420">
        <ele>1917.923996</ele>
        <time>2026-10-02T16:03:07.637Z</time>
      </trkpt>
      <trkpt lat="20.619236" lon="-100.363441">
        <ele>1917.829398</ele>
        <time>2026-10-02T16:03:08.197Z</time>
      </trkpt>
      <trkpt lat="20.619230" lon="-100.363457">
        <ele>1917.758803</ele>
        <time>2026-10-02T16:03:08.614Z</time>
      </trkpt>
      <trkpt lat="20.619219" lon="-100.363477">
        <ele>1917.663792</ele>
        <time>2026-10-02T16:03:09.176Z</time>
      </trkpt>
      <trkpt lat="20.619206" lon="-100.363500">
        <ele>1917.553746</ele>
        <time>2026-10-02T16:03:09.827Z</time>
      </trkpt>
      <trkpt lat="20.619192" lon="-100.363524">
        <ele>1917.437920</ele>
        <time>2026-10-02T16:03:10.512Z</time>
      </trkpt>
      <trkpt lat="20.619176" lon="-100.363548">
        <ele>1917.317237</ele>
        <time>2026-10-02T16:03:11.226Z</time>
      </trkpt>
      <trkpt lat="20.619159" lon="-100.363572">
        <ele>1917.183922</ele>
        <time>2026-10-02T16:03:11.955Z</time>
      </trkpt>
      <trkpt lat="20.619142" lon="-100.363593">
        <ele>1917.055908</ele>
        <time>2026-10-02T16:03:12.628Z</time>
      </trkpt>
      <trkpt lat="20.619126" lon="-100.363609">
        <ele>1916.947953</ele>
        <time>2026-10-02T16:03:13.195Z</time>
      </trkpt>
      <trkpt lat="20.619112" lon="-100.363618">
        <ele>1916.867467</ele>
        <time>2026-10-02T16:03:13.618Z</time>
      </trkpt>
      <trkpt lat="20.619100" lon="-100.363623">
        <ele>1916.804017</ele>
        <time>2026-10-02T16:03:13.951Z</time>
      </trkpt>
      <trkpt lat="20.619091" lon="-100.363624">
        <ele>1916.759443</ele>
        <time>2026-10-02T16:03:14.186Z</time>
      </trkpt>
      <trkpt lat="20.619086" lon="-100.363623">
        <ele>1916.734385</ele>
        <time>2026-10-02T16:03:14.317Z</time>
      </trkpt>
      <trkpt lat="20.619084" lon="-100.363622">
        <ele>1916.723507</ele>
        <time>2026-10-02T16:03:14.374Z</time>
      </trkpt>
      <trkpt lat="20.619074" lon="-100.363615">
        <ele>1916.664615</ele>
        <time>2026-10-02T16:03:14.684Z</time>
      </trkpt>
      <trkpt lat="20.619065" lon="-100.363612">
        <ele>1916.618172</ele>
        <time>2026-10-02T16:03:14.928Z</time>
      </trkpt>
      <trkpt lat="20.619054" lon="-100.363608">
        <ele>1916.560932</ele>
        <time>2026-10-02T16:03:15.228Z</time>
      </trkpt>
      <trkpt lat="20.619038" lon="-100.363600">
        <ele>1916.473911</ele>
        <time>2026-10-02T16:03:15.686Z</time>
      </trkpt>
      <trkpt lat="20.619021" lon="-100.363587">
        <ele>1916.370928</ele>
        <time>2026-10-02T16:03:16.227Z</time>
      </trkpt>
      <trkpt lat="20.619006" lon="-100.363568">
        <ele>1916.256324</ele>
        <time>2026-10-02T16:03:16.829Z</time>
      </trkpt>
      <trkpt lat="20.618997" lon="-100.363539">
        <ele>1916.115459</ele>
        <time>2026-10-02T16:03:17.569Z</time>
      </trkpt>
      <trkpt lat="20.618991" lon="-100.363504">
        <ele>1915.951405</ele>
        <time>2026-10-02T16:03:18.431Z</time>
      </trkpt>
      <trkpt lat="20.618986" lon="-100.363467">
        <ele>1915.779045</ele>
        <time>2026-10-02T16:03:19.337Z</time>
      </trkpt>
      <trkpt lat="20.618978" lon="-100.363435">
        <ele>1915.626334</ele>
        <time>2026-10-02T16:03:20.139Z</time>
      </trkpt>
      <trkpt lat="20.618965" lon="-100.363412">
        <ele>1915.502454</ele>
        <time>2026-10-02T16:03:20.790Z</time>
      </trkpt>
      <trkpt lat="20.618946" lon="-100.363397">
        <ele>1915.386079</ele>
        <time>2026-10-02T16:03:21.402Z</time>
      </trkpt>
      <trkpt lat="20.618923" lon="-100.363386">
        <ele>1915.261945</ele>
        <time>2026-10-02T16:03:22.054Z</time>
      </trkpt>
      <trkpt lat="20.618892" lon="-100.363379">
        <ele>1915.105862</ele>
        <time>2026-10-02T16:03:22.874Z</time>
      </trkpt>
      <trkpt lat="20.618855" lon="-100.363369">
        <ele>1914.917854</ele>
        <time>2026-10-02T16:03:23.862Z</time>
      </trkpt>
      <trkpt lat="20.618817" lon="-100.363354">
        <ele>1914.718295</ele>
        <time>2026-10-02T16:03:24.911Z</time>
      </trkpt>
      <trkpt lat="20.618779" lon="-100.363332">
        <ele>1914.505387</ele>
        <time>2026-10-02T16:03:26.030Z</time>
      </trkpt>
      <trkpt lat="20.618744" lon="-100.363305">
        <ele>1914.292729</ele>
        <time>2026-10-02T16:03:27.147Z</time>
      </trkpt>
      <trkpt lat="20.618710" lon="-100.363276">
        <ele>1914.078417</ele>
        <time>2026-10-02T16:03:28.273Z</time>
      </trkpt>
      <trkpt lat="20.618678" lon="-100.363253">
        <ele>1913.888432</ele>
        <time>2026-10-02T16:03:29.271Z</time>
      </trkpt>
      <trkpt lat="20.618648" lon="-100.363239">
        <ele>1913.727167</ele>
        <time>2026-10-02T16:03:30.119Z</time>
      </trkpt>
      <trkpt lat="20.618620" lon="-100.363235">
        <ele>1913.588008</ele>
        <time>2026-10-02T16:03:30.850Z</time>
      </trkpt>
      <trkpt lat="20.618596" lon="-100.363241">
        <ele>1913.466588</ele>
        <time>2026-10-02T16:03:31.488Z</time>
      </trkpt>
      <trkpt lat="20.618572" lon="-100.363254">
        <ele>1913.334035</ele>
        <time>2026-10-02T16:03:32.184Z</time>
      </trkpt>
      <trkpt lat="20.618548" lon="-100.363267">
        <ele>1913.201483</ele>
        <time>2026-10-02T16:03:32.881Z</time>
      </trkpt>
      <trkpt lat="20.618527" lon="-100.363276">
        <ele>1913.090022</ele>
        <time>2026-10-02T16:03:33.467Z</time>
      </trkpt>
      <trkpt lat="20.618506" lon="-100.363276">
        <ele>1912.986574</ele>
        <time>2026-10-02T16:03:34.010Z</time>
      </trkpt>
      <trkpt lat="20.618485" lon="-100.363269">
        <ele>1912.878208</ele>
        <time>2026-10-02T16:03:34.580Z</time>
      </trkpt>
      <trkpt lat="20.618464" lon="-100.363261">
        <ele>1912.768380</ele>
        <time>2026-10-02T16:03:35.157Z</time>
      </trkpt>
      <trkpt lat="20.618445" lon="-100.363251">
        <ele>1912.664044</ele>
        <time>2026-10-02T16:03:35.705Z</time>
      </trkpt>
      <trkpt lat="20.618430" lon="-100.363239">
        <ele>1912.571734</ele>
        <time>2026-10-02T16:03:36.190Z</time>
      </trkpt>
      <trkpt lat="20.618415" lon="-100.363226">
        <ele>1912.476589</ele>
        <time>2026-10-02T16:03:36.690Z</time>
      </trkpt>
      <trkpt lat="20.618402" lon="-100.363210">
        <ele>1912.378901</ele>
        <time>2026-10-02T16:03:37.203Z</time>
      </trkpt>
      <trkpt lat="20.618391" lon="-100.363190">
        <ele>1912.271947</ele>
        <time>2026-10-02T16:03:37.766Z</time>
      </trkpt>
      <trkpt lat="20.618380" lon="-100.363170">
        <ele>1912.164992</ele>
        <time>2026-10-02T16:03:38.327Z</time>
      </trkpt>
      <trkpt lat="20.618369" lon="-100.363147">
        <ele>1912.045906</ele>
        <time>2026-10-02T16:03:38.953Z</time>
      </trkpt>
      <trkpt lat="20.618356" lon="-100.363124">
        <ele>1911.922026</ele>
        <time>2026-10-02T16:03:39.604Z</time>
      </trkpt>
      <trkpt lat="20.618340" lon="-100.363102">
        <ele>1911.793570</ele>
        <time>2026-10-02T16:03:40.279Z</time>
      </trkpt>
      <trkpt lat="20.618321" lon="-100.363079">
        <ele>1911.652129</ele>
        <time>2026-10-02T16:03:41.022Z</time>
      </trkpt>
      <trkpt lat="20.618299" lon="-100.363054">
        <ele>1911.493917</ele>
        <time>2026-10-02T16:03:41.854Z</time>
      </trkpt>
      <trkpt lat="20.618279" lon="-100.363029">
        <ele>1911.342284</ele>
        <time>2026-10-02T16:03:42.651Z</time>
      </trkpt>
      <trkpt lat="20.618265" lon="-100.363004">
        <ele>1911.207962</ele>
        <time>2026-10-02T16:03:43.356Z</time>
      </trkpt>
      <trkpt lat="20.618258" lon="-100.362981">
        <ele>1911.096453</ele>
        <time>2026-10-02T16:03:43.942Z</time>
      </trkpt>
      <trkpt lat="20.618255" lon="-100.362969">
        <ele>1911.039186</ele>
        <time>2026-10-02T16:03:44.243Z</time>
      </trkpt>
      <trkpt lat="20.618256" lon="-100.362965">
        <ele>1911.020097</ele>
        <time>2026-10-02T16:03:44.344Z</time>
      </trkpt>
      <trkpt lat="20.618258" lon="-100.362983">
        <ele>1910.936524</ele>
        <time>2026-10-02T16:03:44.783Z</time>
      </trkpt>
      <trkpt lat="20.618254" lon="-100.362988">
        <ele>1910.906197</ele>
        <time>2026-10-02T16:03:44.942Z</time>
      </trkpt>
      <trkpt lat="20.618249" lon="-100.362996">
        <ele>1910.861845</ele>
        <time>2026-10-02T16:03:45.175Z</time>
      </trkpt>
      <trkpt lat="20.618243" lon="-100.363006">
        <ele>1910.807078</ele>
        <time>2026-10-02T16:03:45.463Z</time>
      </trkpt>
      <trkpt lat="20.618235" lon="-100.363016">
        <ele>1910.746425</ele>
        <time>2026-10-02T16:03:45.782Z</time>
      </trkpt>
      <trkpt lat="20.618226" lon="-100.363026">
        <ele>1910.682461</ele>
        <time>2026-10-02T16:03:46.118Z</time>
      </trkpt>
      <trkpt lat="20.618218" lon="-100.363036">
        <ele>1910.621808</ele>
        <time>2026-10-02T16:03:46.437Z</time>
      </trkpt>
      <trkpt lat="20.618209" lon="-100.363048">
        <ele>1910.550909</ele>
        <time>2026-10-02T16:03:46.809Z</time>
      </trkpt>
      <trkpt lat="20.618199" lon="-100.363063">
        <ele>1910.465999</ele>
        <time>2026-10-02T16:03:47.255Z</time>
      </trkpt>
      <trkpt lat="20.618188" lon="-100.363082">
        <ele>1910.362993</ele>
        <time>2026-10-02T16:03:47.796Z</time>
      </trkpt>
      <trkpt lat="20.618178" lon="-100.363104">
        <ele>1910.250231</ele>
        <time>2026-10-02T16:03:48.389Z</time>
      </trkpt>
      <trkpt lat="20.618167" lon="-100.363128">
        <ele>1910.127021</ele>
        <time>2026-10-02T16:03:49.037Z</time>
      </trkpt>
      <trkpt lat="20.618155" lon="-100.363154">
        <ele>1909.993363</ele>
        <time>2026-10-02T16:03:49.739Z</time>
      </trkpt>
      <trkpt lat="20.618142" lon="-100.363181">
        <ele>1909.853371</ele>
        <time>2026-10-02T16:03:50.475Z</time>
      </trkpt>
      <trkpt lat="20.618129" lon="-100.363208">
        <ele>1909.713378</ele>
        <time>2026-10-02T16:03:51.210Z</time>
      </trkpt>
      <trkpt lat="20.618115" lon="-100.363237">
        <ele>1909.562933</ele>
        <time>2026-10-02T16:03:52.001Z</time>
      </trkpt>
      <trkpt lat="20.618101" lon="-100.363265">
        <ele>1909.416569</ele>
        <time>2026-10-02T16:03:52.770Z</time>
      </trkpt>
      <trkpt lat="20.618087" lon="-100.363296">
        <ele>1909.257872</ele>
        <time>2026-10-02T16:03:53.604Z</time>
      </trkpt>
      <trkpt lat="20.618073" lon="-100.363326">
        <ele>1909.103314</ele>
        <time>2026-10-02T16:03:54.416Z</time>
      </trkpt>
      <trkpt lat="20.618058" lon="-100.363358">
        <ele>1908.938306</ele>
        <time>2026-10-02T16:03:55.283Z</time>
      </trkpt>
      <trkpt lat="20.618043" lon="-100.363389">
        <ele>1908.777406</ele>
        <time>2026-10-02T16:03:56.128Z</time>
      </trkpt>
      <trkpt lat="20.618030" lon="-100.363419">
        <ele>1908.624983</ele>
        <time>2026-10-02T16:03:56.929Z</time>
      </trkpt>
      <trkpt lat="20.618016" lon="-100.363449">
        <ele>1908.470425</ele>
        <time>2026-10-02T16:03:57.742Z</time>
      </trkpt>
      <trkpt lat="20.618003" lon="-100.363479">
        <ele>1908.320989</ele>
        <time>2026-10-02T16:03:58.543Z</time>
      </trkpt>
      <trkpt lat="20.617990" lon="-100.363511">
        <ele>1908.165184</ele>
        <time>2026-10-02T16:03:59.388Z</time>
      </trkpt>
      <trkpt lat="20.617977" lon="-100.363547">
        <ele>1907.992843</ele>
        <time>2026-10-02T16:04:00.323Z</time>
      </trkpt>
      <trkpt lat="20.617965" lon="-100.363586">
        <ele>1907.809485</ele>
        <time>2026-10-02T16:04:01.317Z</time>
      </trkpt>
      <trkpt lat="20.617953" lon="-100.363631">
        <ele>1907.600501</ele>
        <time>2026-10-02T16:04:02.451Z</time>
      </trkpt>
      <trkpt lat="20.617943" lon="-100.363679">
        <ele>1907.380870</ele>
        <time>2026-10-02T16:04:03.642Z</time>
      </trkpt>
      <trkpt lat="20.617937" lon="-100.363729">
        <ele>1907.155725</ele>
        <time>2026-10-02T16:04:04.863Z</time>
      </trkpt>
      <trkpt lat="20.617927" lon="-100.363782">
        <ele>1906.914246</ele>
        <time>2026-10-02T16:04:06.173Z</time>
      </trkpt>
      <trkpt lat="20.617917" lon="-100.363838">
        <ele>1906.659620</ele>
        <time>2026-10-02T16:04:07.554Z</time>
      </trkpt>
      <trkpt lat="20.617907" lon="-100.363899">
        <ele>1906.383025</ele>
        <time>2026-10-02T16:04:09.055Z</time>
      </trkpt>
      <trkpt lat="20.617897" lon="-100.363963">
        <ele>1906.093223</ele>
        <time>2026-10-02T16:04:10.627Z</time>
      </trkpt>
      <trkpt lat="20.617886" lon="-100.364030">
        <ele>1905.789409</ele>
        <time>2026-10-02T16:04:12.275Z</time>
      </trkpt>
      <trkpt lat="20.617880" lon="-100.364097">
        <ele>1905.488798</ele>
        <time>2026-10-02T16:04:13.905Z</time>
      </trkpt>
      <trkpt lat="20.617879" lon="-100.364163">
        <ele>1905.193981</ele>
        <time>2026-10-02T16:04:15.505Z</time>
      </trkpt>
      <trkpt lat="20.617883" lon="-100.364225">
        <ele>1904.916410</ele>
        <time>2026-10-02T16:04:17.010Z</time>
      </trkpt>
      <trkpt lat="20.617891" lon="-100.364283">
        <ele>1904.654564</ele>
        <time>2026-10-02T16:04:18.430Z</time>
      </trkpt>
      <trkpt lat="20.617904" lon="-100.364339">
        <ele>1904.396871</ele>
        <time>2026-10-02T16:04:19.828Z</time>
      </trkpt>
      <trkpt lat="20.617916" lon="-100.364397">
        <ele>1904.131569</ele>
        <time>2026-10-02T16:04:21.267Z</time>
      </trkpt>
      <trkpt lat="20.617928" lon="-100.364457">
        <ele>1903.857539</ele>
        <time>2026-10-02T16:04:22.754Z</time>
      </trkpt>
      <trkpt lat="20.617943" lon="-100.364517">
        <ele>1903.580163</ele>
        <time>2026-10-02T16:04:24.258Z</time>
      </trkpt>
      <trkpt lat="20.617960" lon="-100.364576">
        <ele>1903.304444</ele>
        <time>2026-10-02T16:04:25.754Z</time>
      </trkpt>
      <trkpt lat="20.617980" lon="-100.364632">
        <ele>1903.036739</ele>
        <time>2026-10-02T16:04:27.206Z</time>
      </trkpt>
      <trkpt lat="20.618001" lon="-100.364685">
        <ele>1902.779685</ele>
        <time>2026-10-02T16:04:28.600Z</time>
      </trkpt>
      <trkpt lat="20.618019" lon="-100.364735">
        <ele>1902.540418</ele>
        <time>2026-10-02T16:04:29.898Z</time>
      </trkpt>
      <trkpt lat="20.618035" lon="-100.364781">
        <ele>1902.321238</ele>
        <time>2026-10-02T16:04:31.086Z</time>
      </trkpt>
      <trkpt lat="20.618049" lon="-100.364824">
        <ele>1902.117897</ele>
        <time>2026-10-02T16:04:32.189Z</time>
      </trkpt>
      <trkpt lat="20.618064" lon="-100.364866">
        <ele>1901.917118</ele>
        <time>2026-10-02T16:04:33.278Z</time>
      </trkpt>
      <trkpt lat="20.618079" lon="-100.364909">
        <ele>1901.712160</ele>
        <time>2026-10-02T16:04:34.390Z</time>
      </trkpt>
      <trkpt lat="20.618096" lon="-100.364953">
        <ele>1901.499555</ele>
        <time>2026-10-02T16:04:35.543Z</time>
      </trkpt>
      <trkpt lat="20.618113" lon="-100.365000">
        <ele>1901.274507</ele>
        <time>2026-10-02T16:04:36.764Z</time>
      </trkpt>
      <trkpt lat="20.618129" lon="-100.365049">
        <ele>1901.042720</ele>
        <time>2026-10-02T16:04:38.021Z</time>
      </trkpt>
      <trkpt lat="20.618144" lon="-100.365100">
        <ele>1900.803955</ele>
        <time>2026-10-02T16:04:39.316Z</time>
      </trkpt>
      <trkpt lat="20.618158" lon="-100.365150">
        <ele>1900.570859</ele>
        <time>2026-10-02T16:04:40.580Z</time>
      </trkpt>
      <trkpt lat="20.618172" lon="-100.365202">
        <ele>1900.329192</ele>
        <time>2026-10-02T16:04:41.891Z</time>
      </trkpt>
      <trkpt lat="20.618186" lon="-100.365255">
        <ele>1900.083229</ele>
        <time>2026-10-02T16:04:43.224Z</time>
      </trkpt>
      <trkpt lat="20.618200" lon="-100.365310">
        <ele>1899.828812</ele>
        <time>2026-10-02T16:04:44.605Z</time>
      </trkpt>
      <trkpt lat="20.618211" lon="-100.365368">
        <ele>1899.587998</ele>
        <time>2026-10-02T16:04:46.039Z</time>
      </trkpt>
      <trkpt lat="20.618211" lon="-100.365426">
        <ele>1899.351980</ele>
        <time>2026-10-02T16:04:47.443Z</time>
      </trkpt>
      <trkpt lat="20.618195" lon="-100.365479">
        <ele>1899.125367</ele>
        <time>2026-10-02T16:04:48.792Z</time>
      </trkpt>
      <trkpt lat="20.618169" lon="-100.365528">
        <ele>1898.896158</ele>
        <time>2026-10-02T16:04:50.157Z</time>
      </trkpt>
      <trkpt lat="20.618135" lon="-100.365572">
        <ele>1898.663972</ele>
        <time>2026-10-02T16:04:51.539Z</time>
      </trkpt>
      <trkpt lat="20.618097" lon="-100.365607">
        <ele>1898.445842</ele>
        <time>2026-10-02T16:04:52.837Z</time>
      </trkpt>
      <trkpt lat="20.618058" lon="-100.365633">
        <ele>1898.245978</ele>
        <time>2026-10-02T16:04:54.027Z</time>
      </trkpt>
      <trkpt lat="20.618023" lon="-100.365653">
        <ele>1898.073410</ele>
        <time>2026-10-02T16:04:55.054Z</time>
      </trkpt>
      <trkpt lat="20.617991" lon="-100.365673">
        <ele>1897.912226</ele>
        <time>2026-10-02T16:04:56.013Z</time>
      </trkpt>
      <trkpt lat="20.617962" lon="-100.365693">
        <ele>1897.762156</ele>
        <time>2026-10-02T16:04:56.906Z</time>
      </trkpt>
      <trkpt lat="20.617936" lon="-100.365717">
        <ele>1897.612769</ele>
        <time>2026-10-02T16:04:57.796Z</time>
      </trkpt>
      <trkpt lat="20.617910" lon="-100.365742">
        <ele>1897.460690</ele>
        <time>2026-10-02T16:04:58.701Z</time>
      </trkpt>
      <trkpt lat="20.617882" lon="-100.365769">
        <ele>1897.296704</ele>
        <time>2026-10-02T16:04:59.677Z</time>
      </trkpt>
      <trkpt lat="20.617848" lon="-100.365793">
        <ele>1897.119532</ele>
        <time>2026-10-02T16:05:00.731Z</time>
      </trkpt>
      <trkpt lat="20.617806" lon="-100.365817">
        <ele>1896.912450</ele>
        <time>2026-10-02T16:05:01.964Z</time>
      </trkpt>
      <trkpt lat="20.617760" lon="-100.365848">
        <ele>1896.675992</ele>
        <time>2026-10-02T16:05:03.372Z</time>
      </trkpt>
      <trkpt lat="20.617716" lon="-100.365888">
        <ele>1896.424814</ele>
        <time>2026-10-02T16:05:04.866Z</time>
      </trkpt>
      <trkpt lat="20.617679" lon="-100.365937">
        <ele>1896.168617</ele>
        <time>2026-10-02T16:05:06.391Z</time>
      </trkpt>
      <trkpt lat="20.617649" lon="-100.365987">
        <ele>1895.926934</ele>
        <time>2026-10-02T16:05:07.830Z</time>
      </trkpt>
      <trkpt lat="20.617627" lon="-100.366035">
        <ele>1895.709445</ele>
        <time>2026-10-02T16:05:09.124Z</time>
      </trkpt>
      <trkpt lat="20.617611" lon="-100.366078">
        <ele>1895.521145</ele>
        <time>2026-10-02T16:05:10.245Z</time>
      </trkpt>
      <trkpt lat="20.617600" lon="-100.366115">
        <ele>1895.363168</ele>
        <time>2026-10-02T16:05:11.186Z</time>
      </trkpt>
      <trkpt lat="20.617590" lon="-100.366151">
        <ele>1895.210358</ele>
        <time>2026-10-02T16:05:12.095Z</time>
      </trkpt>
      <trkpt lat="20.617581" lon="-100.366184">
        <ele>1895.070486</ele>
        <time>2026-10-02T16:05:12.927Z</time>
      </trkpt>
      <trkpt lat="20.617575" lon="-100.366216">
        <ele>1894.937682</ele>
        <time>2026-10-02T16:05:13.718Z</time>
      </trkpt>
      <trkpt lat="20.617569" lon="-100.366246">
        <ele>1894.812847</ele>
        <time>2026-10-02T16:05:14.461Z</time>
      </trkpt>
      <trkpt lat="20.617562" lon="-100.366277">
        <ele>1894.683079</ele>
        <time>2026-10-02T16:05:15.234Z</time>
      </trkpt>
      <trkpt lat="20.617556" lon="-100.366309">
        <ele>1894.550275</ele>
        <time>2026-10-02T16:05:16.024Z</time>
      </trkpt>
      <trkpt lat="20.617549" lon="-100.366342">
        <ele>1894.412582</ele>
        <time>2026-10-02T16:05:16.843Z</time>
      </trkpt>
      <trkpt lat="20.617542" lon="-100.366378">
        <ele>1894.262960</ele>
        <time>2026-10-02T16:05:17.734Z</time>
      </trkpt>
      <trkpt lat="20.617534" lon="-100.366412">
        <ele>1894.120299</ele>
        <time>2026-10-02T16:05:18.583Z</time>
      </trkpt>
      <trkpt lat="20.617526" lon="-100.366446">
        <ele>1893.977638</ele>
        <time>2026-10-02T16:05:19.432Z</time>
      </trkpt>
      <trkpt lat="20.617519" lon="-100.366481">
        <ele>1893.831997</ele>
        <time>2026-10-02T16:05:20.299Z</time>
      </trkpt>
      <trkpt lat="20.617510" lon="-100.366517">
        <ele>1893.680366</ele>
        <time>2026-10-02T16:05:21.201Z</time>
      </trkpt>
      <trkpt lat="20.617502" lon="-100.366552">
        <ele>1893.533755</ele>
        <time>2026-10-02T16:05:22.074Z</time>
      </trkpt>
      <trkpt lat="20.617495" lon="-100.366586">
        <ele>1893.392092</ele>
        <time>2026-10-02T16:05:22.918Z</time>
      </trkpt>
      <trkpt lat="20.617488" lon="-100.366620">
        <ele>1893.250428</ele>
        <time>2026-10-02T16:05:23.761Z</time>
      </trkpt>
      <trkpt lat="20.617480" lon="-100.366655">
        <ele>1893.103817</ele>
        <time>2026-10-02T16:05:24.633Z</time>
      </trkpt>
      <trkpt lat="20.617471" lon="-100.366694">
        <ele>1892.940361</ele>
        <time>2026-10-02T16:05:25.606Z</time>
      </trkpt>
      <trkpt lat="20.617458" lon="-100.366738">
        <ele>1892.752603</ele>
        <time>2026-10-02T16:05:26.724Z</time>
      </trkpt>
      <trkpt lat="20.617438" lon="-100.366790">
        <ele>1892.523830</ele>
        <time>2026-10-02T16:05:28.086Z</time>
      </trkpt>
      <trkpt lat="20.617416" lon="-100.366849">
        <ele>1892.265389</ele>
        <time>2026-10-02T16:05:29.623Z</time>
      </trkpt>
      <trkpt lat="20.617392" lon="-100.366911">
        <ele>1891.991229</ele>
        <time>2026-10-02T16:05:31.249Z</time>
      </trkpt>
      <trkpt lat="20.617370" lon="-100.366971">
        <ele>1891.712395</ele>
        <time>2026-10-02T16:05:32.810Z</time>
      </trkpt>
      <trkpt lat="20.617351" lon="-100.367028">
        <ele>1891.450580</ele>
        <time>2026-10-02T16:05:34.276Z</time>
      </trkpt>
      <trkpt lat="20.617338" lon="-100.367085">
        <ele>1891.196722</ele>
        <time>2026-10-02T16:05:35.699Z</time>
      </trkpt>
      <trkpt lat="20.617335" lon="-100.367145">
        <ele>1890.936730</ele>
        <time>2026-10-02T16:05:37.154Z</time>
      </trkpt>
      <trkpt lat="20.617341" lon="-100.367209">
        <ele>1890.658414</ele>
        <time>2026-10-02T16:05:38.714Z</time>
      </trkpt>
      <trkpt lat="20.617351" lon="-100.367277">
        <ele>1890.360566</ele>
        <time>2026-10-02T16:05:40.381Z</time>
      </trkpt>
      <trkpt lat="20.617359" lon="-100.367350">
        <ele>1890.042535</ele>
        <time>2026-10-02T16:05:42.161Z</time>
      </trkpt>
      <trkpt lat="20.617364" lon="-100.367427">
        <ele>1889.708553</ele>
        <time>2026-10-02T16:05:44.031Z</time>
      </trkpt>
      <trkpt lat="20.617371" lon="-100.367506">
        <ele>1889.365189</ele>
        <time>2026-10-02T16:05:45.952Z</time>
      </trkpt>
      <trkpt lat="20.617379" lon="-100.367585">
        <ele>1889.021359</ele>
        <time>2026-10-02T16:05:47.878Z</time>
      </trkpt>
      <trkpt lat="20.617380" lon="-100.367660">
        <ele>1888.696799</ele>
        <time>2026-10-02T16:05:49.694Z</time>
      </trkpt>
      <trkpt lat="20.617375" lon="-100.367727">
        <ele>1888.405968</ele>
        <time>2026-10-02T16:05:51.324Z</time>
      </trkpt>
      <trkpt lat="20.617372" lon="-100.367782">
        <ele>1888.167578</ele>
        <time>2026-10-02T16:05:52.658Z</time>
      </trkpt>
      <trkpt lat="20.617379" lon="-100.367826">
        <ele>1887.974458</ele>
        <time>2026-10-02T16:05:53.739Z</time>
      </trkpt>
      <trkpt lat="20.617398" lon="-100.367856">
        <ele>1887.817720</ele>
        <time>2026-10-02T16:05:54.620Z</time>
      </trkpt>
      <trkpt lat="20.617423" lon="-100.367872">
        <ele>1887.682993</ele>
        <time>2026-10-02T16:05:55.374Z</time>
      </trkpt>
      <trkpt lat="20.617453" lon="-100.367883">
        <ele>1887.536359</ele>
        <time>2026-10-02T16:05:56.194Z</time>
      </trkpt>
      <trkpt lat="20.617487" lon="-100.367893">
        <ele>1887.373326</ele>
        <time>2026-10-02T16:05:57.107Z</time>
      </trkpt>
      <trkpt lat="20.617524" lon="-100.367906">
        <ele>1887.193258</ele>
        <time>2026-10-02T16:05:58.116Z</time>
      </trkpt>
      <trkpt lat="20.617563" lon="-100.367922">
        <ele>1887.000121</ele>
        <time>2026-10-02T16:05:59.199Z</time>
      </trkpt>
      <trkpt lat="20.617597" lon="-100.367943">
        <ele>1886.818560</ele>
        <time>2026-10-02T16:06:00.215Z</time>
      </trkpt>
      <trkpt lat="20.617624" lon="-100.367969">
        <ele>1886.650519</ele>
        <time>2026-10-02T16:06:01.156Z</time>
      </trkpt>
      <trkpt lat="20.617641" lon="-100.367993">
        <ele>1886.520283</ele>
        <time>2026-10-02T16:06:01.885Z</time>
      </trkpt>
      <trkpt lat="20.617624" lon="-100.368003">
        <ele>1886.430565</ele>
        <time>2026-10-02T16:06:02.387Z</time>
      </trkpt>
      <trkpt lat="20.617645" lon="-100.368044">
        <ele>1886.228330</ele>
        <time>2026-10-02T16:06:03.101Z</time>
      </trkpt>
      <trkpt lat="20.617713" lon="-100.368555">
        <ele>1883.994986</ele>
        <time>2026-10-02T16:06:10.888Z</time>
      </trkpt>
      <trkpt lat="20.617364" lon="-100.368920">
        <ele>1882.884781</ele>
        <time>2026-10-02T16:06:23.539Z</time>
      </trkpt>
      <trkpt lat="20.617014" lon="-100.369285">
        <ele>1881.949072</ele>
        <time>2026-10-02T16:06:36.188Z</time>
      </trkpt>
      <trkpt lat="20.616993" lon="-100.369453">
        <ele>1881.645572</ele>
        <time>2026-10-02T16:06:38.793Z</time>
      </trkpt>
      <trkpt lat="20.616465" lon="-100.370657">
        <ele>1880.253846</ele>
        <time>2026-10-02T16:07:11.675Z</time>
      </trkpt>
      <trkpt lat="20.616406" lon="-100.370722">
        <ele>1880.253846</ele>
        <time>2026-10-02T16:07:15.657Z</time>
      </trkpt>
      <trkpt lat="20.616092" lon="-100.370447">
        <ele>1880.253846</ele>
        <time>2026-10-02T16:07:36.188Z</time>
      </trkpt>
      <trkpt lat="20.615620" lon="-100.370021">
        <ele>1880.253846</ele>
        <time>2026-10-02T16:08:09.923Z</time>
      </trkpt>
      <trkpt lat="20.615447" lon="-100.370399">
        <ele>1880.253846</ele>
        <time>2026-10-02T16:08:30.890Z</time>
      </trkpt>
      <trkpt lat="20.615381" lon="-100.370543">
        <ele>1880.253846</ele>
        <time>2026-10-02T16:08:37.973Z</time>
      </trkpt>
    </trkseg>
  </trk>
</gpx>