<?xml version='1.0' encoding='UTF-8'?>
<gpx version="1.1" creator="https://www.komoot.de" xmlns="http://www.topografix.com/GPX/1/1" xmlns:xsi="http://www.w3.org/2001/XMLSchema-instance" xsi:schemaLocation="http://www.topografix.com/GPX/1/1 http://www.topografix.com/GPX/1/1/gpx.xsd">
  <metadata>
    <name>La Magnífica V2026</name>
    <author>
      <link href="https://www.komoot.de">
        <text>komoot</text>
        <type>text/html</type>
      </link>
    </author>
  </metadata>
  <trk>
    <name>La Magnífica V2026</name>
    <type>mtb</type>
    <trkseg>
      <trkpt lat="20.546083" lon="-100.374866">
        <ele>1996.887384</ele>
        <time>2026-07-17T19:25:06.069Z</time>
      </trkpt>
      <trkpt lat="20.546286" lon="-100.374532">
        <ele>1996.887384</ele>
        <time>2026-07-17T19:25:11.778Z</time>
      </trkpt>
      <trkpt lat="20.546389" lon="-100.374352">
        <ele>1996.887384</ele>
        <time>2026-07-17T19:25:14.817Z</time>
      </trkpt>
      <trkpt lat="20.546823" lon="-100.374669">
        <ele>1995.516026</ele>
        <time>2026-07-17T19:25:22.603Z</time>
      </trkpt>
      <trkpt lat="20.547018" lon="-100.374422">
        <ele>1993.408714</ele>
        <time>2026-07-17T19:25:26.797Z</time>
      </trkpt>
      <trkpt lat="20.547302" lon="-100.373965">
        <ele>1989.831104</ele>
        <time>2026-07-17T19:25:33.582Z</time>
      </trkpt>
      <trkpt lat="20.548763" lon="-100.374959">
        <ele>1978.487876</ele>
        <time>2026-07-17T19:25:56.239Z</time>
      </trkpt>
      <trkpt lat="20.548994" lon="-100.374638">
        <ele>1976.137008</ele>
        <time>2026-07-17T19:26:01.188Z</time>
      </trkpt>
      <trkpt lat="20.549424" lon="-100.374038">
        <ele>1972.998662</ele>
        <time>2026-07-17T19:26:11.207Z</time>
      </trkpt>
      <trkpt lat="20.549473" lon="-100.373970">
        <ele>1972.928256</ele>
        <time>2026-07-17T19:26:12.487Z</time>
      </trkpt>
      <trkpt lat="20.550035" lon="-100.373185">
        <ele>1972.117440</ele>
        <time>2026-07-17T19:26:28.079Z</time>
      </trkpt>
      <trkpt lat="20.551911" lon="-100.370499">
        <ele>1975.410078</ele>
        <time>2026-07-17T19:27:46.672Z</time>
      </trkpt>
      <trkpt lat="20.552005" lon="-100.370364">
        <ele>1975.758241</ele>
        <time>2026-07-17T19:27:51.547Z</time>
      </trkpt>
      <trkpt lat="20.553862" lon="-100.367792">
        <ele>1983.741655</ele>
        <time>2026-07-17T19:29:37.066Z</time>
      </trkpt>
      <trkpt lat="20.554411" lon="-100.366783">
        <ele>1985.581850</ele>
        <time>2026-07-17T19:30:06.026Z</time>
      </trkpt>
      <trkpt lat="20.554468" lon="-100.366687">
        <ele>1985.761100</ele>
        <time>2026-07-17T19:30:08.503Z</time>
      </trkpt>
      <trkpt lat="20.554747" lon="-100.366494">
        <ele>1986.295682</ele>
        <time>2026-07-17T19:30:15.927Z</time>
      </trkpt>
      <trkpt lat="20.554924" lon="-100.366080">
        <ele>1986.919701</ele>
        <time>2026-07-17T19:30:25.395Z</time>
      </trkpt>
      <trkpt lat="20.555015" lon="-100.365808">
        <ele>1987.315737</ele>
        <time>2026-07-17T19:30:31.389Z</time>
      </trkpt>
      <trkpt lat="20.555151" lon="-100.365238">
        <ele>1988.122250</ele>
        <time>2026-07-17T19:30:45.712Z</time>
      </trkpt>
      <trkpt lat="20.555181" lon="-100.364841">
        <ele>1988.668354</ele>
        <time>2026-07-17T19:30:57.505Z</time>
      </trkpt>
      <trkpt lat="20.555148" lon="-100.364088">
        <ele>1990.632243</ele>
        <time>2026-07-17T19:31:21.702Z</time>
      </trkpt>
      <trkpt lat="20.555074" lon="-100.363708">
        <ele>1991.690800</ele>
        <time>2026-07-17T19:31:34.455Z</time>
      </trkpt>
      <trkpt lat="20.554972" lon="-100.363356">
        <ele>1992.695738</ele>
        <time>2026-07-17T19:31:46.527Z</time>
      </trkpt>
      <trkpt lat="20.554661" lon="-100.362462">
        <ele>1995.058988</ele>
        <time>2026-07-17T19:32:16.333Z</time>
      </trkpt>
      <trkpt lat="20.554263" lon="-100.361408">
        <ele>1997.589952</ele>
        <time>2026-07-17T19:32:48.524Z</time>
      </trkpt>
      <trkpt lat="20.554132" lon="-100.360876">
        <ele>1998.786903</ele>
        <time>2026-07-17T19:33:03.872Z</time>
      </trkpt>
      <trkpt lat="20.554122" lon="-100.360750">
        <ele>1999.053764</ele>
        <time>2026-07-17T19:33:07.304Z</time>
      </trkpt>
      <trkpt lat="20.554112" lon="-100.360332">
        <ele>1999.936190</ele>
        <time>2026-07-17T19:33:18.731Z</time>
      </trkpt>
      <trkpt lat="20.554164" lon="-100.359990">
        <ele>2000.667394</ele>
        <time>2026-07-17T19:33:28.271Z</time>
      </trkpt>
      <trkpt lat="20.554249" lon="-100.359426">
        <ele>2001.872965</ele>
        <time>2026-07-17T19:33:44.507Z</time>
      </trkpt>
      <trkpt lat="20.554955" lon="-100.357240">
        <ele>2008.612450</ele>
        <time>2026-07-17T19:34:58.903Z</time>
      </trkpt>
      <trkpt lat="20.555055" lon="-100.356712">
        <ele>2010.891283</ele>
        <time>2026-07-17T19:35:19.196Z</time>
      </trkpt>
      <trkpt lat="20.555060" lon="-100.356451">
        <ele>2011.995622</ele>
        <time>2026-07-17T19:35:29.304Z</time>
      </trkpt>
      <trkpt lat="20.555046" lon="-100.356173">
        <ele>2013.173345</ele>
        <time>2026-07-17T19:35:40.557Z</time>
      </trkpt>
      <trkpt lat="20.554997" lon="-100.355856">
        <ele>2014.532501</ele>
        <time>2026-07-17T19:35:53.974Z</time>
      </trkpt>
      <trkpt lat="20.554930" lon="-100.355590">
        <ele>2015.697764</ele>
        <time>2026-07-17T19:36:05.357Z</time>
      </trkpt>
      <trkpt lat="20.554340" lon="-100.353607">
        <ele>2026.972464</ele>
        <time>2026-07-17T19:37:37.753Z</time>
      </trkpt>
      <trkpt lat="20.554230" lon="-100.353378">
        <ele>2028.805120</ele>
        <time>2026-07-17T19:37:50.990Z</time>
      </trkpt>
      <trkpt lat="20.554034" lon="-100.353128">
        <ele>2031.126871</ele>
        <time>2026-07-17T19:38:08.436Z</time>
      </trkpt>
      <trkpt lat="20.553819" lon="-100.352957">
        <ele>2033.165454</ele>
        <time>2026-07-17T19:38:24.276Z</time>
      </trkpt>
      <trkpt lat="20.553628" lon="-100.352868">
        <ele>2034.750176</ele>
        <time>2026-07-17T19:38:36.839Z</time>
      </trkpt>
      <trkpt lat="20.553447" lon="-100.352814">
        <ele>2036.179317</ele>
        <time>2026-07-17T19:38:48.339Z</time>
      </trkpt>
      <trkpt lat="20.553223" lon="-100.352788">
        <ele>2037.892792</ele>
        <time>2026-07-17T19:39:02.299Z</time>
      </trkpt>
      <trkpt lat="20.553022" lon="-100.352806">
        <ele>2039.426694</ele>
        <time>2026-07-17T19:39:14.632Z</time>
      </trkpt>
      <trkpt lat="20.552685" lon="-100.352917">
        <ele>2041.939552</ele>
        <time>2026-07-17T19:39:35.731Z</time>
      </trkpt>
      <trkpt lat="20.552493" lon="-100.353045">
        <ele>2043.520999</ele>
        <time>2026-07-17T19:39:48.901Z</time>
      </trkpt>
      <trkpt lat="20.552316" lon="-100.353219">
        <ele>2045.201884</ele>
        <time>2026-07-17T19:40:02.376Z</time>
      </trkpt>
      <trkpt lat="20.552172" lon="-100.353421">
        <ele>2046.862867</ele>
        <time>2026-07-17T19:40:15.193Z</time>
      </trkpt>
      <trkpt lat="20.552016" lon="-100.353714">
        <ele>2049.068016</ele>
        <time>2026-07-17T19:40:31.660Z</time>
      </trkpt>
      <trkpt lat="20.551443" lon="-100.355255">
        <ele>2059.312443</ele>
        <time>2026-07-17T19:41:47.903Z</time>
      </trkpt>
      <trkpt lat="20.551164" lon="-100.355830">
        <ele>2063.200293</ele>
        <time>2026-07-17T19:42:19.128Z</time>
      </trkpt>
      <trkpt lat="20.550930" lon="-100.356108">
        <ele>2065.867286</ele>
        <time>2026-07-17T19:42:38.686Z</time>
      </trkpt>
      <trkpt lat="20.550759" lon="-100.356241">
        <ele>2067.658633</ele>
        <time>2026-07-17T19:42:51.140Z</time>
      </trkpt>
      <trkpt lat="20.550482" lon="-100.356362">
        <ele>2070.192907</ele>
        <time>2026-07-17T19:43:09.675Z</time>
      </trkpt>
      <trkpt lat="20.550178" lon="-100.356447">
        <ele>2072.853953</ele>
        <time>2026-07-17T19:43:30.085Z</time>
      </trkpt>
      <trkpt lat="20.549911" lon="-100.356444">
        <ele>2075.115041</ele>
        <time>2026-07-17T19:43:47.855Z</time>
      </trkpt>
      <trkpt lat="20.549672" lon="-100.356370">
        <ele>2077.222241</ele>
        <time>2026-07-17T19:44:04.460Z</time>
      </trkpt>
      <trkpt lat="20.549461" lon="-100.356282">
        <ele>2079.140409</ele>
        <time>2026-07-17T19:44:19.182Z</time>
      </trkpt>
      <trkpt lat="20.549154" lon="-100.356061">
        <ele>2081.721956</ele>
        <time>2026-07-17T19:44:42.307Z</time>
      </trkpt>
      <trkpt lat="20.548954" lon="-100.355800">
        <ele>2083.888869</ele>
        <time>2026-07-17T19:45:00.804Z</time>
      </trkpt>
      <trkpt lat="20.548051" lon="-100.354055">
        <ele>2095.553769</ele>
        <time>2026-07-17T19:46:31.646Z</time>
      </trkpt>
      <trkpt lat="20.547444" lon="-100.352789">
        <ele>2102.379828</ele>
        <time>2026-07-17T19:47:30.199Z</time>
      </trkpt>
      <trkpt lat="20.546983" lon="-100.351921">
        <ele>2106.539856</ele>
        <time>2026-07-17T19:48:07.307Z</time>
      </trkpt>
      <trkpt lat="20.546676" lon="-100.351193">
        <ele>2109.998577</ele>
        <time>2026-07-17T19:48:37.152Z</time>
      </trkpt>
      <trkpt lat="20.545624" lon="-100.349140">
        <ele>2122.115711</ele>
        <time>2026-07-17T19:50:20.631Z</time>
      </trkpt>
      <trkpt lat="20.545138" lon="-100.348339">
        <ele>2127.553342</ele>
        <time>2026-07-17T19:51:07.090Z</time>
      </trkpt>
      <trkpt lat="20.544708" lon="-100.347564">
        <ele>2132.126269</ele>
        <time>2026-07-17T19:51:48.720Z</time>
      </trkpt>
      <trkpt lat="20.544331" lon="-100.347019">
        <ele>2135.242187</ele>
        <time>2026-07-17T19:52:14.805Z</time>
      </trkpt>
      <trkpt lat="20.544160" lon="-100.346745">
        <ele>2136.756404</ele>
        <time>2026-07-17T19:52:27.009Z</time>
      </trkpt>
      <trkpt lat="20.543909" lon="-100.346469">
        <ele>2138.525673</ele>
        <time>2026-07-17T19:52:41.872Z</time>
      </trkpt>
      <trkpt lat="20.543524" lon="-100.346086">
        <ele>2141.830702</ele>
        <time>2026-07-17T19:53:04.202Z</time>
      </trkpt>
      <trkpt lat="20.539493" lon="-100.342493">
        <ele>2175.068061</ele>
        <time>2026-07-17T19:57:40.066Z</time>
      </trkpt>
      <trkpt lat="20.539144" lon="-100.342311">
        <ele>2176.874233</ele>
        <time>2026-07-17T19:58:00.961Z</time>
      </trkpt>
      <trkpt lat="20.538915" lon="-100.342252">
        <ele>2177.969730</ele>
        <time>2026-07-17T19:58:12.500Z</time>
      </trkpt>
      <trkpt lat="20.538667" lon="-100.342217">
        <ele>2179.133057</ele>
        <time>2026-07-17T19:58:23.508Z</time>
      </trkpt>
      <trkpt lat="20.538128" lon="-100.342193">
        <ele>2181.641799</ele>
        <time>2026-07-17T19:58:42.789Z</time>
      </trkpt>
      <trkpt lat="20.535818" lon="-100.342112">
        <ele>2178.970438</ele>
        <time>2026-07-17T19:59:19.746Z</time>
      </trkpt>
      <trkpt lat="20.535429" lon="-100.342078">
        <ele>2178.207838</ele>
        <time>2026-07-17T19:59:25.521Z</time>
      </trkpt>
      <trkpt lat="20.535045" lon="-100.341978">
        <ele>2177.435561</ele>
        <time>2026-07-17T19:59:31.462Z</time>
      </trkpt>
      <trkpt lat="20.534811" lon="-100.341850">
        <ele>2176.921858</ele>
        <time>2026-07-17T19:59:35.469Z</time>
      </trkpt>
      <trkpt lat="20.533590" lon="-100.341064">
        <ele>2175.566279</ele>
        <time>2026-07-17T19:59:59.090Z</time>
      </trkpt>
      <trkpt lat="20.533517" lon="-100.341013">
        <ele>2175.502908</ele>
        <time>2026-07-17T20:00:00.681Z</time>
      </trkpt>
      <trkpt lat="20.529181" lon="-100.338165">
        <ele>2177.150266</ele>
        <time>2026-07-17T20:01:46.292Z</time>
      </trkpt>
      <trkpt lat="20.529049" lon="-100.337955">
        <ele>2177.387344</ele>
        <time>2026-07-17T20:01:52.712Z</time>
      </trkpt>
      <trkpt lat="20.528998" lon="-100.337819">
        <ele>2177.524668</ele>
        <time>2026-07-17T20:01:56.525Z</time>
      </trkpt>
      <trkpt lat="20.528985" lon="-100.337653">
        <ele>2177.680816</ele>
        <time>2026-07-17T20:02:00.953Z</time>
      </trkpt>
      <trkpt lat="20.529022" lon="-100.337399">
        <ele>2177.921772</ele>
        <time>2026-07-17T20:02:07.719Z</time>
      </trkpt>
      <trkpt lat="20.529018" lon="-100.337237">
        <ele>2178.180158</ele>
        <time>2026-07-17T20:02:11.990Z</time>
      </trkpt>
      <trkpt lat="20.528948" lon="-100.336879">
        <ele>2179.037355</ele>
        <time>2026-07-17T20:02:21.850Z</time>
      </trkpt>
      <trkpt lat="20.528847" lon="-100.336558">
        <ele>2179.831065</ele>
        <time>2026-07-17T20:02:31.360Z</time>
      </trkpt>
      <trkpt lat="20.528648" lon="-100.336198">
        <ele>2180.810883</ele>
        <time>2026-07-17T20:02:43.588Z</time>
      </trkpt>
      <trkpt lat="20.528477" lon="-100.335900">
        <ele>2181.630048</ele>
        <time>2026-07-17T20:02:54.291Z</time>
      </trkpt>
      <trkpt lat="20.528179" lon="-100.335381">
        <ele>2183.328320</ele>
        <time>2026-07-17T20:03:14.113Z</time>
      </trkpt>
      <trkpt lat="20.527893" lon="-100.334802">
        <ele>2185.616087</ele>
        <time>2026-07-17T20:03:38.093Z</time>
      </trkpt>
      <trkpt lat="20.527713" lon="-100.334335">
        <ele>2187.381033</ele>
        <time>2026-07-17T20:03:57.121Z</time>
      </trkpt>
      <trkpt lat="20.527564" lon="-100.333823">
        <ele>2189.224583</ele>
        <time>2026-07-17T20:04:16.588Z</time>
      </trkpt>
      <trkpt lat="20.527476" lon="-100.333378">
        <ele>2189.554833</ele>
        <time>2026-07-17T20:04:32.055Z</time>
      </trkpt>
      <trkpt lat="20.527418" lon="-100.332894">
        <ele>2189.909142</ele>
        <time>2026-07-17T20:04:46.576Z</time>
      </trkpt>
      <trkpt lat="20.527402" lon="-100.332286">
        <ele>2190.350800</ele>
        <time>2026-07-17T20:04:58.759Z</time>
      </trkpt>
      <trkpt lat="20.527418" lon="-100.332031">
        <ele>2190.536377</ele>
        <time>2026-07-17T20:05:02.765Z</time>
      </trkpt>
      <trkpt lat="20.528066" lon="-100.321339">
        <ele>2139.111809</ele>
        <time>2026-07-17T20:07:15.359Z</time>
      </trkpt>
      <trkpt lat="20.527994" lon="-100.320756">
        <ele>2136.268156</ele>
        <time>2026-07-17T20:07:23.112Z</time>
      </trkpt>
      <trkpt lat="20.527986" lon="-100.319913">
        <ele>2132.579403</ele>
        <time>2026-07-17T20:07:34.374Z</time>
      </trkpt>
      <trkpt lat="20.528015" lon="-100.319555">
        <ele>2131.110489</ele>
        <time>2026-07-17T20:07:39.237Z</time>
      </trkpt>
      <trkpt lat="20.528047" lon="-100.319339">
        <ele>2130.216534</ele>
        <time>2026-07-17T20:07:42.224Z</time>
      </trkpt>
      <trkpt lat="20.528117" lon="-100.318898">
        <ele>2128.388083</ele>
        <time>2026-07-17T20:07:48.375Z</time>
      </trkpt>
      <trkpt lat="20.528361" lon="-100.317713">
        <ele>2123.320761</ele>
        <time>2026-07-17T20:08:05.184Z</time>
      </trkpt>
      <trkpt lat="20.528478" lon="-100.317264">
        <ele>2121.355709</ele>
        <time>2026-07-17T20:08:11.513Z</time>
      </trkpt>
      <trkpt lat="20.528631" lon="-100.316105">
        <ele>2115.874823</ele>
        <time>2026-07-17T20:08:26.028Z</time>
      </trkpt>
      <trkpt lat="20.528857" lon="-100.314437">
        <ele>2107.264728</ele>
        <time>2026-07-17T20:08:46.567Z</time>
      </trkpt>
      <trkpt lat="20.528938" lon="-100.313683">
        <ele>2103.698748</ele>
        <time>2026-07-17T20:08:55.932Z</time>
      </trkpt>
      <trkpt lat="20.529062" lon="-100.312731">
        <ele>2099.359655</ele>
        <time>2026-07-17T20:09:08.071Z</time>
      </trkpt>
      <trkpt lat="20.529304" lon="-100.310835">
        <ele>2093.584297</ele>
        <time>2026-07-17T20:09:33.600Z</time>
      </trkpt>
      <trkpt lat="20.528821" lon="-100.310779">
        <ele>2093.439384</ele>
        <time>2026-07-17T20:09:41.813Z</time>
      </trkpt>
      <trkpt lat="20.527572" lon="-100.310635">
        <ele>2093.202049</ele>
        <time>2026-07-17T20:10:09.918Z</time>
      </trkpt>
      <trkpt lat="20.527576" lon="-100.310992">
        <ele>2094.093191</ele>
        <time>2026-07-17T20:10:20.908Z</time>
      </trkpt>
      <trkpt lat="20.527101" lon="-100.311058">
        <ele>2095.369859</ele>
        <time>2026-07-17T20:10:38.189Z</time>
      </trkpt>
      <trkpt lat="20.526899" lon="-100.311039">
        <ele>2095.910325</ele>
        <time>2026-07-17T20:10:45.927Z</time>
      </trkpt>
      <trkpt lat="20.526438" lon="-100.311069">
        <ele>2097.141286</ele>
        <time>2026-07-17T20:11:04.034Z</time>
      </trkpt>
      <trkpt lat="20.523636" lon="-100.310987">
        <ele>2100.811357</ele>
        <time>2026-07-17T20:12:29.914Z</time>
      </trkpt>
      <trkpt lat="20.523147" lon="-100.310979">
        <ele>2100.176060</ele>
        <time>2026-07-17T20:12:38.172Z</time>
      </trkpt>
      <trkpt lat="20.522696" lon="-100.310440">
        <ele>2098.648142</ele>
        <time>2026-07-17T20:12:48.035Z</time>
      </trkpt>
      <trkpt lat="20.522551" lon="-100.310265">
        <ele>2096.907405</ele>
        <time>2026-07-17T20:12:51.016Z</time>
      </trkpt>
      <trkpt lat="20.522326" lon="-100.310074">
        <ele>2094.620871</ele>
        <time>2026-07-17T20:12:54.834Z</time>
      </trkpt>
      <trkpt lat="20.522170" lon="-100.310009">
        <ele>2093.288789</ele>
        <time>2026-07-17T20:12:57.014Z</time>
      </trkpt>
      <trkpt lat="20.521513" lon="-100.309851">
        <ele>2087.931576</ele>
        <time>2026-07-17T20:13:05.625Z</time>
      </trkpt>
      <trkpt lat="20.520759" lon="-100.309797">
        <ele>2084.025568</ele>
        <time>2026-07-17T20:13:15.312Z</time>
      </trkpt>
      <trkpt lat="20.520499" lon="-100.309770">
        <ele>2083.316758</ele>
        <time>2026-07-17T20:13:18.880Z</time>
      </trkpt>
      <trkpt lat="20.520409" lon="-100.309711">
        <ele>2083.030199</ele>
        <time>2026-07-17T20:13:20.378Z</time>
      </trkpt>
      <trkpt lat="20.520194" lon="-100.309612">
        <ele>2082.394885</ele>
        <time>2026-07-17T20:13:23.935Z</time>
      </trkpt>
      <trkpt lat="20.520002" lon="-100.309487">
        <ele>2081.784709</ele>
        <time>2026-07-17T20:13:27.917Z</time>
      </trkpt>
      <trkpt lat="20.519470" lon="-100.309036">
        <ele>2080.858212</ele>
        <time>2026-07-17T20:13:51.143Z</time>
      </trkpt>
      <trkpt lat="20.519230" lon="-100.308591">
        <ele>2083.628497</ele>
        <time>2026-07-17T20:14:16.634Z</time>
      </trkpt>
      <trkpt lat="20.518942" lon="-100.307953">
        <ele>2087.449321</ele>
        <time>2026-07-17T20:14:53.602Z</time>
      </trkpt>
      <trkpt lat="20.518790" lon="-100.307693">
        <ele>2089.102812</ele>
        <time>2026-07-17T20:15:08.719Z</time>
      </trkpt>
      <trkpt lat="20.518633" lon="-100.307509">
        <ele>2090.445651</ele>
        <time>2026-07-17T20:15:20.010Z</time>
      </trkpt>
      <trkpt lat="20.518360" lon="-100.307327">
        <ele>2091.462369</ele>
        <time>2026-07-17T20:15:34.565Z</time>
      </trkpt>
      <trkpt lat="20.518114" lon="-100.307210">
        <ele>2092.251406</ele>
        <time>2026-07-17T20:15:46.089Z</time>
      </trkpt>
      <trkpt lat="20.517847" lon="-100.307116">
        <ele>2093.075127</ele>
        <time>2026-07-17T20:15:57.555Z</time>
      </trkpt>
      <trkpt lat="20.516790" lon="-100.306880">
        <ele>2095.637257</ele>
        <time>2026-07-17T20:16:29.462Z</time>
      </trkpt>
      <trkpt lat="20.514869" lon="-100.306498">
        <ele>2091.013515</ele>
        <time>2026-07-17T20:17:01.243Z</time>
      </trkpt>
      <trkpt lat="20.511802" lon="-100.306013">
        <ele>2071.874565</ele>
        <time>2026-07-17T20:17:43.094Z</time>
      </trkpt>
      <trkpt lat="20.511164" lon="-100.305958">
        <ele>2069.989079</ele>
        <time>2026-07-17T20:17:51.838Z</time>
      </trkpt>
      <trkpt lat="20.511113" lon="-100.305912">
        <ele>2069.913858</ele>
        <time>2026-07-17T20:17:52.795Z</time>
      </trkpt>
      <trkpt lat="20.511063" lon="-100.305761">
        <ele>2069.744848</ele>
        <time>2026-07-17T20:17:54.995Z</time>
      </trkpt>
      <trkpt lat="20.511019" lon="-100.305693">
        <ele>2069.657631</ele>
        <time>2026-07-17T20:17:56.157Z</time>
      </trkpt>
      <trkpt lat="20.510960" lon="-100.305663">
        <ele>2069.584003</ele>
        <time>2026-07-17T20:17:57.163Z</time>
      </trkpt>
      <trkpt lat="20.510510" lon="-100.305657">
        <ele>2069.076952</ele>
        <time>2026-07-17T20:18:05.137Z</time>
      </trkpt>
      <trkpt lat="20.510408" lon="-100.305693">
        <ele>2068.955913</ele>
        <time>2026-07-17T20:18:07.992Z</time>
      </trkpt>
      <trkpt lat="20.510126" lon="-100.305944">
        <ele>2068.542261</ele>
        <time>2026-07-17T20:18:21.251Z</time>
      </trkpt>
      <trkpt lat="20.509964" lon="-100.306026">
        <ele>2069.064145</ele>
        <time>2026-07-17T20:18:29.397Z</time>
      </trkpt>
      <trkpt lat="20.508379" lon="-100.306011">
        <ele>2079.906948</ele>
        <time>2026-07-17T20:20:02.784Z</time>
      </trkpt>
      <trkpt lat="20.508333" lon="-100.306044">
        <ele>2080.286052</ele>
        <time>2026-07-17T20:20:05.892Z</time>
      </trkpt>
      <trkpt lat="20.508221" lon="-100.306373">
        <ele>2082.315903</ele>
        <time>2026-07-17T20:20:23.993Z</time>
      </trkpt>
      <trkpt lat="20.508235" lon="-100.307304">
        <ele>2087.568784</ele>
        <time>2026-07-17T20:21:08.374Z</time>
      </trkpt>
      <trkpt lat="20.508200" lon="-100.307665">
        <ele>2089.616234</ele>
        <time>2026-07-17T20:21:24.522Z</time>
      </trkpt>
      <trkpt lat="20.506419" lon="-100.307318">
        <ele>2097.481477</ele>
        <time>2026-07-17T20:22:46.960Z</time>
      </trkpt>
      <trkpt lat="20.506372" lon="-100.307303">
        <ele>2097.676505</ele>
        <time>2026-07-17T20:22:48.553Z</time>
      </trkpt>
      <trkpt lat="20.506084" lon="-100.307174">
        <ele>2098.654461</ele>
        <time>2026-07-17T20:22:57.342Z</time>
      </trkpt>
      <trkpt lat="20.506044" lon="-100.307091">
        <ele>2098.512506</ele>
        <time>2026-07-17T20:22:59.405Z</time>
      </trkpt>
      <trkpt lat="20.506035" lon="-100.306999">
        <ele>2098.371832</ele>
        <time>2026-07-17T20:23:01.315Z</time>
      </trkpt>
      <trkpt lat="20.506208" lon="-100.305511">
        <ele>2096.091519</ele>
        <time>2026-07-17T20:23:24.055Z</time>
      </trkpt>
      <trkpt lat="20.506196" lon="-100.305400">
        <ele>2095.921589</ele>
        <time>2026-07-17T20:23:25.635Z</time>
      </trkpt>
      <trkpt lat="20.506141" lon="-100.305328">
        <ele>2095.721559</ele>
        <time>2026-07-17T20:23:26.950Z</time>
      </trkpt>
      <trkpt lat="20.505701" lon="-100.304996">
        <ele>2093.146383</ele>
        <time>2026-07-17T20:23:34.957Z</time>
      </trkpt>
      <trkpt lat="20.505650" lon="-100.304980">
        <ele>2092.892321</ele>
        <time>2026-07-17T20:23:35.727Z</time>
      </trkpt>
      <trkpt lat="20.505209" lon="-100.304964">
        <ele>2090.783333</ele>
        <time>2026-07-17T20:23:42.101Z</time>
      </trkpt>
      <trkpt lat="20.504619" lon="-100.305036">
        <ele>2087.945051</ele>
        <time>2026-07-17T20:23:50.407Z</time>
      </trkpt>
      <trkpt lat="20.504066" lon="-100.305206">
        <ele>2084.284830</ele>
        <time>2026-07-17T20:23:58.168Z</time>
      </trkpt>
      <trkpt lat="20.503805" lon="-100.305165">
        <ele>2082.455862</ele>
        <time>2026-07-17T20:24:01.671Z</time>
      </trkpt>
      <trkpt lat="20.503605" lon="-100.305036">
        <ele>2080.835887</ele>
        <time>2026-07-17T20:24:04.750Z</time>
      </trkpt>
      <trkpt lat="20.502981" lon="-100.304505">
        <ele>2075.303693</ele>
        <time>2026-07-17T20:24:15.301Z</time>
      </trkpt>
      <trkpt lat="20.502637" lon="-100.304167">
        <ele>2074.219566</ele>
        <time>2026-07-17T20:24:21.737Z</time>
      </trkpt>
      <trkpt lat="20.502182" lon="-100.303643">
        <ele>2073.312042</ele>
        <time>2026-07-17T20:24:32.090Z</time>
      </trkpt>
      <trkpt lat="20.501114" lon="-100.302526">
        <ele>2076.669458</ele>
        <time>2026-07-17T20:25:26.076Z</time>
      </trkpt>
      <trkpt lat="20.499944" lon="-100.301615">
        <ele>2084.450601</ele>
        <time>2026-07-17T20:26:52.801Z</time>
      </trkpt>
      <trkpt lat="20.499657" lon="-100.301502">
        <ele>2085.754637</ele>
        <time>2026-07-17T20:27:07.819Z</time>
      </trkpt>
      <trkpt lat="20.499586" lon="-100.301466">
        <ele>2086.089713</ele>
        <time>2026-07-17T20:27:11.303Z</time>
      </trkpt>
      <trkpt lat="20.499539" lon="-100.301332">
        <ele>2086.661066</ele>
        <time>2026-07-17T20:27:16.831Z</time>
      </trkpt>
      <trkpt lat="20.499441" lon="-100.301305">
        <ele>2087.092528</ele>
        <time>2026-07-17T20:27:20.742Z</time>
      </trkpt>
      <trkpt lat="20.499102" lon="-100.301099">
        <ele>2088.755392</ele>
        <time>2026-07-17T20:27:33.703Z</time>
      </trkpt>
      <trkpt lat="20.498742" lon="-100.300932">
        <ele>2090.407204</ele>
        <time>2026-07-17T20:27:43.647Z</time>
      </trkpt>
      <trkpt lat="20.497303" lon="-100.300400">
        <ele>2091.088914</ele>
        <time>2026-07-17T20:28:15.222Z</time>
      </trkpt>
      <trkpt lat="20.497103" lon="-100.300326">
        <ele>2091.183670</ele>
        <time>2026-07-17T20:28:19.567Z</time>
      </trkpt>
      <trkpt lat="20.496931" lon="-100.300377">
        <ele>2091.221941</ele>
        <time>2026-07-17T20:28:23.072Z</time>
      </trkpt>
      <trkpt lat="20.496670" lon="-100.300584">
        <ele>2091.254677</ele>
        <time>2026-07-17T20:28:29.206Z</time>
      </trkpt>
      <trkpt lat="20.495610" lon="-100.301398">
        <ele>2091.386142</ele>
        <time>2026-07-17T20:28:53.441Z</time>
      </trkpt>
      <trkpt lat="20.494596" lon="-100.302389">
        <ele>2093.453572</ele>
        <time>2026-07-17T20:29:29.215Z</time>
      </trkpt>
      <trkpt lat="20.494046" lon="-100.303004">
        <ele>2094.606843</ele>
        <time>2026-07-17T20:29:55.167Z</time>
      </trkpt>
      <trkpt lat="20.493643" lon="-100.303510">
        <ele>2095.411574</ele>
        <time>2026-07-17T20:30:14.701Z</time>
      </trkpt>
      <trkpt lat="20.493201" lon="-100.304096">
        <ele>2096.323155</ele>
        <time>2026-07-17T20:30:30.058Z</time>
      </trkpt>
      <trkpt lat="20.493170" lon="-100.304127">
        <ele>2096.378097</ele>
        <time>2026-07-17T20:30:30.830Z</time>
      </trkpt>
      <trkpt lat="20.492818" lon="-100.304458">
        <ele>2096.177595</ele>
        <time>2026-07-17T20:30:38.872Z</time>
      </trkpt>
      <trkpt lat="20.492526" lon="-100.304717">
        <ele>2095.828129</ele>
        <time>2026-07-17T20:30:45.075Z</time>
      </trkpt>
      <trkpt lat="20.492017" lon="-100.305036">
        <ele>2095.284806</ele>
        <time>2026-07-17T20:30:54.535Z</time>
      </trkpt>
      <trkpt lat="20.491026" lon="-100.305606">
        <ele>2094.815474</ele>
        <time>2026-07-17T20:31:14.816Z</time>
      </trkpt>
      <trkpt lat="20.490849" lon="-100.305684">
        <ele>2094.803302</ele>
        <time>2026-07-17T20:31:18.451Z</time>
      </trkpt>
      <trkpt lat="20.490551" lon="-100.305751">
        <ele>2094.783944</ele>
        <time>2026-07-17T20:31:24.091Z</time>
      </trkpt>
      <trkpt lat="20.490268" lon="-100.305740">
        <ele>2094.765943</ele>
        <time>2026-07-17T20:31:29.466Z</time>
      </trkpt>
      <trkpt lat="20.489749" lon="-100.305644">
        <ele>2095.042101</ele>
        <time>2026-07-17T20:31:40.811Z</time>
      </trkpt>
      <trkpt lat="20.489452" lon="-100.305617">
        <ele>2095.569874</ele>
        <time>2026-07-17T20:31:48.032Z</time>
      </trkpt>
      <trkpt lat="20.489033" lon="-100.305646">
        <ele>2096.313315</ele>
        <time>2026-07-17T20:31:59.012Z</time>
      </trkpt>
      <trkpt lat="20.487865" lon="-100.305846">
        <ele>2099.146822</ele>
        <time>2026-07-17T20:32:36.525Z</time>
      </trkpt>
      <trkpt lat="20.487230" lon="-100.305908">
        <ele>2102.014313</ele>
        <time>2026-07-17T20:32:59.231Z</time>
      </trkpt>
      <trkpt lat="20.486087" lon="-100.305948">
        <ele>2108.299212</ele>
        <time>2026-07-17T20:33:53.359Z</time>
      </trkpt>
      <trkpt lat="20.485835" lon="-100.306003">
        <ele>2110.613902</ele>
        <time>2026-07-17T20:34:09.223Z</time>
      </trkpt>
      <trkpt lat="20.485162" lon="-100.306211">
        <ele>2116.919029</ele>
        <time>2026-07-17T20:34:57.334Z</time>
      </trkpt>
      <trkpt lat="20.484520" lon="-100.306310">
        <ele>2122.604794</ele>
        <time>2026-07-17T20:35:45.315Z</time>
      </trkpt>
      <trkpt lat="20.484164" lon="-100.306281">
        <ele>2124.938215</ele>
        <time>2026-07-17T20:36:09.459Z</time>
      </trkpt>
      <trkpt lat="20.483890" lon="-100.306172">
        <ele>2126.849259</ele>
        <time>2026-07-17T20:36:27.632Z</time>
      </trkpt>
      <trkpt lat="20.483563" lon="-100.306007">
        <ele>2129.213106</ele>
        <time>2026-07-17T20:36:47.587Z</time>
      </trkpt>
      <trkpt lat="20.483057" lon="-100.305617">
        <ele>2133.291997</ele>
        <time>2026-07-17T20:37:13.977Z</time>
      </trkpt>
      <trkpt lat="20.482679" lon="-100.305016">
        <ele>2133.487953</ele>
        <time>2026-07-17T20:37:30.080Z</time>
      </trkpt>
      <trkpt lat="20.482630" lon="-100.304918">
        <ele>2133.403137</ele>
        <time>2026-07-17T20:37:31.894Z</time>
      </trkpt>
      <trkpt lat="20.482471" lon="-100.304616">
        <ele>2133.138633</ele>
        <time>2026-07-17T20:37:37.168Z</time>
      </trkpt>
      <trkpt lat="20.482210" lon="-100.304271">
        <ele>2132.800047</ele>
        <time>2026-07-17T20:37:43.278Z</time>
      </trkpt>
      <trkpt lat="20.482070" lon="-100.304148">
        <ele>2132.652264</ele>
        <time>2026-07-17T20:37:45.856Z</time>
      </trkpt>
      <trkpt lat="20.481894" lon="-100.304080">
        <ele>2132.499709</ele>
        <time>2026-07-17T20:37:48.514Z</time>
      </trkpt>
      <trkpt lat="20.481639" lon="-100.304037">
        <ele>2132.875269</ele>
        <time>2026-07-17T20:37:52.275Z</time>
      </trkpt>
      <trkpt lat="20.481154" lon="-100.303964">
        <ele>2133.631980</ele>
        <time>2026-07-17T20:38:00.212Z</time>
      </trkpt>
      <trkpt lat="20.480463" lon="-100.303836">
        <ele>2134.715493</ele>
        <time>2026-07-17T20:38:20.331Z</time>
      </trkpt>
      <trkpt lat="20.479031" lon="-100.303844">
        <ele>2142.019671</ele>
        <time>2026-07-17T20:39:41.985Z</time>
      </trkpt>
      <trkpt lat="20.478831" lon="-100.303834">
        <ele>2143.279295</ele>
        <time>2026-07-17T20:39:53.406Z</time>
      </trkpt>
      <trkpt lat="20.478772" lon="-100.303811">
        <ele>2143.674454</ele>
        <time>2026-07-17T20:39:56.857Z</time>
      </trkpt>
      <trkpt lat="20.478605" lon="-100.303713">
        <ele>2144.873382</ele>
        <time>2026-07-17T20:40:06.781Z</time>
      </trkpt>
      <trkpt lat="20.478524" lon="-100.303636">
        <ele>2145.555748</ele>
        <time>2026-07-17T20:40:12.194Z</time>
      </trkpt>
      <trkpt lat="20.477213" lon="-100.301836">
        <ele>2152.244043</ele>
        <time>2026-07-17T20:41:19.932Z</time>
      </trkpt>
      <trkpt lat="20.476872" lon="-100.301502">
        <ele>2153.722203</ele>
        <time>2026-07-17T20:41:33.472Z</time>
      </trkpt>
      <trkpt lat="20.476610" lon="-100.301347">
        <ele>2154.678942</ele>
        <time>2026-07-17T20:41:43.324Z</time>
      </trkpt>
      <trkpt lat="20.476529" lon="-100.301317">
        <ele>2154.952782</ele>
        <time>2026-07-17T20:41:46.278Z</time>
      </trkpt>
      <trkpt lat="20.476309" lon="-100.301315">
        <ele>2155.655475</ele>
        <time>2026-07-17T20:41:54.171Z</time>
      </trkpt>
      <trkpt lat="20.476191" lon="-100.301348">
        <ele>2156.045081</ele>
        <time>2026-07-17T20:41:58.771Z</time>
      </trkpt>
      <trkpt lat="20.476014" lon="-100.301442">
        <ele>2156.676511</ele>
        <time>2026-07-17T20:42:06.625Z</time>
      </trkpt>
      <trkpt lat="20.474767" lon="-100.302369">
        <ele>2162.233320</ele>
        <time>2026-07-17T20:43:11.784Z</time>
      </trkpt>
      <trkpt lat="20.471299" lon="-100.305081">
        <ele>2170.890654</ele>
        <time>2026-07-17T20:45:11.392Z</time>
      </trkpt>
      <trkpt lat="20.471211" lon="-100.304991">
        <ele>2171.137156</ele>
        <time>2026-07-17T20:45:14.526Z</time>
      </trkpt>
      <trkpt lat="20.469445" lon="-100.303022">
        <ele>2177.326386</ele>
        <time>2026-07-17T20:46:30.763Z</time>
      </trkpt>
      <trkpt lat="20.469275" lon="-100.302875">
        <ele>2177.979794</ele>
        <time>2026-07-17T20:46:39.366Z</time>
      </trkpt>
      <trkpt lat="20.469036" lon="-100.302613">
        <ele>2179.002965</ele>
        <time>2026-07-17T20:46:53.184Z</time>
      </trkpt>
      <trkpt lat="20.468809" lon="-100.302343">
        <ele>2179.992180</ele>
        <time>2026-07-17T20:47:07.102Z</time>
      </trkpt>
      <trkpt lat="20.468666" lon="-100.302137">
        <ele>2180.671930</ele>
        <time>2026-07-17T20:47:17.012Z</time>
      </trkpt>
      <trkpt lat="20.468314" lon="-100.301761">
        <ele>2182.081208</ele>
        <time>2026-07-17T20:47:35.946Z</time>
      </trkpt>
      <trkpt lat="20.467947" lon="-100.301341">
        <ele>2183.603915</ele>
        <time>2026-07-17T20:47:53.159Z</time>
      </trkpt>
      <trkpt lat="20.466873" lon="-100.300160">
        <ele>2184.495755</ele>
        <time>2026-07-17T20:48:26.882Z</time>
      </trkpt>
      <trkpt lat="20.465119" lon="-100.298207">
        <ele>2181.550430</ele>
        <time>2026-07-17T20:49:07.715Z</time>
      </trkpt>
      <trkpt lat="20.465004" lon="-100.298079">
        <ele>2181.304068</ele>
        <time>2026-07-17T20:49:10.313Z</time>
      </trkpt>
      <trkpt lat="20.464816" lon="-100.298178">
        <ele>2180.993228</ele>
        <time>2026-07-17T20:49:13.810Z</time>
      </trkpt>
      <trkpt lat="20.464648" lon="-100.298193">
        <ele>2180.743254</ele>
        <time>2026-07-17T20:49:16.632Z</time>
      </trkpt>
      <trkpt lat="20.464140" lon="-100.297979">
        <ele>2179.933466</ele>
        <time>2026-07-17T20:49:25.966Z</time>
      </trkpt>
      <trkpt lat="20.463135" lon="-100.297652">
        <ele>2178.066634</ele>
        <time>2026-07-17T20:49:44.340Z</time>
      </trkpt>
      <trkpt lat="20.462415" lon="-100.297354">
        <ele>2176.407874</ele>
        <time>2026-07-17T20:49:57.497Z</time>
      </trkpt>
      <trkpt lat="20.462345" lon="-100.297328">
        <ele>2176.248670</ele>
        <time>2026-07-17T20:49:58.717Z</time>
      </trkpt>
      <trkpt lat="20.460924" lon="-100.296798">
        <ele>2169.012641</ele>
        <time>2026-07-17T20:50:21.139Z</time>
      </trkpt>
      <trkpt lat="20.460494" lon="-100.296669">
        <ele>2166.295922</ele>
        <time>2026-07-17T20:50:26.987Z</time>
      </trkpt>
      <trkpt lat="20.460518" lon="-100.296558">
        <ele>2165.646757</ele>
        <time>2026-07-17T20:50:28.362Z</time>
      </trkpt>
      <trkpt lat="20.460296" lon="-100.296532">
        <ele>2164.288391</ele>
        <time>2026-07-17T20:50:31.194Z</time>
      </trkpt>
      <trkpt lat="20.460118" lon="-100.296598">
        <ele>2162.561619</ele>
        <time>2026-07-17T20:50:33.570Z</time>
      </trkpt>
      <trkpt lat="20.459665" lon="-100.296542">
        <ele>2158.348197</ele>
        <time>2026-07-17T20:50:39.344Z</time>
      </trkpt>
      <trkpt lat="20.459174" lon="-100.296397">
        <ele>2153.641211</ele>
        <time>2026-07-17T20:50:45.831Z</time>
      </trkpt>
      <trkpt lat="20.458962" lon="-100.296943">
        <ele>2148.524918</ele>
        <time>2026-07-17T20:50:53.042Z</time>
      </trkpt>
      <trkpt lat="20.458660" lon="-100.297363">
        <ele>2144.499253</ele>
        <time>2026-07-17T20:50:59.607Z</time>
      </trkpt>
      <trkpt lat="20.458534" lon="-100.297534">
        <ele>2142.899689</ele>
        <time>2026-07-17T20:51:02.318Z</time>
      </trkpt>
      <trkpt lat="20.458402" lon="-100.297713">
        <ele>2141.224780</ele>
        <time>2026-07-17T20:51:05.103Z</time>
      </trkpt>
      <trkpt lat="20.458356" lon="-100.297754">
        <ele>2140.754464</ele>
        <time>2026-07-17T20:51:05.889Z</time>
      </trkpt>
      <trkpt lat="20.458157" lon="-100.297860">
        <ele>2139.009082</ele>
        <time>2026-07-17T20:51:08.752Z</time>
      </trkpt>
      <trkpt lat="20.458103" lon="-100.297911">
        <ele>2138.443215</ele>
        <time>2026-07-17T20:51:09.681Z</time>
      </trkpt>
      <trkpt lat="20.457957" lon="-100.298252">
        <ele>2135.686531</ele>
        <time>2026-07-17T20:51:14.246Z</time>
      </trkpt>
      <trkpt lat="20.457590" lon="-100.298733">
        <ele>2132.957840</ele>
        <time>2026-07-17T20:51:22.009Z</time>
      </trkpt>
      <trkpt lat="20.457175" lon="-100.299292">
        <ele>2131.714487</ele>
        <time>2026-07-17T20:51:32.124Z</time>
      </trkpt>
      <trkpt lat="20.456789" lon="-100.299569">
        <ele>2130.849026</ele>
        <time>2026-07-17T20:51:42.612Z</time>
      </trkpt>
      <trkpt lat="20.456131" lon="-100.299874">
        <ele>2132.196128</ele>
        <time>2026-07-17T20:52:07.960Z</time>
      </trkpt>
      <trkpt lat="20.456052" lon="-100.299974">
        <ele>2132.885795</ele>
        <time>2026-07-17T20:52:13.348Z</time>
      </trkpt>
      <trkpt lat="20.455923" lon="-100.300287">
        <ele>2134.688720</ele>
        <time>2026-07-17T20:52:28.645Z</time>
      </trkpt>
      <trkpt lat="20.455770" lon="-100.300380">
        <ele>2135.679560</ele>
        <time>2026-07-17T20:52:37.619Z</time>
      </trkpt>
      <trkpt lat="20.455541" lon="-100.300514">
        <ele>2137.149216</ele>
        <time>2026-07-17T20:52:51.393Z</time>
      </trkpt>
      <trkpt lat="20.455406" lon="-100.300557">
        <ele>2137.942030</ele>
        <time>2026-07-17T20:52:59.089Z</time>
      </trkpt>
      <trkpt lat="20.455247" lon="-100.300573">
        <ele>2138.840761</ele>
        <time>2026-07-17T20:53:07.871Z</time>
      </trkpt>
      <trkpt lat="20.455119" lon="-100.300541">
        <ele>2139.580571</ele>
        <time>2026-07-17T20:53:15.226Z</time>
      </trkpt>
      <trkpt lat="20.454669" lon="-100.300262">
        <ele>2143.398811</ele>
        <time>2026-07-17T20:53:46.870Z</time>
      </trkpt>
      <trkpt lat="20.454525" lon="-100.300196">
        <ele>2144.636248</ele>
        <time>2026-07-17T20:53:57.293Z</time>
      </trkpt>
      <trkpt lat="20.454269" lon="-100.300129">
        <ele>2146.717518</ele>
        <time>2026-07-17T20:54:15.205Z</time>
      </trkpt>
      <trkpt lat="20.453910" lon="-100.300066">
        <ele>2149.590254</ele>
        <time>2026-07-17T20:54:39.293Z</time>
      </trkpt>
      <trkpt lat="20.453684" lon="-100.300061">
        <ele>2151.375139</ele>
        <time>2026-07-17T20:54:53.323Z</time>
      </trkpt>
      <trkpt lat="20.453581" lon="-100.300010">
        <ele>2152.271691</ele>
        <time>2026-07-17T20:54:59.958Z</time>
      </trkpt>
      <trkpt lat="20.453177" lon="-100.299610">
        <ele>2155.375574</ele>
        <time>2026-07-17T20:55:28.472Z</time>
      </trkpt>
      <trkpt lat="20.453116" lon="-100.299524">
        <ele>2155.703692</ele>
        <time>2026-07-17T20:55:33.130Z</time>
      </trkpt>
      <trkpt lat="20.453105" lon="-100.299472">
        <ele>2155.865856</ele>
        <time>2026-07-17T20:55:35.390Z</time>
      </trkpt>
      <trkpt lat="20.453109" lon="-100.299396">
        <ele>2156.097410</ele>
        <time>2026-07-17T20:55:38.587Z</time>
      </trkpt>
      <trkpt lat="20.454157" lon="-100.296475">
        <ele>2164.348927</ele>
        <time>2026-07-17T20:57:06.587Z</time>
      </trkpt>
      <trkpt lat="20.451709" lon="-100.296764">
        <ele>2174.851970</ele>
        <time>2026-07-17T20:58:56.291Z</time>
      </trkpt>
      <trkpt lat="20.450697" lon="-100.296703">
        <ele>2178.564352</ele>
        <time>2026-07-17T20:59:35.164Z</time>
      </trkpt>
      <trkpt lat="20.450650" lon="-100.296678">
        <ele>2178.756685</ele>
        <time>2026-07-17T20:59:36.946Z</time>
      </trkpt>
      <trkpt lat="20.450608" lon="-100.296603">
        <ele>2179.056527</ele>
        <time>2026-07-17T20:59:39.605Z</time>
      </trkpt>
      <trkpt lat="20.450599" lon="-100.296526">
        <ele>2179.322815</ele>
        <time>2026-07-17T20:59:41.974Z</time>
      </trkpt>
      <trkpt lat="20.450531" lon="-100.292269">
        <ele>2187.907028</ele>
        <time>2026-07-17T21:01:40.377Z</time>
      </trkpt>
      <trkpt lat="20.450143" lon="-100.292282">
        <ele>2189.228713</ele>
        <time>2026-07-17T21:01:55.185Z</time>
      </trkpt>
      <trkpt lat="20.449642" lon="-100.292130">
        <ele>2191.002064</ele>
        <time>2026-07-17T21:02:22.413Z</time>
      </trkpt>
      <trkpt lat="20.449122" lon="-100.292029">
        <ele>2192.801602</ele>
        <time>2026-07-17T21:02:50.603Z</time>
      </trkpt>
      <trkpt lat="20.448740" lon="-100.291979">
        <ele>2193.937188</ele>
        <time>2026-07-17T21:03:09.136Z</time>
      </trkpt>
      <trkpt lat="20.448443" lon="-100.291881">
        <ele>2194.829021</ele>
        <time>2026-07-17T21:03:23.671Z</time>
      </trkpt>
      <trkpt lat="20.448386" lon="-100.291608">
        <ele>2195.580857</ele>
        <time>2026-07-17T21:03:35.734Z</time>
      </trkpt>
      <trkpt lat="20.448212" lon="-100.290908">
        <ele>2197.527580</ele>
        <time>2026-07-17T21:04:06.077Z</time>
      </trkpt>
      <trkpt lat="20.447995" lon="-100.290240">
        <ele>2199.085224</ele>
        <time>2026-07-17T21:04:34.249Z</time>
      </trkpt>
      <trkpt lat="20.447523" lon="-100.289146">
        <ele>2201.446322</ele>
        <time>2026-07-17T21:05:22.199Z</time>
      </trkpt>
      <trkpt lat="20.447401" lon="-100.288861">
        <ele>2201.984139</ele>
        <time>2026-07-17T21:05:34.408Z</time>
      </trkpt>
      <trkpt lat="20.447028" lon="-100.288008">
        <ele>2202.790818</ele>
        <time>2026-07-17T21:06:08.562Z</time>
      </trkpt>
      <trkpt lat="20.446987" lon="-100.287921">
        <ele>2202.874274</ele>
        <time>2026-07-17T21:06:11.890Z</time>
      </trkpt>
      <trkpt lat="20.446135" lon="-100.285966">
        <ele>2203.061476</ele>
        <time>2026-07-17T21:07:17.256Z</time>
      </trkpt>
      <trkpt lat="20.444373" lon="-100.281760">
        <ele>2197.118518</ele>
        <time>2026-07-17T21:09:19.487Z</time>
      </trkpt>
      <trkpt lat="20.444104" lon="-100.278833">
        <ele>2191.843140</ele>
        <time>2026-07-17T21:10:34.588Z</time>
      </trkpt>
      <trkpt lat="20.443378" lon="-100.278753">
        <ele>2190.585019</ele>
        <time>2026-07-17T21:10:47.113Z</time>
      </trkpt>
      <trkpt lat="20.443090" lon="-100.278700">
        <ele>2190.302546</ele>
        <time>2026-07-17T21:10:52.250Z</time>
      </trkpt>
      <trkpt lat="20.442965" lon="-100.278645">
        <ele>2190.171862</ele>
        <time>2026-07-17T21:10:54.646Z</time>
      </trkpt>
      <trkpt lat="20.442899" lon="-100.278543">
        <ele>2190.059598</ele>
        <time>2026-07-17T21:10:56.726Z</time>
      </trkpt>
      <trkpt lat="20.442322" lon="-100.277187">
        <ele>2188.818633</ele>
        <time>2026-07-17T21:11:22.157Z</time>
      </trkpt>
      <trkpt lat="20.442250" lon="-100.277096">
        <ele>2188.768155</ele>
        <time>2026-07-17T21:11:24.224Z</time>
      </trkpt>
      <trkpt lat="20.442196" lon="-100.277063">
        <ele>2188.740009</ele>
        <time>2026-07-17T21:11:25.386Z</time>
      </trkpt>
      <trkpt lat="20.442208" lon="-100.276951">
        <ele>2188.692232</ele>
        <time>2026-07-17T21:11:28.577Z</time>
      </trkpt>
      <trkpt lat="20.442181" lon="-100.276836">
        <ele>2188.641985</ele>
        <time>2026-07-17T21:11:31.944Z</time>
      </trkpt>
      <trkpt lat="20.442013" lon="-100.276638">
        <ele>2188.528777</ele>
        <time>2026-07-17T21:11:39.556Z</time>
      </trkpt>
      <trkpt lat="20.441968" lon="-100.276334">
        <ele>2188.398336</ele>
        <time>2026-07-17T21:11:48.415Z</time>
      </trkpt>
      <trkpt lat="20.441181" lon="-100.274466">
        <ele>2187.756357</ele>
        <time>2026-07-17T21:12:48.399Z</time>
      </trkpt>
      <trkpt lat="20.441156" lon="-100.274325">
        <ele>2187.719674</ele>
        <time>2026-07-17T21:12:52.582Z</time>
      </trkpt>
      <trkpt lat="20.441182" lon="-100.274202">
        <ele>2187.687441</ele>
        <time>2026-07-17T21:12:56.236Z</time>
      </trkpt>
      <trkpt lat="20.441014" lon="-100.274114">
        <ele>2187.636387</ele>
        <time>2026-07-17T21:13:01.990Z</time>
      </trkpt>
      <trkpt lat="20.440962" lon="-100.274039">
        <ele>2187.612537</ele>
        <time>2026-07-17T21:13:04.695Z</time>
      </trkpt>
      <trkpt lat="20.440953" lon="-100.273973">
        <ele>2187.549739</ele>
        <time>2026-07-17T21:13:06.595Z</time>
      </trkpt>
      <trkpt lat="20.440977" lon="-100.273803">
        <ele>2187.359749</ele>
        <time>2026-07-17T21:13:11.497Z</time>
      </trkpt>
      <trkpt lat="20.440430" lon="-100.272543">
        <ele>2185.825118</ele>
        <time>2026-07-17T21:13:49.595Z</time>
      </trkpt>
      <trkpt lat="20.439683" lon="-100.270858">
        <ele>2180.912102</ele>
        <time>2026-07-17T21:14:36.565Z</time>
      </trkpt>
      <trkpt lat="20.439655" lon="-100.270786">
        <ele>2180.683294</ele>
        <time>2026-07-17T21:14:38.379Z</time>
      </trkpt>
      <trkpt lat="20.439643" lon="-100.270622">
        <ele>2180.200463</ele>
        <time>2026-07-17T21:14:42.121Z</time>
      </trkpt>
      <trkpt lat="20.439757" lon="-100.269808">
        <ele>2174.071580</ele>
        <time>2026-07-17T21:14:59.838Z</time>
      </trkpt>
      <trkpt lat="20.439811" lon="-100.269191">
        <ele>2168.988873</ele>
        <time>2026-07-17T21:15:12.307Z</time>
      </trkpt>
      <trkpt lat="20.440035" lon="-100.268176">
        <ele>2160.126275</ele>
        <time>2026-07-17T21:15:32.930Z</time>
      </trkpt>
      <trkpt lat="20.440103" lon="-100.267495">
        <ele>2154.035525</ele>
        <time>2026-07-17T21:15:46.686Z</time>
      </trkpt>
      <trkpt lat="20.440319" lon="-100.266056">
        <ele>2142.281040</ele>
        <time>2026-07-17T21:16:17.132Z</time>
      </trkpt>
      <trkpt lat="20.440320" lon="-100.265566">
        <ele>2138.804653</ele>
        <time>2026-07-17T21:16:27.394Z</time>
      </trkpt>
      <trkpt lat="20.440480" lon="-100.264918">
        <ele>2134.050392</ele>
        <time>2026-07-17T21:16:41.464Z</time>
      </trkpt>
      <trkpt lat="20.440614" lon="-100.264141">
        <ele>2131.059330</ele>
        <time>2026-07-17T21:16:58.671Z</time>
      </trkpt>
      <trkpt lat="20.440775" lon="-100.263581">
        <ele>2129.086877</ele>
        <time>2026-07-17T21:17:12.614Z</time>
      </trkpt>
      <trkpt lat="20.440763" lon="-100.263522">
        <ele>2128.883580</ele>
        <time>2026-07-17T21:17:14.153Z</time>
      </trkpt>
      <trkpt lat="20.440695" lon="-100.263451">
        <ele>2128.541714</ele>
        <time>2026-07-17T21:17:16.777Z</time>
      </trkpt>
      <trkpt lat="20.440423" lon="-100.263367">
        <ele>2127.524157</ele>
        <time>2026-07-17T21:17:24.997Z</time>
      </trkpt>
      <trkpt lat="20.440321" lon="-100.263311">
        <ele>2127.111951</ele>
        <time>2026-07-17T21:17:28.555Z</time>
      </trkpt>
      <trkpt lat="20.440143" lon="-100.263135">
        <ele>2127.265416</ele>
        <time>2026-07-17T21:17:36.733Z</time>
      </trkpt>
      <trkpt lat="20.440015" lon="-100.262935">
        <ele>2127.615661</ele>
        <time>2026-07-17T21:17:45.085Z</time>
      </trkpt>
      <trkpt lat="20.440007" lon="-100.262880">
        <ele>2127.696150</ele>
        <time>2026-07-17T21:17:47.081Z</time>
      </trkpt>
      <trkpt lat="20.440145" lon="-100.262040">
        <ele>2128.929412</ele>
        <time>2026-07-17T21:18:20.577Z</time>
      </trkpt>
      <trkpt lat="20.440524" lon="-100.260940">
        <ele>2130.971922</ele>
        <time>2026-07-17T21:19:08.474Z</time>
      </trkpt>
      <trkpt lat="20.441385" lon="-100.258159">
        <ele>2136.027658</ele>
        <time>2026-07-17T21:21:04.018Z</time>
      </trkpt>
      <trkpt lat="20.442418" lon="-100.254656">
        <ele>2136.194223</ele>
        <time>2026-07-17T21:22:53.000Z</time>
      </trkpt>
      <trkpt lat="20.443062" lon="-100.252764">
        <ele>2134.469503</ele>
        <time>2026-07-17T21:23:47.753Z</time>
      </trkpt>
      <trkpt lat="20.443128" lon="-100.252729">
        <ele>2134.389244</ele>
        <time>2026-07-17T21:23:49.830Z</time>
      </trkpt>
      <trkpt lat="20.443324" lon="-100.252730">
        <ele>2134.175797</ele>
        <time>2026-07-17T21:23:55.396Z</time>
      </trkpt>
      <trkpt lat="20.443366" lon="-100.252702">
        <ele>2134.121868</ele>
        <time>2026-07-17T21:23:56.820Z</time>
      </trkpt>
      <trkpt lat="20.443414" lon="-100.252617">
        <ele>2134.070082</ele>
        <time>2026-07-17T21:23:59.470Z</time>
      </trkpt>
      <trkpt lat="20.443597" lon="-100.251328">
        <ele>2133.626542</ele>
        <time>2026-07-17T21:24:35.697Z</time>
      </trkpt>
      <trkpt lat="20.443680" lon="-100.250996">
        <ele>2133.509640</ele>
        <time>2026-07-17T21:24:46.541Z</time>
      </trkpt>
      <trkpt lat="20.443718" lon="-100.250590">
        <ele>2133.751154</ele>
        <time>2026-07-17T21:25:00.401Z</time>
      </trkpt>
      <trkpt lat="20.443835" lon="-100.250059">
        <ele>2134.560357</ele>
        <time>2026-07-17T21:25:20.476Z</time>
      </trkpt>
      <trkpt lat="20.444226" lon="-100.248663">
        <ele>2136.828339</ele>
        <time>2026-07-17T21:26:16.960Z</time>
      </trkpt>
      <trkpt lat="20.445146" lon="-100.245658">
        <ele>2141.561580</ele>
        <time>2026-07-17T21:28:20.434Z</time>
      </trkpt>
      <trkpt lat="20.445231" lon="-100.245420">
        <ele>2141.847818</ele>
        <time>2026-07-17T21:28:27.929Z</time>
      </trkpt>
      <trkpt lat="20.445364" lon="-100.245166">
        <ele>2141.530716</ele>
        <time>2026-07-17T21:28:35.916Z</time>
      </trkpt>
      <trkpt lat="20.445528" lon="-100.244764">
        <ele>2140.251937</ele>
        <time>2026-07-17T21:28:47.067Z</time>
      </trkpt>
      <trkpt lat="20.445591" lon="-100.244664">
        <ele>2139.900483</ele>
        <time>2026-07-17T21:28:50.011Z</time>
      </trkpt>
      <trkpt lat="20.445694" lon="-100.244591">
        <ele>2139.515621</ele>
        <time>2026-07-17T21:28:53.175Z</time>
      </trkpt>
      <trkpt lat="20.445916" lon="-100.244583">
        <ele>2138.824213</ele>
        <time>2026-07-17T21:28:58.761Z</time>
      </trkpt>
      <trkpt lat="20.446177" lon="-100.244422">
        <ele>2137.885862</ele>
        <time>2026-07-17T21:29:06.169Z</time>
      </trkpt>
      <trkpt lat="20.447065" lon="-100.243389">
        <ele>2133.734843</ele>
        <time>2026-07-17T21:29:38.425Z</time>
      </trkpt>
      <trkpt lat="20.447132" lon="-100.243253">
        <ele>2133.275957</ele>
        <time>2026-07-17T21:29:42.146Z</time>
      </trkpt>
      <trkpt lat="20.447340" lon="-100.242522">
        <ele>2130.994365</ele>
        <time>2026-07-17T21:30:01.367Z</time>
      </trkpt>
      <trkpt lat="20.447475" lon="-100.242165">
        <ele>2130.281138</ele>
        <time>2026-07-17T21:30:11.688Z</time>
      </trkpt>
      <trkpt lat="20.447800" lon="-100.241154">
        <ele>2128.789225</ele>
        <time>2026-07-17T21:30:40.836Z</time>
      </trkpt>
      <trkpt lat="20.447913" lon="-100.240850">
        <ele>2128.332727</ele>
        <time>2026-07-17T21:30:49.532Z</time>
      </trkpt>
      <trkpt lat="20.448082" lon="-100.240494">
        <ele>2127.634751</ele>
        <time>2026-07-17T21:30:59.901Z</time>
      </trkpt>
      <trkpt lat="20.448516" lon="-100.239255">
        <ele>2124.544021</ele>
        <time>2026-07-17T21:31:32.937Z</time>
      </trkpt>
      <trkpt lat="20.449174" lon="-100.237950">
        <ele>2120.969270</ele>
        <time>2026-07-17T21:32:09.126Z</time>
      </trkpt>
      <trkpt lat="20.449248" lon="-100.237868">
        <ele>2120.690929</ele>
        <time>2026-07-17T21:32:11.923Z</time>
      </trkpt>
      <trkpt lat="20.449355" lon="-100.237828">
        <ele>2120.395105</ele>
        <time>2026-07-17T21:32:14.898Z</time>
      </trkpt>
      <trkpt lat="20.449953" lon="-100.237827">
        <ele>2118.834759</ele>
        <time>2026-07-17T21:32:30.986Z</time>
      </trkpt>
      <trkpt lat="20.450068" lon="-100.237788">
        <ele>2118.650271</ele>
        <time>2026-07-17T21:32:34.293Z</time>
      </trkpt>
      <trkpt lat="20.450104" lon="-100.237751">
        <ele>2118.579227</ele>
        <time>2026-07-17T21:32:35.688Z</time>
      </trkpt>
      <trkpt lat="20.450122" lon="-100.237690">
        <ele>2118.494047</ele>
        <time>2026-07-17T21:32:37.360Z</time>
      </trkpt>
      <trkpt lat="20.450290" lon="-100.236132">
        <ele>2116.405244</ele>
        <time>2026-07-17T21:33:20.008Z</time>
      </trkpt>
      <trkpt lat="20.450464" lon="-100.235389">
        <ele>2114.565299</ele>
        <time>2026-07-17T21:33:39.990Z</time>
      </trkpt>
      <trkpt lat="20.450868" lon="-100.234592">
        <ele>2112.213517</ele>
        <time>2026-07-17T21:34:02.087Z</time>
      </trkpt>
      <trkpt lat="20.451093" lon="-100.234238">
        <ele>2111.003555</ele>
        <time>2026-07-17T21:34:12.135Z</time>
      </trkpt>
      <trkpt lat="20.451150" lon="-100.234087">
        <ele>2110.324179</ele>
        <time>2026-07-17T21:34:15.936Z</time>
      </trkpt>
      <trkpt lat="20.451397" lon="-100.231954">
        <ele>2101.235045</ele>
        <time>2026-07-17T21:35:05.034Z</time>
      </trkpt>
      <trkpt lat="20.451484" lon="-100.231391">
        <ele>2098.703610</ele>
        <time>2026-07-17T21:35:18.033Z</time>
      </trkpt>
      <trkpt lat="20.451528" lon="-100.231258">
        <ele>2098.077869</ele>
        <time>2026-07-17T21:35:21.240Z</time>
      </trkpt>
      <trkpt lat="20.452190" lon="-100.230085">
        <ele>2091.902278</ele>
        <time>2026-07-17T21:35:52.379Z</time>
      </trkpt>
      <trkpt lat="20.453256" lon="-100.228423">
        <ele>2082.006269</ele>
        <time>2026-07-17T21:36:37.809Z</time>
      </trkpt>
      <trkpt lat="20.453365" lon="-100.228227">
        <ele>2080.755405</ele>
        <time>2026-07-17T21:36:42.848Z</time>
      </trkpt>
      <trkpt lat="20.453511" lon="-100.227836">
        <ele>2078.445449</ele>
        <time>2026-07-17T21:36:52.075Z</time>
      </trkpt>
      <trkpt lat="20.453585" lon="-100.227295">
        <ele>2075.444942</ele>
        <time>2026-07-17T21:37:03.858Z</time>
      </trkpt>
      <trkpt lat="20.453706" lon="-100.226704">
        <ele>2071.307029</ele>
        <time>2026-07-17T21:37:16.714Z</time>
      </trkpt>
      <trkpt lat="20.453717" lon="-100.226504">
        <ele>2069.930856</ele>
        <time>2026-07-17T21:37:20.936Z</time>
      </trkpt>
      <trkpt lat="20.453693" lon="-100.226077">
        <ele>2066.992502</ele>
        <time>2026-07-17T21:37:29.927Z</time>
      </trkpt>
      <trkpt lat="20.453601" lon="-100.225702">
        <ele>2064.329771</ele>
        <time>2026-07-17T21:37:38.091Z</time>
      </trkpt>
      <trkpt lat="20.453584" lon="-100.225337">
        <ele>2061.835762</ele>
        <time>2026-07-17T21:37:45.791Z</time>
      </trkpt>
      <trkpt lat="20.453609" lon="-100.225103">
        <ele>2060.289267</ele>
        <time>2026-07-17T21:37:50.781Z</time>
      </trkpt>
      <trkpt lat="20.453692" lon="-100.224759">
        <ele>2057.956730</ele>
        <time>2026-07-17T21:37:58.302Z</time>
      </trkpt>
      <trkpt lat="20.453697" lon="-100.224664">
        <ele>2057.331939</ele>
        <time>2026-07-17T21:38:00.329Z</time>
      </trkpt>
      <trkpt lat="20.453664" lon="-100.223415">
        <ele>2049.203023</ele>
        <time>2026-07-17T21:38:27.071Z</time>
      </trkpt>
      <trkpt lat="20.453670" lon="-100.223229">
        <ele>2048.183761</ele>
        <time>2026-07-17T21:38:31.094Z</time>
      </trkpt>
      <trkpt lat="20.453723" lon="-100.222875">
        <ele>2046.220430</ele>
        <time>2026-07-17T21:38:38.868Z</time>
      </trkpt>
      <trkpt lat="20.453724" lon="-100.222196">
        <ele>2042.501777</ele>
        <time>2026-07-17T21:38:53.786Z</time>
      </trkpt>
      <trkpt lat="20.453785" lon="-100.222026">
        <ele>2041.504806</ele>
        <time>2026-07-17T21:38:57.836Z</time>
      </trkpt>
      <trkpt lat="20.454050" lon="-100.221638">
        <ele>2038.914793</ele>
        <time>2026-07-17T21:39:08.605Z</time>
      </trkpt>
      <trkpt lat="20.454135" lon="-100.221476">
        <ele>2038.103959</ele>
        <time>2026-07-17T21:39:12.815Z</time>
      </trkpt>
      <trkpt lat="20.454220" lon="-100.221232">
        <ele>2036.967139</ele>
        <time>2026-07-17T21:39:18.723Z</time>
      </trkpt>
      <trkpt lat="20.454887" lon="-100.216889">
        <ele>2018.402366</ele>
        <time>2026-07-17T21:40:59.331Z</time>
      </trkpt>
      <trkpt lat="20.454883" lon="-100.216490">
        <ele>2016.910075</ele>
        <time>2026-07-17T21:41:08.788Z</time>
      </trkpt>
      <trkpt lat="20.455068" lon="-100.216164">
        <ele>2015.484691</ele>
        <time>2026-07-17T21:41:17.961Z</time>
      </trkpt>
      <trkpt lat="20.455067" lon="-100.216053">
        <ele>2015.098558</ele>
        <time>2026-07-17T21:41:20.661Z</time>
      </trkpt>
      <trkpt lat="20.454937" lon="-100.215839">
        <ele>2014.647206</ele>
        <time>2026-07-17T21:41:26.960Z</time>
      </trkpt>
      <trkpt lat="20.454936" lon="-100.215729">
        <ele>2014.452529</ele>
        <time>2026-07-17T21:41:29.688Z</time>
      </trkpt>
      <trkpt lat="20.454994" lon="-100.215488">
        <ele>2014.012185</ele>
        <time>2026-07-17T21:41:35.937Z</time>
      </trkpt>
      <trkpt lat="20.457837" lon="-100.209148">
        <ele>2002.098093</ele>
        <time>2026-07-17T21:44:39.105Z</time>
      </trkpt>
      <trkpt lat="20.458057" lon="-100.208694">
        <ele>2001.549832</ele>
        <time>2026-07-17T21:44:53.621Z</time>
      </trkpt>
      <trkpt lat="20.458243" lon="-100.208270">
        <ele>2001.056291</ele>
        <time>2026-07-17T21:45:06.728Z</time>
      </trkpt>
      <trkpt lat="20.458448" lon="-100.207829">
        <ele>2000.537322</ele>
        <time>2026-07-17T21:45:20.255Z</time>
      </trkpt>
      <trkpt lat="20.457642" lon="-100.207656">
        <ele>1999.338033</ele>
        <time>2026-07-17T21:45:43.238Z</time>
      </trkpt>
      <trkpt lat="20.456086" lon="-100.207353">
        <ele>1996.510842</ele>
        <time>2026-07-17T21:46:26.578Z</time>
      </trkpt>
      <trkpt lat="20.455255" lon="-100.207128">
        <ele>1995.385720</ele>
        <time>2026-07-17T21:46:51.127Z</time>
      </trkpt>
      <trkpt lat="20.455298" lon="-100.206613">
        <ele>1994.749959</ele>
        <time>2026-07-17T21:47:05.223Z</time>
      </trkpt>
      <trkpt lat="20.455278" lon="-100.206517">
        <ele>1994.629033</ele>
        <time>2026-07-17T21:47:07.880Z</time>
      </trkpt>
      <trkpt lat="20.455035" lon="-100.205980">
        <ele>1994.167124</ele>
        <time>2026-07-17T21:47:24.354Z</time>
      </trkpt>
      <trkpt lat="20.454956" lon="-100.205457">
        <ele>1993.890729</ele>
        <time>2026-07-17T21:47:39.229Z</time>
      </trkpt>
      <trkpt lat="20.454791" lon="-100.204623">
        <ele>1993.446000</ele>
        <time>2026-07-17T21:47:53.675Z</time>
      </trkpt>
      <trkpt lat="20.454581" lon="-100.203607">
        <ele>1992.847020</ele>
        <time>2026-07-17T21:48:11.706Z</time>
      </trkpt>
      <trkpt lat="20.454045" lon="-100.201266">
        <ele>1991.477200</ele>
        <time>2026-07-17T21:48:50.252Z</time>
      </trkpt>
      <trkpt lat="20.453698" lon="-100.199749">
        <ele>1993.011719</ele>
        <time>2026-07-17T21:49:18.648Z</time>
      </trkpt>
      <trkpt lat="20.453008" lon="-100.200336">
        <ele>1994.855246</ele>
        <time>2026-07-17T21:49:50.533Z</time>
      </trkpt>
      <trkpt lat="20.450359" lon="-100.202369">
        <ele>2014.386955</ele>
        <time>2026-07-17T21:52:33.639Z</time>
      </trkpt>
      <trkpt lat="20.450009" lon="-100.202591">
        <ele>2017.069594</ele>
        <time>2026-07-17T21:52:54.430Z</time>
      </trkpt>
      <trkpt lat="20.449859" lon="-100.202648">
        <ele>2018.261768</ele>
        <time>2026-07-17T21:53:02.760Z</time>
      </trkpt>
      <trkpt lat="20.449368" lon="-100.202760">
        <ele>2022.021105</ele>
        <time>2026-07-17T21:53:30.404Z</time>
      </trkpt>
      <trkpt lat="20.449099" lon="-100.202781">
        <ele>2024.040593</ele>
        <time>2026-07-17T21:53:46.104Z</time>
      </trkpt>
      <trkpt lat="20.448777" lon="-100.202796">
        <ele>2026.453826</ele>
        <time>2026-07-17T21:54:05.581Z</time>
      </trkpt>
      <trkpt lat="20.448228" lon="-100.202756">
        <ele>2030.393964</ele>
        <time>2026-07-17T21:54:39.158Z</time>
      </trkpt>
      <trkpt lat="20.447858" lon="-100.202632">
        <ele>2032.693120</ele>
        <time>2026-07-17T21:55:02.187Z</time>
      </trkpt>
      <trkpt lat="20.447082" lon="-100.202305">
        <ele>2037.639271</ele>
        <time>2026-07-17T21:55:43.718Z</time>
      </trkpt>
      <trkpt lat="20.446424" lon="-100.202148">
        <ele>2041.029509</ele>
        <time>2026-07-17T21:56:08.904Z</time>
      </trkpt>
      <trkpt lat="20.445778" lon="-100.201972">
        <ele>2043.083729</ele>
        <time>2026-07-17T21:56:29.942Z</time>
      </trkpt>
      <trkpt lat="20.445509" lon="-100.201921">
        <ele>2043.925520</ele>
        <time>2026-07-17T21:56:38.327Z</time>
      </trkpt>
      <trkpt lat="20.445357" lon="-100.201921">
        <ele>2044.393846</ele>
        <time>2026-07-17T21:56:43.134Z</time>
      </trkpt>
      <trkpt lat="20.444391" lon="-100.202060">
        <ele>2048.246924</ele>
        <time>2026-07-17T21:57:18.367Z</time>
      </trkpt>
      <trkpt lat="20.442889" lon="-100.202402">
        <ele>2055.722873</ele>
        <time>2026-07-17T21:58:29.863Z</time>
      </trkpt>
      <trkpt lat="20.442698" lon="-100.202391">
        <ele>2056.677852</ele>
        <time>2026-07-17T21:58:39.235Z</time>
      </trkpt>
      <trkpt lat="20.442549" lon="-100.202332">
        <ele>2057.471309</ele>
        <time>2026-07-17T21:58:46.832Z</time>
      </trkpt>
      <trkpt lat="20.442287" lon="-100.202128">
        <ele>2059.090517</ele>
        <time>2026-07-17T21:59:02.039Z</time>
      </trkpt>
      <trkpt lat="20.441769" lon="-100.201292">
        <ele>2063.670234</ele>
        <time>2026-07-17T21:59:42.359Z</time>
      </trkpt>
      <trkpt lat="20.441381" lon="-100.200808">
        <ele>2064.701122</ele>
        <time>2026-07-17T22:00:03.704Z</time>
      </trkpt>
      <trkpt lat="20.441058" lon="-100.200474">
        <ele>2065.477946</ele>
        <time>2026-07-17T22:00:17.067Z</time>
      </trkpt>
      <trkpt lat="20.440730" lon="-100.200216">
        <ele>2066.181733</ele>
        <time>2026-07-17T22:00:26.992Z</time>
      </trkpt>
      <trkpt lat="20.439668" lon="-100.199620">
        <ele>2065.383775</ele>
        <time>2026-07-17T22:00:46.343Z</time>
      </trkpt>
      <trkpt lat="20.438487" lon="-100.199961">
        <ele>2064.483828</ele>
        <time>2026-07-17T22:01:12.036Z</time>
      </trkpt>
      <trkpt lat="20.437672" lon="-100.200165">
        <ele>2065.731912</ele>
        <time>2026-07-17T22:01:37.902Z</time>
      </trkpt>
      <trkpt lat="20.437517" lon="-100.200224">
        <ele>2065.977266</ele>
        <time>2026-07-17T22:01:44.625Z</time>
      </trkpt>
      <trkpt lat="20.436262" lon="-100.201090">
        <ele>2070.938144</ele>
        <time>2026-07-17T22:02:54.902Z</time>
      </trkpt>
      <trkpt lat="20.435448" lon="-100.201549">
        <ele>2074.672376</ele>
        <time>2026-07-17T22:03:37.867Z</time>
      </trkpt>
      <trkpt lat="20.434945" lon="-100.201664">
        <ele>2076.339900</ele>
        <time>2026-07-17T22:04:00.484Z</time>
      </trkpt>
      <trkpt lat="20.434784" lon="-100.201744">
        <ele>2076.915600</ele>
        <time>2026-07-17T22:04:08.084Z</time>
      </trkpt>
      <trkpt lat="20.433900" lon="-100.202646">
        <ele>2080.547788</ele>
        <time>2026-07-17T22:04:56.379Z</time>
      </trkpt>
      <trkpt lat="20.433784" lon="-100.202799">
        <ele>2080.899842</ele>
        <time>2026-07-17T22:05:03.130Z</time>
      </trkpt>
      <trkpt lat="20.432952" lon="-100.204931">
        <ele>2084.470951</ele>
        <time>2026-07-17T22:06:15.198Z</time>
      </trkpt>
      <trkpt lat="20.432894" lon="-100.205038">
        <ele>2084.610907</ele>
        <time>2026-07-17T22:06:18.520Z</time>
      </trkpt>
      <trkpt lat="20.432796" lon="-100.205095">
        <ele>2084.745760</ele>
        <time>2026-07-17T22:06:21.690Z</time>
      </trkpt>
      <trkpt lat="20.432417" lon="-100.205084">
        <ele>2085.203851</ele>
        <time>2026-07-17T22:06:32.413Z</time>
      </trkpt>
      <trkpt lat="20.431891" lon="-100.205398">
        <ele>2086.144087</ele>
        <time>2026-07-17T22:06:50.333Z</time>
      </trkpt>
      <trkpt lat="20.431778" lon="-100.205443">
        <ele>2086.411529</ele>
        <time>2026-07-17T22:06:54.099Z</time>
      </trkpt>
      <trkpt lat="20.431603" lon="-100.205451">
        <ele>2086.799927</ele>
        <time>2026-07-17T22:06:59.707Z</time>
      </trkpt>
      <trkpt lat="20.429004" lon="-100.204600">
        <ele>2093.734561</ele>
        <time>2026-07-17T22:08:45.696Z</time>
      </trkpt>
      <trkpt lat="20.428923" lon="-100.205049">
        <ele>2095.107528</ele>
        <time>2026-07-17T22:09:00.322Z</time>
      </trkpt>
      <trkpt lat="20.429084" lon="-100.205591">
        <ele>2098.067648</ele>
        <time>2026-07-17T22:09:20.432Z</time>
      </trkpt>
      <trkpt lat="20.428073" lon="-100.205577">
        <ele>2103.684828</ele>
        <time>2026-07-17T22:10:09.910Z</time>
      </trkpt>
      <trkpt lat="20.427767" lon="-100.205551">
        <ele>2105.707621</ele>
        <time>2026-07-17T22:10:29.893Z</time>
      </trkpt>
      <trkpt lat="20.427189" lon="-100.205510">
        <ele>2110.629920</ele>
        <time>2026-07-17T22:11:10.700Z</time>
      </trkpt>
      <trkpt lat="20.426283" lon="-100.205437">
        <ele>2118.350422</ele>
        <time>2026-07-17T22:12:09.488Z</time>
      </trkpt>
      <trkpt lat="20.426293" lon="-100.204927">
        <ele>2121.239172</ele>
        <time>2026-07-17T22:12:36.316Z</time>
      </trkpt>
      <trkpt lat="20.426015" lon="-100.205446">
        <ele>2123.610579</ele>
        <time>2026-07-17T22:13:02.942Z</time>
      </trkpt>
      <trkpt lat="20.425874" lon="-100.205618">
        <ele>2124.517103</ele>
        <time>2026-07-17T22:13:11.100Z</time>
      </trkpt>
      <trkpt lat="20.425408" lon="-100.206058">
        <ele>2127.151060</ele>
        <time>2026-07-17T22:13:32.359Z</time>
      </trkpt>
      <trkpt lat="20.425170" lon="-100.206135">
        <ele>2127.450062</ele>
        <time>2026-07-17T22:13:38.984Z</time>
      </trkpt>
      <trkpt lat="20.425061" lon="-100.206184">
        <ele>2127.218775</ele>
        <time>2026-07-17T22:13:41.697Z</time>
      </trkpt>
      <trkpt lat="20.425003" lon="-100.206204">
        <ele>2127.099584</ele>
        <time>2026-07-17T22:13:42.962Z</time>
      </trkpt>
      <trkpt lat="20.424871" lon="-100.206238">
        <ele>2126.834050</ele>
        <time>2026-07-17T22:13:45.527Z</time>
      </trkpt>
      <trkpt lat="20.424722" lon="-100.206233">
        <ele>2126.542543</ele>
        <time>2026-07-17T22:13:48.166Z</time>
      </trkpt>
      <trkpt lat="20.423444" lon="-100.205931">
        <ele>2123.650316</ele>
        <time>2026-07-17T22:14:07.102Z</time>
      </trkpt>
      <trkpt lat="20.422182" lon="-100.205218">
        <ele>2115.921461</ele>
        <time>2026-07-17T22:14:25.833Z</time>
      </trkpt>
      <trkpt lat="20.421754" lon="-100.205062">
        <ele>2113.269727</ele>
        <time>2026-07-17T22:14:31.567Z</time>
      </trkpt>
      <trkpt lat="20.419924" lon="-100.204875">
        <ele>2101.832223</ele>
        <time>2026-07-17T22:14:54.868Z</time>
      </trkpt>
      <trkpt lat="20.419552" lon="-100.204837">
        <ele>2100.445284</ele>
        <time>2026-07-17T22:14:59.839Z</time>
      </trkpt>
      <trkpt lat="20.418929" lon="-100.204700">
        <ele>2098.084514</ele>
        <time>2026-07-17T22:15:08.800Z</time>
      </trkpt>
      <trkpt lat="20.418374" lon="-100.204504">
        <ele>2095.972434</ele>
        <time>2026-07-17T22:15:18.029Z</time>
      </trkpt>
      <trkpt lat="20.417662" lon="-100.204196">
        <ele>2096.446367</ele>
        <time>2026-07-17T22:15:31.242Z</time>
      </trkpt>
      <trkpt lat="20.417350" lon="-100.204011">
        <ele>2096.666551</ele>
        <time>2026-07-17T22:15:40.744Z</time>
      </trkpt>
      <trkpt lat="20.417244" lon="-100.203909">
        <ele>2096.754601</ele>
        <time>2026-07-17T22:15:45.093Z</time>
      </trkpt>
      <trkpt lat="20.416951" lon="-100.203501">
        <ele>2097.051760</ele>
        <time>2026-07-17T22:15:59.377Z</time>
      </trkpt>
      <trkpt lat="20.416755" lon="-100.203201">
        <ele>2097.882249</ele>
        <time>2026-07-17T22:16:09.787Z</time>
      </trkpt>
      <trkpt lat="20.416745" lon="-100.203136">
        <ele>2098.044782</ele>
        <time>2026-07-17T22:16:11.696Z</time>
      </trkpt>
      <trkpt lat="20.416765" lon="-100.203021">
        <ele>2098.333387</ele>
        <time>2026-07-17T22:16:15.192Z</time>
      </trkpt>
      <trkpt lat="20.416994" lon="-100.202356">
        <ele>2100.081530</ele>
        <time>2026-07-17T22:16:38.064Z</time>
      </trkpt>
      <trkpt lat="20.417222" lon="-100.201165">
        <ele>2103.433038</ele>
        <time>2026-07-17T22:17:14.515Z</time>
      </trkpt>
      <trkpt lat="20.417227" lon="-100.201023">
        <ele>2103.880742</ele>
        <time>2026-07-17T22:17:19.204Z</time>
      </trkpt>
      <trkpt lat="20.417195" lon="-100.200894">
        <ele>2104.301168</ele>
        <time>2026-07-17T22:17:23.646Z</time>
      </trkpt>
      <trkpt lat="20.417002" lon="-100.200563">
        <ele>2105.529390</ele>
        <time>2026-07-17T22:17:36.878Z</time>
      </trkpt>
      <trkpt lat="20.416941" lon="-100.200499">
        <ele>2105.816988</ele>
        <time>2026-07-17T22:17:40.035Z</time>
      </trkpt>
      <trkpt lat="20.416766" lon="-100.200541">
        <ele>2106.420004</ele>
        <time>2026-07-17T22:17:46.783Z</time>
      </trkpt>
      <trkpt lat="20.415968" lon="-100.200896">
        <ele>2109.482036</ele>
        <time>2026-07-17T22:18:31.943Z</time>
      </trkpt>
      <trkpt lat="20.415840" lon="-100.200953">
        <ele>2109.997624</ele>
        <time>2026-07-17T22:18:39.203Z</time>
      </trkpt>
      <trkpt lat="20.415163" lon="-100.201049">
        <ele>2112.536352</ele>
        <time>2026-07-17T22:19:14.324Z</time>
      </trkpt>
      <trkpt lat="20.413890" lon="-100.201255">
        <ele>2116.742819</ele>
        <time>2026-07-17T22:20:15.367Z</time>
      </trkpt>
      <trkpt lat="20.413381" lon="-100.201342">
        <ele>2118.259486</ele>
        <time>2026-07-17T22:20:38.235Z</time>
      </trkpt>
      <trkpt lat="20.413075" lon="-100.201401">
        <ele>2119.174376</ele>
        <time>2026-07-17T22:20:52.413Z</time>
      </trkpt>
      <trkpt lat="20.412891" lon="-100.201412">
        <ele>2119.716588</ele>
        <time>2026-07-17T22:21:00.976Z</time>
      </trkpt>
      <trkpt lat="20.412315" lon="-100.201404">
        <ele>2121.499393</ele>
        <time>2026-07-17T22:21:28.890Z</time>
      </trkpt>
      <trkpt lat="20.411908" lon="-100.201404">
        <ele>2122.763642</ele>
        <time>2026-07-17T22:21:48.857Z</time>
      </trkpt>
      <trkpt lat="20.411478" lon="-100.201404">
        <ele>2124.099334</ele>
        <time>2026-07-17T22:22:09.871Z</time>
      </trkpt>
      <trkpt lat="20.411197" lon="-100.201412">
        <ele>2124.972504</ele>
        <time>2026-07-17T22:22:23.366Z</time>
      </trkpt>
      <trkpt lat="20.411028" lon="-100.201423">
        <ele>2125.464056</ele>
        <time>2026-07-17T22:22:31.306Z</time>
      </trkpt>
      <trkpt lat="20.409693" lon="-100.201589">
        <ele>2127.781569</ele>
        <time>2026-07-17T22:23:25.799Z</time>
      </trkpt>
      <trkpt lat="20.408909" lon="-100.201726">
        <ele>2129.059086</ele>
        <time>2026-07-17T22:23:54.609Z</time>
      </trkpt>
      <trkpt lat="20.408341" lon="-100.201806">
        <ele>2129.901924</ele>
        <time>2026-07-17T22:24:15.538Z</time>
      </trkpt>
      <trkpt lat="20.407871" lon="-100.201911">
        <ele>2130.608339</ele>
        <time>2026-07-17T22:24:34.302Z</time>
      </trkpt>
      <trkpt lat="20.406698" lon="-100.202192">
        <ele>2133.553867</ele>
        <time>2026-07-17T22:25:28.136Z</time>
      </trkpt>
      <trkpt lat="20.406602" lon="-100.202211">
        <ele>2133.837406</ele>
        <time>2026-07-17T22:25:32.986Z</time>
      </trkpt>
      <trkpt lat="20.406534" lon="-100.202217">
        <ele>2134.035551</ele>
        <time>2026-07-17T22:25:35.557Z</time>
      </trkpt>
      <trkpt lat="20.405918" lon="-100.202259">
        <ele>2135.828057</ele>
        <time>2026-07-17T22:25:58.387Z</time>
      </trkpt>
      <trkpt lat="20.405367" lon="-100.202297">
        <ele>2137.076784</ele>
        <time>2026-07-17T22:26:17.989Z</time>
      </trkpt>
      <trkpt lat="20.405402" lon="-100.202562">
        <ele>2137.556676</ele>
        <time>2026-07-17T22:26:26.293Z</time>
      </trkpt>
      <trkpt lat="20.405390" lon="-100.202812">
        <ele>2138.005562</ele>
        <time>2026-07-17T22:26:33.630Z</time>
      </trkpt>
      <trkpt lat="20.405312" lon="-100.203056">
        <ele>2138.467852</ele>
        <time>2026-07-17T22:26:40.687Z</time>
      </trkpt>
      <trkpt lat="20.403878" lon="-100.205990">
        <ele>2141.472187</ele>
        <time>2026-07-17T22:27:57.350Z</time>
      </trkpt>
      <trkpt lat="20.403799" lon="-100.206154">
        <ele>2141.480463</ele>
        <time>2026-07-17T22:28:00.885Z</time>
      </trkpt>
      <trkpt lat="20.403698" lon="-100.206285">
        <ele>2141.488077</ele>
        <time>2026-07-17T22:28:04.051Z</time>
      </trkpt>
      <trkpt lat="20.403293" lon="-100.206634">
        <ele>2141.513008</ele>
        <time>2026-07-17T22:28:13.975Z</time>
      </trkpt>
      <trkpt lat="20.402646" lon="-100.207440">
        <ele>2141.321917</ele>
        <time>2026-07-17T22:28:32.660Z</time>
      </trkpt>
      <trkpt lat="20.401811" lon="-100.207956">
        <ele>2141.006811</ele>
        <time>2026-07-17T22:28:51.420Z</time>
      </trkpt>
      <trkpt lat="20.401570" lon="-100.208214">
        <ele>2140.974201</ele>
        <time>2026-07-17T22:28:58.284Z</time>
      </trkpt>
      <trkpt lat="20.401371" lon="-100.208611">
        <ele>2141.065547</ele>
        <time>2026-07-17T22:29:06.682Z</time>
      </trkpt>
      <trkpt lat="20.400816" lon="-100.209546">
        <ele>2141.290100</ele>
        <time>2026-07-17T22:29:27.905Z</time>
      </trkpt>
      <trkpt lat="20.400714" lon="-100.209712">
        <ele>2141.330373</ele>
        <time>2026-07-17T22:29:32.462Z</time>
      </trkpt>
      <trkpt lat="20.400423" lon="-100.210043">
        <ele>2141.879895</ele>
        <time>2026-07-17T22:29:43.886Z</time>
      </trkpt>
      <trkpt lat="20.399972" lon="-100.210287">
        <ele>2142.543686</ele>
        <time>2026-07-17T22:29:58.809Z</time>
      </trkpt>
      <trkpt lat="20.399818" lon="-100.210452">
        <ele>2142.830181</ele>
        <time>2026-07-17T22:30:05.214Z</time>
      </trkpt>
      <trkpt lat="20.399415" lon="-100.210999">
        <ele>2143.686220</ele>
        <time>2026-07-17T22:30:21.564Z</time>
      </trkpt>
      <trkpt lat="20.399287" lon="-100.211286">
        <ele>2144.409563</ele>
        <time>2026-07-17T22:30:29.503Z</time>
      </trkpt>
      <trkpt lat="20.399273" lon="-100.211557">
        <ele>2145.032403</ele>
        <time>2026-07-17T22:30:36.359Z</time>
      </trkpt>
      <trkpt lat="20.399293" lon="-100.211717">
        <ele>2145.402824</ele>
        <time>2026-07-17T22:30:40.597Z</time>
      </trkpt>
      <trkpt lat="20.399241" lon="-100.211906">
        <ele>2145.854844</ele>
        <time>2026-07-17T22:30:46.010Z</time>
      </trkpt>
      <trkpt lat="20.399125" lon="-100.212038">
        <ele>2146.270079</ele>
        <time>2026-07-17T22:30:51.135Z</time>
      </trkpt>
      <trkpt lat="20.398935" lon="-100.212155">
        <ele>2146.807191</ele>
        <time>2026-07-17T22:30:57.963Z</time>
      </trkpt>
      <trkpt lat="20.398305" lon="-100.212452">
        <ele>2148.990824</ele>
        <time>2026-07-17T22:31:25.186Z</time>
      </trkpt>
      <trkpt lat="20.397853" lon="-100.212546">
        <ele>2151.532018</ele>
        <time>2026-07-17T22:31:47.432Z</time>
      </trkpt>
      <trkpt lat="20.397559" lon="-100.212642">
        <ele>2153.228667</ele>
        <time>2026-07-17T22:32:02.901Z</time>
      </trkpt>
      <trkpt lat="20.397370" lon="-100.212731">
        <ele>2154.368689</ele>
        <time>2026-07-17T22:32:13.518Z</time>
      </trkpt>
      <trkpt lat="20.396867" lon="-100.213108">
        <ele>2157.760838</ele>
        <time>2026-07-17T22:32:45.210Z</time>
      </trkpt>
      <trkpt lat="20.396602" lon="-100.213266">
        <ele>2159.039387</ele>
        <time>2026-07-17T22:33:00.615Z</time>
      </trkpt>
      <trkpt lat="20.395741" lon="-100.213642">
        <ele>2162.732851</ele>
        <time>2026-07-17T22:33:40.869Z</time>
      </trkpt>
      <trkpt lat="20.395147" lon="-100.213969">
        <ele>2165.324872</ele>
        <time>2026-07-17T22:34:01.017Z</time>
      </trkpt>
      <trkpt lat="20.394529" lon="-100.214421">
        <ele>2167.479646</ele>
        <time>2026-07-17T22:34:22.026Z</time>
      </trkpt>
      <trkpt lat="20.394401" lon="-100.214549">
        <ele>2167.984170</ele>
        <time>2026-07-17T22:34:27.653Z</time>
      </trkpt>
      <trkpt lat="20.393896" lon="-100.215150">
        <ele>2170.159850</ele>
        <time>2026-07-17T22:34:57.037Z</time>
      </trkpt>
      <trkpt lat="20.393489" lon="-100.215845">
        <ele>2172.979367</ele>
        <time>2026-07-17T22:35:31.763Z</time>
      </trkpt>
      <trkpt lat="20.393184" lon="-100.216550">
        <ele>2175.700841</ele>
        <time>2026-07-17T22:35:59.754Z</time>
      </trkpt>
      <trkpt lat="20.393008" lon="-100.217060">
        <ele>2177.711329</ele>
        <time>2026-07-17T22:36:15.844Z</time>
      </trkpt>
      <trkpt lat="20.392822" lon="-100.217492">
        <ele>2179.700928</ele>
        <time>2026-07-17T22:36:30.770Z</time>
      </trkpt>
      <trkpt lat="20.392752" lon="-100.217779">
        <ele>2180.942063</ele>
        <time>2026-07-17T22:36:41.066Z</time>
      </trkpt>
      <trkpt lat="20.392649" lon="-100.218605">
        <ele>2184.429451</ele>
        <time>2026-07-17T22:37:17.830Z</time>
      </trkpt>
      <trkpt lat="20.392677" lon="-100.219045">
        <ele>2186.995285</ele>
        <time>2026-07-17T22:37:41.063Z</time>
      </trkpt>
      <trkpt lat="20.392664" lon="-100.219157">
        <ele>2187.755097</ele>
        <time>2026-07-17T22:37:47.231Z</time>
      </trkpt>
      <trkpt lat="20.392536" lon="-100.219442">
        <ele>2189.882787</ele>
        <time>2026-07-17T22:38:04.096Z</time>
      </trkpt>
      <trkpt lat="20.391990" lon="-100.219922">
        <ele>2194.964533</ele>
        <time>2026-07-17T22:38:44.013Z</time>
      </trkpt>
      <trkpt lat="20.391947" lon="-100.220067">
        <ele>2195.988460</ele>
        <time>2026-07-17T22:38:52.009Z</time>
      </trkpt>
      <trkpt lat="20.391952" lon="-100.220330">
        <ele>2197.759509</ele>
        <time>2026-07-17T22:39:06.023Z</time>
      </trkpt>
      <trkpt lat="20.391925" lon="-100.220480">
        <ele>2198.926283</ele>
        <time>2026-07-17T22:39:14.298Z</time>
      </trkpt>
      <trkpt lat="20.391713" lon="-100.221185">
        <ele>2204.799682</ele>
        <time>2026-07-17T22:39:56.159Z</time>
      </trkpt>
      <trkpt lat="20.391587" lon="-100.221691">
        <ele>2208.952928</ele>
        <time>2026-07-17T22:40:27.854Z</time>
      </trkpt>
      <trkpt lat="20.391483" lon="-100.221860">
        <ele>2210.556689</ele>
        <time>2026-07-17T22:40:40.411Z</time>
      </trkpt>
      <trkpt lat="20.389825" lon="-100.223268">
        <ele>2230.125693</ele>
        <time>2026-07-17T22:43:01.910Z</time>
      </trkpt>
      <trkpt lat="20.389345" lon="-100.223579">
        <ele>2235.676894</ele>
        <time>2026-07-17T22:43:42.037Z</time>
      </trkpt>
      <trkpt lat="20.389098" lon="-100.223658">
        <ele>2238.225811</ele>
        <time>2026-07-17T22:44:01.156Z</time>
      </trkpt>
      <trkpt lat="20.388674" lon="-100.223740">
        <ele>2242.485290</ele>
        <time>2026-07-17T22:44:33.861Z</time>
      </trkpt>
      <trkpt lat="20.388548" lon="-100.223737">
        <ele>2243.731090</ele>
        <time>2026-07-17T22:44:43.544Z</time>
      </trkpt>
      <trkpt lat="20.387788" lon="-100.223418">
        <ele>2248.108916</ele>
        <time>2026-07-17T22:45:37.216Z</time>
      </trkpt>
      <trkpt lat="20.387438" lon="-100.223338">
        <ele>2248.329273</ele>
        <time>2026-07-17T22:45:51.277Z</time>
      </trkpt>
      <trkpt lat="20.387286" lon="-100.223364">
        <ele>2248.424042</ele>
        <time>2026-07-17T22:45:55.428Z</time>
      </trkpt>
      <trkpt lat="20.387274" lon="-100.223399">
        <ele>2248.445547</ele>
        <time>2026-07-17T22:45:56.154Z</time>
      </trkpt>
      <trkpt lat="20.387383" lon="-100.224494">
        <ele>2247.678246</ele>
        <time>2026-07-17T22:46:10.998Z</time>
      </trkpt>
      <trkpt lat="20.387590" lon="-100.225855">
        <ele>2238.346127</ele>
        <time>2026-07-17T22:46:27.634Z</time>
      </trkpt>
      <trkpt lat="20.387727" lon="-100.226366">
        <ele>2235.793928</ele>
        <time>2026-07-17T22:46:34.633Z</time>
      </trkpt>
      <trkpt lat="20.387719" lon="-100.226419">
        <ele>2235.738144</ele>
        <time>2026-07-17T22:46:35.400Z</time>
      </trkpt>
      <trkpt lat="20.387678" lon="-100.226469">
        <ele>2235.669111</ele>
        <time>2026-07-17T22:46:36.332Z</time>
      </trkpt>
      <trkpt lat="20.387452" lon="-100.226598">
        <ele>2235.384962</ele>
        <time>2026-07-17T22:46:40.465Z</time>
      </trkpt>
      <trkpt lat="20.387579" lon="-100.226768">
        <ele>2235.159065</ele>
        <time>2026-07-17T22:46:44.072Z</time>
      </trkpt>
      <trkpt lat="20.387603" lon="-100.226842">
        <ele>2235.077695</ele>
        <time>2026-07-17T22:46:45.491Z</time>
      </trkpt>
      <trkpt lat="20.387597" lon="-100.226936">
        <ele>2234.979789</ele>
        <time>2026-07-17T22:46:47.277Z</time>
      </trkpt>
      <trkpt lat="20.387437" lon="-100.227188">
        <ele>2234.663505</ele>
        <time>2026-07-17T22:46:54.108Z</time>
      </trkpt>
      <trkpt lat="20.387360" lon="-100.227402">
        <ele>2234.425306</ele>
        <time>2026-07-17T22:47:00.151Z</time>
      </trkpt>
      <trkpt lat="20.387310" lon="-100.227669">
        <ele>2234.142370</ele>
        <time>2026-07-17T22:47:07.261Z</time>
      </trkpt>
      <trkpt lat="20.387441" lon="-100.228066">
        <ele>2233.911595</ele>
        <time>2026-07-17T22:47:17.563Z</time>
      </trkpt>
      <trkpt lat="20.387412" lon="-100.228454">
        <ele>2233.800814</ele>
        <time>2026-07-17T22:47:25.109Z</time>
      </trkpt>
      <trkpt lat="20.387452" lon="-100.229025">
        <ele>2233.637846</ele>
        <time>2026-07-17T22:47:34.817Z</time>
      </trkpt>
      <trkpt lat="20.387408" lon="-100.229126">
        <ele>2233.606147</ele>
        <time>2026-07-17T22:47:36.662Z</time>
      </trkpt>
      <trkpt lat="20.387204" lon="-100.229331">
        <ele>2233.521053</ele>
        <time>2026-07-17T22:47:41.683Z</time>
      </trkpt>
      <trkpt lat="20.387189" lon="-100.229400">
        <ele>2233.500893</ele>
        <time>2026-07-17T22:47:42.907Z</time>
      </trkpt>
      <trkpt lat="20.387208" lon="-100.229526">
        <ele>2233.464570</ele>
        <time>2026-07-17T22:47:45.144Z</time>
      </trkpt>
      <trkpt lat="20.387359" lon="-100.229887">
        <ele>2233.141793</ele>
        <time>2026-07-17T22:47:51.966Z</time>
      </trkpt>
      <trkpt lat="20.387355" lon="-100.230233">
        <ele>2232.816570</ele>
        <time>2026-07-17T22:47:57.839Z</time>
      </trkpt>
      <trkpt lat="20.387279" lon="-100.230368">
        <ele>2232.668562</ele>
        <time>2026-07-17T22:48:00.483Z</time>
      </trkpt>
      <trkpt lat="20.387083" lon="-100.230554">
        <ele>2232.405533</ele>
        <time>2026-07-17T22:48:05.232Z</time>
      </trkpt>
      <trkpt lat="20.386976" lon="-100.230930">
        <ele>2232.036212</ele>
        <time>2026-07-17T22:48:11.769Z</time>
      </trkpt>
      <trkpt lat="20.386968" lon="-100.231115">
        <ele>2231.862149</ele>
        <time>2026-07-17T22:48:14.799Z</time>
      </trkpt>
      <trkpt lat="20.386976" lon="-100.231312">
        <ele>2231.676819</ele>
        <time>2026-07-17T22:48:17.936Z</time>
      </trkpt>
      <trkpt lat="20.387323" lon="-100.232353">
        <ele>2231.546161</ele>
        <time>2026-07-17T22:48:35.873Z</time>
      </trkpt>
      <trkpt lat="20.387350" lon="-100.232666">
        <ele>2231.518507</ele>
        <time>2026-07-17T22:48:42.199Z</time>
      </trkpt>
      <trkpt lat="20.387285" lon="-100.233090">
        <ele>2231.480708</ele>
        <time>2026-07-17T22:48:52.797Z</time>
      </trkpt>
      <trkpt lat="20.387323" lon="-100.233458">
        <ele>2232.427588</ele>
        <time>2026-07-17T22:49:03.801Z</time>
      </trkpt>
      <trkpt lat="20.387242" lon="-100.234412">
        <ele>2235.938918</ele>
        <time>2026-07-17T22:49:39.418Z</time>
      </trkpt>
      <trkpt lat="20.386981" lon="-100.235488">
        <ele>2240.603776</ele>
        <time>2026-07-17T22:50:26.889Z</time>
      </trkpt>
      <trkpt lat="20.386947" lon="-100.236511">
        <ele>2245.825728</ele>
        <time>2026-07-17T22:51:13.951Z</time>
      </trkpt>
      <trkpt lat="20.386928" lon="-100.236633">
        <ele>2246.456624</ele>
        <time>2026-07-17T22:51:19.607Z</time>
      </trkpt>
      <trkpt lat="20.386826" lon="-100.236849">
        <ele>2247.690442</ele>
        <time>2026-07-17T22:51:30.579Z</time>
      </trkpt>
      <trkpt lat="20.386801" lon="-100.236951">
        <ele>2248.228273</ele>
        <time>2026-07-17T22:51:35.282Z</time>
      </trkpt>
      <trkpt lat="20.386768" lon="-100.237256">
        <ele>2249.303457</ele>
        <time>2026-07-17T22:51:48.659Z</time>
      </trkpt>
      <trkpt lat="20.386660" lon="-100.237543">
        <ele>2250.364986</ele>
        <time>2026-07-17T22:52:01.513Z</time>
      </trkpt>
      <trkpt lat="20.386585" lon="-100.237962">
        <ele>2251.829167</ele>
        <time>2026-07-17T22:52:17.871Z</time>
      </trkpt>
      <trkpt lat="20.386570" lon="-100.238432">
        <ele>2253.443351</ele>
        <time>2026-07-17T22:52:33.735Z</time>
      </trkpt>
      <trkpt lat="20.386539" lon="-100.238719">
        <ele>2254.434981</ele>
        <time>2026-07-17T22:52:42.406Z</time>
      </trkpt>
      <trkpt lat="20.386441" lon="-100.239177">
        <ele>2255.132035</ele>
        <time>2026-07-17T22:52:55.003Z</time>
      </trkpt>
      <trkpt lat="20.385871" lon="-100.240797">
        <ele>2256.293923</ele>
        <time>2026-07-17T22:53:31.727Z</time>
      </trkpt>
      <trkpt lat="20.385377" lon="-100.242090">
        <ele>2256.214198</ele>
        <time>2026-07-17T22:53:57.146Z</time>
      </trkpt>
      <trkpt lat="20.385375" lon="-100.242314">
        <ele>2256.201407</ele>
        <time>2026-07-17T22:54:01.347Z</time>
      </trkpt>
      <trkpt lat="20.385433" lon="-100.242640">
        <ele>2256.244804</ele>
        <time>2026-07-17T22:54:07.859Z</time>
      </trkpt>
      <trkpt lat="20.385426" lon="-100.242844">
        <ele>2256.301933</ele>
        <time>2026-07-17T22:54:12.028Z</time>
      </trkpt>
      <trkpt lat="20.385384" lon="-100.243004">
        <ele>2256.348433</ele>
        <time>2026-07-17T22:54:15.476Z</time>
      </trkpt>
      <trkpt lat="20.385314" lon="-100.243136">
        <ele>2256.390877</ele>
        <time>2026-07-17T22:54:18.685Z</time>
      </trkpt>
      <trkpt lat="20.385150" lon="-100.243311">
        <ele>2256.460130</ele>
        <time>2026-07-17T22:54:23.893Z</time>
      </trkpt>
      <trkpt lat="20.384739" lon="-100.243418">
        <ele>2256.586438</ele>
        <time>2026-07-17T22:54:33.348Z</time>
      </trkpt>
      <trkpt lat="20.384596" lon="-100.243667">
        <ele>2256.668162</ele>
        <time>2026-07-17T22:54:39.293Z</time>
      </trkpt>
      <trkpt lat="20.384546" lon="-100.243822">
        <ele>2256.714037</ele>
        <time>2026-07-17T22:54:42.598Z</time>
      </trkpt>
      <trkpt lat="20.384513" lon="-100.244125">
        <ele>2256.914150</ele>
        <time>2026-07-17T22:54:48.791Z</time>
      </trkpt>
      <trkpt lat="20.384500" lon="-100.244807">
        <ele>2257.420773</ele>
        <time>2026-07-17T22:55:02.784Z</time>
      </trkpt>
      <trkpt lat="20.384578" lon="-100.245941">
        <ele>2258.383729</ele>
        <time>2026-07-17T22:55:30.023Z</time>
      </trkpt>
      <trkpt lat="20.384580" lon="-100.246588">
        <ele>2259.381131</ele>
        <time>2026-07-17T22:55:47.974Z</time>
      </trkpt>
      <trkpt lat="20.384558" lon="-100.246857">
        <ele>2259.797389</ele>
        <time>2026-07-17T22:55:55.492Z</time>
      </trkpt>
      <trkpt lat="20.384522" lon="-100.247072">
        <ele>2260.134073</ele>
        <time>2026-07-17T22:56:01.525Z</time>
      </trkpt>
      <trkpt lat="20.384317" lon="-100.247783">
        <ele>2261.324148</ele>
        <time>2026-07-17T22:56:21.353Z</time>
      </trkpt>
      <trkpt lat="20.383989" lon="-100.248338">
        <ele>2262.596925</ele>
        <time>2026-07-17T22:56:38.468Z</time>
      </trkpt>
      <trkpt lat="20.383977" lon="-100.248735">
        <ele>2263.367475</ele>
        <time>2026-07-17T22:56:49.341Z</time>
      </trkpt>
      <trkpt lat="20.383938" lon="-100.248851">
        <ele>2263.606543</ele>
        <time>2026-07-17T22:56:52.815Z</time>
      </trkpt>
      <trkpt lat="20.383776" lon="-100.249100">
        <ele>2264.194530</ele>
        <time>2026-07-17T22:57:01.705Z</time>
      </trkpt>
      <trkpt lat="20.383509" lon="-100.249376">
        <ele>2265.086190</ele>
        <time>2026-07-17T22:57:14.239Z</time>
      </trkpt>
      <trkpt lat="20.382963" lon="-100.250032">
        <ele>2268.406684</ele>
        <time>2026-07-17T22:57:45.584Z</time>
      </trkpt>
      <trkpt lat="20.382835" lon="-100.250217">
        <ele>2269.276999</ele>
        <time>2026-07-17T22:57:54.461Z</time>
      </trkpt>
      <trkpt lat="20.382099" lon="-100.251494">
        <ele>2275.815471</ele>
        <time>2026-07-17T22:58:57.760Z</time>
      </trkpt>
      <trkpt lat="20.382047" lon="-100.251539">
        <ele>2276.167759</ele>
        <time>2026-07-17T22:59:01.017Z</time>
      </trkpt>
      <trkpt lat="20.381798" lon="-100.251530">
        <ele>2277.478580</ele>
        <time>2026-07-17T22:59:13.244Z</time>
      </trkpt>
      <trkpt lat="20.381685" lon="-100.251616">
        <ele>2278.208898</ele>
        <time>2026-07-17T22:59:20.142Z</time>
      </trkpt>
      <trkpt lat="20.381370" lon="-100.251974">
        <ele>2280.630500</ele>
        <time>2026-07-17T22:59:43.090Z</time>
      </trkpt>
      <trkpt lat="20.381014" lon="-100.252554">
        <ele>2282.881867</ele>
        <time>2026-07-17T23:00:12.206Z</time>
      </trkpt>
      <trkpt lat="20.380768" lon="-100.252822">
        <ele>2283.863607</ele>
        <time>2026-07-17T23:00:25.355Z</time>
      </trkpt>
      <trkpt lat="20.380768" lon="-100.252906">
        <ele>2284.083464</ele>
        <time>2026-07-17T23:00:28.077Z</time>
      </trkpt>
      <trkpt lat="20.380787" lon="-100.253659">
        <ele>2286.055038</ele>
        <time>2026-07-17T23:00:48.654Z</time>
      </trkpt>
      <trkpt lat="20.380753" lon="-100.253919">
        <ele>2286.529210</ele>
        <time>2026-07-17T23:00:54.405Z</time>
      </trkpt>
      <trkpt lat="20.380724" lon="-100.254062">
        <ele>2286.398617</ele>
        <time>2026-07-17T23:00:57.307Z</time>
      </trkpt>
      <trkpt lat="20.380625" lon="-100.254292">
        <ele>2286.172714</ele>
        <time>2026-07-17T23:01:01.912Z</time>
      </trkpt>
      <trkpt lat="20.380245" lon="-100.255045">
        <ele>2285.409386</ele>
        <time>2026-07-17T23:01:16.391Z</time>
      </trkpt>
      <trkpt lat="20.379976" lon="-100.256995">
        <ele>2283.352953</ele>
        <time>2026-07-17T23:01:46.278Z</time>
      </trkpt>
      <trkpt lat="20.379918" lon="-100.257506">
        <ele>2282.781663</ele>
        <time>2026-07-17T23:01:56.300Z</time>
      </trkpt>
      <trkpt lat="20.379965" lon="-100.257993">
        <ele>2284.159860</ele>
        <time>2026-07-17T23:02:09.951Z</time>
      </trkpt>
      <trkpt lat="20.380016" lon="-100.258656">
        <ele>2286.243055</ele>
        <time>2026-07-17T23:02:33.993Z</time>
      </trkpt>
      <trkpt lat="20.380032" lon="-100.261166">
        <ele>2295.911377</ele>
        <time>2026-07-17T23:04:16.067Z</time>
      </trkpt>
      <trkpt lat="20.379990" lon="-100.261673">
        <ele>2297.702743</ele>
        <time>2026-07-17T23:04:35.380Z</time>
      </trkpt>
      <trkpt lat="20.379921" lon="-100.261987">
        <ele>2298.687189</ele>
        <time>2026-07-17T23:04:46.936Z</time>
      </trkpt>
      <trkpt lat="20.379870" lon="-100.262202">
        <ele>2299.364147</ele>
        <time>2026-07-17T23:04:54.394Z</time>
      </trkpt>
      <trkpt lat="20.379735" lon="-100.262808">
        <ele>2301.265439</ele>
        <time>2026-07-17T23:05:14.572Z</time>
      </trkpt>
      <trkpt lat="20.379629" lon="-100.263337">
        <ele>2302.775987</ele>
        <time>2026-07-17T23:05:32.399Z</time>
      </trkpt>
      <trkpt lat="20.379063" lon="-100.263232">
        <ele>2303.679968</ele>
        <time>2026-07-17T23:05:51.168Z</time>
      </trkpt>
      <trkpt lat="20.378478" lon="-100.263135">
        <ele>2304.611533</ele>
        <time>2026-07-17T23:06:07.513Z</time>
      </trkpt>
      <trkpt lat="20.378450" lon="-100.263684">
        <ele>2305.422529</ele>
        <time>2026-07-17T23:06:20.103Z</time>
      </trkpt>
      <trkpt lat="20.378975" lon="-100.263629">
        <ele>2304.928193</ele>
        <time>2026-07-17T23:06:30.177Z</time>
      </trkpt>
      <trkpt lat="20.379012" lon="-100.263646">
        <ele>2304.883665</ele>
        <time>2026-07-17T23:06:30.881Z</time>
      </trkpt>
      <trkpt lat="20.379032" lon="-100.263726">
        <ele>2304.797877</ele>
        <time>2026-07-17T23:06:32.185Z</time>
      </trkpt>
      <trkpt lat="20.378952" lon="-100.263833">
        <ele>2304.656067</ele>
        <time>2026-07-17T23:06:34.380Z</time>
      </trkpt>
      <trkpt lat="20.378488" lon="-100.263860">
        <ele>2304.142440</ele>
        <time>2026-07-17T23:06:42.173Z</time>
      </trkpt>
      <trkpt lat="20.378381" lon="-100.263876">
        <ele>2304.023016</ele>
        <time>2026-07-17T23:06:43.955Z</time>
      </trkpt>
      <trkpt lat="20.378241" lon="-100.264218">
        <ele>2303.636344</ele>
        <time>2026-07-17T23:06:49.450Z</time>
      </trkpt>
      <trkpt lat="20.378215" lon="-100.264673">
        <ele>2302.083377</ele>
        <time>2026-07-17T23:06:55.875Z</time>
      </trkpt>
      <trkpt lat="20.378115" lon="-100.265970">
        <ele>2296.217628</ele>
        <time>2026-07-17T23:07:12.119Z</time>
      </trkpt>
      <trkpt lat="20.378029" lon="-100.266241">
        <ele>2294.928046</ele>
        <time>2026-07-17T23:07:15.511Z</time>
      </trkpt>
      <trkpt lat="20.377710" lon="-100.266816">
        <ele>2291.229632</ele>
        <time>2026-07-17T23:07:23.397Z</time>
      </trkpt>
      <trkpt lat="20.377354" lon="-100.267438">
        <ele>2287.172647</ele>
        <time>2026-07-17T23:07:32.080Z</time>
      </trkpt>
      <trkpt lat="20.376759" lon="-100.268472">
        <ele>2282.582009</ele>
        <time>2026-07-17T23:07:47.657Z</time>
      </trkpt>
      <trkpt lat="20.376569" lon="-100.268898">
        <ele>2281.475621</ele>
        <time>2026-07-17T23:07:54.370Z</time>
      </trkpt>
      <trkpt lat="20.376485" lon="-100.269205">
        <ele>2280.725589</ele>
        <time>2026-07-17T23:07:59.153Z</time>
      </trkpt>
      <trkpt lat="20.376304" lon="-100.270146">
        <ele>2279.501570</ele>
        <time>2026-07-17T23:08:15.052Z</time>
      </trkpt>
      <trkpt lat="20.376123" lon="-100.271541">
        <ele>2279.067786</ele>
        <time>2026-07-17T23:08:39.886Z</time>
      </trkpt>
      <trkpt lat="20.375983" lon="-100.272156">
        <ele>2279.224883</ele>
        <time>2026-07-17T23:08:50.775Z</time>
      </trkpt>
      <trkpt lat="20.375866" lon="-100.272558">
        <ele>2279.331380</ele>
        <time>2026-07-17T23:08:58.182Z</time>
      </trkpt>
      <trkpt lat="20.375830" lon="-100.272662">
        <ele>2279.359429</ele>
        <time>2026-07-17T23:09:00.253Z</time>
      </trkpt>
      <trkpt lat="20.375671" lon="-100.273202">
        <ele>2279.502632</ele>
        <time>2026-07-17T23:09:11.337Z</time>
      </trkpt>
      <trkpt lat="20.375540" lon="-100.273647">
        <ele>2280.170091</ele>
        <time>2026-07-17T23:09:21.823Z</time>
      </trkpt>
      <trkpt lat="20.375117" lon="-100.275040">
        <ele>2283.487400</ele>
        <time>2026-07-17T23:10:06.600Z</time>
      </trkpt>
      <trkpt lat="20.374960" lon="-100.275763">
        <ele>2285.605926</ele>
        <time>2026-07-17T23:10:31.971Z</time>
      </trkpt>
      <trkpt lat="20.374937" lon="-100.275850">
        <ele>2285.881191</ele>
        <time>2026-07-17T23:10:35.146Z</time>
      </trkpt>
      <trkpt lat="20.374713" lon="-100.276696">
        <ele>2288.558211</ele>
        <time>2026-07-17T23:11:05.983Z</time>
      </trkpt>
      <trkpt lat="20.374356" lon="-100.277591">
        <ele>2291.266940</ele>
        <time>2026-07-17T23:11:38.015Z</time>
      </trkpt>
      <trkpt lat="20.374323" lon="-100.277740">
        <ele>2291.666811</ele>
        <time>2026-07-17T23:11:43.002Z</time>
      </trkpt>
      <trkpt lat="20.373994" lon="-100.278022">
        <ele>2292.842685</ele>
        <time>2026-07-17T23:11:57.616Z</time>
      </trkpt>
      <trkpt lat="20.373084" lon="-100.279213">
        <ele>2296.046745</ele>
        <time>2026-07-17T23:12:44.210Z</time>
      </trkpt>
      <trkpt lat="20.372845" lon="-100.279612">
        <ele>2296.807799</ele>
        <time>2026-07-17T23:12:56.768Z</time>
      </trkpt>
      <trkpt lat="20.372869" lon="-100.279659">
        <ele>2296.893823</ele>
        <time>2026-07-17T23:12:58.117Z</time>
      </trkpt>
      <trkpt lat="20.373002" lon="-100.279898">
        <ele>2297.340554</ele>
        <time>2026-07-17T23:13:05.036Z</time>
      </trkpt>
      <trkpt lat="20.371775" lon="-100.281511">
        <ele>2299.034575</ele>
        <time>2026-07-17T23:13:51.829Z</time>
      </trkpt>
      <trkpt lat="20.370871" lon="-100.282640">
        <ele>2299.633600</ele>
        <time>2026-07-17T23:14:23.333Z</time>
      </trkpt>
      <trkpt lat="20.370211" lon="-100.282518">
        <ele>2299.913636</ele>
        <time>2026-07-17T23:14:45.044Z</time>
      </trkpt>
      <trkpt lat="20.369941" lon="-100.282538">
        <ele>2300.051543</ele>
        <time>2026-07-17T23:14:53.747Z</time>
      </trkpt>
      <trkpt lat="20.369652" lon="-100.282662">
        <ele>2300.210266</ele>
        <time>2026-07-17T23:15:03.705Z</time>
      </trkpt>
      <trkpt lat="20.368685" lon="-100.283238">
        <ele>2300.788709</ele>
        <time>2026-07-17T23:15:42.210Z</time>
      </trkpt>
      <trkpt lat="20.368539" lon="-100.283337">
        <ele>2301.054665</ele>
        <time>2026-07-17T23:15:48.803Z</time>
      </trkpt>
      <trkpt lat="20.368474" lon="-100.283409">
        <ele>2301.198721</ele>
        <time>2026-07-17T23:15:52.451Z</time>
      </trkpt>
      <trkpt lat="20.368397" lon="-100.283596">
        <ele>2301.493072</ele>
        <time>2026-07-17T23:15:59.961Z</time>
      </trkpt>
      <trkpt lat="20.368105" lon="-100.284839">
        <ele>2303.339846</ele>
        <time>2026-07-17T23:16:48.759Z</time>
      </trkpt>
      <trkpt lat="20.367966" lon="-100.285224">
        <ele>2303.910123</ele>
        <time>2026-07-17T23:17:04.208Z</time>
      </trkpt>
      <trkpt lat="20.367975" lon="-100.285285">
        <ele>2303.993734</ele>
        <time>2026-07-17T23:17:06.474Z</time>
      </trkpt>
      <trkpt lat="20.368010" lon="-100.285308">
        <ele>2304.053107</ele>
        <time>2026-07-17T23:17:08.089Z</time>
      </trkpt>
      <trkpt lat="20.368304" lon="-100.285420">
        <ele>2304.503999</ele>
        <time>2026-07-17T23:17:20.327Z</time>
      </trkpt>
      <trkpt lat="20.368339" lon="-100.285466">
        <ele>2304.584216</ele>
        <time>2026-07-17T23:17:22.480Z</time>
      </trkpt>
      <trkpt lat="20.368328" lon="-100.285571">
        <ele>2304.727270</ele>
        <time>2026-07-17T23:17:26.327Z</time>
      </trkpt>
      <trkpt lat="20.368002" lon="-100.286229">
        <ele>2305.734967</ele>
        <time>2026-07-17T23:17:53.172Z</time>
      </trkpt>
      <trkpt lat="20.367820" lon="-100.286657">
        <ele>2306.314077</ele>
        <time>2026-07-17T23:18:10.236Z</time>
      </trkpt>
      <trkpt lat="20.367346" lon="-100.287879">
        <ele>2307.679202</ele>
        <time>2026-07-17T23:18:56.953Z</time>
      </trkpt>
      <trkpt lat="20.367304" lon="-100.288030">
        <ele>2307.841789</ele>
        <time>2026-07-17T23:19:02.231Z</time>
      </trkpt>
      <trkpt lat="20.367329" lon="-100.288130">
        <ele>2307.948622</ele>
        <time>2026-07-17T23:19:05.692Z</time>
      </trkpt>
      <trkpt lat="20.367681" lon="-100.288485">
        <ele>2308.563770</ele>
        <time>2026-07-17T23:19:22.922Z</time>
      </trkpt>
      <trkpt lat="20.367739" lon="-100.288566">
        <ele>2308.692162</ele>
        <time>2026-07-17T23:19:26.289Z</time>
      </trkpt>
      <trkpt lat="20.367765" lon="-100.288666">
        <ele>2308.822885</ele>
        <time>2026-07-17T23:19:29.772Z</time>
      </trkpt>
      <trkpt lat="20.367736" lon="-100.288840">
        <ele>2309.045506</ele>
        <time>2026-07-17T23:19:35.644Z</time>
      </trkpt>
      <trkpt lat="20.365899" lon="-100.293236">
        <ele>2315.682220</ele>
        <time>2026-07-17T23:22:32.224Z</time>
      </trkpt>
      <trkpt lat="20.365693" lon="-100.293615">
        <ele>2316.724312</ele>
        <time>2026-07-17T23:22:50.457Z</time>
      </trkpt>
      <trkpt lat="20.365640" lon="-100.293745">
        <ele>2317.155766</ele>
        <time>2026-07-17T23:22:56.553Z</time>
      </trkpt>
      <trkpt lat="20.365318" lon="-100.294581">
        <ele>2319.906539</ele>
        <time>2026-07-17T23:23:37.750Z</time>
      </trkpt>
      <trkpt lat="20.364801" lon="-100.295799">
        <ele>2324.060144</ele>
        <time>2026-07-17T23:24:41.426Z</time>
      </trkpt>
      <trkpt lat="20.364649" lon="-100.296043">
        <ele>2324.986991</ele>
        <time>2026-07-17T23:24:55.209Z</time>
      </trkpt>
      <trkpt lat="20.364568" lon="-100.296117">
        <ele>2325.346897</ele>
        <time>2026-07-17T23:25:00.498Z</time>
      </trkpt>
      <trkpt lat="20.364016" lon="-100.296378">
        <ele>2327.384546</ele>
        <time>2026-07-17T23:25:29.276Z</time>
      </trkpt>
      <trkpt lat="20.363823" lon="-100.296447">
        <ele>2328.016193</ele>
        <time>2026-07-17T23:25:38.678Z</time>
      </trkpt>
      <trkpt lat="20.363179" lon="-100.296524">
        <ele>2329.447138</ele>
        <time>2026-07-17T23:26:06.933Z</time>
      </trkpt>
      <trkpt lat="20.363056" lon="-100.296564">
        <ele>2329.731081</ele>
        <time>2026-07-17T23:26:11.891Z</time>
      </trkpt>
      <trkpt lat="20.362959" lon="-100.296465">
        <ele>2330.027525</ele>
        <time>2026-07-17T23:26:17.054Z</time>
      </trkpt>
      <trkpt lat="20.362635" lon="-100.296278">
        <ele>2330.840980</ele>
        <time>2026-07-17T23:26:31.932Z</time>
      </trkpt>
      <trkpt lat="20.362959" lon="-100.296465">
        <ele>2331.654434</ele>
        <time>2026-07-17T23:26:47.305Z</time>
      </trkpt>
      <trkpt lat="20.363056" lon="-100.296564">
        <ele>2331.989767</ele>
        <time>2026-07-17T23:26:53.168Z</time>
      </trkpt>
      <trkpt lat="20.362963" lon="-100.296623">
        <ele>2332.365997</ele>
        <time>2026-07-17T23:26:56.792Z</time>
      </trkpt>
      <trkpt lat="20.362824" lon="-100.296759">
        <ele>2333.021826</ele>
        <time>2026-07-17T23:27:03.145Z</time>
      </trkpt>
      <trkpt lat="20.362581" lon="-100.297097">
        <ele>2334.410274</ele>
        <time>2026-07-17T23:27:16.635Z</time>
      </trkpt>
      <trkpt lat="20.361880" lon="-100.297616">
        <ele>2337.377245</ele>
        <time>2026-07-17T23:27:51.252Z</time>
      </trkpt>
      <trkpt lat="20.361524" lon="-100.298036">
        <ele>2339.542240</ele>
        <time>2026-07-17T23:28:13.627Z</time>
      </trkpt>
      <trkpt lat="20.361341" lon="-100.298085">
        <ele>2340.391180</ele>
        <time>2026-07-17T23:28:21.588Z</time>
      </trkpt>
      <trkpt lat="20.360785" lon="-100.298417">
        <ele>2343.258183</ele>
        <time>2026-07-17T23:28:48.559Z</time>
      </trkpt>
      <trkpt lat="20.360454" lon="-100.298626">
        <ele>2344.988876</ele>
        <time>2026-07-17T23:29:05.283Z</time>
      </trkpt>
      <trkpt lat="20.360030" lon="-100.298942">
        <ele>2347.186704</ele>
        <time>2026-07-17T23:29:28.229Z</time>
      </trkpt>
      <trkpt lat="20.359829" lon="-100.299159">
        <ele>2348.320110</ele>
        <time>2026-07-17T23:29:40.956Z</time>
      </trkpt>
      <trkpt lat="20.359240" lon="-100.299966">
        <ele>2352.120023</ele>
        <time>2026-07-17T23:30:20.177Z</time>
      </trkpt>
      <trkpt lat="20.357984" lon="-100.301869">
        <ele>2358.121093</ele>
        <time>2026-07-17T23:31:31.862Z</time>
      </trkpt>
      <trkpt lat="20.357637" lon="-100.302308">
        <ele>2359.212943</ele>
        <time>2026-07-17T23:31:47.888Z</time>
      </trkpt>
      <trkpt lat="20.357266" lon="-100.302748">
        <ele>2360.338200</ele>
        <time>2026-07-17T23:32:03.678Z</time>
      </trkpt>
      <trkpt lat="20.357186" lon="-100.302838">
        <ele>2360.574027</ele>
        <time>2026-07-17T23:32:07.244Z</time>
      </trkpt>
      <trkpt lat="20.356603" lon="-100.303520">
        <ele>2361.867784</ele>
        <time>2026-07-17T23:32:35.071Z</time>
      </trkpt>
      <trkpt lat="20.356392" lon="-100.303662">
        <ele>2362.042100</ele>
        <time>2026-07-17T23:32:42.400Z</time>
      </trkpt>
      <trkpt lat="20.356054" lon="-100.303941">
        <ele>2362.340716</ele>
        <time>2026-07-17T23:32:53.430Z</time>
      </trkpt>
      <trkpt lat="20.355956" lon="-100.304042">
        <ele>2362.435929</ele>
        <time>2026-07-17T23:32:56.283Z</time>
      </trkpt>
      <trkpt lat="20.355930" lon="-100.304134">
        <ele>2362.498873</ele>
        <time>2026-07-17T23:32:58.037Z</time>
      </trkpt>
      <trkpt lat="20.355964" lon="-100.304209">
        <ele>2362.553444</ele>
        <time>2026-07-17T23:32:59.648Z</time>
      </trkpt>
      <trkpt lat="20.356455" lon="-100.304684">
        <ele>2362.639185</ele>
        <time>2026-07-17T23:33:11.773Z</time>
      </trkpt>
      <trkpt lat="20.356633" lon="-100.304900">
        <ele>2362.298950</ele>
        <time>2026-07-17T23:33:16.255Z</time>
      </trkpt>
      <trkpt lat="20.356629" lon="-100.304973">
        <ele>2362.212437</ele>
        <time>2026-07-17T23:33:17.368Z</time>
      </trkpt>
      <trkpt lat="20.355819" lon="-100.306963">
        <ele>2358.889618</ele>
        <time>2026-07-17T23:33:52.726Z</time>
      </trkpt>
      <trkpt lat="20.355721" lon="-100.307061">
        <ele>2358.587492</ele>
        <time>2026-07-17T23:33:54.907Z</time>
      </trkpt>
      <trkpt lat="20.355541" lon="-100.307171">
        <ele>2358.120926</ele>
        <time>2026-07-17T23:33:58.216Z</time>
      </trkpt>
      <trkpt lat="20.355497" lon="-100.307230">
        <ele>2357.961961</ele>
        <time>2026-07-17T23:33:59.329Z</time>
      </trkpt>
      <trkpt lat="20.355477" lon="-100.307312">
        <ele>2357.783300</ele>
        <time>2026-07-17T23:34:00.572Z</time>
      </trkpt>
      <trkpt lat="20.355480" lon="-100.307387">
        <ele>2357.625012</ele>
        <time>2026-07-17T23:34:01.666Z</time>
      </trkpt>
      <trkpt lat="20.355514" lon="-100.307476">
        <ele>2357.422365</ele>
        <time>2026-07-17T23:34:03.052Z</time>
      </trkpt>
      <trkpt lat="20.355854" lon="-100.307926">
        <ele>2356.187514</ele>
        <time>2026-07-17T23:34:11.254Z</time>
      </trkpt>
      <trkpt lat="20.356326" lon="-100.308677">
        <ele>2354.196022</ele>
        <time>2026-07-17T23:34:24.232Z</time>
      </trkpt>
      <trkpt lat="20.356351" lon="-100.308809">
        <ele>2353.899398</ele>
        <time>2026-07-17T23:34:26.287Z</time>
      </trkpt>
      <trkpt lat="20.356300" lon="-100.309293">
        <ele>2352.826601</ele>
        <time>2026-07-17T23:34:34.070Z</time>
      </trkpt>
      <trkpt lat="20.356262" lon="-100.309437">
        <ele>2352.497094</ele>
        <time>2026-07-17T23:34:36.535Z</time>
      </trkpt>
      <trkpt lat="20.356168" lon="-100.309624">
        <ele>2352.263651</ele>
        <time>2026-07-17T23:34:40.168Z</time>
      </trkpt>
      <trkpt lat="20.356012" lon="-100.309840">
        <ele>2352.113772</ele>
        <time>2026-07-17T23:34:44.926Z</time>
      </trkpt>
      <trkpt lat="20.355952" lon="-100.309879">
        <ele>2352.072576</ele>
        <time>2026-07-17T23:34:46.337Z</time>
      </trkpt>
      <trkpt lat="20.355721" lon="-100.309879">
        <ele>2351.937138</ele>
        <time>2026-07-17T23:34:50.913Z</time>
      </trkpt>
      <trkpt lat="20.355721" lon="-100.309879">
        <ele>2351.937138</ele>
        <time>2026-07-17T23:34:50.913Z</time>
      </trkpt>
      <trkpt lat="20.355092" lon="-100.310516">
        <ele>2351.428594</ele>
        <time>2026-07-17T23:35:28.008Z</time>
      </trkpt>
      <trkpt lat="20.354462" lon="-100.311154">
        <ele>2350.809232</ele>
        <time>2026-07-17T23:36:05.162Z</time>
      </trkpt>
      <trkpt lat="20.353832" lon="-100.311791">
        <ele>2350.147952</ele>
        <time>2026-07-17T23:36:42.289Z</time>
      </trkpt>
      <trkpt lat="20.353202" lon="-100.312429">
        <ele>2349.649322</ele>
        <time>2026-07-17T23:37:19.444Z</time>
      </trkpt>
      <trkpt lat="20.352572" lon="-100.313066">
        <ele>2349.238610</ele>
        <time>2026-07-17T23:37:56.570Z</time>
      </trkpt>
      <trkpt lat="20.351942" lon="-100.313704">
        <ele>2349.345324</ele>
        <time>2026-07-17T23:38:33.724Z</time>
      </trkpt>
      <trkpt lat="20.351312" lon="-100.314341">
        <ele>2349.827433</ele>
        <time>2026-07-17T23:39:10.850Z</time>
      </trkpt>
      <trkpt lat="20.350682" lon="-100.314979">
        <ele>2351.207719</ele>
        <time>2026-07-17T23:39:48.006Z</time>
      </trkpt>
      <trkpt lat="20.350052" lon="-100.315616">
        <ele>2353.454806</ele>
        <time>2026-07-17T23:40:25.142Z</time>
      </trkpt>
      <trkpt lat="20.349422" lon="-100.316254">
        <ele>2356.734354</ele>
        <time>2026-07-17T23:41:02.317Z</time>
      </trkpt>
      <trkpt lat="20.348792" lon="-100.316891">
        <ele>2361.337549</ele>
        <time>2026-07-17T23:41:39.485Z</time>
      </trkpt>
      <trkpt lat="20.348162" lon="-100.317529">
        <ele>2366.643978</ele>
        <time>2026-07-17T23:42:16.704Z</time>
      </trkpt>
      <trkpt lat="20.347532" lon="-100.318166">
        <ele>2373.157570</ele>
        <time>2026-07-17T23:42:53.916Z</time>
      </trkpt>
      <trkpt lat="20.346902" lon="-100.318804">
        <ele>2379.496595</ele>
        <time>2026-07-17T23:43:31.171Z</time>
      </trkpt>
      <trkpt lat="20.346272" lon="-100.319441">
        <ele>2385.402301</ele>
        <time>2026-07-17T23:44:08.379Z</time>
      </trkpt>
      <trkpt lat="20.345979" lon="-100.320120">
        <ele>2390.087114</ele>
        <time>2026-07-17T23:44:51.261Z</time>
      </trkpt>
      <trkpt lat="20.345926" lon="-100.320309">
        <ele>2390.767224</ele>
        <time>2026-07-17T23:45:01.311Z</time>
      </trkpt>
      <trkpt lat="20.345876" lon="-100.320727">
        <ele>2392.219990</ele>
        <time>2026-07-17T23:45:20.994Z</time>
      </trkpt>
      <trkpt lat="20.345871" lon="-100.320947">
        <ele>2392.978680</ele>
        <time>2026-07-17T23:45:30.746Z</time>
      </trkpt>
      <trkpt lat="20.346010" lon="-100.321580">
        <ele>2395.220045</ele>
        <time>2026-07-17T23:45:58.757Z</time>
      </trkpt>
      <trkpt lat="20.346030" lon="-100.321843">
        <ele>2396.129734</ele>
        <time>2026-07-17T23:46:10.383Z</time>
      </trkpt>
      <trkpt lat="20.345965" lon="-100.322358">
        <ele>2398.345241</ele>
        <time>2026-07-17T23:46:34.566Z</time>
      </trkpt>
      <trkpt lat="20.345894" lon="-100.322664">
        <ele>2399.781624</ele>
        <time>2026-07-17T23:46:50.630Z</time>
      </trkpt>
      <trkpt lat="20.345615" lon="-100.323289">
        <ele>2402.935810</ele>
        <time>2026-07-17T23:47:30.063Z</time>
      </trkpt>
      <trkpt lat="20.345550" lon="-100.323763">
        <ele>2405.118627</ele>
        <time>2026-07-17T23:47:58.593Z</time>
      </trkpt>
      <trkpt lat="20.345507" lon="-100.323844">
        <ele>2405.332952</ele>
        <time>2026-07-17T23:48:03.835Z</time>
      </trkpt>
      <trkpt lat="20.345085" lon="-100.324112">
        <ele>2405.196616</ele>
        <time>2026-07-17T23:48:29.446Z</time>
      </trkpt>
      <trkpt lat="20.344967" lon="-100.324217">
        <ele>2405.153957</ele>
        <time>2026-07-17T23:48:35.777Z</time>
      </trkpt>
      <trkpt lat="20.344876" lon="-100.324354">
        <ele>2405.110259</ele>
        <time>2026-07-17T23:48:41.359Z</time>
      </trkpt>
      <trkpt lat="20.344833" lon="-100.324506">
        <ele>2405.068936</ele>
        <time>2026-07-17T23:48:45.950Z</time>
      </trkpt>
      <trkpt lat="20.344846" lon="-100.324643">
        <ele>2405.033097</ele>
        <time>2026-07-17T23:48:49.607Z</time>
      </trkpt>
      <trkpt lat="20.344906" lon="-100.324834">
        <ele>2404.980669</ele>
        <time>2026-07-17T23:48:54.642Z</time>
      </trkpt>
      <trkpt lat="20.345376" lon="-100.325566">
        <ele>2403.111779</ele>
        <time>2026-07-17T23:49:14.326Z</time>
      </trkpt>
      <trkpt lat="20.345639" lon="-100.326131">
        <ele>2400.124191</ele>
        <time>2026-07-17T23:49:27.951Z</time>
      </trkpt>
      <trkpt lat="20.345728" lon="-100.326454">
        <ele>2398.529706</ele>
        <time>2026-07-17T23:49:35.488Z</time>
      </trkpt>
      <trkpt lat="20.345795" lon="-100.327093">
        <ele>2395.541790</ele>
        <time>2026-07-17T23:49:50.569Z</time>
      </trkpt>
      <trkpt lat="20.346020" lon="-100.327853">
        <ele>2392.554666</ele>
        <time>2026-07-17T23:50:10.287Z</time>
      </trkpt>
      <trkpt lat="20.345940" lon="-100.328484">
        <ele>2390.168139</ele>
        <time>2026-07-17T23:50:25.462Z</time>
      </trkpt>
      <trkpt lat="20.346177" lon="-100.329339">
        <ele>2384.828219</ele>
        <time>2026-07-17T23:50:45.220Z</time>
      </trkpt>
      <trkpt lat="20.346257" lon="-100.329536">
        <ele>2383.101121</ele>
        <time>2026-07-17T23:50:49.754Z</time>
      </trkpt>
      <trkpt lat="20.346612" lon="-100.330034">
        <ele>2378.068372</ele>
        <time>2026-07-17T23:51:02.587Z</time>
      </trkpt>
      <trkpt lat="20.346843" lon="-100.330185">
        <ele>2375.743707</ele>
        <time>2026-07-17T23:51:08.341Z</time>
      </trkpt>
      <trkpt lat="20.346939" lon="-100.330313">
        <ele>2374.425059</ele>
        <time>2026-07-17T23:51:11.608Z</time>
      </trkpt>
      <trkpt lat="20.347126" lon="-100.330383">
        <ele>2372.596619</ele>
        <time>2026-07-17T23:51:15.749Z</time>
      </trkpt>
      <trkpt lat="20.347221" lon="-100.330504">
        <ele>2370.932758</ele>
        <time>2026-07-17T23:51:18.845Z</time>
      </trkpt>
      <trkpt lat="20.347456" lon="-100.330689">
        <ele>2367.648472</ele>
        <time>2026-07-17T23:51:24.928Z</time>
      </trkpt>
      <trkpt lat="20.348138" lon="-100.331538">
        <ele>2355.861835</ele>
        <time>2026-07-17T23:51:46.829Z</time>
      </trkpt>
      <trkpt lat="20.348336" lon="-100.331684">
        <ele>2353.155169</ele>
        <time>2026-07-17T23:51:51.988Z</time>
      </trkpt>
      <trkpt lat="20.348571" lon="-100.331916">
        <ele>2350.721187</ele>
        <time>2026-07-17T23:51:58.937Z</time>
      </trkpt>
      <trkpt lat="20.348648" lon="-100.332074">
        <ele>2349.496177</ele>
        <time>2026-07-17T23:52:02.613Z</time>
      </trkpt>
      <trkpt lat="20.348851" lon="-100.332199">
        <ele>2347.776292</ele>
        <time>2026-07-17T23:52:07.828Z</time>
      </trkpt>
      <trkpt lat="20.349486" lon="-100.332827">
        <ele>2341.422341</ele>
        <time>2026-07-17T23:52:27.898Z</time>
      </trkpt>
      <trkpt lat="20.349642" lon="-100.332903">
        <ele>2340.163965</ele>
        <time>2026-07-17T23:52:31.965Z</time>
      </trkpt>
      <trkpt lat="20.349740" lon="-100.332910">
        <ele>2339.510071</ele>
        <time>2026-07-17T23:52:34.298Z</time>
      </trkpt>
      <trkpt lat="20.350138" lon="-100.332902">
        <ele>2337.307136</ele>
        <time>2026-07-17T23:52:43.789Z</time>
      </trkpt>
      <trkpt lat="20.350737" lon="-100.332851">
        <ele>2333.981708</ele>
        <time>2026-07-17T23:52:58.123Z</time>
      </trkpt>
      <trkpt lat="20.351114" lon="-100.332896">
        <ele>2331.882354</ele>
        <time>2026-07-17T23:53:07.148Z</time>
      </trkpt>
      <trkpt lat="20.351186" lon="-100.332882">
        <ele>2331.477337</ele>
        <time>2026-07-17T23:53:08.872Z</time>
      </trkpt>
      <trkpt lat="20.351399" lon="-100.332719">
        <ele>2330.026571</ele>
        <time>2026-07-17T23:53:15.057Z</time>
      </trkpt>
      <trkpt lat="20.351472" lon="-100.332689">
        <ele>2329.579947</ele>
        <time>2026-07-17T23:53:16.902Z</time>
      </trkpt>
      <trkpt lat="20.351628" lon="-100.332691">
        <ele>2328.646059</ele>
        <time>2026-07-17T23:53:20.563Z</time>
      </trkpt>
      <trkpt lat="20.352516" lon="-100.333068">
        <ele>2322.924838</ele>
        <time>2026-07-17T23:53:42.818Z</time>
      </trkpt>
      <trkpt lat="20.353532" lon="-100.333423">
        <ele>2316.608890</ele>
        <time>2026-07-17T23:54:07.802Z</time>
      </trkpt>
      <trkpt lat="20.354159" lon="-100.333681">
        <ele>2312.722680</ele>
        <time>2026-07-17T23:54:23.679Z</time>
      </trkpt>
      <trkpt lat="20.355218" lon="-100.334361">
        <ele>2305.765257</ele>
        <time>2026-07-17T23:54:52.723Z</time>
      </trkpt>
      <trkpt lat="20.355575" lon="-100.334673">
        <ele>2303.264802</ele>
        <time>2026-07-17T23:55:03.573Z</time>
      </trkpt>
      <trkpt lat="20.355840" lon="-100.334855">
        <ele>2301.557232</ele>
        <time>2026-07-17T23:55:11.032Z</time>
      </trkpt>
      <trkpt lat="20.356879" lon="-100.335306">
        <ele>2296.254112</ele>
        <time>2026-07-17T23:55:38.311Z</time>
      </trkpt>
      <trkpt lat="20.357435" lon="-100.335828">
        <ele>2293.163281</ele>
        <time>2026-07-17T23:55:56.932Z</time>
      </trkpt>
      <trkpt lat="20.357624" lon="-100.335967">
        <ele>2292.205315</ele>
        <time>2026-07-17T23:56:02.698Z</time>
      </trkpt>
      <trkpt lat="20.357963" lon="-100.336233">
        <ele>2290.471588</ele>
        <time>2026-07-17T23:56:13.250Z</time>
      </trkpt>
      <trkpt lat="20.358415" lon="-100.336516">
        <ele>2288.339308</ele>
        <time>2026-07-17T23:56:26.287Z</time>
      </trkpt>
      <trkpt lat="20.358760" lon="-100.336765">
        <ele>2286.644612</ele>
        <time>2026-07-17T23:56:36.589Z</time>
      </trkpt>
      <trkpt lat="20.358882" lon="-100.336893">
        <ele>2285.948407</ele>
        <time>2026-07-17T23:56:40.813Z</time>
      </trkpt>
      <trkpt lat="20.359284" lon="-100.336894">
        <ele>2284.312939</ele>
        <time>2026-07-17T23:56:50.788Z</time>
      </trkpt>
      <trkpt lat="20.359453" lon="-100.336920">
        <ele>2283.616214</ele>
        <time>2026-07-17T23:56:55.031Z</time>
      </trkpt>
      <trkpt lat="20.360222" lon="-100.337196">
        <ele>2280.298604</ele>
        <time>2026-07-17T23:57:15.573Z</time>
      </trkpt>
      <trkpt lat="20.360329" lon="-100.337185">
        <ele>2279.859063</ele>
        <time>2026-07-17T23:57:18.329Z</time>
      </trkpt>
      <trkpt lat="20.360435" lon="-100.337141">
        <ele>2279.393975</ele>
        <time>2026-07-17T23:57:21.244Z</time>
      </trkpt>
      <trkpt lat="20.360938" lon="-100.337947">
        <ele>2274.795403</ele>
        <time>2026-07-17T23:57:43.564Z</time>
      </trkpt>
      <trkpt lat="20.361040" lon="-100.338025">
        <ele>2273.822222</ele>
        <time>2026-07-17T23:57:46.495Z</time>
      </trkpt>
      <trkpt lat="20.361216" lon="-100.338096">
        <ele>2272.363152</ele>
        <time>2026-07-17T23:57:50.854Z</time>
      </trkpt>
      <trkpt lat="20.361741" lon="-100.338213">
        <ele>2268.204329</ele>
        <time>2026-07-17T23:58:02.921Z</time>
      </trkpt>
      <trkpt lat="20.361916" lon="-100.338308">
        <ele>2266.681726</ele>
        <time>2026-07-17T23:58:07.197Z</time>
      </trkpt>
      <trkpt lat="20.361940" lon="-100.338361">
        <ele>2266.253847</ele>
        <time>2026-07-17T23:58:08.398Z</time>
      </trkpt>
      <trkpt lat="20.361952" lon="-100.338545">
        <ele>2264.913008</ele>
        <time>2026-07-17T23:58:12.101Z</time>
      </trkpt>
      <trkpt lat="20.361849" lon="-100.338859">
        <ele>2262.507022</ele>
        <time>2026-07-17T23:58:18.715Z</time>
      </trkpt>
      <trkpt lat="20.361833" lon="-100.339086">
        <ele>2260.941059</ele>
        <time>2026-07-17T23:58:23.234Z</time>
      </trkpt>
      <trkpt lat="20.362112" lon="-100.339605">
        <ele>2256.825517</ele>
        <time>2026-07-17T23:58:35.311Z</time>
      </trkpt>
      <trkpt lat="20.362176" lon="-100.339791">
        <ele>2255.462551</ele>
        <time>2026-07-17T23:58:39.424Z</time>
      </trkpt>
      <trkpt lat="20.362184" lon="-100.339975">
        <ele>2254.195438</ele>
        <time>2026-07-17T23:58:43.307Z</time>
      </trkpt>
      <trkpt lat="20.362122" lon="-100.340332">
        <ele>2251.697822</ele>
        <time>2026-07-17T23:58:51.255Z</time>
      </trkpt>
      <trkpt lat="20.362133" lon="-100.340463">
        <ele>2250.793054</ele>
        <time>2026-07-17T23:58:54.282Z</time>
      </trkpt>
      <trkpt lat="20.362192" lon="-100.340568">
        <ele>2249.950948</ele>
        <time>2026-07-17T23:58:57.170Z</time>
      </trkpt>
      <trkpt lat="20.362434" lon="-100.340809">
        <ele>2249.466924</ele>
        <time>2026-07-17T23:59:06.139Z</time>
      </trkpt>
      <trkpt lat="20.362859" lon="-100.341536">
        <ele>2249.290263</ele>
        <time>2026-07-17T23:59:33.860Z</time>
      </trkpt>
      <trkpt lat="20.362942" lon="-100.341725">
        <ele>2249.247229</ele>
        <time>2026-07-17T23:59:41.187Z</time>
      </trkpt>
      <trkpt lat="20.363008" lon="-100.341964">
        <ele>2249.195854</ele>
        <time>2026-07-17T23:59:49.396Z</time>
      </trkpt>
      <trkpt lat="20.363080" lon="-100.342410">
        <ele>2249.618498</ele>
        <time>2026-07-18T00:00:03.473Z</time>
      </trkpt>
      <trkpt lat="20.363088" lon="-100.342641">
        <ele>2250.421708</ele>
        <time>2026-07-18T00:00:11.723Z</time>
      </trkpt>
      <trkpt lat="20.363127" lon="-100.342762">
        <ele>2250.866305</ele>
        <time>2026-07-18T00:00:16.673Z</time>
      </trkpt>
      <trkpt lat="20.363231" lon="-100.342864">
        <ele>2251.389942</ele>
        <time>2026-07-18T00:00:22.787Z</time>
      </trkpt>
      <trkpt lat="20.363489" lon="-100.343026">
        <ele>2252.499562</ele>
        <time>2026-07-18T00:00:36.720Z</time>
      </trkpt>
      <trkpt lat="20.363592" lon="-100.343204">
        <ele>2253.226391</ele>
        <time>2026-07-18T00:00:46.723Z</time>
      </trkpt>
      <trkpt lat="20.364071" lon="-100.344172">
        <ele>2257.783157</ele>
        <time>2026-07-18T00:01:51.578Z</time>
      </trkpt>
      <trkpt lat="20.364874" lon="-100.345444">
        <ele>2266.370788</ele>
        <time>2026-07-18T00:03:25.280Z</time>
      </trkpt>
      <trkpt lat="20.365167" lon="-100.346316">
        <ele>2267.312817</ele>
        <time>2026-07-18T00:04:02.587Z</time>
      </trkpt>
      <trkpt lat="20.365267" lon="-100.346616">
        <ele>2267.586876</ele>
        <time>2026-07-18T00:04:12.216Z</time>
      </trkpt>
      <trkpt lat="20.365644" lon="-100.347610">
        <ele>2267.223592</ele>
        <time>2026-07-18T00:04:40.443Z</time>
      </trkpt>
      <trkpt lat="20.366197" lon="-100.349396">
        <ele>2261.830765</ele>
        <time>2026-07-18T00:05:26.117Z</time>
      </trkpt>
      <trkpt lat="20.366262" lon="-100.349470">
        <ele>2261.429725</ele>
        <time>2026-07-18T00:05:28.463Z</time>
      </trkpt>
      <trkpt lat="20.366471" lon="-100.349557">
        <ele>2260.483301</ele>
        <time>2026-07-18T00:05:33.955Z</time>
      </trkpt>
      <trkpt lat="20.366970" lon="-100.350096">
        <ele>2257.487474</ele>
        <time>2026-07-18T00:05:51.230Z</time>
      </trkpt>
      <trkpt lat="20.367348" lon="-100.350360">
        <ele>2255.581488</ele>
        <time>2026-07-18T00:06:02.231Z</time>
      </trkpt>
      <trkpt lat="20.368097" lon="-100.351078">
        <ele>2251.987066</ele>
        <time>2026-07-18T00:06:27.447Z</time>
      </trkpt>
      <trkpt lat="20.368467" lon="-100.351537">
        <ele>2249.964266</ele>
        <time>2026-07-18T00:06:42.223Z</time>
      </trkpt>
      <trkpt lat="20.369561" lon="-100.353043">
        <ele>2244.511019</ele>
        <time>2026-07-18T00:07:28.989Z</time>
      </trkpt>
      <trkpt lat="20.370265" lon="-100.354063">
        <ele>2240.883673</ele>
        <time>2026-07-18T00:07:59.599Z</time>
      </trkpt>
      <trkpt lat="20.371011" lon="-100.355128">
        <ele>2237.052556</ele>
        <time>2026-07-18T00:08:32.029Z</time>
      </trkpt>
      <trkpt lat="20.371118" lon="-100.355298">
        <ele>2236.462936</ele>
        <time>2026-07-18T00:08:37.051Z</time>
      </trkpt>
      <trkpt lat="20.371280" lon="-100.355526">
        <ele>2235.639135</ele>
        <time>2026-07-18T00:08:44.043Z</time>
      </trkpt>
      <trkpt lat="20.371699" lon="-100.356092">
        <ele>2233.562430</ele>
        <time>2026-07-18T00:09:01.562Z</time>
      </trkpt>
      <trkpt lat="20.372203" lon="-100.357137">
        <ele>2230.150599</ele>
        <time>2026-07-18T00:09:29.962Z</time>
      </trkpt>
      <trkpt lat="20.372225" lon="-100.357182">
        <ele>2230.002862</ele>
        <time>2026-07-18T00:09:30.656Z</time>
      </trkpt>
      <trkpt lat="20.372634" lon="-100.358165">
        <ele>2226.919151</ele>
        <time>2026-07-18T00:09:45.243Z</time>
      </trkpt>
      <trkpt lat="20.372942" lon="-100.358710">
        <ele>2225.388153</ele>
        <time>2026-07-18T00:09:53.997Z</time>
      </trkpt>
      <trkpt lat="20.373610" lon="-100.359795">
        <ele>2222.332485</ele>
        <time>2026-07-18T00:10:12.286Z</time>
      </trkpt>
      <trkpt lat="20.373866" lon="-100.360192">
        <ele>2221.471249</ele>
        <time>2026-07-18T00:10:19.311Z</time>
      </trkpt>
      <trkpt lat="20.373938" lon="-100.360469">
        <ele>2220.957479</ele>
        <time>2026-07-18T00:10:23.445Z</time>
      </trkpt>
      <trkpt lat="20.373442" lon="-100.360429">
        <ele>2220.009102</ele>
        <time>2026-07-18T00:10:30.913Z</time>
      </trkpt>
      <trkpt lat="20.373126" lon="-100.360328">
        <ele>2219.380150</ele>
        <time>2026-07-18T00:10:36.127Z</time>
      </trkpt>
      <trkpt lat="20.373172" lon="-100.360484">
        <ele>2219.094422</ele>
        <time>2026-07-18T00:10:38.853Z</time>
      </trkpt>
      <trkpt lat="20.373405" lon="-100.360979">
        <ele>2218.777835</ele>
        <time>2026-07-18T00:10:48.877Z</time>
      </trkpt>
      <trkpt lat="20.373172" lon="-100.360484">
        <ele>2218.461249</ele>
        <time>2026-07-18T00:10:59.990Z</time>
      </trkpt>
      <trkpt lat="20.373126" lon="-100.360328">
        <ele>2218.367778</ele>
        <time>2026-07-18T00:11:03.218Z</time>
      </trkpt>
      <trkpt lat="20.373442" lon="-100.360429">
        <ele>2218.166650</ele>
        <time>2026-07-18T00:11:09.615Z</time>
      </trkpt>
      <trkpt lat="20.373938" lon="-100.360469">
        <ele>2216.974950</ele>
        <time>2026-07-18T00:11:18.233Z</time>
      </trkpt>
      <trkpt lat="20.374750" lon="-100.361009">
        <ele>2212.621905</ele>
        <time>2026-07-18T00:11:31.229Z</time>
      </trkpt>
      <trkpt lat="20.375356" lon="-100.361548">
        <ele>2208.838358</ele>
        <time>2026-07-18T00:11:41.178Z</time>
      </trkpt>
      <trkpt lat="20.375769" lon="-100.361929">
        <ele>2205.740819</ele>
        <time>2026-07-18T00:11:48.153Z</time>
      </trkpt>
      <trkpt lat="20.376465" lon="-100.363205">
        <ele>2198.414135</ele>
        <time>2026-07-18T00:12:06.573Z</time>
      </trkpt>
      <trkpt lat="20.376568" lon="-100.363309">
        <ele>2197.854109</ele>
        <time>2026-07-18T00:12:08.496Z</time>
      </trkpt>
      <trkpt lat="20.376950" lon="-100.363543">
        <ele>2196.114668</ele>
        <time>2026-07-18T00:12:14.530Z</time>
      </trkpt>
      <trkpt lat="20.377538" lon="-100.364096">
        <ele>2193.019283</ele>
        <time>2026-07-18T00:12:25.601Z</time>
      </trkpt>
      <trkpt lat="20.377703" lon="-100.364241">
        <ele>2192.329277</ele>
        <time>2026-07-18T00:12:28.722Z</time>
      </trkpt>
      <trkpt lat="20.377952" lon="-100.364390">
        <ele>2191.717375</ele>
        <time>2026-07-18T00:12:32.978Z</time>
      </trkpt>
      <trkpt lat="20.378181" lon="-100.364537">
        <ele>2191.144558</ele>
        <time>2026-07-18T00:12:37.034Z</time>
      </trkpt>
      <trkpt lat="20.378421" lon="-100.364693">
        <ele>2190.542208</ele>
        <time>2026-07-18T00:12:41.372Z</time>
      </trkpt>
      <trkpt lat="20.379376" lon="-100.365558">
        <ele>2188.288400</ele>
        <time>2026-07-18T00:13:01.200Z</time>
      </trkpt>
      <trkpt lat="20.379748" lon="-100.365684">
        <ele>2187.902752</ele>
        <time>2026-07-18T00:13:07.581Z</time>
      </trkpt>
      <trkpt lat="20.380113" lon="-100.365744">
        <ele>2187.537846</ele>
        <time>2026-07-18T00:13:13.800Z</time>
      </trkpt>
      <trkpt lat="20.380261" lon="-100.365791">
        <ele>2187.385268</ele>
        <time>2026-07-18T00:13:16.477Z</time>
      </trkpt>
      <trkpt lat="20.380377" lon="-100.365862">
        <ele>2187.253124</ele>
        <time>2026-07-18T00:13:18.825Z</time>
      </trkpt>
      <trkpt lat="20.382595" lon="-100.367806">
        <ele>2186.919476</ele>
        <time>2026-07-18T00:14:12.518Z</time>
      </trkpt>
      <trkpt lat="20.382820" lon="-100.368080">
        <ele>2187.111065</ele>
        <time>2026-07-18T00:14:20.140Z</time>
      </trkpt>
      <trkpt lat="20.383242" lon="-100.368809">
        <ele>2187.599600</ele>
        <time>2026-07-18T00:14:39.995Z</time>
      </trkpt>
      <trkpt lat="20.383710" lon="-100.369489">
        <ele>2188.785309</ele>
        <time>2026-07-18T00:15:01.165Z</time>
      </trkpt>
      <trkpt lat="20.383828" lon="-100.369725">
        <ele>2189.161252</ele>
        <time>2026-07-18T00:15:08.013Z</time>
      </trkpt>
      <trkpt lat="20.383916" lon="-100.369871">
        <ele>2189.405221</ele>
        <time>2026-07-18T00:15:14.549Z</time>
      </trkpt>
      <trkpt lat="20.384129" lon="-100.370109">
        <ele>2189.867717</ele>
        <time>2026-07-18T00:15:26.986Z</time>
      </trkpt>
      <trkpt lat="20.385741" lon="-100.371683">
        <ele>2192.206454</ele>
        <time>2026-07-18T00:16:52.455Z</time>
      </trkpt>
      <trkpt lat="20.386684" lon="-100.372247">
        <ele>2189.980797</ele>
        <time>2026-07-18T00:17:23.965Z</time>
      </trkpt>
      <trkpt lat="20.386979" lon="-100.372313">
        <ele>2189.360262</ele>
        <time>2026-07-18T00:17:31.485Z</time>
      </trkpt>
      <trkpt lat="20.387289" lon="-100.372438">
        <ele>2188.402855</ele>
        <time>2026-07-18T00:17:39.375Z</time>
      </trkpt>
      <trkpt lat="20.387565" lon="-100.372490">
        <ele>2186.456055</ele>
        <time>2026-07-18T00:17:45.867Z</time>
      </trkpt>
      <trkpt lat="20.388065" lon="-100.372723">
        <ele>2182.666112</ele>
        <time>2026-07-18T00:17:58.135Z</time>
      </trkpt>
      <trkpt lat="20.388589" lon="-100.372955">
        <ele>2178.725337</ele>
        <time>2026-07-18T00:18:10.806Z</time>
      </trkpt>
      <trkpt lat="20.389037" lon="-100.373171">
        <ele>2175.487116</ele>
        <time>2026-07-18T00:18:21.925Z</time>
      </trkpt>
      <trkpt lat="20.389261" lon="-100.373276">
        <ele>2174.090974</ele>
        <time>2026-07-18T00:18:27.524Z</time>
      </trkpt>
      <trkpt lat="20.389753" lon="-100.373466">
        <ele>2171.105224</ele>
        <time>2026-07-18T00:18:39.697Z</time>
      </trkpt>
      <trkpt lat="20.390475" lon="-100.373640">
        <ele>2166.881498</ele>
        <time>2026-07-18T00:18:57.470Z</time>
      </trkpt>
      <trkpt lat="20.390702" lon="-100.373689">
        <ele>2165.733841</ele>
        <time>2026-07-18T00:19:03.130Z</time>
      </trkpt>
      <trkpt lat="20.391365" lon="-100.373849">
        <ele>2163.269707</ele>
        <time>2026-07-18T00:19:20.384Z</time>
      </trkpt>
      <trkpt lat="20.391530" lon="-100.373958">
        <ele>2162.566189</ele>
        <time>2026-07-18T00:19:25.470Z</time>
      </trkpt>
      <trkpt lat="20.391829" lon="-100.374349">
        <ele>2160.851569</ele>
        <time>2026-07-18T00:19:37.762Z</time>
      </trkpt>
      <trkpt lat="20.392135" lon="-100.374931">
        <ele>2158.180077</ele>
        <time>2026-07-18T00:19:53.648Z</time>
      </trkpt>
      <trkpt lat="20.392279" lon="-100.375092">
        <ele>2157.096254</ele>
        <time>2026-07-18T00:19:56.520Z</time>
      </trkpt>
      <trkpt lat="20.392685" lon="-100.375812">
        <ele>2153.003996</ele>
        <time>2026-07-18T00:20:06.904Z</time>
      </trkpt>
      <trkpt lat="20.392853" lon="-100.375969">
        <ele>2151.843542</ele>
        <time>2026-07-18T00:20:09.771Z</time>
      </trkpt>
      <trkpt lat="20.393005" lon="-100.376050">
        <ele>2150.960715</ele>
        <time>2026-07-18T00:20:11.940Z</time>
      </trkpt>
      <trkpt lat="20.397062" lon="-100.377496">
        <ele>2125.811891</ele>
        <time>2026-07-18T00:21:06.625Z</time>
      </trkpt>
      <trkpt lat="20.410233" lon="-100.382187">
        <ele>2090.341952</ele>
        <time>2026-07-18T00:24:36.098Z</time>
      </trkpt>
      <trkpt lat="20.411160" lon="-100.382512">
        <ele>2087.130998</ele>
        <time>2026-07-18T00:24:49.950Z</time>
      </trkpt>
      <trkpt lat="20.411287" lon="-100.382540">
        <ele>2086.704248</ele>
        <time>2026-07-18T00:24:51.763Z</time>
      </trkpt>
      <trkpt lat="20.411499" lon="-100.382518">
        <ele>2086.003323</ele>
        <time>2026-07-18T00:24:54.735Z</time>
      </trkpt>
      <trkpt lat="20.411630" lon="-100.382390">
        <ele>2085.418794</ele>
        <time>2026-07-18T00:24:57.234Z</time>
      </trkpt>
      <trkpt lat="20.411913" lon="-100.382003">
        <ele>2084.069118</ele>
        <time>2026-07-18T00:25:03.921Z</time>
      </trkpt>
      <trkpt lat="20.412230" lon="-100.381598">
        <ele>2082.888129</ele>
        <time>2026-07-18T00:25:11.214Z</time>
      </trkpt>
      <trkpt lat="20.412443" lon="-100.381312">
        <ele>2082.070524</ele>
        <time>2026-07-18T00:25:16.413Z</time>
      </trkpt>
      <trkpt lat="20.413449" lon="-100.381579">
        <ele>2079.777331</ele>
        <time>2026-07-18T00:25:33.606Z</time>
      </trkpt>
      <trkpt lat="20.413557" lon="-100.381613">
        <ele>2079.588412</ele>
        <time>2026-07-18T00:25:35.454Z</time>
      </trkpt>
      <trkpt lat="20.413655" lon="-100.381675">
        <ele>2079.397265</ele>
        <time>2026-07-18T00:25:37.321Z</time>
      </trkpt>
      <trkpt lat="20.413713" lon="-100.381750">
        <ele>2079.244372</ele>
        <time>2026-07-18T00:25:38.810Z</time>
      </trkpt>
      <trkpt lat="20.413958" lon="-100.382498">
        <ele>2077.998474</ele>
        <time>2026-07-18T00:25:51.225Z</time>
      </trkpt>
      <trkpt lat="20.414348" lon="-100.382917">
        <ele>2077.188803</ele>
        <time>2026-07-18T00:26:00.751Z</time>
      </trkpt>
      <trkpt lat="20.414364" lon="-100.383067">
        <ele>2077.185360</ele>
        <time>2026-07-18T00:26:03.217Z</time>
      </trkpt>
      <trkpt lat="20.414453" lon="-100.383228">
        <ele>2077.181096</ele>
        <time>2026-07-18T00:26:06.301Z</time>
      </trkpt>
      <trkpt lat="20.414475" lon="-100.383321">
        <ele>2077.178908</ele>
        <time>2026-07-18T00:26:07.916Z</time>
      </trkpt>
      <trkpt lat="20.414414" lon="-100.383677">
        <ele>2077.170653</ele>
        <time>2026-07-18T00:26:14.367Z</time>
      </trkpt>
      <trkpt lat="20.414450" lon="-100.383836">
        <ele>2077.166922</ele>
        <time>2026-07-18T00:26:17.513Z</time>
      </trkpt>
      <trkpt lat="20.414489" lon="-100.383904">
        <ele>2077.165103</ele>
        <time>2026-07-18T00:26:19.105Z</time>
      </trkpt>
      <trkpt lat="20.414818" lon="-100.384025">
        <ele>2077.156633</ele>
        <time>2026-07-18T00:26:27.413Z</time>
      </trkpt>
      <trkpt lat="20.414886" lon="-100.384076">
        <ele>2077.154610</ele>
        <time>2026-07-18T00:26:29.469Z</time>
      </trkpt>
      <trkpt lat="20.415238" lon="-100.384006">
        <ele>2077.158410</ele>
        <time>2026-07-18T00:26:38.771Z</time>
      </trkpt>
      <trkpt lat="20.415540" lon="-100.384046">
        <ele>2077.256288</ele>
        <time>2026-07-18T00:26:46.883Z</time>
      </trkpt>
      <trkpt lat="20.415483" lon="-100.383904">
        <ele>2077.302852</ele>
        <time>2026-07-18T00:26:52.580Z</time>
      </trkpt>
      <trkpt lat="20.415480" lon="-100.383697">
        <ele>2077.365255</ele>
        <time>2026-07-18T00:27:00.157Z</time>
      </trkpt>
      <trkpt lat="20.415561" lon="-100.383547">
        <ele>2077.417437</ele>
        <time>2026-07-18T00:27:06.448Z</time>
      </trkpt>
      <trkpt lat="20.415791" lon="-100.383260">
        <ele>2077.531263</ele>
        <time>2026-07-18T00:27:19.172Z</time>
      </trkpt>
      <trkpt lat="20.416067" lon="-100.383276">
        <ele>2077.620164</ele>
        <time>2026-07-18T00:27:27.959Z</time>
      </trkpt>
      <trkpt lat="20.416510" lon="-100.383228">
        <ele>2077.474932</ele>
        <time>2026-07-18T00:27:40.855Z</time>
      </trkpt>
      <trkpt lat="20.417259" lon="-100.383212">
        <ele>2075.891916</ele>
        <time>2026-07-18T00:28:00.566Z</time>
      </trkpt>
      <trkpt lat="20.417531" lon="-100.383298">
        <ele>2075.292456</ele>
        <time>2026-07-18T00:28:07.962Z</time>
      </trkpt>
      <trkpt lat="20.418013" lon="-100.383405">
        <ele>2074.252141</ele>
        <time>2026-07-18T00:28:20.926Z</time>
      </trkpt>
      <trkpt lat="20.418156" lon="-100.383394">
        <ele>2073.949186</ele>
        <time>2026-07-18T00:28:24.942Z</time>
      </trkpt>
      <trkpt lat="20.418215" lon="-100.383285">
        <ele>2073.942666</ele>
        <time>2026-07-18T00:28:28.344Z</time>
      </trkpt>
      <trkpt lat="20.418125" lon="-100.383251">
        <ele>2073.958895</ele>
        <time>2026-07-18T00:28:30.050Z</time>
      </trkpt>
      <trkpt lat="20.418009" lon="-100.383145">
        <ele>2073.984856</ele>
        <time>2026-07-18T00:28:32.789Z</time>
      </trkpt>
      <trkpt lat="20.418125" lon="-100.383251">
        <ele>2074.010816</ele>
        <time>2026-07-18T00:28:35.670Z</time>
      </trkpt>
      <trkpt lat="20.418215" lon="-100.383285">
        <ele>2074.027045</ele>
        <time>2026-07-18T00:28:37.501Z</time>
      </trkpt>
      <trkpt lat="20.418156" lon="-100.383394">
        <ele>2074.047098</ele>
        <time>2026-07-18T00:28:41.510Z</time>
      </trkpt>
      <trkpt lat="20.418013" lon="-100.383405">
        <ele>2074.071469</ele>
        <time>2026-07-18T00:28:46.643Z</time>
      </trkpt>
      <trkpt lat="20.417531" lon="-100.383298">
        <ele>2074.155156</ele>
        <time>2026-07-18T00:29:05.708Z</time>
      </trkpt>
      <trkpt lat="20.417236" lon="-100.383837">
        <ele>2074.090161</ele>
        <time>2026-07-18T00:29:27.642Z</time>
      </trkpt>
      <trkpt lat="20.417155" lon="-100.383981">
        <ele>2073.935559</ele>
        <time>2026-07-18T00:29:33.159Z</time>
      </trkpt>
      <trkpt lat="20.416674" lon="-100.384810">
        <ele>2073.038014</ele>
        <time>2026-07-18T00:29:58.540Z</time>
      </trkpt>
      <trkpt lat="20.416421" lon="-100.384758">
        <ele>2072.784937</ele>
        <time>2026-07-18T00:30:05.261Z</time>
      </trkpt>
      <trkpt lat="20.416342" lon="-100.384800">
        <ele>2072.698241</ele>
        <time>2026-07-18T00:30:07.609Z</time>
      </trkpt>
      <trkpt lat="20.416268" lon="-100.384888">
        <ele>2072.589403</ele>
        <time>2026-07-18T00:30:10.681Z</time>
      </trkpt>
      <trkpt lat="20.416214" lon="-100.385112">
        <ele>2072.541487</ele>
        <time>2026-07-18T00:30:17.109Z</time>
      </trkpt>
      <trkpt lat="20.416204" lon="-100.385208">
        <ele>2072.620951</ele>
        <time>2026-07-18T00:30:19.940Z</time>
      </trkpt>
      <trkpt lat="20.416224" lon="-100.385767">
        <ele>2073.081163</ele>
        <time>2026-07-18T00:30:39.582Z</time>
      </trkpt>
      <trkpt lat="20.415978" lon="-100.386144">
        <ele>2073.459084</ele>
        <time>2026-07-18T00:30:54.874Z</time>
      </trkpt>
      <trkpt lat="20.415731" lon="-100.386522">
        <ele>2073.838182</ele>
        <time>2026-07-18T00:31:13.121Z</time>
      </trkpt>
      <trkpt lat="20.416374" lon="-100.386734">
        <ele>2073.772379</ele>
        <time>2026-07-18T00:31:41.873Z</time>
      </trkpt>
      <trkpt lat="20.416496" lon="-100.386821">
        <ele>2073.682342</ele>
        <time>2026-07-18T00:31:46.482Z</time>
      </trkpt>
      <trkpt lat="20.416601" lon="-100.387113">
        <ele>2073.502492</ele>
        <time>2026-07-18T00:31:54.822Z</time>
      </trkpt>
      <trkpt lat="20.416826" lon="-100.387501">
        <ele>2073.240116</ele>
        <time>2026-07-18T00:32:06.671Z</time>
      </trkpt>
      <trkpt lat="20.416850" lon="-100.387536">
        <ele>2073.215177</ele>
        <time>2026-07-18T00:32:07.826Z</time>
      </trkpt>
      <trkpt lat="20.417025" lon="-100.387632">
        <ele>2073.094439</ele>
        <time>2026-07-18T00:32:13.433Z</time>
      </trkpt>
      <trkpt lat="20.417210" lon="-100.387693">
        <ele>2072.975629</ele>
        <time>2026-07-18T00:32:18.946Z</time>
      </trkpt>
      <trkpt lat="20.417276" lon="-100.387720">
        <ele>2072.905078</ele>
        <time>2026-07-18T00:32:20.923Z</time>
      </trkpt>
      <trkpt lat="20.417288" lon="-100.388352">
        <ele>2071.048021</ele>
        <time>2026-07-18T00:32:36.528Z</time>
      </trkpt>
      <trkpt lat="20.417711" lon="-100.388854">
        <ele>2069.064804</ele>
        <time>2026-07-18T00:32:52.726Z</time>
      </trkpt>
      <trkpt lat="20.418017" lon="-100.389193">
        <ele>2067.682079</ele>
        <time>2026-07-18T00:33:03.837Z</time>
      </trkpt>
      <trkpt lat="20.418214" lon="-100.389305">
        <ele>2066.948122</ele>
        <time>2026-07-18T00:33:09.363Z</time>
      </trkpt>
      <trkpt lat="20.421519" lon="-100.389998">
        <ele>2055.543983</ele>
        <time>2026-07-18T00:34:35.459Z</time>
      </trkpt>
      <trkpt lat="20.422792" lon="-100.390411">
        <ele>2052.310185</ele>
        <time>2026-07-18T00:35:10.347Z</time>
      </trkpt>
      <trkpt lat="20.423222" lon="-100.390593">
        <ele>2051.228453</ele>
        <time>2026-07-18T00:35:23.148Z</time>
      </trkpt>
      <trkpt lat="20.423611" lon="-100.390795">
        <ele>2051.046785</ele>
        <time>2026-07-18T00:35:35.712Z</time>
      </trkpt>
      <trkpt lat="20.428852" lon="-100.394015">
        <ele>2053.525110</ele>
        <time>2026-07-18T00:39:05.685Z</time>
      </trkpt>
      <trkpt lat="20.431472" lon="-100.395412">
        <ele>2053.599977</ele>
        <time>2026-07-18T00:40:38.418Z</time>
      </trkpt>
      <trkpt lat="20.431953" lon="-100.395651">
        <ele>2053.461814</ele>
        <time>2026-07-18T00:40:54.690Z</time>
      </trkpt>
      <trkpt lat="20.434067" lon="-100.396721">
        <ele>2051.842924</ele>
        <time>2026-07-18T00:42:07.122Z</time>
      </trkpt>
      <trkpt lat="20.436746" lon="-100.398079">
        <ele>2043.622163</ele>
        <time>2026-07-18T00:43:24.896Z</time>
      </trkpt>
      <trkpt lat="20.437119" lon="-100.397902">
        <ele>2042.034556</ele>
        <time>2026-07-18T00:43:30.489Z</time>
      </trkpt>
      <trkpt lat="20.437490" lon="-100.397758">
        <ele>2040.499208</ele>
        <time>2026-07-18T00:43:35.817Z</time>
      </trkpt>
      <trkpt lat="20.437622" lon="-100.397737">
        <ele>2039.980166</ele>
        <time>2026-07-18T00:43:37.604Z</time>
      </trkpt>
      <trkpt lat="20.438404" lon="-100.397611">
        <ele>2036.745007</ele>
        <time>2026-07-18T00:43:48.196Z</time>
      </trkpt>
      <trkpt lat="20.439699" lon="-100.397448">
        <ele>2031.613441</ele>
        <time>2026-07-18T00:44:06.254Z</time>
      </trkpt>
      <trkpt lat="20.442153" lon="-100.397044">
        <ele>2026.162386</ele>
        <time>2026-07-18T00:44:44.215Z</time>
      </trkpt>
      <trkpt lat="20.443190" lon="-100.396892">
        <ele>2024.439608</ele>
        <time>2026-07-18T00:45:01.742Z</time>
      </trkpt>
      <trkpt lat="20.443723" lon="-100.396805">
        <ele>2023.440168</ele>
        <time>2026-07-18T00:45:10.716Z</time>
      </trkpt>
      <trkpt lat="20.443885" lon="-100.396756">
        <ele>2023.128064</ele>
        <time>2026-07-18T00:45:13.443Z</time>
      </trkpt>
      <trkpt lat="20.444303" lon="-100.396575">
        <ele>2022.291927</ele>
        <time>2026-07-18T00:45:20.588Z</time>
      </trkpt>
      <trkpt lat="20.445734" lon="-100.395750">
        <ele>2017.983625</ele>
        <time>2026-07-18T00:45:44.351Z</time>
      </trkpt>
      <trkpt lat="20.446192" lon="-100.395511">
        <ele>2016.425757</ele>
        <time>2026-07-18T00:45:51.550Z</time>
      </trkpt>
      <trkpt lat="20.446807" lon="-100.395164">
        <ele>2014.822373</ele>
        <time>2026-07-18T00:46:01.627Z</time>
      </trkpt>
      <trkpt lat="20.447003" lon="-100.395100">
        <ele>2014.417777</ele>
        <time>2026-07-18T00:46:04.681Z</time>
      </trkpt>
      <trkpt lat="20.447138" lon="-100.395088">
        <ele>2014.150372</ele>
        <time>2026-07-18T00:46:06.716Z</time>
      </trkpt>
      <trkpt lat="20.449038" lon="-100.395289">
        <ele>2011.683150</ele>
        <time>2026-07-18T00:46:38.437Z</time>
      </trkpt>
      <trkpt lat="20.449857" lon="-100.395346">
        <ele>2011.206898</ele>
        <time>2026-07-18T00:46:53.540Z</time>
      </trkpt>
      <trkpt lat="20.451346" lon="-100.395498">
        <ele>2012.764975</ele>
        <time>2026-07-18T00:47:29.096Z</time>
      </trkpt>
      <trkpt lat="20.451550" lon="-100.395379">
        <ele>2013.018547</ele>
        <time>2026-07-18T00:47:35.796Z</time>
      </trkpt>
      <trkpt lat="20.451705" lon="-100.395203">
        <ele>2013.351769</ele>
        <time>2026-07-18T00:47:42.477Z</time>
      </trkpt>
      <trkpt lat="20.452013" lon="-100.394581">
        <ele>2014.579024</ele>
        <time>2026-07-18T00:48:03.102Z</time>
      </trkpt>
      <trkpt lat="20.452080" lon="-100.394506">
        <ele>2014.759794</ele>
        <time>2026-07-18T00:48:06.245Z</time>
      </trkpt>
      <trkpt lat="20.452420" lon="-100.394275">
        <ele>2015.510186</ele>
        <time>2026-07-18T00:48:18.473Z</time>
      </trkpt>
      <trkpt lat="20.452556" lon="-100.394217">
        <ele>2015.782858</ele>
        <time>2026-07-18T00:48:22.557Z</time>
      </trkpt>
      <trkpt lat="20.452678" lon="-100.394203">
        <ele>2016.011307</ele>
        <time>2026-07-18T00:48:25.852Z</time>
      </trkpt>
      <trkpt lat="20.452883" lon="-100.394194">
        <ele>2016.393300</ele>
        <time>2026-07-18T00:48:31.192Z</time>
      </trkpt>
      <trkpt lat="20.453060" lon="-100.394157">
        <ele>2016.506786</ele>
        <time>2026-07-18T00:48:35.584Z</time>
      </trkpt>
      <trkpt lat="20.453152" lon="-100.393935">
        <ele>2016.533297</ele>
        <time>2026-07-18T00:48:40.765Z</time>
      </trkpt>
      <trkpt lat="20.454639" lon="-100.394016">
        <ele>2016.697146</ele>
        <time>2026-07-18T00:49:08.435Z</time>
      </trkpt>
      <trkpt lat="20.455893" lon="-100.394116">
        <ele>2016.573186</ele>
        <time>2026-07-18T00:49:31.600Z</time>
      </trkpt>
      <trkpt lat="20.459228" lon="-100.394284">
        <ele>2017.037593</ele>
        <time>2026-07-18T00:50:39.251Z</time>
      </trkpt>
      <trkpt lat="20.460598" lon="-100.394396">
        <ele>2017.081030</ele>
        <time>2026-07-18T00:51:05.995Z</time>
      </trkpt>
      <trkpt lat="20.460708" lon="-100.394405">
        <ele>2017.068624</ele>
        <time>2026-07-18T00:51:08.087Z</time>
      </trkpt>
      <trkpt lat="20.463255" lon="-100.394516">
        <ele>2016.160463</ele>
        <time>2026-07-18T00:51:55.244Z</time>
      </trkpt>
      <trkpt lat="20.464756" lon="-100.394581">
        <ele>2014.018943</ele>
        <time>2026-07-18T00:52:19.496Z</time>
      </trkpt>
      <trkpt lat="20.467416" lon="-100.394737">
        <ele>2008.761173</ele>
        <time>2026-07-18T00:53:00.436Z</time>
      </trkpt>
      <trkpt lat="20.468494" lon="-100.394813">
        <ele>2006.674002</ele>
        <time>2026-07-18T00:53:17.199Z</time>
      </trkpt>
      <trkpt lat="20.469721" lon="-100.394855">
        <ele>2004.461291</ele>
        <time>2026-07-18T00:53:36.479Z</time>
      </trkpt>
      <trkpt lat="20.472362" lon="-100.395004">
        <ele>1999.910879</ele>
        <time>2026-07-18T00:54:18.539Z</time>
      </trkpt>
      <trkpt lat="20.473989" lon="-100.395081">
        <ele>1996.836707</ele>
        <time>2026-07-18T00:54:43.827Z</time>
      </trkpt>
      <trkpt lat="20.474591" lon="-100.395149">
        <ele>1995.687417</ele>
        <time>2026-07-18T00:54:53.271Z</time>
      </trkpt>
      <trkpt lat="20.476809" lon="-100.395259">
        <ele>1991.605971</ele>
        <time>2026-07-18T00:55:27.987Z</time>
      </trkpt>
      <trkpt lat="20.478935" lon="-100.395368">
        <ele>1988.003653</ele>
        <time>2026-07-18T00:56:01.846Z</time>
      </trkpt>
      <trkpt lat="20.479318" lon="-100.395396">
        <ele>1987.373778</ele>
        <time>2026-07-18T00:56:07.958Z</time>
      </trkpt>
      <trkpt lat="20.480800" lon="-100.395469">
        <ele>1985.022835</ele>
        <time>2026-07-18T00:56:31.598Z</time>
      </trkpt>
      <trkpt lat="20.483157" lon="-100.395592">
        <ele>1981.386290</ele>
        <time>2026-07-18T00:57:09.912Z</time>
      </trkpt>
      <trkpt lat="20.483509" lon="-100.395611">
        <ele>1980.546316</ele>
        <time>2026-07-18T00:57:15.361Z</time>
      </trkpt>
      <trkpt lat="20.483747" lon="-100.395604">
        <ele>1979.779981</ele>
        <time>2026-07-18T00:57:18.972Z</time>
      </trkpt>
      <trkpt lat="20.483923" lon="-100.395566">
        <ele>1979.202024</ele>
        <time>2026-07-18T00:57:21.668Z</time>
      </trkpt>
      <trkpt lat="20.484102" lon="-100.395429">
        <ele>1978.493101</ele>
        <time>2026-07-18T00:57:24.937Z</time>
      </trkpt>
      <trkpt lat="20.484154" lon="-100.395372">
        <ele>1978.253205</ele>
        <time>2026-07-18T00:57:26.060Z</time>
      </trkpt>
      <trkpt lat="20.483978" lon="-100.394323">
        <ele>1974.520103</ele>
        <time>2026-07-18T00:57:41.276Z</time>
      </trkpt>
      <trkpt lat="20.483869" lon="-100.393689">
        <ele>1969.090605</ele>
        <time>2026-07-18T00:57:49.223Z</time>
      </trkpt>
      <trkpt lat="20.483877" lon="-100.393591">
        <ele>1968.262003</ele>
        <time>2026-07-18T00:57:50.389Z</time>
      </trkpt>
      <trkpt lat="20.483916" lon="-100.393471">
        <ele>1967.192116</ele>
        <time>2026-07-18T00:57:51.903Z</time>
      </trkpt>
      <trkpt lat="20.483981" lon="-100.393341">
        <ele>1965.950885</ele>
        <time>2026-07-18T00:57:53.645Z</time>
      </trkpt>
      <trkpt lat="20.484011" lon="-100.393224">
        <ele>1964.929120</ele>
        <time>2026-07-18T00:57:55.070Z</time>
      </trkpt>
      <trkpt lat="20.484013" lon="-100.393077">
        <ele>1963.690781</ele>
        <time>2026-07-18T00:57:56.805Z</time>
      </trkpt>
      <trkpt lat="20.483978" lon="-100.392943">
        <ele>1962.519020</ele>
        <time>2026-07-18T00:57:58.431Z</time>
      </trkpt>
      <trkpt lat="20.483981" lon="-100.392834">
        <ele>1961.600496</ele>
        <time>2026-07-18T00:57:59.705Z</time>
      </trkpt>
      <trkpt lat="20.484054" lon="-100.392754">
        <ele>1960.659785</ele>
        <time>2026-07-18T00:58:01.015Z</time>
      </trkpt>
      <trkpt lat="20.484116" lon="-100.392549">
        <ele>1958.845168</ele>
        <time>2026-07-18T00:58:03.517Z</time>
      </trkpt>
      <trkpt lat="20.484223" lon="-100.392439">
        <ele>1957.509009</ele>
        <time>2026-07-18T00:58:05.355Z</time>
      </trkpt>
      <trkpt lat="20.484192" lon="-100.392309">
        <ele>1956.378707</ele>
        <time>2026-07-18T00:58:06.828Z</time>
      </trkpt>
      <trkpt lat="20.484294" lon="-100.391574">
        <ele>1950.118072</ele>
        <time>2026-07-18T00:58:15.263Z</time>
      </trkpt>
      <trkpt lat="20.484503" lon="-100.390496">
        <ele>1942.166915</ele>
        <time>2026-07-18T00:58:28.108Z</time>
      </trkpt>
      <trkpt lat="20.484584" lon="-100.390126">
        <ele>1940.950284</ele>
        <time>2026-07-18T00:58:32.524Z</time>
      </trkpt>
      <trkpt lat="20.484641" lon="-100.389979">
        <ele>1940.440872</ele>
        <time>2026-07-18T00:58:34.435Z</time>
      </trkpt>
      <trkpt lat="20.484837" lon="-100.389728">
        <ele>1939.394584</ele>
        <time>2026-07-18T00:58:38.495Z</time>
      </trkpt>
      <trkpt lat="20.484959" lon="-100.389578">
        <ele>1938.758528</ele>
        <time>2026-07-18T00:58:41.096Z</time>
      </trkpt>
      <trkpt lat="20.485101" lon="-100.389417">
        <ele>1938.050484</ele>
        <time>2026-07-18T00:58:44.123Z</time>
      </trkpt>
      <trkpt lat="20.486768" lon="-100.387679">
        <ele>1944.609973</ele>
        <time>2026-07-18T01:00:21.108Z</time>
      </trkpt>
      <trkpt lat="20.486847" lon="-100.387597">
        <ele>1944.953841</ele>
        <time>2026-07-18T01:00:25.808Z</time>
      </trkpt>
      <trkpt lat="20.487803" lon="-100.386193">
        <ele>1949.849569</ele>
        <time>2026-07-18T01:01:20.617Z</time>
      </trkpt>
      <trkpt lat="20.489432" lon="-100.383905">
        <ele>1952.187170</ele>
        <time>2026-07-18T01:02:29.627Z</time>
      </trkpt>
      <trkpt lat="20.490471" lon="-100.382425">
        <ele>1949.231127</ele>
        <time>2026-07-18T01:02:56.154Z</time>
      </trkpt>
      <trkpt lat="20.491262" lon="-100.381292">
        <ele>1945.626480</ele>
        <time>2026-07-18T01:03:14.623Z</time>
      </trkpt>
      <trkpt lat="20.491546" lon="-100.380925">
        <ele>1944.593228</ele>
        <time>2026-07-18T01:03:20.910Z</time>
      </trkpt>
      <trkpt lat="20.492072" lon="-100.380166">
        <ele>1942.543943</ele>
        <time>2026-07-18T01:03:35.202Z</time>
      </trkpt>
      <trkpt lat="20.491109" lon="-100.379945">
        <ele>1942.898717</ele>
        <time>2026-07-18T01:03:59.571Z</time>
      </trkpt>
      <trkpt lat="20.490958" lon="-100.379872">
        <ele>1942.960178</ele>
        <time>2026-07-18T01:04:03.909Z</time>
      </trkpt>
      <trkpt lat="20.490425" lon="-100.379702">
        <ele>1943.166436</ele>
        <time>2026-07-18T01:04:16.630Z</time>
      </trkpt>
      <trkpt lat="20.490391" lon="-100.379621">
        <ele>1943.197265</ele>
        <time>2026-07-18T01:04:18.216Z</time>
      </trkpt>
      <trkpt lat="20.490413" lon="-100.379582">
        <ele>1943.156018</ele>
        <time>2026-07-18T01:04:19.003Z</time>
      </trkpt>
      <trkpt lat="20.490447" lon="-100.379570">
        <ele>1943.101867</ele>
        <time>2026-07-18T01:04:19.666Z</time>
      </trkpt>
      <trkpt lat="20.491010" lon="-100.379718">
        <ele>1942.225086</ele>
        <time>2026-07-18T01:04:29.430Z</time>
      </trkpt>
      <trkpt lat="20.491115" lon="-100.379714">
        <ele>1942.066207</ele>
        <time>2026-07-18T01:04:31.092Z</time>
      </trkpt>
      <trkpt lat="20.491149" lon="-100.379614">
        <ele>1941.915516</ele>
        <time>2026-07-18T01:04:32.756Z</time>
      </trkpt>
      <trkpt lat="20.491374" lon="-100.379664">
        <ele>1941.567985</ele>
        <time>2026-07-18T01:04:36.541Z</time>
      </trkpt>
      <trkpt lat="20.492653" lon="-100.380035">
        <ele>1939.189198</ele>
        <time>2026-07-18T01:04:57.938Z</time>
      </trkpt>
      <trkpt lat="20.492666" lon="-100.380205">
        <ele>1938.849028</ele>
        <time>2026-07-18T01:05:00.521Z</time>
      </trkpt>
      <trkpt lat="20.493799" lon="-100.380541">
        <ele>1936.326351</ele>
        <time>2026-07-18T01:05:18.688Z</time>
      </trkpt>
      <trkpt lat="20.496238" lon="-100.381200">
        <ele>1930.426037</ele>
        <time>2026-07-18T01:05:56.885Z</time>
      </trkpt>
      <trkpt lat="20.496643" lon="-100.381309">
        <ele>1929.379198</ele>
        <time>2026-07-18T01:06:02.608Z</time>
      </trkpt>
      <trkpt lat="20.496814" lon="-100.381363">
        <ele>1928.932252</ele>
        <time>2026-07-18T01:06:05.115Z</time>
      </trkpt>
      <trkpt lat="20.497427" lon="-100.381528">
        <ele>1928.983748</ele>
        <time>2026-07-18T01:06:15.028Z</time>
      </trkpt>
      <trkpt lat="20.497608" lon="-100.381577">
        <ele>1929.565409</ele>
        <time>2026-07-18T01:06:18.879Z</time>
      </trkpt>
      <trkpt lat="20.497708" lon="-100.381602">
        <ele>1929.885336</ele>
        <time>2026-07-18T01:06:21.351Z</time>
      </trkpt>
      <trkpt lat="20.498602" lon="-100.381879">
        <ele>1932.785064</ele>
        <time>2026-07-18T01:06:58.417Z</time>
      </trkpt>
      <trkpt lat="20.498937" lon="-100.382032">
        <ele>1934.242701</ele>
        <time>2026-07-18T01:07:19.389Z</time>
      </trkpt>
      <trkpt lat="20.499192" lon="-100.382271">
        <ele>1936.720067</ele>
        <time>2026-07-18T01:07:39.729Z</time>
      </trkpt>
      <trkpt lat="20.499319" lon="-100.382467">
        <ele>1938.349878</ele>
        <time>2026-07-18T01:07:53.329Z</time>
      </trkpt>
      <trkpt lat="20.499439" lon="-100.382678">
        <ele>1940.037961</ele>
        <time>2026-07-18T01:08:07.257Z</time>
      </trkpt>
      <trkpt lat="20.499744" lon="-100.383512">
        <ele>1946.160599</ele>
        <time>2026-07-18T01:08:55.586Z</time>
      </trkpt>
      <trkpt lat="20.500388" lon="-100.385272">
        <ele>1955.964452</ele>
        <time>2026-07-18T01:10:18.280Z</time>
      </trkpt>
      <trkpt lat="20.500705" lon="-100.386113">
        <ele>1958.981414</ele>
        <time>2026-07-18T01:10:50.275Z</time>
      </trkpt>
      <trkpt lat="20.500799" lon="-100.386362">
        <ele>1959.798071</ele>
        <time>2026-07-18T01:10:58.904Z</time>
      </trkpt>
      <trkpt lat="20.500920" lon="-100.386689">
        <ele>1960.867605</ele>
        <time>2026-07-18T01:11:09.766Z</time>
      </trkpt>
      <trkpt lat="20.501209" lon="-100.387332">
        <ele>1962.846747</ele>
        <time>2026-07-18T01:11:31.201Z</time>
      </trkpt>
      <trkpt lat="20.501533" lon="-100.388295">
        <ele>1964.953252</ele>
        <time>2026-07-18T01:11:59.232Z</time>
      </trkpt>
      <trkpt lat="20.501610" lon="-100.388507">
        <ele>1965.421351</ele>
        <time>2026-07-18T01:12:05.337Z</time>
      </trkpt>
      <trkpt lat="20.502312" lon="-100.390409">
        <ele>1970.192524</ele>
        <time>2026-07-18T01:13:03.717Z</time>
      </trkpt>
      <trkpt lat="20.502416" lon="-100.390600">
        <ele>1970.726590</ele>
        <time>2026-07-18T01:13:11.422Z</time>
      </trkpt>
      <trkpt lat="20.502484" lon="-100.390658">
        <ele>1970.951218</ele>
        <time>2026-07-18T01:13:14.709Z</time>
      </trkpt>
      <trkpt lat="20.502581" lon="-100.390696">
        <ele>1971.280672</ele>
        <time>2026-07-18T01:13:18.573Z</time>
      </trkpt>
      <trkpt lat="20.502684" lon="-100.390712">
        <ele>1971.645958</ele>
        <time>2026-07-18T01:13:22.430Z</time>
      </trkpt>
      <trkpt lat="20.502933" lon="-100.390634">
        <ele>1972.556665</ele>
        <time>2026-07-18T01:13:32.576Z</time>
      </trkpt>
      <trkpt lat="20.503176" lon="-100.390487">
        <ele>1973.536861</ele>
        <time>2026-07-18T01:13:43.611Z</time>
      </trkpt>
      <trkpt lat="20.503401" lon="-100.390321">
        <ele>1974.496700</ele>
        <time>2026-07-18T01:13:54.520Z</time>
      </trkpt>
      <trkpt lat="20.503599" lon="-100.390134">
        <ele>1975.424451</ele>
        <time>2026-07-18T01:14:05.136Z</time>
      </trkpt>
      <trkpt lat="20.508231" lon="-100.385157">
        <ele>1998.345595</ele>
        <time>2026-07-18T01:17:59.108Z</time>
      </trkpt>
      <trkpt lat="20.508402" lon="-100.384982">
        <ele>1999.967463</ele>
        <time>2026-07-18T01:18:12.304Z</time>
      </trkpt>
      <trkpt lat="20.508592" lon="-100.384860">
        <ele>2001.485561</ele>
        <time>2026-07-18T01:18:25.621Z</time>
      </trkpt>
      <trkpt lat="20.508795" lon="-100.384780">
        <ele>2002.967185</ele>
        <time>2026-07-18T01:18:39.687Z</time>
      </trkpt>
      <trkpt lat="20.509038" lon="-100.384740">
        <ele>2004.650689</ele>
        <time>2026-07-18T01:18:56.669Z</time>
      </trkpt>
      <trkpt lat="20.509908" lon="-100.384725">
        <ele>2010.723183</ele>
        <time>2026-07-18T01:20:00.162Z</time>
      </trkpt>
      <trkpt lat="20.510388" lon="-100.384805">
        <ele>2014.139834</ele>
        <time>2026-07-18T01:20:30.232Z</time>
      </trkpt>
      <trkpt lat="20.510593" lon="-100.384878">
        <ele>2015.659642</ele>
        <time>2026-07-18T01:20:41.838Z</time>
      </trkpt>
      <trkpt lat="20.513212" lon="-100.385953">
        <ele>2024.210339</ele>
        <time>2026-07-18T01:22:09.232Z</time>
      </trkpt>
      <trkpt lat="20.513740" lon="-100.386042">
        <ele>2025.248899</ele>
        <time>2026-07-18T01:22:22.829Z</time>
      </trkpt>
      <trkpt lat="20.514779" lon="-100.385987">
        <ele>2028.257803</ele>
        <time>2026-07-18T01:22:54.682Z</time>
      </trkpt>
      <trkpt lat="20.515333" lon="-100.386082">
        <ele>2031.168811</ele>
        <time>2026-07-18T01:23:18.259Z</time>
      </trkpt>
      <trkpt lat="20.516690" lon="-100.386444">
        <ele>2040.196289</ele>
        <time>2026-07-18T01:24:34.375Z</time>
      </trkpt>
      <trkpt lat="20.516792" lon="-100.386443">
        <ele>2041.113507</ele>
        <time>2026-07-18T01:24:40.917Z</time>
      </trkpt>
      <trkpt lat="20.516915" lon="-100.386398">
        <ele>2042.282643</ele>
        <time>2026-07-18T01:24:49.392Z</time>
      </trkpt>
      <trkpt lat="20.517029" lon="-100.386324">
        <ele>2043.482296</ele>
        <time>2026-07-18T01:24:58.261Z</time>
      </trkpt>
      <trkpt lat="20.517112" lon="-100.386234">
        <ele>2044.546011</ele>
        <time>2026-07-18T01:25:06.309Z</time>
      </trkpt>
      <trkpt lat="20.518016" lon="-100.384872">
        <ele>2058.853104</ele>
        <time>2026-07-18T01:26:58.330Z</time>
      </trkpt>
      <trkpt lat="20.518378" lon="-100.384579">
        <ele>2063.095888</ele>
        <time>2026-07-18T01:27:28.988Z</time>
      </trkpt>
      <trkpt lat="20.518734" lon="-100.384389">
        <ele>2066.813221</ele>
        <time>2026-07-18T01:27:54.497Z</time>
      </trkpt>
      <trkpt lat="20.518956" lon="-100.384306">
        <ele>2069.006130</ele>
        <time>2026-07-18T01:28:09.081Z</time>
      </trkpt>
      <trkpt lat="20.521748" lon="-100.383395">
        <ele>2091.755032</ele>
        <time>2026-07-18T01:31:03.081Z</time>
      </trkpt>
      <trkpt lat="20.522572" lon="-100.383099">
        <ele>2097.320763</ele>
        <time>2026-07-18T01:31:52.968Z</time>
      </trkpt>
      <trkpt lat="20.523188" lon="-100.382918">
        <ele>2098.894140</ele>
        <time>2026-07-18T01:32:24.177Z</time>
      </trkpt>
      <trkpt lat="20.523487" lon="-100.382876">
        <ele>2099.636814</ele>
        <time>2026-07-18T01:32:35.417Z</time>
      </trkpt>
      <trkpt lat="20.523769" lon="-100.382876">
        <ele>2100.331279</ele>
        <time>2026-07-18T01:32:42.424Z</time>
      </trkpt>
      <trkpt lat="20.524064" lon="-100.382912">
        <ele>2101.062488</ele>
        <time>2026-07-18T01:32:47.571Z</time>
      </trkpt>
      <trkpt lat="20.524408" lon="-100.382981">
        <ele>2098.839979</ele>
        <time>2026-07-18T01:32:52.779Z</time>
      </trkpt>
      <trkpt lat="20.527082" lon="-100.383768">
        <ele>2068.608537</ele>
        <time>2026-07-18T01:33:27.546Z</time>
      </trkpt>
      <trkpt lat="20.528411" lon="-100.384096">
        <ele>2048.473782</ele>
        <time>2026-07-18T01:33:43.786Z</time>
      </trkpt>
      <trkpt lat="20.529499" lon="-100.384451">
        <ele>2031.120621</ele>
        <time>2026-07-18T01:33:57.451Z</time>
      </trkpt>
      <trkpt lat="20.529745" lon="-100.384562">
        <ele>2028.329606</ele>
        <time>2026-07-18T01:34:00.732Z</time>
      </trkpt>
      <trkpt lat="20.530042" lon="-100.384749">
        <ele>2024.726306</ele>
        <time>2026-07-18T01:34:05.035Z</time>
      </trkpt>
      <trkpt lat="20.530201" lon="-100.384816">
        <ele>2022.939918</ele>
        <time>2026-07-18T01:34:07.194Z</time>
      </trkpt>
      <trkpt lat="20.530945" lon="-100.384845">
        <ele>2015.159315</ele>
        <time>2026-07-18T01:34:16.883Z</time>
      </trkpt>
      <trkpt lat="20.531745" lon="-100.384989">
        <ele>2009.524728</ele>
        <time>2026-07-18T01:34:27.913Z</time>
      </trkpt>
      <trkpt lat="20.534117" lon="-100.385649">
        <ele>1993.542258</ele>
        <time>2026-07-18T01:35:01.733Z</time>
      </trkpt>
      <trkpt lat="20.535914" lon="-100.386088">
        <ele>1978.112414</ele>
        <time>2026-07-18T01:35:25.660Z</time>
      </trkpt>
      <trkpt lat="20.536071" lon="-100.386198">
        <ele>1976.436371</ele>
        <time>2026-07-18T01:35:28.023Z</time>
      </trkpt>
      <trkpt lat="20.536204" lon="-100.386230">
        <ele>1975.219488</ele>
        <time>2026-07-18T01:35:29.633Z</time>
      </trkpt>
      <trkpt lat="20.536979" lon="-100.386426">
        <ele>1970.630067</ele>
        <time>2026-07-18T01:35:39.244Z</time>
      </trkpt>
      <trkpt lat="20.537063" lon="-100.386448">
        <ele>1970.167656</ele>
        <time>2026-07-18T01:35:40.327Z</time>
      </trkpt>
      <trkpt lat="20.537209" lon="-100.386487">
        <ele>1969.363025</ele>
        <time>2026-07-18T01:35:42.215Z</time>
      </trkpt>
      <trkpt lat="20.539420" lon="-100.387105">
        <ele>1964.472902</ele>
        <time>2026-07-18T01:36:19.603Z</time>
      </trkpt>
      <trkpt lat="20.539823" lon="-100.387218">
        <ele>1964.572367</ele>
        <time>2026-07-18T01:36:32.480Z</time>
      </trkpt>
      <trkpt lat="20.539937" lon="-100.387273">
        <ele>1965.060659</ele>
        <time>2026-07-18T01:36:36.763Z</time>
      </trkpt>
      <trkpt lat="20.540990" lon="-100.386154">
        <ele>1970.859287</ele>
        <time>2026-07-18T01:37:37.108Z</time>
      </trkpt>
      <trkpt lat="20.541017" lon="-100.385925">
        <ele>1971.820583</ele>
        <time>2026-07-18T01:37:49.135Z</time>
      </trkpt>
      <trkpt lat="20.541491" lon="-100.385397">
        <ele>1975.585391</ele>
        <time>2026-07-18T01:38:27.858Z</time>
      </trkpt>
      <trkpt lat="20.542661" lon="-100.384123">
        <ele>1985.005439</ele>
        <time>2026-07-18T01:40:11.322Z</time>
      </trkpt>
      <trkpt lat="20.542878" lon="-100.383848">
        <ele>1986.982051</ele>
        <time>2026-07-18T01:40:33.487Z</time>
      </trkpt>
      <trkpt lat="20.542927" lon="-100.383763">
        <ele>1987.530676</ele>
        <time>2026-07-18T01:40:39.683Z</time>
      </trkpt>
      <trkpt lat="20.543134" lon="-100.383588">
        <ele>1989.080337</ele>
        <time>2026-07-18T01:40:56.576Z</time>
      </trkpt>
      <trkpt lat="20.543300" lon="-100.383285">
        <ele>1991.009829</ele>
        <time>2026-07-18T01:41:16.624Z</time>
      </trkpt>
      <trkpt lat="20.543444" lon="-100.383166">
        <ele>1991.892815</ele>
        <time>2026-07-18T01:41:27.201Z</time>
      </trkpt>
      <trkpt lat="20.543497" lon="-100.383072">
        <ele>1991.986866</ele>
        <time>2026-07-18T01:41:31.503Z</time>
      </trkpt>
      <trkpt lat="20.543573" lon="-100.382964">
        <ele>1992.102666</ele>
        <time>2026-07-18T01:41:36.480Z</time>
      </trkpt>
      <trkpt lat="20.543538" lon="-100.382899">
        <ele>1992.166935</ele>
        <time>2026-07-18T01:41:40.048Z</time>
      </trkpt>
      <trkpt lat="20.543523" lon="-100.382871">
        <ele>1992.194586</ele>
        <time>2026-07-18T01:41:41.471Z</time>
      </trkpt>
      <trkpt lat="20.543547" lon="-100.382763">
        <ele>1992.289730</ele>
        <time>2026-07-18T01:41:46.424Z</time>
      </trkpt>
      <trkpt lat="20.543892" lon="-100.382348">
        <ele>1992.765406</ele>
        <time>2026-07-18T01:42:07.184Z</time>
      </trkpt>
      <trkpt lat="20.543930" lon="-100.382243">
        <ele>1992.861896</ele>
        <time>2026-07-18T01:42:10.601Z</time>
      </trkpt>
      <trkpt lat="20.544020" lon="-100.382115">
        <ele>1992.999098</ele>
        <time>2026-07-18T01:42:15.172Z</time>
      </trkpt>
      <trkpt lat="20.544123" lon="-100.382039">
        <ele>1993.113698</ele>
        <time>2026-07-18T01:42:18.797Z</time>
      </trkpt>
      <trkpt lat="20.544247" lon="-100.381905">
        <ele>1993.275178</ele>
        <time>2026-07-18T01:42:23.781Z</time>
      </trkpt>
      <trkpt lat="20.545079" lon="-100.380605">
        <ele>1989.555074</ele>
        <time>2026-07-18T01:43:01.605Z</time>
      </trkpt>
      <trkpt lat="20.545631" lon="-100.379763">
        <ele>1986.685342</ele>
        <time>2026-07-18T01:43:25.983Z</time>
      </trkpt>
      <trkpt lat="20.545868" lon="-100.379387">
        <ele>1985.575344</ele>
        <time>2026-07-18T01:43:37.090Z</time>
      </trkpt>
      <trkpt lat="20.546606" lon="-100.378124">
        <ele>1983.583804</ele>
        <time>2026-07-18T01:44:15.030Z</time>
      </trkpt>
      <trkpt lat="20.546883" lon="-100.377677">
        <ele>1984.310575</ele>
        <time>2026-07-18T01:44:24.124Z</time>
      </trkpt>
      <trkpt lat="20.546951" lon="-100.377601">
        <ele>1984.453100</ele>
        <time>2026-07-18T01:44:26.473Z</time>
      </trkpt>
      <trkpt lat="20.547221" lon="-100.377153">
        <ele>1985.175466</ele>
        <time>2026-07-18T01:44:41.766Z</time>
      </trkpt>
      <trkpt lat="20.545644" lon="-100.376075">
        <ele>1985.598676</ele>
        <time>2026-07-18T01:46:24.683Z</time>
      </trkpt>
      <trkpt lat="20.545283" lon="-100.375819">
        <ele>1985.598676</ele>
        <time>2026-07-18T01:46:45.365Z</time>
      </trkpt>
    </trkseg>
  </trk>
</gpx>
