<?xml version='1.0' encoding='UTF-8'?>
<gpx version="1.1" creator="https://www.komoot.de" xmlns="http://www.topografix.com/GPX/1/1" xmlns:xsi="http://www.w3.org/2001/XMLSchema-instance" xsi:schemaLocation="http://www.topografix.com/GPX/1/1 http://www.topografix.com/GPX/1/1/gpx.xsd">
  <metadata>
    <name>Vuelta al  Cimatario</name>
    <author>
      <link href="https://www.komoot.de">
        <text>komoot</text>
        <type>text/html</type>
      </link>
    </author>
  </metadata>
  <trk>
    <name>Vuelta al  Cimatario</name>
    <type>touring_bicycle</type>
    <trkseg>
      <trkpt lat="20.560546" lon="-100.368219">
        <ele>1938.558894</ele>
        <time>2026-10-02T16:19:29.064Z</time>
      </trkpt>
      <trkpt lat="20.560490" lon="-100.368197">
        <ele>1938.558894</ele>
        <time>2026-10-02T16:19:31.418Z</time>
      </trkpt>
      <trkpt lat="20.560229" lon="-100.368076">
        <ele>1938.558894</ele>
        <time>2026-10-02T16:19:42.458Z</time>
      </trkpt>
      <trkpt lat="20.560106" lon="-100.367982">
        <ele>1938.558894</ele>
        <time>2026-10-02T16:19:48.498Z</time>
      </trkpt>
      <trkpt lat="20.559903" lon="-100.367696">
        <ele>1938.558894</ele>
        <time>2026-10-02T16:20:02.617Z</time>
      </trkpt>
      <trkpt lat="20.559903" lon="-100.367696">
        <ele>1938.558894</ele>
        <time>2026-10-02T16:20:02.620Z</time>
      </trkpt>
      <trkpt lat="20.559889" lon="-100.367835">
        <ele>1938.897963</ele>
        <time>2026-10-02T16:20:06.009Z</time>
      </trkpt>
      <trkpt lat="20.559874" lon="-100.367842">
        <ele>1938.985996</ele>
        <time>2026-10-02T16:20:06.433Z</time>
      </trkpt>
      <trkpt lat="20.559860" lon="-100.367845">
        <ele>1939.062787</ele>
        <time>2026-10-02T16:20:06.803Z</time>
      </trkpt>
      <trkpt lat="20.559820" lon="-100.367845">
        <ele>1939.277903</ele>
        <time>2026-10-02T16:20:07.839Z</time>
      </trkpt>
      <trkpt lat="20.559806" lon="-100.367847">
        <ele>1939.353864</ele>
        <time>2026-10-02T16:20:08.205Z</time>
      </trkpt>
      <trkpt lat="20.559789" lon="-100.367847">
        <ele>1939.445289</ele>
        <time>2026-10-02T16:20:08.645Z</time>
      </trkpt>
      <trkpt lat="20.559773" lon="-100.367850">
        <ele>1939.532651</ele>
        <time>2026-10-02T16:20:09.065Z</time>
      </trkpt>
      <trkpt lat="20.559741" lon="-100.367861">
        <ele>1939.713438</ele>
        <time>2026-10-02T16:20:09.936Z</time>
      </trkpt>
      <trkpt lat="20.559713" lon="-100.367868">
        <ele>1939.868089</ele>
        <time>2026-10-02T16:20:10.681Z</time>
      </trkpt>
      <trkpt lat="20.559678" lon="-100.367868">
        <ele>1940.056316</ele>
        <time>2026-10-02T16:20:11.587Z</time>
      </trkpt>
      <trkpt lat="20.559678" lon="-100.367872">
        <ele>1940.076457</ele>
        <time>2026-10-02T16:20:11.684Z</time>
      </trkpt>
      <trkpt lat="20.559668" lon="-100.367878">
        <ele>1940.138141</ele>
        <time>2026-10-02T16:20:11.981Z</time>
      </trkpt>
      <trkpt lat="20.559661" lon="-100.367887">
        <ele>1940.197056</ele>
        <time>2026-10-02T16:20:12.265Z</time>
      </trkpt>
      <trkpt lat="20.559655" lon="-100.367886">
        <ele>1940.229714</ele>
        <time>2026-10-02T16:20:12.423Z</time>
      </trkpt>
      <trkpt lat="20.559651" lon="-100.367888">
        <ele>1940.253466</ele>
        <time>2026-10-02T16:20:12.537Z</time>
      </trkpt>
      <trkpt lat="20.559635" lon="-100.367902">
        <ele>1940.364702</ele>
        <time>2026-10-02T16:20:13.073Z</time>
      </trkpt>
      <trkpt lat="20.559614" lon="-100.367928">
        <ele>1940.537602</ele>
        <time>2026-10-02T16:20:13.905Z</time>
      </trkpt>
      <trkpt lat="20.559604" lon="-100.367956">
        <ele>1940.688501</ele>
        <time>2026-10-02T16:20:14.631Z</time>
      </trkpt>
      <trkpt lat="20.559597" lon="-100.367967">
        <ele>1940.755472</ele>
        <time>2026-10-02T16:20:14.954Z</time>
      </trkpt>
      <trkpt lat="20.559566" lon="-100.368005">
        <ele>1941.009256</ele>
        <time>2026-10-02T16:20:16.176Z</time>
      </trkpt>
      <trkpt lat="20.559561" lon="-100.368018">
        <ele>1941.080023</ele>
        <time>2026-10-02T16:20:16.517Z</time>
      </trkpt>
      <trkpt lat="20.559558" lon="-100.368034">
        <ele>1941.162189</ele>
        <time>2026-10-02T16:20:16.913Z</time>
      </trkpt>
      <trkpt lat="20.559554" lon="-100.368075">
        <ele>1941.369757</ele>
        <time>2026-10-02T16:20:17.912Z</time>
      </trkpt>
      <trkpt lat="20.559544" lon="-100.368094">
        <ele>1941.479508</ele>
        <time>2026-10-02T16:20:18.440Z</time>
      </trkpt>
      <trkpt lat="20.559533" lon="-100.368110">
        <ele>1941.579460</ele>
        <time>2026-10-02T16:20:18.921Z</time>
      </trkpt>
      <trkpt lat="20.559522" lon="-100.368121">
        <ele>1941.660500</ele>
        <time>2026-10-02T16:20:19.311Z</time>
      </trkpt>
      <trkpt lat="20.559510" lon="-100.368130">
        <ele>1941.739357</ele>
        <time>2026-10-02T16:20:19.691Z</time>
      </trkpt>
      <trkpt lat="20.559484" lon="-100.368145">
        <ele>1941.898278</ele>
        <time>2026-10-02T16:20:20.457Z</time>
      </trkpt>
      <trkpt lat="20.559470" lon="-100.368151">
        <ele>1941.979405</ele>
        <time>2026-10-02T16:20:20.847Z</time>
      </trkpt>
      <trkpt lat="20.559422" lon="-100.368157">
        <ele>1942.239306</ele>
        <time>2026-10-02T16:20:22.098Z</time>
      </trkpt>
      <trkpt lat="20.559387" lon="-100.368157">
        <ele>1942.427532</ele>
        <time>2026-10-02T16:20:23.004Z</time>
      </trkpt>
      <trkpt lat="20.559376" lon="-100.368164">
        <ele>1942.496394</ele>
        <time>2026-10-02T16:20:23.335Z</time>
      </trkpt>
      <trkpt lat="20.559353" lon="-100.368183">
        <ele>1942.652768</ele>
        <time>2026-10-02T16:20:24.089Z</time>
      </trkpt>
      <trkpt lat="20.559340" lon="-100.368196">
        <ele>1942.748542</ele>
        <time>2026-10-02T16:20:24.550Z</time>
      </trkpt>
      <trkpt lat="20.559330" lon="-100.368209">
        <ele>1942.833260</ele>
        <time>2026-10-02T16:20:24.957Z</time>
      </trkpt>
      <trkpt lat="20.559319" lon="-100.368253">
        <ele>1943.062578</ele>
        <time>2026-10-02T16:20:26.061Z</time>
      </trkpt>
      <trkpt lat="20.559318" lon="-100.368252">
        <ele>1943.069946</ele>
        <time>2026-10-02T16:20:26.096Z</time>
      </trkpt>
      <trkpt lat="20.559318" lon="-100.368255">
        <ele>1943.085052</ele>
        <time>2026-10-02T16:20:26.169Z</time>
      </trkpt>
      <trkpt lat="20.559322" lon="-100.368255">
        <ele>1943.106563</ele>
        <time>2026-10-02T16:20:26.273Z</time>
      </trkpt>
      <trkpt lat="20.559318" lon="-100.368253">
        <ele>1943.130316</ele>
        <time>2026-10-02T16:20:26.387Z</time>
      </trkpt>
      <trkpt lat="20.559308" lon="-100.368254">
        <ele>1943.184330</ele>
        <time>2026-10-02T16:20:26.647Z</time>
      </trkpt>
      <trkpt lat="20.559305" lon="-100.368264">
        <ele>1943.237205</ele>
        <time>2026-10-02T16:20:26.902Z</time>
      </trkpt>
      <trkpt lat="20.559305" lon="-100.368271">
        <ele>1943.272453</ele>
        <time>2026-10-02T16:20:27.071Z</time>
      </trkpt>
      <trkpt lat="20.559299" lon="-100.368276">
        <ele>1943.313380</ele>
        <time>2026-10-02T16:20:27.268Z</time>
      </trkpt>
      <trkpt lat="20.559300" lon="-100.368274">
        <ele>1943.324797</ele>
        <time>2026-10-02T16:20:27.323Z</time>
      </trkpt>
      <trkpt lat="20.559297" lon="-100.368274">
        <ele>1943.340931</ele>
        <time>2026-10-02T16:20:27.401Z</time>
      </trkpt>
      <trkpt lat="20.559290" lon="-100.368282">
        <ele>1943.396066</ele>
        <time>2026-10-02T16:20:27.666Z</time>
      </trkpt>
      <trkpt lat="20.559278" lon="-100.368290">
        <ele>1943.472141</ele>
        <time>2026-10-02T16:20:28.033Z</time>
      </trkpt>
      <trkpt lat="20.559267" lon="-100.368300">
        <ele>1943.549827</ele>
        <time>2026-10-02T16:20:28.407Z</time>
      </trkpt>
      <trkpt lat="20.559247" lon="-100.368323">
        <ele>1943.707882</ele>
        <time>2026-10-02T16:20:29.167Z</time>
      </trkpt>
      <trkpt lat="20.559228" lon="-100.368352">
        <ele>1943.886108</ele>
        <time>2026-10-02T16:20:30.025Z</time>
      </trkpt>
      <trkpt lat="20.559210" lon="-100.368389">
        <ele>1944.096064</ele>
        <time>2026-10-02T16:20:31.036Z</time>
      </trkpt>
      <trkpt lat="20.559200" lon="-100.368405">
        <ele>1944.192930</ele>
        <time>2026-10-02T16:20:31.502Z</time>
      </trkpt>
      <trkpt lat="20.559189" lon="-100.368417">
        <ele>1944.277492</ele>
        <time>2026-10-02T16:20:31.909Z</time>
      </trkpt>
      <trkpt lat="20.559131" lon="-100.368460">
        <ele>1944.657195</ele>
        <time>2026-10-02T16:20:33.736Z</time>
      </trkpt>
      <trkpt lat="20.559115" lon="-100.368467">
        <ele>1944.750181</ele>
        <time>2026-10-02T16:20:34.184Z</time>
      </trkpt>
      <trkpt lat="20.559083" lon="-100.368475">
        <ele>1944.926925</ele>
        <time>2026-10-02T16:20:35.035Z</time>
      </trkpt>
      <trkpt lat="20.559065" lon="-100.368475">
        <ele>1945.023728</ele>
        <time>2026-10-02T16:20:35.501Z</time>
      </trkpt>
      <trkpt lat="20.559049" lon="-100.368472">
        <ele>1945.111090</ele>
        <time>2026-10-02T16:20:35.922Z</time>
      </trkpt>
      <trkpt lat="20.559039" lon="-100.368469">
        <ele>1945.166950</ele>
        <time>2026-10-02T16:20:36.191Z</time>
      </trkpt>
      <trkpt lat="20.559033" lon="-100.368465">
        <ele>1945.204988</ele>
        <time>2026-10-02T16:20:36.374Z</time>
      </trkpt>
      <trkpt lat="20.559035" lon="-100.368462">
        <ele>1945.223532</ele>
        <time>2026-10-02T16:20:36.464Z</time>
      </trkpt>
      <trkpt lat="20.559035" lon="-100.368441">
        <ele>1945.329275</ele>
        <time>2026-10-02T16:20:36.973Z</time>
      </trkpt>
      <trkpt lat="20.559047" lon="-100.368362">
        <ele>1945.732271</ele>
        <time>2026-10-02T16:20:38.912Z</time>
      </trkpt>
      <trkpt lat="20.559047" lon="-100.368344">
        <ele>1945.822908</ele>
        <time>2026-10-02T16:20:39.349Z</time>
      </trkpt>
      <trkpt lat="20.559034" lon="-100.368319">
        <ele>1945.966904</ele>
        <time>2026-10-02T16:20:40.042Z</time>
      </trkpt>
      <trkpt lat="20.559030" lon="-100.368305">
        <ele>1946.040608</ele>
        <time>2026-10-02T16:20:40.397Z</time>
      </trkpt>
      <trkpt lat="20.559023" lon="-100.368292">
        <ele>1946.116121</ele>
        <time>2026-10-02T16:20:40.761Z</time>
      </trkpt>
      <trkpt lat="20.559020" lon="-100.368275">
        <ele>1946.203230</ele>
        <time>2026-10-02T16:20:41.180Z</time>
      </trkpt>
      <trkpt lat="20.559005" lon="-100.368281">
        <ele>1946.289370</ele>
        <time>2026-10-02T16:20:41.603Z</time>
      </trkpt>
      <trkpt lat="20.558924" lon="-100.368057">
        <ele>1947.498491</ele>
        <time>2026-10-02T16:20:51.499Z</time>
      </trkpt>
      <trkpt lat="20.558905" lon="-100.367818">
        <ele>1948.715728</ele>
        <time>2026-10-02T16:21:01.761Z</time>
      </trkpt>
      <trkpt lat="20.558772" lon="-100.367497">
        <ele>1950.518474</ele>
        <time>2026-10-02T16:21:16.827Z</time>
      </trkpt>
      <trkpt lat="20.558761" lon="-100.367211">
        <ele>1951.988514</ele>
        <time>2026-10-02T16:21:28.875Z</time>
      </trkpt>
      <trkpt lat="20.558716" lon="-100.366875">
        <ele>1953.731663</ele>
        <time>2026-10-02T16:21:42.857Z</time>
      </trkpt>
      <trkpt lat="20.558555" lon="-100.366137">
        <ele>1957.623309</ele>
        <time>2026-10-02T16:22:14.061Z</time>
      </trkpt>
      <trkpt lat="20.558569" lon="-100.365912">
        <ele>1958.700261</ele>
        <time>2026-10-02T16:22:23.207Z</time>
      </trkpt>
      <trkpt lat="20.558535" lon="-100.365757">
        <ele>1959.420880</ele>
        <time>2026-10-02T16:22:29.697Z</time>
      </trkpt>
      <trkpt lat="20.558406" lon="-100.365369">
        <ele>1961.284638</ele>
        <time>2026-10-02T16:22:46.254Z</time>
      </trkpt>
      <trkpt lat="20.558305" lon="-100.365145">
        <ele>1962.410040</ele>
        <time>2026-10-02T16:22:56.048Z</time>
      </trkpt>
      <trkpt lat="20.558100" lon="-100.364762">
        <ele>1964.407012</ele>
        <time>2026-10-02T16:23:13.059Z</time>
      </trkpt>
      <trkpt lat="20.557890" lon="-100.364531">
        <ele>1965.864439</ele>
        <time>2026-10-02T16:23:25.133Z</time>
      </trkpt>
      <trkpt lat="20.557798" lon="-100.364463">
        <ele>1966.405335</ele>
        <time>2026-10-02T16:23:29.581Z</time>
      </trkpt>
      <trkpt lat="20.557758" lon="-100.364403">
        <ele>1966.738743</ele>
        <time>2026-10-02T16:23:32.243Z</time>
      </trkpt>
      <trkpt lat="20.557798" lon="-100.364324">
        <ele>1967.148021</ele>
        <time>2026-10-02T16:23:35.520Z</time>
      </trkpt>
      <trkpt lat="20.557744" lon="-100.364227">
        <ele>1967.662819</ele>
        <time>2026-10-02T16:23:39.563Z</time>
      </trkpt>
      <trkpt lat="20.557571" lon="-100.364091">
        <ele>1968.709394</ele>
        <time>2026-10-02T16:23:47.696Z</time>
      </trkpt>
      <trkpt lat="20.556891" lon="-100.363389">
        <ele>1973.317125</ele>
        <time>2026-10-02T16:24:26.591Z</time>
      </trkpt>
      <trkpt lat="20.556783" lon="-100.363386">
        <ele>1973.843484</ele>
        <time>2026-10-02T16:24:31.295Z</time>
      </trkpt>
      <trkpt lat="20.556719" lon="-100.363466">
        <ele>1974.323495</ele>
        <time>2026-10-02T16:24:35.633Z</time>
      </trkpt>
      <trkpt lat="20.556677" lon="-100.363502">
        <ele>1974.585872</ele>
        <time>2026-10-02T16:24:37.957Z</time>
      </trkpt>
      <trkpt lat="20.556190" lon="-100.363051">
        <ele>1978.389457</ele>
        <time>2026-10-02T16:25:07.199Z</time>
      </trkpt>
      <trkpt lat="20.555721" lon="-100.362606">
        <ele>1982.379815</ele>
        <time>2026-10-02T16:25:38.106Z</time>
      </trkpt>
      <trkpt lat="20.554737" lon="-100.361685">
        <ele>1990.790812</ele>
        <time>2026-10-02T16:26:42.975Z</time>
      </trkpt>
      <trkpt lat="20.554562" lon="-100.361472">
        <ele>1992.518896</ele>
        <time>2026-10-02T16:26:57.178Z</time>
      </trkpt>
      <trkpt lat="20.554424" lon="-100.361255">
        <ele>1994.118584</ele>
        <time>2026-10-02T16:27:10.268Z</time>
      </trkpt>
      <trkpt lat="20.554260" lon="-100.360919">
        <ele>1996.429292</ele>
        <time>2026-10-02T16:27:28.267Z</time>
      </trkpt>
      <trkpt lat="20.554168" lon="-100.360789">
        <ele>1997.423034</ele>
        <time>2026-10-02T16:27:35.601Z</time>
      </trkpt>
      <trkpt lat="20.554122" lon="-100.360750">
        <ele>1997.805553</ele>
        <time>2026-10-02T16:27:38.289Z</time>
      </trkpt>
      <trkpt lat="20.554045" lon="-100.360742">
        <ele>1998.309414</ele>
        <time>2026-10-02T16:27:41.949Z</time>
      </trkpt>
      <trkpt lat="20.554009" lon="-100.360541">
        <ele>1999.138532</ele>
        <time>2026-10-02T16:27:50.314Z</time>
      </trkpt>
      <trkpt lat="20.554009" lon="-100.360241">
        <ele>2000.062835</ele>
        <time>2026-10-02T16:28:01.896Z</time>
      </trkpt>
      <trkpt lat="20.554092" lon="-100.359673">
        <ele>2001.834030</ele>
        <time>2026-10-02T16:28:21.769Z</time>
      </trkpt>
      <trkpt lat="20.554225" lon="-100.359033">
        <ele>2003.853855</ele>
        <time>2026-10-02T16:28:40.363Z</time>
      </trkpt>
      <trkpt lat="20.554555" lon="-100.357916">
        <ele>2007.634793</ele>
        <time>2026-10-02T16:29:16.190Z</time>
      </trkpt>
      <trkpt lat="20.554758" lon="-100.357356">
        <ele>2009.597396</ele>
        <time>2026-10-02T16:29:38.779Z</time>
      </trkpt>
      <trkpt lat="20.554888" lon="-100.356829">
        <ele>2011.597919</ele>
        <time>2026-10-02T16:30:00.417Z</time>
      </trkpt>
      <trkpt lat="20.554955" lon="-100.356344">
        <ele>2013.946163</ele>
        <time>2026-10-02T16:30:20.420Z</time>
      </trkpt>
      <trkpt lat="20.554798" lon="-100.355439">
        <ele>2018.354789</ele>
        <time>2026-10-02T16:30:57.923Z</time>
      </trkpt>
      <trkpt lat="20.554263" lon="-100.353717">
        <ele>2028.159969</ele>
        <time>2026-10-02T16:32:14.869Z</time>
      </trkpt>
      <trkpt lat="20.554046" lon="-100.353334">
        <ele>2030.648807</ele>
        <time>2026-10-02T16:32:35.998Z</time>
      </trkpt>
      <trkpt lat="20.553849" lon="-100.353148">
        <ele>2032.592018</ele>
        <time>2026-10-02T16:32:49.779Z</time>
      </trkpt>
      <trkpt lat="20.553530" lon="-100.352941">
        <ele>2035.403652</ele>
        <time>2026-10-02T16:33:09.995Z</time>
      </trkpt>
      <trkpt lat="20.553092" lon="-100.352880">
        <ele>2038.730820</ele>
        <time>2026-10-02T16:33:34.392Z</time>
      </trkpt>
      <trkpt lat="20.552650" lon="-100.353009">
        <ele>2042.182266</ele>
        <time>2026-10-02T16:33:59.620Z</time>
      </trkpt>
      <trkpt lat="20.552423" lon="-100.353185">
        <ele>2044.295226</ele>
        <time>2026-10-02T16:34:14.717Z</time>
      </trkpt>
      <trkpt lat="20.552204" lon="-100.353438">
        <ele>2046.395699</ele>
        <time>2026-10-02T16:34:31.525Z</time>
      </trkpt>
      <trkpt lat="20.552055" lon="-100.353743">
        <ele>2048.487265</ele>
        <time>2026-10-02T16:34:47.718Z</time>
      </trkpt>
      <trkpt lat="20.551715" lon="-100.354750">
        <ele>2054.995560</ele>
        <time>2026-10-02T16:35:35.501Z</time>
      </trkpt>
      <trkpt lat="20.551344" lon="-100.355559">
        <ele>2060.862748</ele>
        <time>2026-10-02T16:36:15.146Z</time>
      </trkpt>
      <trkpt lat="20.551233" lon="-100.355789">
        <ele>2062.573706</ele>
        <time>2026-10-02T16:36:27.133Z</time>
      </trkpt>
      <trkpt lat="20.551081" lon="-100.356015">
        <ele>2064.413641</ele>
        <time>2026-10-02T16:36:40.547Z</time>
      </trkpt>
      <trkpt lat="20.550869" lon="-100.356250">
        <ele>2066.571395</ele>
        <time>2026-10-02T16:36:56.993Z</time>
      </trkpt>
      <trkpt lat="20.550542" lon="-100.356408">
        <ele>2069.198904</ele>
        <time>2026-10-02T16:37:17.504Z</time>
      </trkpt>
      <trkpt lat="20.550217" lon="-100.356488">
        <ele>2072.116896</ele>
        <time>2026-10-02T16:37:37.566Z</time>
      </trkpt>
      <trkpt lat="20.549871" lon="-100.356482">
        <ele>2075.144464</ele>
        <time>2026-10-02T16:37:59.046Z</time>
      </trkpt>
      <trkpt lat="20.549546" lon="-100.356398">
        <ele>2078.069990</ele>
        <time>2026-10-02T16:38:20.010Z</time>
      </trkpt>
      <trkpt lat="20.549215" lon="-100.356194">
        <ele>2081.413561</ele>
        <time>2026-10-02T16:38:43.006Z</time>
      </trkpt>
      <trkpt lat="20.549022" lon="-100.355977">
        <ele>2083.865421</ele>
        <time>2026-10-02T16:38:58.926Z</time>
      </trkpt>
      <trkpt lat="20.548821" lon="-100.355645">
        <ele>2086.045330</ele>
        <time>2026-10-02T16:39:18.628Z</time>
      </trkpt>
      <trkpt lat="20.546581" lon="-100.351269">
        <ele>2110.242581</ele>
        <time>2026-10-02T16:42:38.309Z</time>
      </trkpt>
      <trkpt lat="20.546200" lon="-100.350535">
        <ele>2114.486357</ele>
        <time>2026-10-02T16:43:12.919Z</time>
      </trkpt>
      <trkpt lat="20.545966" lon="-100.350177">
        <ele>2116.881360</ele>
        <time>2026-10-02T16:43:31.689Z</time>
      </trkpt>
      <trkpt lat="20.545830" lon="-100.349846">
        <ele>2118.864233</ele>
        <time>2026-10-02T16:43:47.581Z</time>
      </trkpt>
      <trkpt lat="20.544798" lon="-100.347892">
        <ele>2131.470440</ele>
        <time>2026-10-02T16:45:30.060Z</time>
      </trkpt>
      <trkpt lat="20.544377" lon="-100.347211">
        <ele>2135.659405</ele>
        <time>2026-10-02T16:46:04.233Z</time>
      </trkpt>
      <trkpt lat="20.544068" lon="-100.346802">
        <ele>2138.060717</ele>
        <time>2026-10-02T16:46:23.956Z</time>
      </trkpt>
      <trkpt lat="20.543395" lon="-100.346073">
        <ele>2142.779515</ele>
        <time>2026-10-02T16:47:02.883Z</time>
      </trkpt>
      <trkpt lat="20.539569" lon="-100.342683">
        <ele>2173.982530</ele>
        <time>2026-10-02T16:51:05.837Z</time>
      </trkpt>
      <trkpt lat="20.539118" lon="-100.342419">
        <ele>2176.856403</ele>
        <time>2026-10-02T16:51:31.104Z</time>
      </trkpt>
      <trkpt lat="20.538813" lon="-100.342336">
        <ele>2177.861582</ele>
        <time>2026-10-02T16:51:45.650Z</time>
      </trkpt>
      <trkpt lat="20.538499" lon="-100.342284">
        <ele>2178.876361</ele>
        <time>2026-10-02T16:51:59.615Z</time>
      </trkpt>
      <trkpt lat="20.537347" lon="-100.342257">
        <ele>2182.000667</ele>
        <time>2026-10-02T16:52:35.806Z</time>
      </trkpt>
      <trkpt lat="20.535374" lon="-100.342159">
        <ele>2177.977821</ele>
        <time>2026-10-02T16:53:10.287Z</time>
      </trkpt>
      <trkpt lat="20.534987" lon="-100.342041">
        <ele>2177.223596</ele>
        <time>2026-10-02T16:53:17.283Z</time>
      </trkpt>
      <trkpt lat="20.533540" lon="-100.341158">
        <ele>2175.212249</ele>
        <time>2026-10-02T16:53:49.904Z</time>
      </trkpt>
      <trkpt lat="20.533465" lon="-100.341111">
        <ele>2175.224257</ele>
        <time>2026-10-02T16:53:51.841Z</time>
      </trkpt>
      <trkpt lat="20.533517" lon="-100.341013">
        <ele>2175.238822</ele>
        <time>2026-10-02T16:53:54.386Z</time>
      </trkpt>
      <trkpt lat="20.529181" lon="-100.338165">
        <ele>2177.061414</ele>
        <time>2026-10-02T16:55:56.507Z</time>
      </trkpt>
      <trkpt lat="20.529181" lon="-100.338165">
        <ele>2177.061414</ele>
        <time>2026-10-02T16:55:56.520Z</time>
      </trkpt>
      <trkpt lat="20.529278" lon="-100.338114">
        <ele>2177.209587</ele>
        <time>2026-10-02T16:55:59.316Z</time>
      </trkpt>
      <trkpt lat="20.529236" lon="-100.338078">
        <ele>2177.283395</ele>
        <time>2026-10-02T16:56:00.709Z</time>
      </trkpt>
      <trkpt lat="20.529217" lon="-100.338058">
        <ele>2177.319958</ele>
        <time>2026-10-02T16:56:01.399Z</time>
      </trkpt>
      <trkpt lat="20.529189" lon="-100.338009">
        <ele>2177.393627</ele>
        <time>2026-10-02T16:56:02.789Z</time>
      </trkpt>
      <trkpt lat="20.529181" lon="-100.337983">
        <ele>2177.428751</ele>
        <time>2026-10-02T16:56:03.452Z</time>
      </trkpt>
      <trkpt lat="20.529180" lon="-100.337953">
        <ele>2177.467277</ele>
        <time>2026-10-02T16:56:04.179Z</time>
      </trkpt>
      <trkpt lat="20.529191" lon="-100.337926">
        <ele>2177.505066</ele>
        <time>2026-10-02T16:56:04.892Z</time>
      </trkpt>
      <trkpt lat="20.529213" lon="-100.337903">
        <ele>2177.547260</ele>
        <time>2026-10-02T16:56:05.688Z</time>
      </trkpt>
      <trkpt lat="20.529238" lon="-100.337881">
        <ele>2177.591657</ele>
        <time>2026-10-02T16:56:06.526Z</time>
      </trkpt>
      <trkpt lat="20.529256" lon="-100.337857">
        <ele>2177.631119</ele>
        <time>2026-10-02T16:56:07.271Z</time>
      </trkpt>
      <trkpt lat="20.529269" lon="-100.337835">
        <ele>2177.664504</ele>
        <time>2026-10-02T16:56:07.901Z</time>
      </trkpt>
      <trkpt lat="20.529287" lon="-100.337788">
        <ele>2177.729673</ele>
        <time>2026-10-02T16:56:09.131Z</time>
      </trkpt>
      <trkpt lat="20.529297" lon="-100.337776">
        <ele>2177.750289</ele>
        <time>2026-10-02T16:56:09.520Z</time>
      </trkpt>
      <trkpt lat="20.529343" lon="-100.337751">
        <ele>2177.821024</ele>
        <time>2026-10-02T16:56:10.855Z</time>
      </trkpt>
      <trkpt lat="20.529362" lon="-100.337730">
        <ele>2177.858499</ele>
        <time>2026-10-02T16:56:11.562Z</time>
      </trkpt>
      <trkpt lat="20.529371" lon="-100.337702">
        <ele>2177.896492</ele>
        <time>2026-10-02T16:56:12.279Z</time>
      </trkpt>
      <trkpt lat="20.529375" lon="-100.337680">
        <ele>2177.925254</ele>
        <time>2026-10-02T16:56:12.822Z</time>
      </trkpt>
      <trkpt lat="20.529370" lon="-100.337659">
        <ele>2177.953063</ele>
        <time>2026-10-02T16:56:13.346Z</time>
      </trkpt>
      <trkpt lat="20.529348" lon="-100.337607">
        <ele>2178.026295</ele>
        <time>2026-10-02T16:56:14.728Z</time>
      </trkpt>
      <trkpt lat="20.529338" lon="-100.337579">
        <ele>2178.064754</ele>
        <time>2026-10-02T16:56:15.454Z</time>
      </trkpt>
      <trkpt lat="20.529332" lon="-100.337549">
        <ele>2178.104125</ele>
        <time>2026-10-02T16:56:16.197Z</time>
      </trkpt>
      <trkpt lat="20.529322" lon="-100.337519">
        <ele>2178.144993</ele>
        <time>2026-10-02T16:56:16.969Z</time>
      </trkpt>
      <trkpt lat="20.529266" lon="-100.337686">
        <ele>2178.372647</ele>
        <time>2026-10-02T16:56:21.258Z</time>
      </trkpt>
      <trkpt lat="20.529019" lon="-100.336673">
        <ele>2180.303370</ele>
        <time>2026-10-02T16:57:29.379Z</time>
      </trkpt>
      <trkpt lat="20.528912" lon="-100.336441">
        <ele>2180.881275</ele>
        <time>2026-10-02T16:57:46.210Z</time>
      </trkpt>
      <trkpt lat="20.528718" lon="-100.336125">
        <ele>2181.725641</ele>
        <time>2026-10-02T16:58:10.799Z</time>
      </trkpt>
      <trkpt lat="20.528232" lon="-100.335290">
        <ele>2184.311755</ele>
        <time>2026-10-02T16:59:14.846Z</time>
      </trkpt>
      <trkpt lat="20.528255" lon="-100.335268">
        <ele>2184.425996</ele>
        <time>2026-10-02T16:59:16.084Z</time>
      </trkpt>
      <trkpt lat="20.527959" lon="-100.334673">
        <ele>2186.760351</ele>
        <time>2026-10-02T16:59:40.214Z</time>
      </trkpt>
      <trkpt lat="20.527749" lon="-100.334089">
        <ele>2188.927816</ele>
        <time>2026-10-02T17:00:03.027Z</time>
      </trkpt>
      <trkpt lat="20.527583" lon="-100.333365">
        <ele>2190.403238</ele>
        <time>2026-10-02T17:00:28.366Z</time>
      </trkpt>
      <trkpt lat="20.527518" lon="-100.332774">
        <ele>2191.073352</ele>
        <time>2026-10-02T17:00:45.540Z</time>
      </trkpt>
      <trkpt lat="20.527520" lon="-100.332076">
        <ele>2191.859391</ele>
        <time>2026-10-02T17:01:00.100Z</time>
      </trkpt>
      <trkpt lat="20.527568" lon="-100.331296">
        <ele>2189.961814</ele>
        <time>2026-10-02T17:01:12.757Z</time>
      </trkpt>
      <trkpt lat="20.527793" lon="-100.327668">
        <ele>2175.145573</ele>
        <time>2026-10-02T17:02:05.158Z</time>
      </trkpt>
      <trkpt lat="20.527969" lon="-100.324751">
        <ele>2158.444469</ele>
        <time>2026-10-02T17:02:44.766Z</time>
      </trkpt>
      <trkpt lat="20.528193" lon="-100.321266">
        <ele>2140.870510</ele>
        <time>2026-10-02T17:03:33.599Z</time>
      </trkpt>
      <trkpt lat="20.528322" lon="-100.320149">
        <ele>2135.769183</ele>
        <time>2026-10-02T17:03:49.943Z</time>
      </trkpt>
      <trkpt lat="20.528482" lon="-100.318179">
        <ele>2126.962633</ele>
        <time>2026-10-02T17:04:18.283Z</time>
      </trkpt>
      <trkpt lat="20.528966" lon="-100.314447">
        <ele>2107.649753</ele>
        <time>2026-10-02T17:05:10.513Z</time>
      </trkpt>
      <trkpt lat="20.529235" lon="-100.312774">
        <ele>2099.780893</ele>
        <time>2026-10-02T17:05:34.588Z</time>
      </trkpt>
      <trkpt lat="20.529331" lon="-100.312035">
        <ele>2097.205365</ele>
        <time>2026-10-02T17:05:45.455Z</time>
      </trkpt>
      <trkpt lat="20.529467" lon="-100.311014">
        <ele>2093.645300</ele>
        <time>2026-10-02T17:06:01.103Z</time>
      </trkpt>
      <trkpt lat="20.529467" lon="-100.311014">
        <ele>2093.645300</ele>
        <time>2026-10-02T17:06:01.116Z</time>
      </trkpt>
      <trkpt lat="20.529509" lon="-100.311020">
        <ele>2093.489101</ele>
        <time>2026-10-02T17:06:02.212Z</time>
      </trkpt>
      <trkpt lat="20.529516" lon="-100.310982">
        <ele>2093.355407</ele>
        <time>2026-10-02T17:06:03.150Z</time>
      </trkpt>
      <trkpt lat="20.529523" lon="-100.310929">
        <ele>2093.261096</ele>
        <time>2026-10-02T17:06:04.446Z</time>
      </trkpt>
      <trkpt lat="20.529528" lon="-100.310911">
        <ele>2093.243550</ele>
        <time>2026-10-02T17:06:04.901Z</time>
      </trkpt>
      <trkpt lat="20.529538" lon="-100.310894">
        <ele>2093.224790</ele>
        <time>2026-10-02T17:06:05.388Z</time>
      </trkpt>
      <trkpt lat="20.529534" lon="-100.310901">
        <ele>2093.217127</ele>
        <time>2026-10-02T17:06:05.586Z</time>
      </trkpt>
      <trkpt lat="20.529535" lon="-100.310905">
        <ele>2093.213258</ele>
        <time>2026-10-02T17:06:05.687Z</time>
      </trkpt>
      <trkpt lat="20.529538" lon="-100.310905">
        <ele>2093.210264</ele>
        <time>2026-10-02T17:06:05.764Z</time>
      </trkpt>
      <trkpt lat="20.529539" lon="-100.310885">
        <ele>2093.191548</ele>
        <time>2026-10-02T17:06:06.249Z</time>
      </trkpt>
      <trkpt lat="20.529528" lon="-100.310849">
        <ele>2093.156160</ele>
        <time>2026-10-02T17:06:07.167Z</time>
      </trkpt>
      <trkpt lat="20.529517" lon="-100.310824">
        <ele>2093.130347</ele>
        <time>2026-10-02T17:06:07.836Z</time>
      </trkpt>
      <trkpt lat="20.529487" lon="-100.310775">
        <ele>2093.075640</ele>
        <time>2026-10-02T17:06:09.254Z</time>
      </trkpt>
      <trkpt lat="20.529457" lon="-100.310732">
        <ele>2093.025531</ele>
        <time>2026-10-02T17:06:10.553Z</time>
      </trkpt>
      <trkpt lat="20.529442" lon="-100.310715">
        <ele>2093.003703</ele>
        <time>2026-10-02T17:06:11.119Z</time>
      </trkpt>
      <trkpt lat="20.529410" lon="-100.310694">
        <ele>2092.966223</ele>
        <time>2026-10-02T17:06:12.090Z</time>
      </trkpt>
      <trkpt lat="20.529397" lon="-100.310689">
        <ele>2092.952435</ele>
        <time>2026-10-02T17:06:12.448Z</time>
      </trkpt>
      <trkpt lat="20.529383" lon="-100.310688">
        <ele>2092.938433</ele>
        <time>2026-10-02T17:06:12.811Z</time>
      </trkpt>
      <trkpt lat="20.529335" lon="-100.310679">
        <ele>2092.889803</ele>
        <time>2026-10-02T17:06:14.071Z</time>
      </trkpt>
      <trkpt lat="20.529306" lon="-100.310677">
        <ele>2092.860804</ele>
        <time>2026-10-02T17:06:14.823Z</time>
      </trkpt>
      <trkpt lat="20.529280" lon="-100.310681">
        <ele>2092.834591</ele>
        <time>2026-10-02T17:06:15.502Z</time>
      </trkpt>
      <trkpt lat="20.529260" lon="-100.310688">
        <ele>2092.813589</ele>
        <time>2026-10-02T17:06:16.047Z</time>
      </trkpt>
      <trkpt lat="20.529249" lon="-100.310697">
        <ele>2092.799761</ele>
        <time>2026-10-02T17:06:16.405Z</time>
      </trkpt>
      <trkpt lat="20.529242" lon="-100.310708">
        <ele>2092.787333</ele>
        <time>2026-10-02T17:06:16.727Z</time>
      </trkpt>
      <trkpt lat="20.529241" lon="-100.310723">
        <ele>2092.773280</ele>
        <time>2026-10-02T17:06:17.091Z</time>
      </trkpt>
      <trkpt lat="20.529250" lon="-100.310756">
        <ele>2092.741160</ele>
        <time>2026-10-02T17:06:17.924Z</time>
      </trkpt>
      <trkpt lat="20.529264" lon="-100.310783">
        <ele>2092.712319</ele>
        <time>2026-10-02T17:06:18.671Z</time>
      </trkpt>
      <trkpt lat="20.529263" lon="-100.310795">
        <ele>2092.701061</ele>
        <time>2026-10-02T17:06:18.963Z</time>
      </trkpt>
      <trkpt lat="20.529259" lon="-100.310807">
        <ele>2092.689157</ele>
        <time>2026-10-02T17:06:19.272Z</time>
      </trkpt>
      <trkpt lat="20.529241" lon="-100.310829">
        <ele>2092.661857</ele>
        <time>2026-10-02T17:06:19.979Z</time>
      </trkpt>
      <trkpt lat="20.529224" lon="-100.310854">
        <ele>2092.632985</ele>
        <time>2026-10-02T17:06:20.728Z</time>
      </trkpt>
      <trkpt lat="20.529198" lon="-100.310877">
        <ele>2092.599294</ele>
        <time>2026-10-02T17:06:21.601Z</time>
      </trkpt>
      <trkpt lat="20.529200" lon="-100.310879">
        <ele>2092.596560</ele>
        <time>2026-10-02T17:06:21.672Z</time>
      </trkpt>
      <trkpt lat="20.529203" lon="-100.310877">
        <ele>2092.593031</ele>
        <time>2026-10-02T17:06:21.763Z</time>
      </trkpt>
      <trkpt lat="20.529204" lon="-100.310872">
        <ele>2092.588253</ele>
        <time>2026-10-02T17:06:21.887Z</time>
      </trkpt>
      <trkpt lat="20.529196" lon="-100.310866">
        <ele>2092.578497</ele>
        <time>2026-10-02T17:06:22.140Z</time>
      </trkpt>
      <trkpt lat="20.529178" lon="-100.310845">
        <ele>2092.551894</ele>
        <time>2026-10-02T17:06:22.829Z</time>
      </trkpt>
      <trkpt lat="20.529175" lon="-100.310835">
        <ele>2092.542081</ele>
        <time>2026-10-02T17:06:23.084Z</time>
      </trkpt>
      <trkpt lat="20.529180" lon="-100.310820">
        <ele>2092.527202</ele>
        <time>2026-10-02T17:06:23.469Z</time>
      </trkpt>
      <trkpt lat="20.529186" lon="-100.310813">
        <ele>2092.518334</ele>
        <time>2026-10-02T17:06:23.699Z</time>
      </trkpt>
      <trkpt lat="20.529180" lon="-100.310810">
        <ele>2092.511723</ele>
        <time>2026-10-02T17:06:23.870Z</time>
      </trkpt>
      <trkpt lat="20.529180" lon="-100.310806">
        <ele>2092.507985</ele>
        <time>2026-10-02T17:06:23.967Z</time>
      </trkpt>
      <trkpt lat="20.529182" lon="-100.310804">
        <ele>2092.505251</ele>
        <time>2026-10-02T17:06:24.038Z</time>
      </trkpt>
      <trkpt lat="20.529184" lon="-100.310805">
        <ele>2092.503047</ele>
        <time>2026-10-02T17:06:24.095Z</time>
      </trkpt>
      <trkpt lat="20.529198" lon="-100.310800">
        <ele>2092.488316</ele>
        <time>2026-10-02T17:06:24.477Z</time>
      </trkpt>
      <trkpt lat="20.529202" lon="-100.310796">
        <ele>2092.482848</ele>
        <time>2026-10-02T17:06:24.619Z</time>
      </trkpt>
      <trkpt lat="20.529202" lon="-100.310798">
        <ele>2092.480979</ele>
        <time>2026-10-02T17:06:24.667Z</time>
      </trkpt>
      <trkpt lat="20.529200" lon="-100.310801">
        <ele>2092.477537</ele>
        <time>2026-10-02T17:06:24.756Z</time>
      </trkpt>
      <trkpt lat="20.529198" lon="-100.310799">
        <ele>2092.474803</ele>
        <time>2026-10-02T17:06:24.827Z</time>
      </trkpt>
      <trkpt lat="20.529195" lon="-100.310799">
        <ele>2092.471809</ele>
        <time>2026-10-02T17:06:24.905Z</time>
      </trkpt>
      <trkpt lat="20.529197" lon="-100.310796">
        <ele>2092.468368</ele>
        <time>2026-10-02T17:06:24.994Z</time>
      </trkpt>
      <trkpt lat="20.529191" lon="-100.310793">
        <ele>2092.461757</ele>
        <time>2026-10-02T17:06:25.166Z</time>
      </trkpt>
      <trkpt lat="20.529180" lon="-100.310803">
        <ele>2092.447341</ele>
        <time>2026-10-02T17:06:25.539Z</time>
      </trkpt>
      <trkpt lat="20.529156" lon="-100.310814">
        <ele>2092.421279</ele>
        <time>2026-10-02T17:06:26.215Z</time>
      </trkpt>
      <trkpt lat="20.529132" lon="-100.310816">
        <ele>2092.397257</ele>
        <time>2026-10-02T17:06:26.837Z</time>
      </trkpt>
      <trkpt lat="20.529120" lon="-100.310819">
        <ele>2092.384959</ele>
        <time>2026-10-02T17:06:27.156Z</time>
      </trkpt>
      <trkpt lat="20.529106" lon="-100.310819">
        <ele>2092.370989</ele>
        <time>2026-10-02T17:06:27.518Z</time>
      </trkpt>
      <trkpt lat="20.529091" lon="-100.310814">
        <ele>2092.355308</ele>
        <time>2026-10-02T17:06:27.924Z</time>
      </trkpt>
      <trkpt lat="20.529054" lon="-100.310807">
        <ele>2092.317812</ele>
        <time>2026-10-02T17:06:28.896Z</time>
      </trkpt>
      <trkpt lat="20.529014" lon="-100.310806">
        <ele>2092.277886</ele>
        <time>2026-10-02T17:06:29.931Z</time>
      </trkpt>
      <trkpt lat="20.528948" lon="-100.310795">
        <ele>2092.211229</ele>
        <time>2026-10-02T17:06:31.658Z</time>
      </trkpt>
      <trkpt lat="20.528859" lon="-100.310783">
        <ele>2092.121713</ele>
        <time>2026-10-02T17:06:33.978Z</time>
      </trkpt>
      <trkpt lat="20.528834" lon="-100.310778">
        <ele>2092.096332</ele>
        <time>2026-10-02T17:06:34.636Z</time>
      </trkpt>
      <trkpt lat="20.528745" lon="-100.310773">
        <ele>2092.007398</ele>
        <time>2026-10-02T17:06:36.940Z</time>
      </trkpt>
      <trkpt lat="20.528712" lon="-100.310768">
        <ele>2091.974139</ele>
        <time>2026-10-02T17:06:37.802Z</time>
      </trkpt>
      <trkpt lat="20.528712" lon="-100.310767">
        <ele>2091.973204</ele>
        <time>2026-10-02T17:06:37.838Z</time>
      </trkpt>
      <trkpt lat="20.527572" lon="-100.310635">
        <ele>2093.184757</ele>
        <time>2026-10-02T17:07:09.355Z</time>
      </trkpt>
      <trkpt lat="20.527576" lon="-100.310992">
        <ele>2094.022683</ele>
        <time>2026-10-02T17:07:21.547Z</time>
      </trkpt>
      <trkpt lat="20.527101" lon="-100.311058">
        <ele>2095.223113</ele>
        <time>2026-10-02T17:07:39.608Z</time>
      </trkpt>
      <trkpt lat="20.526899" lon="-100.311039">
        <ele>2095.731304</ele>
        <time>2026-10-02T17:07:47.371Z</time>
      </trkpt>
      <trkpt lat="20.526438" lon="-100.311069">
        <ele>2096.884662</ele>
        <time>2026-10-02T17:08:05.113Z</time>
      </trkpt>
      <trkpt lat="20.523636" lon="-100.310987">
        <ele>2101.484390</ele>
        <time>2026-10-02T17:09:33.419Z</time>
      </trkpt>
      <trkpt lat="20.523147" lon="-100.310979">
        <ele>2101.520855</ele>
        <time>2026-10-02T17:09:42.687Z</time>
      </trkpt>
      <trkpt lat="20.522696" lon="-100.310440">
        <ele>2097.346890</ele>
        <time>2026-10-02T17:09:53.699Z</time>
      </trkpt>
      <trkpt lat="20.522551" lon="-100.310265">
        <ele>2095.997558</ele>
        <time>2026-10-02T17:09:57.030Z</time>
      </trkpt>
      <trkpt lat="20.522326" lon="-100.310074">
        <ele>2094.225152</ele>
        <time>2026-10-02T17:10:01.299Z</time>
      </trkpt>
      <trkpt lat="20.522170" lon="-100.310009">
        <ele>2093.192589</ele>
        <time>2026-10-02T17:10:03.738Z</time>
      </trkpt>
      <trkpt lat="20.521791" lon="-100.309918">
        <ele>2090.797260</ele>
        <time>2026-10-02T17:10:09.336Z</time>
      </trkpt>
      <trkpt lat="20.521513" lon="-100.309851">
        <ele>2088.742126</ele>
        <time>2026-10-02T17:10:13.388Z</time>
      </trkpt>
      <trkpt lat="20.520759" lon="-100.309797">
        <ele>2083.254840</ele>
        <time>2026-10-02T17:10:24.224Z</time>
      </trkpt>
      <trkpt lat="20.520499" lon="-100.309770">
        <ele>2081.358007</ele>
        <time>2026-10-02T17:10:28.120Z</time>
      </trkpt>
      <trkpt lat="20.520409" lon="-100.309711">
        <ele>2080.591153</ele>
        <time>2026-10-02T17:10:29.728Z</time>
      </trkpt>
      <trkpt lat="20.520194" lon="-100.309612">
        <ele>2078.891001</ele>
        <time>2026-10-02T17:10:33.385Z</time>
      </trkpt>
      <trkpt lat="20.519135" lon="-100.310361">
        <ele>2077.275265</ele>
        <time>2026-10-02T17:11:15.598Z</time>
      </trkpt>
      <trkpt lat="20.519000" lon="-100.310599">
        <ele>2077.184975</ele>
        <time>2026-10-02T17:11:26.936Z</time>
      </trkpt>
      <trkpt lat="20.518617" lon="-100.311076">
        <ele>2077.452403</ele>
        <time>2026-10-02T17:11:53.272Z</time>
      </trkpt>
      <trkpt lat="20.517963" lon="-100.312958">
        <ele>2082.962773</ele>
        <time>2026-10-02T17:13:24.939Z</time>
      </trkpt>
      <trkpt lat="20.517662" lon="-100.313600">
        <ele>2085.643518</ele>
        <time>2026-10-02T17:14:00.160Z</time>
      </trkpt>
      <trkpt lat="20.517588" lon="-100.313759">
        <ele>2086.306469</ele>
        <time>2026-10-02T17:14:09.130Z</time>
      </trkpt>
      <trkpt lat="20.517444" lon="-100.314542">
        <ele>2089.291485</ele>
        <time>2026-10-02T17:14:50.331Z</time>
      </trkpt>
      <trkpt lat="20.517421" lon="-100.315002">
        <ele>2091.134916</ele>
        <time>2026-10-02T17:15:14.424Z</time>
      </trkpt>
      <trkpt lat="20.517588" lon="-100.316364">
        <ele>2096.631819</ele>
        <time>2026-10-02T17:16:23.644Z</time>
      </trkpt>
      <trkpt lat="20.517588" lon="-100.316364">
        <ele>2096.631819</ele>
        <time>2026-10-02T17:16:23.653Z</time>
      </trkpt>
      <trkpt lat="20.517648" lon="-100.316451">
        <ele>2097.051163</ele>
        <time>2026-10-02T17:16:26.272Z</time>
      </trkpt>
      <trkpt lat="20.517658" lon="-100.316522">
        <ele>2097.316528</ele>
        <time>2026-10-02T17:16:28.012Z</time>
      </trkpt>
      <trkpt lat="20.517669" lon="-100.316565">
        <ele>2097.481277</ele>
        <time>2026-10-02T17:16:29.092Z</time>
      </trkpt>
      <trkpt lat="20.517683" lon="-100.316639">
        <ele>2097.760304</ele>
        <time>2026-10-02T17:16:30.922Z</time>
      </trkpt>
      <trkpt lat="20.517699" lon="-100.316705">
        <ele>2098.012279</ele>
        <time>2026-10-02T17:16:32.574Z</time>
      </trkpt>
      <trkpt lat="20.517705" lon="-100.316751">
        <ele>2098.183935</ele>
        <time>2026-10-02T17:16:33.700Z</time>
      </trkpt>
      <trkpt lat="20.517714" lon="-100.316797">
        <ele>2098.357620</ele>
        <time>2026-10-02T17:16:34.839Z</time>
      </trkpt>
      <trkpt lat="20.517713" lon="-100.316843">
        <ele>2098.527681</ele>
        <time>2026-10-02T17:16:35.954Z</time>
      </trkpt>
      <trkpt lat="20.517710" lon="-100.316866">
        <ele>2098.613509</ele>
        <time>2026-10-02T17:16:36.517Z</time>
      </trkpt>
      <trkpt lat="20.517710" lon="-100.316888">
        <ele>2098.694821</ele>
        <time>2026-10-02T17:16:37.050Z</time>
      </trkpt>
      <trkpt lat="20.517716" lon="-100.316978">
        <ele>2099.028301</ele>
        <time>2026-10-02T17:16:39.236Z</time>
      </trkpt>
      <trkpt lat="20.517715" lon="-100.317023">
        <ele>2099.194667</ele>
        <time>2026-10-02T17:16:40.327Z</time>
      </trkpt>
      <trkpt lat="20.517711" lon="-100.317068">
        <ele>2099.361733</ele>
        <time>2026-10-02T17:16:41.422Z</time>
      </trkpt>
      <trkpt lat="20.517698" lon="-100.317136">
        <ele>2099.618243</ele>
        <time>2026-10-02T17:16:43.104Z</time>
      </trkpt>
      <trkpt lat="20.517685" lon="-100.317175">
        <ele>2099.771243</ele>
        <time>2026-10-02T17:16:44.107Z</time>
      </trkpt>
      <trkpt lat="20.517675" lon="-100.317220">
        <ele>2099.942180</ele>
        <time>2026-10-02T17:16:45.228Z</time>
      </trkpt>
      <trkpt lat="20.517661" lon="-100.317264">
        <ele>2100.113932</ele>
        <time>2026-10-02T17:16:46.354Z</time>
      </trkpt>
      <trkpt lat="20.517613" lon="-100.317394">
        <ele>2100.630401</ele>
        <time>2026-10-02T17:16:49.740Z</time>
      </trkpt>
      <trkpt lat="20.517592" lon="-100.317457">
        <ele>2100.877556</ele>
        <time>2026-10-02T17:16:51.361Z</time>
      </trkpt>
      <trkpt lat="20.517559" lon="-100.317539">
        <ele>2101.207422</ele>
        <time>2026-10-02T17:16:53.523Z</time>
      </trkpt>
      <trkpt lat="20.517538" lon="-100.317578">
        <ele>2101.373690</ele>
        <time>2026-10-02T17:16:54.613Z</time>
      </trkpt>
      <trkpt lat="20.517530" lon="-100.317598">
        <ele>2101.454069</ele>
        <time>2026-10-02T17:16:55.140Z</time>
      </trkpt>
      <trkpt lat="20.517516" lon="-100.317662">
        <ele>2101.696979</ele>
        <time>2026-10-02T17:16:56.733Z</time>
      </trkpt>
      <trkpt lat="20.517508" lon="-100.317681">
        <ele>2101.773973</ele>
        <time>2026-10-02T17:16:57.238Z</time>
      </trkpt>
      <trkpt lat="20.517496" lon="-100.317721">
        <ele>2101.929212</ele>
        <time>2026-10-02T17:16:58.256Z</time>
      </trkpt>
      <trkpt lat="20.517479" lon="-100.317763">
        <ele>2102.098320</ele>
        <time>2026-10-02T17:16:59.364Z</time>
      </trkpt>
      <trkpt lat="20.517466" lon="-100.317803">
        <ele>2102.254808</ele>
        <time>2026-10-02T17:17:00.390Z</time>
      </trkpt>
      <trkpt lat="20.517462" lon="-100.317823">
        <ele>2102.330394</ele>
        <time>2026-10-02T17:17:00.886Z</time>
      </trkpt>
      <trkpt lat="20.517448" lon="-100.317866">
        <ele>2102.498651</ele>
        <time>2026-10-02T17:17:01.989Z</time>
      </trkpt>
      <trkpt lat="20.517443" lon="-100.317890">
        <ele>2102.589523</ele>
        <time>2026-10-02T17:17:02.585Z</time>
      </trkpt>
      <trkpt lat="20.517441" lon="-100.317913">
        <ele>2102.674896</ele>
        <time>2026-10-02T17:17:03.145Z</time>
      </trkpt>
      <trkpt lat="20.517441" lon="-100.317955">
        <ele>2102.830127</ele>
        <time>2026-10-02T17:17:04.163Z</time>
      </trkpt>
      <trkpt lat="20.517428" lon="-100.318015">
        <ele>2103.057744</ele>
        <time>2026-10-02T17:17:05.655Z</time>
      </trkpt>
      <trkpt lat="20.517424" lon="-100.318056">
        <ele>2103.210099</ele>
        <time>2026-10-02T17:17:06.654Z</time>
      </trkpt>
      <trkpt lat="20.517412" lon="-100.318138">
        <ele>2103.516848</ele>
        <time>2026-10-02T17:17:08.666Z</time>
      </trkpt>
      <trkpt lat="20.517411" lon="-100.318160">
        <ele>2103.598255</ele>
        <time>2026-10-02T17:17:09.200Z</time>
      </trkpt>
      <trkpt lat="20.517402" lon="-100.318219">
        <ele>2103.819192</ele>
        <time>2026-10-02T17:17:10.648Z</time>
      </trkpt>
      <trkpt lat="20.517400" lon="-100.318277">
        <ele>2104.041562</ele>
        <time>2026-10-02T17:17:12.055Z</time>
      </trkpt>
      <trkpt lat="20.517395" lon="-100.318296">
        <ele>2104.128199</ele>
        <time>2026-10-02T17:17:12.534Z</time>
      </trkpt>
      <trkpt lat="20.517382" lon="-100.318384">
        <ele>2104.519283</ele>
        <time>2026-10-02T17:17:14.693Z</time>
      </trkpt>
      <trkpt lat="20.517384" lon="-100.318426">
        <ele>2104.703896</ele>
        <time>2026-10-02T17:17:15.712Z</time>
      </trkpt>
      <trkpt lat="20.517382" lon="-100.318445">
        <ele>2104.787829</ele>
        <time>2026-10-02T17:17:16.176Z</time>
      </trkpt>
      <trkpt lat="20.517373" lon="-100.318481">
        <ele>2104.951397</ele>
        <time>2026-10-02T17:17:17.079Z</time>
      </trkpt>
      <trkpt lat="20.517364" lon="-100.318523">
        <ele>2105.140536</ele>
        <time>2026-10-02T17:17:18.123Z</time>
      </trkpt>
      <trkpt lat="20.517361" lon="-100.318545">
        <ele>2105.238131</ele>
        <time>2026-10-02T17:17:18.662Z</time>
      </trkpt>
      <trkpt lat="20.517328" lon="-100.318694">
        <ele>2105.910262</ele>
        <time>2026-10-02T17:17:22.373Z</time>
      </trkpt>
      <trkpt lat="20.517326" lon="-100.318715">
        <ele>2106.002924</ele>
        <time>2026-10-02T17:17:22.884Z</time>
      </trkpt>
      <trkpt lat="20.517321" lon="-100.318736">
        <ele>2106.098044</ele>
        <time>2026-10-02T17:17:23.409Z</time>
      </trkpt>
      <trkpt lat="20.517319" lon="-100.318756">
        <ele>2106.186340</ele>
        <time>2026-10-02T17:17:23.897Z</time>
      </trkpt>
      <trkpt lat="20.517291" lon="-100.318862">
        <ele>2106.669820</ele>
        <time>2026-10-02T17:17:26.566Z</time>
      </trkpt>
      <trkpt lat="20.517277" lon="-100.319005">
        <ele>2107.300992</ele>
        <time>2026-10-02T17:17:30.051Z</time>
      </trkpt>
      <trkpt lat="20.517273" lon="-100.319026">
        <ele>2107.395066</ele>
        <time>2026-10-02T17:17:30.570Z</time>
      </trkpt>
      <trkpt lat="20.517268" lon="-100.319070">
        <ele>2107.589637</ele>
        <time>2026-10-02T17:17:31.644Z</time>
      </trkpt>
      <trkpt lat="20.517260" lon="-100.319113">
        <ele>2107.782090</ele>
        <time>2026-10-02T17:17:32.707Z</time>
      </trkpt>
      <trkpt lat="20.517256" lon="-100.319173">
        <ele>2108.046148</ele>
        <time>2026-10-02T17:17:34.165Z</time>
      </trkpt>
      <trkpt lat="20.517256" lon="-100.319194">
        <ele>2108.138336</ele>
        <time>2026-10-02T17:17:34.674Z</time>
      </trkpt>
      <trkpt lat="20.517243" lon="-100.319260">
        <ele>2108.434405</ele>
        <time>2026-10-02T17:17:36.309Z</time>
      </trkpt>
      <trkpt lat="20.517241" lon="-100.319285">
        <ele>2108.544552</ele>
        <time>2026-10-02T17:17:36.917Z</time>
      </trkpt>
      <trkpt lat="20.517235" lon="-100.319326">
        <ele>2108.726720</ele>
        <time>2026-10-02T17:17:37.923Z</time>
      </trkpt>
      <trkpt lat="20.517235" lon="-100.319366">
        <ele>2108.902315</ele>
        <time>2026-10-02T17:17:38.893Z</time>
      </trkpt>
      <trkpt lat="20.517232" lon="-100.319408">
        <ele>2109.087225</ele>
        <time>2026-10-02T17:17:39.914Z</time>
      </trkpt>
      <trkpt lat="20.517217" lon="-100.319469">
        <ele>2109.364083</ele>
        <time>2026-10-02T17:17:41.443Z</time>
      </trkpt>
      <trkpt lat="20.517210" lon="-100.319510">
        <ele>2109.547034</ele>
        <time>2026-10-02T17:17:42.453Z</time>
      </trkpt>
      <trkpt lat="20.517208" lon="-100.319531">
        <ele>2109.639697</ele>
        <time>2026-10-02T17:17:42.965Z</time>
      </trkpt>
      <trkpt lat="20.517210" lon="-100.319589">
        <ele>2109.894482</ele>
        <time>2026-10-02T17:17:44.372Z</time>
      </trkpt>
      <trkpt lat="20.517197" lon="-100.319709">
        <ele>2110.424779</ele>
        <time>2026-10-02T17:17:47.301Z</time>
      </trkpt>
      <trkpt lat="20.517198" lon="-100.319750">
        <ele>2110.604825</ele>
        <time>2026-10-02T17:17:48.296Z</time>
      </trkpt>
      <trkpt lat="20.517195" lon="-100.319832">
        <ele>2110.965069</ele>
        <time>2026-10-02T17:17:50.285Z</time>
      </trkpt>
      <trkpt lat="20.517178" lon="-100.320008">
        <ele>2111.741784</ele>
        <time>2026-10-02T17:17:54.575Z</time>
      </trkpt>
      <trkpt lat="20.517171" lon="-100.320052">
        <ele>2111.937705</ele>
        <time>2026-10-02T17:17:55.657Z</time>
      </trkpt>
      <trkpt lat="20.517151" lon="-100.320137">
        <ele>2112.322440</ele>
        <time>2026-10-02T17:17:57.782Z</time>
      </trkpt>
      <trkpt lat="20.517148" lon="-100.320159">
        <ele>2112.420036</ele>
        <time>2026-10-02T17:17:58.321Z</time>
      </trkpt>
      <trkpt lat="20.517132" lon="-100.320227">
        <ele>2112.735292</ele>
        <time>2026-10-02T17:18:00.022Z</time>
      </trkpt>
      <trkpt lat="20.517121" lon="-100.320315">
        <ele>2113.134557</ele>
        <time>2026-10-02T17:18:02.174Z</time>
      </trkpt>
      <trkpt lat="20.517102" lon="-100.320404">
        <ele>2113.545077</ele>
        <time>2026-10-02T17:18:04.387Z</time>
      </trkpt>
      <trkpt lat="20.517089" lon="-100.320443">
        <ele>2113.731247</ele>
        <time>2026-10-02T17:18:05.391Z</time>
      </trkpt>
      <trkpt lat="20.517077" lon="-100.320486">
        <ele>2113.933030</ele>
        <time>2026-10-02T17:18:06.479Z</time>
      </trkpt>
      <trkpt lat="20.517063" lon="-100.320549">
        <ele>2114.224221</ele>
        <time>2026-10-02T17:18:08.049Z</time>
      </trkpt>
      <trkpt lat="20.517045" lon="-100.320608">
        <ele>2114.503281</ele>
        <time>2026-10-02T17:18:09.553Z</time>
      </trkpt>
      <trkpt lat="20.517031" lon="-100.320687">
        <ele>2114.864866</ele>
        <time>2026-10-02T17:18:11.502Z</time>
      </trkpt>
      <trkpt lat="20.517011" lon="-100.320771">
        <ele>2115.254650</ele>
        <time>2026-10-02T17:18:13.604Z</time>
      </trkpt>
      <trkpt lat="20.517004" lon="-100.320791">
        <ele>2115.350670</ele>
        <time>2026-10-02T17:18:14.121Z</time>
      </trkpt>
      <trkpt lat="20.516995" lon="-100.320831">
        <ele>2115.535678</ele>
        <time>2026-10-02T17:18:15.119Z</time>
      </trkpt>
      <trkpt lat="20.516967" lon="-100.320938">
        <ele>2116.035312</ele>
        <time>2026-10-02T17:18:17.812Z</time>
      </trkpt>
      <trkpt lat="20.516951" lon="-100.320978">
        <ele>2116.230921</ele>
        <time>2026-10-02T17:18:18.867Z</time>
      </trkpt>
      <trkpt lat="20.516930" lon="-100.321016">
        <ele>2116.429349</ele>
        <time>2026-10-02T17:18:19.937Z</time>
      </trkpt>
      <trkpt lat="20.516884" lon="-100.321090">
        <ele>2116.828776</ele>
        <time>2026-10-02T17:18:22.090Z</time>
      </trkpt>
      <trkpt lat="20.516846" lon="-100.321146">
        <ele>2117.139776</ele>
        <time>2026-10-02T17:18:23.767Z</time>
      </trkpt>
      <trkpt lat="20.516835" lon="-100.321165">
        <ele>2117.240232</ele>
        <time>2026-10-02T17:18:24.308Z</time>
      </trkpt>
      <trkpt lat="20.516822" lon="-100.321182">
        <ele>2117.338932</ele>
        <time>2026-10-02T17:18:24.840Z</time>
      </trkpt>
      <trkpt lat="20.516800" lon="-100.321218">
        <ele>2117.532250</ele>
        <time>2026-10-02T17:18:25.882Z</time>
      </trkpt>
      <trkpt lat="20.516779" lon="-100.321257">
        <ele>2117.734563</ele>
        <time>2026-10-02T17:18:26.973Z</time>
      </trkpt>
      <trkpt lat="20.516758" lon="-100.321321">
        <ele>2118.039540</ele>
        <time>2026-10-02T17:18:28.617Z</time>
      </trkpt>
      <trkpt lat="20.516753" lon="-100.321341">
        <ele>2118.132634</ele>
        <time>2026-10-02T17:18:29.119Z</time>
      </trkpt>
      <trkpt lat="20.516745" lon="-100.321361">
        <ele>2118.230438</ele>
        <time>2026-10-02T17:18:29.646Z</time>
      </trkpt>
      <trkpt lat="20.516741" lon="-100.321384">
        <ele>2118.335643</ele>
        <time>2026-10-02T17:18:30.213Z</time>
      </trkpt>
      <trkpt lat="20.516734" lon="-100.321406">
        <ele>2118.440136</ele>
        <time>2026-10-02T17:18:30.776Z</time>
      </trkpt>
      <trkpt lat="20.516697" lon="-100.321507">
        <ele>2118.927869</ele>
        <time>2026-10-02T17:18:33.405Z</time>
      </trkpt>
      <trkpt lat="20.516680" lon="-100.321570">
        <ele>2119.222720</ele>
        <time>2026-10-02T17:18:34.994Z</time>
      </trkpt>
      <trkpt lat="20.516660" lon="-100.321633">
        <ele>2119.521880</ele>
        <time>2026-10-02T17:18:36.606Z</time>
      </trkpt>
      <trkpt lat="20.516639" lon="-100.321676">
        <ele>2119.739974</ele>
        <time>2026-10-02T17:18:37.782Z</time>
      </trkpt>
      <trkpt lat="20.516625" lon="-100.321715">
        <ele>2119.927808</ele>
        <time>2026-10-02T17:18:38.794Z</time>
      </trkpt>
      <trkpt lat="20.516612" lon="-100.321759">
        <ele>2120.135300</ele>
        <time>2026-10-02T17:18:39.912Z</time>
      </trkpt>
      <trkpt lat="20.516569" lon="-100.321882">
        <ele>2120.725741</ele>
        <time>2026-10-02T17:18:43.094Z</time>
      </trkpt>
      <trkpt lat="20.516557" lon="-100.321921">
        <ele>2120.910356</ele>
        <time>2026-10-02T17:18:44.089Z</time>
      </trkpt>
      <trkpt lat="20.516540" lon="-100.321986">
        <ele>2121.162207</ele>
        <time>2026-10-02T17:18:45.724Z</time>
      </trkpt>
      <trkpt lat="20.516527" lon="-100.322077">
        <ele>2121.437922</ele>
        <time>2026-10-02T17:18:47.955Z</time>
      </trkpt>
      <trkpt lat="20.516503" lon="-100.322040">
        <ele>2121.572728</ele>
        <time>2026-10-02T17:18:49.047Z</time>
      </trkpt>
      <trkpt lat="20.516441" lon="-100.322614">
        <ele>2123.303364</ele>
        <time>2026-10-02T17:19:13.136Z</time>
      </trkpt>
      <trkpt lat="20.516471" lon="-100.322988">
        <ele>2124.427668</ele>
        <time>2026-10-02T17:19:28.249Z</time>
      </trkpt>
      <trkpt lat="20.516184" lon="-100.325563">
        <ele>2129.850728</ele>
        <time>2026-10-02T17:21:01.916Z</time>
      </trkpt>
      <trkpt lat="20.515212" lon="-100.327532">
        <ele>2128.197617</ele>
        <time>2026-10-02T17:21:57.147Z</time>
      </trkpt>
      <trkpt lat="20.515472" lon="-100.327683">
        <ele>2127.103587</ele>
        <time>2026-10-02T17:22:02.274Z</time>
      </trkpt>
      <trkpt lat="20.515712" lon="-100.327811">
        <ele>2126.111942</ele>
        <time>2026-10-02T17:22:06.782Z</time>
      </trkpt>
      <trkpt lat="20.515205" lon="-100.329180">
        <ele>2119.577412</ele>
        <time>2026-10-02T17:22:28.714Z</time>
      </trkpt>
      <trkpt lat="20.515158" lon="-100.329484">
        <ele>2117.193454</ele>
        <time>2026-10-02T17:22:33.019Z</time>
      </trkpt>
      <trkpt lat="20.515203" lon="-100.329768">
        <ele>2114.964849</ele>
        <time>2026-10-02T17:22:36.990Z</time>
      </trkpt>
      <trkpt lat="20.515425" lon="-100.330398">
        <ele>2109.756785</ele>
        <time>2026-10-02T17:22:46.121Z</time>
      </trkpt>
      <trkpt lat="20.515849" lon="-100.331979">
        <ele>2092.815591</ele>
        <time>2026-10-02T17:23:07.646Z</time>
      </trkpt>
      <trkpt lat="20.515784" lon="-100.332223">
        <ele>2090.048330</ele>
        <time>2026-10-02T17:23:10.929Z</time>
      </trkpt>
      <trkpt lat="20.515577" lon="-100.332612">
        <ele>2085.254968</ele>
        <time>2026-10-02T17:23:16.733Z</time>
      </trkpt>
      <trkpt lat="20.515530" lon="-100.332763">
        <ele>2083.644864</ele>
        <time>2026-10-02T17:23:18.712Z</time>
      </trkpt>
      <trkpt lat="20.515314" lon="-100.333844">
        <ele>2072.460290</ele>
        <time>2026-10-02T17:23:33.245Z</time>
      </trkpt>
      <trkpt lat="20.515253" lon="-100.334642">
        <ele>2064.628729</ele>
        <time>2026-10-02T17:23:44.056Z</time>
      </trkpt>
      <trkpt lat="20.515277" lon="-100.334910">
        <ele>2062.189644</ele>
        <time>2026-10-02T17:23:47.690Z</time>
      </trkpt>
      <trkpt lat="20.515331" lon="-100.335170">
        <ele>2059.776889</ele>
        <time>2026-10-02T17:23:51.292Z</time>
      </trkpt>
      <trkpt lat="20.515897" lon="-100.337023">
        <ele>2041.130803</ele>
        <time>2026-10-02T17:24:17.292Z</time>
      </trkpt>
      <trkpt lat="20.516090" lon="-100.338135">
        <ele>2029.543048</ele>
        <time>2026-10-02T17:24:32.054Z</time>
      </trkpt>
      <trkpt lat="20.516083" lon="-100.338298">
        <ele>2027.991135</ele>
        <time>2026-10-02T17:24:34.189Z</time>
      </trkpt>
      <trkpt lat="20.516064" lon="-100.338417">
        <ele>2026.843003</ele>
        <time>2026-10-02T17:24:35.689Z</time>
      </trkpt>
      <trkpt lat="20.516027" lon="-100.338615">
        <ele>2024.922717</ele>
        <time>2026-10-02T17:24:38.336Z</time>
      </trkpt>
      <trkpt lat="20.515671" lon="-100.339804">
        <ele>2013.050371</ele>
        <time>2026-10-02T17:24:54.918Z</time>
      </trkpt>
      <trkpt lat="20.515548" lon="-100.340141">
        <ele>2010.769627</ele>
        <time>2026-10-02T17:24:59.868Z</time>
      </trkpt>
      <trkpt lat="20.515133" lon="-100.341104">
        <ele>2006.682662</ele>
        <time>2026-10-02T17:25:15.434Z</time>
      </trkpt>
      <trkpt lat="20.515107" lon="-100.341193">
        <ele>2006.323223</ele>
        <time>2026-10-02T17:25:16.908Z</time>
      </trkpt>
      <trkpt lat="20.514660" lon="-100.342740">
        <ele>2005.302842</ele>
        <time>2026-10-02T17:25:53.908Z</time>
      </trkpt>
      <trkpt lat="20.514336" lon="-100.343678">
        <ele>2006.508189</ele>
        <time>2026-10-02T17:26:22.776Z</time>
      </trkpt>
      <trkpt lat="20.514273" lon="-100.343859">
        <ele>2006.888235</ele>
        <time>2026-10-02T17:26:28.504Z</time>
      </trkpt>
      <trkpt lat="20.513822" lon="-100.345147">
        <ele>2009.594633</ele>
        <time>2026-10-02T17:27:09.482Z</time>
      </trkpt>
      <trkpt lat="20.513405" lon="-100.346297">
        <ele>2011.363575</ele>
        <time>2026-10-02T17:27:44.417Z</time>
      </trkpt>
      <trkpt lat="20.513115" lon="-100.347074">
        <ele>2012.468499</ele>
        <time>2026-10-02T17:28:06.441Z</time>
      </trkpt>
      <trkpt lat="20.512778" lon="-100.348024">
        <ele>2010.797589</ele>
        <time>2026-10-02T17:28:29.733Z</time>
      </trkpt>
      <trkpt lat="20.512407" lon="-100.349066">
        <ele>2007.934876</ele>
        <time>2026-10-02T17:28:47.248Z</time>
      </trkpt>
      <trkpt lat="20.511984" lon="-100.348964">
        <ele>2004.503782</ele>
        <time>2026-10-02T17:28:53.622Z</time>
      </trkpt>
      <trkpt lat="20.510591" lon="-100.348631">
        <ele>1993.937238</ele>
        <time>2026-10-02T17:29:14.096Z</time>
      </trkpt>
      <trkpt lat="20.510486" lon="-100.348936">
        <ele>1992.655726</ele>
        <time>2026-10-02T17:29:18.734Z</time>
      </trkpt>
      <trkpt lat="20.509732" lon="-100.350667">
        <ele>1986.383254</ele>
        <time>2026-10-02T17:29:50.556Z</time>
      </trkpt>
      <trkpt lat="20.508915" lon="-100.352657">
        <ele>1983.048246</ele>
        <time>2026-10-02T17:30:30.457Z</time>
      </trkpt>
      <trkpt lat="20.508761" lon="-100.353032">
        <ele>1982.426669</ele>
        <time>2026-10-02T17:30:37.848Z</time>
      </trkpt>
      <trkpt lat="20.505464" lon="-100.361059">
        <ele>1966.564878</ele>
        <time>2026-10-02T17:33:09.052Z</time>
      </trkpt>
      <trkpt lat="20.505228" lon="-100.361662">
        <ele>1965.926278</ele>
        <time>2026-10-02T17:33:20.805Z</time>
      </trkpt>
      <trkpt lat="20.505198" lon="-100.361748">
        <ele>1965.836603</ele>
        <time>2026-10-02T17:33:22.519Z</time>
      </trkpt>
      <trkpt lat="20.505161" lon="-100.361928">
        <ele>1965.656528</ele>
        <time>2026-10-02T17:33:26.099Z</time>
      </trkpt>
      <trkpt lat="20.505107" lon="-100.362321">
        <ele>1965.268393</ele>
        <time>2026-10-02T17:33:34.191Z</time>
      </trkpt>
      <trkpt lat="20.505074" lon="-100.362873">
        <ele>1965.144670</ele>
        <time>2026-10-02T17:33:46.199Z</time>
      </trkpt>
      <trkpt lat="20.504954" lon="-100.366098">
        <ele>1966.462078</ele>
        <time>2026-10-02T17:35:02.771Z</time>
      </trkpt>
      <trkpt lat="20.504883" lon="-100.367598">
        <ele>1966.376999</ele>
        <time>2026-10-02T17:35:36.336Z</time>
      </trkpt>
      <trkpt lat="20.504879" lon="-100.367695">
        <ele>1966.359187</ele>
        <time>2026-10-02T17:35:38.357Z</time>
      </trkpt>
      <trkpt lat="20.504698" lon="-100.371950">
        <ele>1963.454888</ele>
        <time>2026-10-02T17:36:59.904Z</time>
      </trkpt>
      <trkpt lat="20.504694" lon="-100.372053">
        <ele>1963.383096</ele>
        <time>2026-10-02T17:37:01.960Z</time>
      </trkpt>
      <trkpt lat="20.504659" lon="-100.372815">
        <ele>1963.627750</ele>
        <time>2026-10-02T17:37:18.249Z</time>
      </trkpt>
      <trkpt lat="20.504501" lon="-100.376589">
        <ele>1965.780058</ele>
        <time>2026-10-02T17:38:53.675Z</time>
      </trkpt>
      <trkpt lat="20.504497" lon="-100.376827">
        <ele>1965.730817</ele>
        <time>2026-10-02T17:38:58.294Z</time>
      </trkpt>
      <trkpt lat="20.504473" lon="-100.377366">
        <ele>1965.619194</ele>
        <time>2026-10-02T17:39:08.544Z</time>
      </trkpt>
      <trkpt lat="20.504474" lon="-100.377467">
        <ele>1965.598300</ele>
        <time>2026-10-02T17:39:10.417Z</time>
      </trkpt>
      <trkpt lat="20.504308" lon="-100.380638">
        <ele>1963.054245</ele>
        <time>2026-10-02T17:40:13.970Z</time>
      </trkpt>
      <trkpt lat="20.504306" lon="-100.380733">
        <ele>1962.884587</ele>
        <time>2026-10-02T17:40:15.616Z</time>
      </trkpt>
      <trkpt lat="20.504303" lon="-100.380771">
        <ele>1962.816500</ele>
        <time>2026-10-02T17:40:16.281Z</time>
      </trkpt>
      <trkpt lat="20.504183" lon="-100.381288">
        <ele>1961.865513</ele>
        <time>2026-10-02T17:40:25.134Z</time>
      </trkpt>
      <trkpt lat="20.503945" lon="-100.381767">
        <ele>1960.827054</ele>
        <time>2026-10-02T17:40:33.644Z</time>
      </trkpt>
      <trkpt lat="20.503100" lon="-100.383147">
        <ele>1956.693615</ele>
        <time>2026-10-02T17:40:59.680Z</time>
      </trkpt>
      <trkpt lat="20.503043" lon="-100.383229">
        <ele>1956.437607</ele>
        <time>2026-10-02T17:41:01.544Z</time>
      </trkpt>
      <trkpt lat="20.502336" lon="-100.384364">
        <ele>1957.832535</ele>
        <time>2026-10-02T17:41:38.814Z</time>
      </trkpt>
      <trkpt lat="20.501923" lon="-100.384938">
        <ele>1958.735465</ele>
        <time>2026-10-02T17:42:01.749Z</time>
      </trkpt>
      <trkpt lat="20.501797" lon="-100.385102">
        <ele>1959.038605</ele>
        <time>2026-10-02T17:42:07.903Z</time>
      </trkpt>
      <trkpt lat="20.501646" lon="-100.385293">
        <ele>1959.395806</ele>
        <time>2026-10-02T17:42:14.770Z</time>
      </trkpt>
      <trkpt lat="20.500961" lon="-100.386157">
        <ele>1961.013544</ele>
        <time>2026-10-02T17:42:44.178Z</time>
      </trkpt>
      <trkpt lat="20.500799" lon="-100.386362">
        <ele>1961.405941</ele>
        <time>2026-10-02T17:42:51.219Z</time>
      </trkpt>
      <trkpt lat="20.500920" lon="-100.386689">
        <ele>1961.995664</ele>
        <time>2026-10-02T17:43:00.499Z</time>
      </trkpt>
      <trkpt lat="20.501209" lon="-100.387332">
        <ele>1963.191900</ele>
        <time>2026-10-02T17:43:20.472Z</time>
      </trkpt>
      <trkpt lat="20.501533" lon="-100.388295">
        <ele>1964.992948</ele>
        <time>2026-10-02T17:43:49.439Z</time>
      </trkpt>
      <trkpt lat="20.501610" lon="-100.388507">
        <ele>1965.468661</ele>
        <time>2026-10-02T17:43:55.793Z</time>
      </trkpt>
      <trkpt lat="20.502312" lon="-100.390409">
        <ele>1970.276749</ele>
        <time>2026-10-02T17:44:55.716Z</time>
      </trkpt>
      <trkpt lat="20.502416" lon="-100.390600">
        <ele>1970.950052</ele>
        <time>2026-10-02T17:45:03.312Z</time>
      </trkpt>
      <trkpt lat="20.502484" lon="-100.390658">
        <ele>1971.233243</ele>
        <time>2026-10-02T17:45:06.539Z</time>
      </trkpt>
      <trkpt lat="20.502581" lon="-100.390696">
        <ele>1971.569429</ele>
        <time>2026-10-02T17:45:10.347Z</time>
      </trkpt>
      <trkpt lat="20.502684" lon="-100.390712">
        <ele>1971.908090</ele>
        <time>2026-10-02T17:45:14.147Z</time>
      </trkpt>
      <trkpt lat="20.502933" lon="-100.390634">
        <ele>1972.752417</ele>
        <time>2026-10-02T17:45:24.079Z</time>
      </trkpt>
      <trkpt lat="20.503176" lon="-100.390487">
        <ele>1973.661169</ele>
        <time>2026-10-02T17:45:34.862Z</time>
      </trkpt>
      <trkpt lat="20.503401" lon="-100.390321">
        <ele>1974.546902</ele>
        <time>2026-10-02T17:45:45.504Z</time>
      </trkpt>
      <trkpt lat="20.503599" lon="-100.390134">
        <ele>1975.376272</ele>
        <time>2026-10-02T17:45:55.846Z</time>
      </trkpt>
      <trkpt lat="20.508231" lon="-100.385157">
        <ele>1997.649194</ele>
        <time>2026-10-02T17:49:48.989Z</time>
      </trkpt>
      <trkpt lat="20.508402" lon="-100.384982">
        <ele>1998.658057</ele>
        <time>2026-10-02T17:50:01.205Z</time>
      </trkpt>
      <trkpt lat="20.508592" lon="-100.384860">
        <ele>2000.207487</ele>
        <time>2026-10-02T17:50:13.413Z</time>
      </trkpt>
      <trkpt lat="20.508795" lon="-100.384780">
        <ele>2002.094644</ele>
        <time>2026-10-02T17:50:26.183Z</time>
      </trkpt>
      <trkpt lat="20.509038" lon="-100.384740">
        <ele>2004.238935</ele>
        <time>2026-10-02T17:50:41.495Z</time>
      </trkpt>
      <trkpt lat="20.509908" lon="-100.384725">
        <ele>2011.827368</ele>
        <time>2026-10-02T17:51:38.397Z</time>
      </trkpt>
      <trkpt lat="20.510388" lon="-100.384805">
        <ele>2015.284136</ele>
        <time>2026-10-02T17:52:05.863Z</time>
      </trkpt>
      <trkpt lat="20.510593" lon="-100.384878">
        <ele>2016.082266</ele>
        <time>2026-10-02T17:52:16.663Z</time>
      </trkpt>
      <trkpt lat="20.513212" lon="-100.385953">
        <ele>2024.082185</ele>
        <time>2026-10-02T17:53:46.193Z</time>
      </trkpt>
      <trkpt lat="20.513740" lon="-100.386042">
        <ele>2025.274511</ele>
        <time>2026-10-02T17:54:00.811Z</time>
      </trkpt>
      <trkpt lat="20.514779" lon="-100.385987">
        <ele>2028.555938</ele>
        <time>2026-10-02T17:54:33.567Z</time>
      </trkpt>
      <trkpt lat="20.515333" lon="-100.386082">
        <ele>2030.325859</ele>
        <time>2026-10-02T17:54:56.359Z</time>
      </trkpt>
      <trkpt lat="20.516690" lon="-100.386444">
        <ele>2040.284783</ele>
        <time>2026-10-02T17:56:07.048Z</time>
      </trkpt>
      <trkpt lat="20.516792" lon="-100.386443">
        <ele>2041.036542</ele>
        <time>2026-10-02T17:56:12.996Z</time>
      </trkpt>
      <trkpt lat="20.516915" lon="-100.386398">
        <ele>2041.994775</ele>
        <time>2026-10-02T17:56:20.687Z</time>
      </trkpt>
      <trkpt lat="20.517029" lon="-100.386324">
        <ele>2042.978021</ele>
        <time>2026-10-02T17:56:28.718Z</time>
      </trkpt>
      <trkpt lat="20.517112" lon="-100.386234">
        <ele>2043.852078</ele>
        <time>2026-10-02T17:56:35.992Z</time>
      </trkpt>
      <trkpt lat="20.518016" lon="-100.384872">
        <ele>2059.182676</ele>
        <time>2026-10-02T17:58:16.583Z</time>
      </trkpt>
      <trkpt lat="20.518378" lon="-100.384579">
        <ele>2063.331087</ele>
        <time>2026-10-02T17:58:44.298Z</time>
      </trkpt>
      <trkpt lat="20.518734" lon="-100.384389">
        <ele>2066.680360</ele>
        <time>2026-10-02T17:59:07.491Z</time>
      </trkpt>
      <trkpt lat="20.518956" lon="-100.384306">
        <ele>2068.659784</ele>
        <time>2026-10-02T17:59:20.809Z</time>
      </trkpt>
      <trkpt lat="20.521748" lon="-100.383395">
        <ele>2091.730493</ele>
        <time>2026-10-02T18:02:00.473Z</time>
      </trkpt>
      <trkpt lat="20.522572" lon="-100.383099">
        <ele>2097.066228</ele>
        <time>2026-10-02T18:02:46.474Z</time>
      </trkpt>
      <trkpt lat="20.523188" lon="-100.382918">
        <ele>2100.987394</ele>
        <time>2026-10-02T18:03:15.918Z</time>
      </trkpt>
      <trkpt lat="20.523487" lon="-100.382876">
        <ele>2100.902757</ele>
        <time>2026-10-02T18:03:27.015Z</time>
      </trkpt>
      <trkpt lat="20.523769" lon="-100.382876">
        <ele>2099.707885</ele>
        <time>2026-10-02T18:03:34.591Z</time>
      </trkpt>
      <trkpt lat="20.524064" lon="-100.382912">
        <ele>2098.449793</ele>
        <time>2026-10-02T18:03:40.379Z</time>
      </trkpt>
      <trkpt lat="20.524408" lon="-100.382981">
        <ele>2096.966725</ele>
        <time>2026-10-02T18:03:46.195Z</time>
      </trkpt>
      <trkpt lat="20.527082" lon="-100.383768">
        <ele>2069.146284</ele>
        <time>2026-10-02T18:04:25.191Z</time>
      </trkpt>
      <trkpt lat="20.528411" lon="-100.384096">
        <ele>2047.903279</ele>
        <time>2026-10-02T18:04:43.483Z</time>
      </trkpt>
      <trkpt lat="20.529499" lon="-100.384451">
        <ele>2032.073654</ele>
        <time>2026-10-02T18:04:58.863Z</time>
      </trkpt>
      <trkpt lat="20.529745" lon="-100.384562">
        <ele>2028.421261</ele>
        <time>2026-10-02T18:05:02.547Z</time>
      </trkpt>
      <trkpt lat="20.530042" lon="-100.384749">
        <ele>2023.705887</ele>
        <time>2026-10-02T18:05:07.376Z</time>
      </trkpt>
      <trkpt lat="20.530201" lon="-100.384816">
        <ele>2021.368174</ele>
        <time>2026-10-02T18:05:09.796Z</time>
      </trkpt>
      <trkpt lat="20.530945" lon="-100.384845">
        <ele>2015.656537</ele>
        <time>2026-10-02T18:05:20.641Z</time>
      </trkpt>
      <trkpt lat="20.531745" lon="-100.384989">
        <ele>2009.573042</ele>
        <time>2026-10-02T18:05:32.966Z</time>
      </trkpt>
      <trkpt lat="20.534117" lon="-100.385649">
        <ele>1993.575415</ele>
        <time>2026-10-02T18:06:10.743Z</time>
      </trkpt>
      <trkpt lat="20.535914" lon="-100.386088">
        <ele>1978.717990</ele>
        <time>2026-10-02T18:06:37.528Z</time>
      </trkpt>
      <trkpt lat="20.536071" lon="-100.386198">
        <ele>1977.189886</ele>
        <time>2026-10-02T18:06:40.178Z</time>
      </trkpt>
      <trkpt lat="20.536204" lon="-100.386230">
        <ele>1976.080414</ele>
        <time>2026-10-02T18:06:42.010Z</time>
      </trkpt>
      <trkpt lat="20.536979" lon="-100.386426">
        <ele>1969.599091</ele>
        <time>2026-10-02T18:06:52.931Z</time>
      </trkpt>
      <trkpt lat="20.537063" lon="-100.386448">
        <ele>1968.895249</ele>
        <time>2026-10-02T18:06:54.160Z</time>
      </trkpt>
      <trkpt lat="20.537209" lon="-100.386487">
        <ele>1967.670509</ele>
        <time>2026-10-02T18:06:56.303Z</time>
      </trkpt>
      <trkpt lat="20.539823" lon="-100.387218">
        <ele>1966.081210</ele>
        <time>2026-10-02T18:07:49.937Z</time>
      </trkpt>
      <trkpt lat="20.539937" lon="-100.387273">
        <ele>1966.293146</ele>
        <time>2026-10-02T18:07:54.225Z</time>
      </trkpt>
      <trkpt lat="20.540990" lon="-100.386154">
        <ele>1971.035404</ele>
        <time>2026-10-02T18:08:52.764Z</time>
      </trkpt>
      <trkpt lat="20.541017" lon="-100.385925">
        <ele>1972.080967</ele>
        <time>2026-10-02T18:09:04.910Z</time>
      </trkpt>
      <trkpt lat="20.541491" lon="-100.385397">
        <ele>1975.394396</ele>
        <time>2026-10-02T18:09:43.878Z</time>
      </trkpt>
      <trkpt lat="20.542641" lon="-100.384144">
        <ele>1984.728526</ele>
        <time>2026-10-02T18:11:24.347Z</time>
      </trkpt>
      <trkpt lat="20.542661" lon="-100.384123">
        <ele>1984.890967</ele>
        <time>2026-10-02T18:11:26.138Z</time>
      </trkpt>
      <trkpt lat="20.542878" lon="-100.383848">
        <ele>1986.755033</ele>
        <time>2026-10-02T18:11:47.799Z</time>
      </trkpt>
      <trkpt lat="20.542927" lon="-100.383763">
        <ele>1986.882829</ele>
        <time>2026-10-02T18:11:53.690Z</time>
      </trkpt>
      <trkpt lat="20.543134" lon="-100.383588">
        <ele>1987.243805</ele>
        <time>2026-10-02T18:12:08.550Z</time>
      </trkpt>
      <trkpt lat="20.543300" lon="-100.383285">
        <ele>1987.693259</ele>
        <time>2026-10-02T18:12:23.466Z</time>
      </trkpt>
      <trkpt lat="20.543444" lon="-100.383166">
        <ele>1987.942210</ele>
        <time>2026-10-02T18:12:31.152Z</time>
      </trkpt>
      <trkpt lat="20.543497" lon="-100.383072">
        <ele>1988.082693</ele>
        <time>2026-10-02T18:12:33.918Z</time>
      </trkpt>
      <trkpt lat="20.543573" lon="-100.382964">
        <ele>1988.255659</ele>
        <time>2026-10-02T18:12:37.093Z</time>
      </trkpt>
      <trkpt lat="20.543595" lon="-100.382927">
        <ele>1988.311774</ele>
        <time>2026-10-02T18:12:38.241Z</time>
      </trkpt>
      <trkpt lat="20.543723" lon="-100.383043">
        <ele>1988.541307</ele>
        <time>2026-10-02T18:12:42.094Z</time>
      </trkpt>
      <trkpt lat="20.544000" lon="-100.383302">
        <ele>1989.044694</ele>
        <time>2026-10-02T18:12:49.086Z</time>
      </trkpt>
      <trkpt lat="20.544365" lon="-100.383573">
        <ele>1988.228535</ele>
        <time>2026-10-02T18:12:56.372Z</time>
      </trkpt>
      <trkpt lat="20.544463" lon="-100.383616">
        <ele>1987.929692</ele>
        <time>2026-10-02T18:12:58.050Z</time>
      </trkpt>
      <trkpt lat="20.544688" lon="-100.383625">
        <ele>1987.294606</ele>
        <time>2026-10-02T18:13:01.521Z</time>
      </trkpt>
      <trkpt lat="20.544860" lon="-100.383617">
        <ele>1986.808999</ele>
        <time>2026-10-02T18:13:04.278Z</time>
      </trkpt>
      <trkpt lat="20.545240" lon="-100.383596">
        <ele>1985.735728</ele>
        <time>2026-10-02T18:13:10.852Z</time>
      </trkpt>
      <trkpt lat="20.545695" lon="-100.383574">
        <ele>1984.451029</ele>
        <time>2026-10-02T18:13:18.344Z</time>
      </trkpt>
      <trkpt lat="20.545809" lon="-100.383568">
        <ele>1984.129088</ele>
        <time>2026-10-02T18:13:20.192Z</time>
      </trkpt>
      <trkpt lat="20.546564" lon="-100.383550">
        <ele>1982.993701</ele>
        <time>2026-10-02T18:13:33.008Z</time>
      </trkpt>
      <trkpt lat="20.546564" lon="-100.383550">
        <ele>1982.993701</ele>
        <time>2026-10-02T18:13:33.019Z</time>
      </trkpt>
      <trkpt lat="20.546563" lon="-100.383514">
        <ele>1982.943307</ele>
        <time>2026-10-02T18:13:33.892Z</time>
      </trkpt>
      <trkpt lat="20.546567" lon="-100.383517">
        <ele>1982.936004</ele>
        <time>2026-10-02T18:13:34.018Z</time>
      </trkpt>
      <trkpt lat="20.546600" lon="-100.383520">
        <ele>1982.886515</ele>
        <time>2026-10-02T18:13:34.875Z</time>
      </trkpt>
      <trkpt lat="20.546600" lon="-100.383517">
        <ele>1982.882318</ele>
        <time>2026-10-02T18:13:34.947Z</time>
      </trkpt>
      <trkpt lat="20.546597" lon="-100.383516">
        <ele>1982.877622</ele>
        <time>2026-10-02T18:13:35.029Z</time>
      </trkpt>
      <trkpt lat="20.546594" lon="-100.383508">
        <ele>1982.865564</ele>
        <time>2026-10-02T18:13:35.237Z</time>
      </trkpt>
      <trkpt lat="20.546594" lon="-100.383502">
        <ele>1982.857169</ele>
        <time>2026-10-02T18:13:35.383Z</time>
      </trkpt>
      <trkpt lat="20.546590" lon="-100.383491">
        <ele>1982.840658</ele>
        <time>2026-10-02T18:13:35.668Z</time>
      </trkpt>
      <trkpt lat="20.546587" lon="-100.383490">
        <ele>1982.835962</ele>
        <time>2026-10-02T18:13:35.750Z</time>
      </trkpt>
      <trkpt lat="20.546593" lon="-100.383493">
        <ele>1982.826062</ele>
        <time>2026-10-02T18:13:35.921Z</time>
      </trkpt>
      <trkpt lat="20.546597" lon="-100.383493">
        <ele>1982.820085</ele>
        <time>2026-10-02T18:13:36.025Z</time>
      </trkpt>
      <trkpt lat="20.546595" lon="-100.383496">
        <ele>1982.814932</ele>
        <time>2026-10-02T18:13:36.114Z</time>
      </trkpt>
      <trkpt lat="20.546594" lon="-100.383491">
        <ele>1982.807779</ele>
        <time>2026-10-02T18:13:36.238Z</time>
      </trkpt>
      <trkpt lat="20.546590" lon="-100.383489">
        <ele>1982.801179</ele>
        <time>2026-10-02T18:13:36.352Z</time>
      </trkpt>
      <trkpt lat="20.546592" lon="-100.383490">
        <ele>1982.797879</ele>
        <time>2026-10-02T18:13:36.409Z</time>
      </trkpt>
      <trkpt lat="20.546596" lon="-100.383485">
        <ele>1982.788678</ele>
        <time>2026-10-02T18:13:36.568Z</time>
      </trkpt>
      <trkpt lat="20.546603" lon="-100.383481">
        <ele>1982.776815</ele>
        <time>2026-10-02T18:13:36.774Z</time>
      </trkpt>
      <trkpt lat="20.546608" lon="-100.383485">
        <ele>1982.767480</ele>
        <time>2026-10-02T18:13:36.935Z</time>
      </trkpt>
      <trkpt lat="20.546614" lon="-100.383464">
        <ele>1982.736759</ele>
        <time>2026-10-02T18:13:37.467Z</time>
      </trkpt>
      <trkpt lat="20.546618" lon="-100.383459">
        <ele>1982.727558</ele>
        <time>2026-10-02T18:13:37.626Z</time>
      </trkpt>
      <trkpt lat="20.546622" lon="-100.383443">
        <ele>1982.704386</ele>
        <time>2026-10-02T18:13:38.027Z</time>
      </trkpt>
      <trkpt lat="20.546624" lon="-100.383443">
        <ele>1982.701398</ele>
        <time>2026-10-02T18:13:38.079Z</time>
      </trkpt>
      <trkpt lat="20.546623" lon="-100.383435">
        <ele>1982.690105</ele>
        <time>2026-10-02T18:13:38.274Z</time>
      </trkpt>
      <trkpt lat="20.546619" lon="-100.383434">
        <ele>1982.683966</ele>
        <time>2026-10-02T18:13:38.381Z</time>
      </trkpt>
      <trkpt lat="20.546617" lon="-100.383425">
        <ele>1982.671024</ele>
        <time>2026-10-02T18:13:38.605Z</time>
      </trkpt>
      <trkpt lat="20.546613" lon="-100.383422">
        <ele>1982.663720</ele>
        <time>2026-10-02T18:13:38.731Z</time>
      </trkpt>
      <trkpt lat="20.546621" lon="-100.383424">
        <ele>1982.651443</ele>
        <time>2026-10-02T18:13:38.943Z</time>
      </trkpt>
      <trkpt lat="20.546623" lon="-100.383426">
        <ele>1982.647349</ele>
        <time>2026-10-02T18:13:39.014Z</time>
      </trkpt>
      <trkpt lat="20.546624" lon="-100.383396">
        <ele>1982.605346</ele>
        <time>2026-10-02T18:13:39.741Z</time>
      </trkpt>
      <trkpt lat="20.546628" lon="-100.383398">
        <ele>1982.598747</ele>
        <time>2026-10-02T18:13:39.856Z</time>
      </trkpt>
      <trkpt lat="20.546629" lon="-100.383395">
        <ele>1982.594291</ele>
        <time>2026-10-02T18:13:39.933Z</time>
      </trkpt>
      <trkpt lat="20.546640" lon="-100.383398">
        <ele>1982.577327</ele>
        <time>2026-10-02T18:13:40.226Z</time>
      </trkpt>
      <trkpt lat="20.546643" lon="-100.383401">
        <ele>1982.571186</ele>
        <time>2026-10-02T18:13:40.333Z</time>
      </trkpt>
      <trkpt lat="20.546644" lon="-100.383405">
        <ele>1982.565393</ele>
        <time>2026-10-02T18:13:40.433Z</time>
      </trkpt>
      <trkpt lat="20.546642" lon="-100.383404">
        <ele>1982.562093</ele>
        <time>2026-10-02T18:13:40.490Z</time>
      </trkpt>
      <trkpt lat="20.546646" lon="-100.383403">
        <ele>1982.555954</ele>
        <time>2026-10-02T18:13:40.596Z</time>
      </trkpt>
      <trkpt lat="20.546644" lon="-100.383400">
        <ele>1982.550802</ele>
        <time>2026-10-02T18:13:40.685Z</time>
      </trkpt>
      <trkpt lat="20.546645" lon="-100.383405">
        <ele>1982.543648</ele>
        <time>2026-10-02T18:13:40.809Z</time>
      </trkpt>
      <trkpt lat="20.546643" lon="-100.383412">
        <ele>1982.533408</ele>
        <time>2026-10-02T18:13:40.986Z</time>
      </trkpt>
      <trkpt lat="20.546647" lon="-100.383402">
        <ele>1982.518193</ele>
        <time>2026-10-02T18:13:41.250Z</time>
      </trkpt>
      <trkpt lat="20.546612" lon="-100.383400">
        <ele>1982.465819</ele>
        <time>2026-10-02T18:13:42.156Z</time>
      </trkpt>
      <trkpt lat="20.546616" lon="-100.383409">
        <ele>1982.451880</ele>
        <time>2026-10-02T18:13:42.397Z</time>
      </trkpt>
      <trkpt lat="20.546616" lon="-100.383407">
        <ele>1982.449081</ele>
        <time>2026-10-02T18:13:42.446Z</time>
      </trkpt>
      <trkpt lat="20.546615" lon="-100.383411">
        <ele>1982.443289</ele>
        <time>2026-10-02T18:13:42.546Z</time>
      </trkpt>
      <trkpt lat="20.546605" lon="-100.383405">
        <ele>1982.426149</ele>
        <time>2026-10-02T18:13:42.843Z</time>
      </trkpt>
      <trkpt lat="20.546603" lon="-100.383401">
        <ele>1982.419805</ele>
        <time>2026-10-02T18:13:42.952Z</time>
      </trkpt>
      <trkpt lat="20.546597" lon="-100.383399">
        <ele>1982.410413</ele>
        <time>2026-10-02T18:13:43.115Z</time>
      </trkpt>
      <trkpt lat="20.546597" lon="-100.383395">
        <ele>1982.404816</ele>
        <time>2026-10-02T18:13:43.212Z</time>
      </trkpt>
      <trkpt lat="20.546605" lon="-100.383398">
        <ele>1982.392146</ele>
        <time>2026-10-02T18:13:43.431Z</time>
      </trkpt>
      <trkpt lat="20.546608" lon="-100.383402">
        <ele>1982.384976</ele>
        <time>2026-10-02T18:13:43.555Z</time>
      </trkpt>
      <trkpt lat="20.546614" lon="-100.383404">
        <ele>1982.375583</ele>
        <time>2026-10-02T18:13:43.718Z</time>
      </trkpt>
      <trkpt lat="20.546605" lon="-100.383397">
        <ele>1982.358947</ele>
        <time>2026-10-02T18:13:44.006Z</time>
      </trkpt>
      <trkpt lat="20.546600" lon="-100.383388">
        <ele>1982.344304</ele>
        <time>2026-10-02T18:13:44.259Z</time>
      </trkpt>
      <trkpt lat="20.546587" lon="-100.383373">
        <ele>1982.315707</ele>
        <time>2026-10-02T18:13:44.754Z</time>
      </trkpt>
      <trkpt lat="20.546588" lon="-100.383378">
        <ele>1982.308553</ele>
        <time>2026-10-02T18:13:44.878Z</time>
      </trkpt>
      <trkpt lat="20.546592" lon="-100.383384">
        <ele>1982.298247</ele>
        <time>2026-10-02T18:13:45.056Z</time>
      </trkpt>
      <trkpt lat="20.546592" lon="-100.383379">
        <ele>1982.291251</ele>
        <time>2026-10-02T18:13:45.177Z</time>
      </trkpt>
      <trkpt lat="20.546596" lon="-100.383378">
        <ele>1982.285113</ele>
        <time>2026-10-02T18:13:45.284Z</time>
      </trkpt>
      <trkpt lat="20.546600" lon="-100.383380">
        <ele>1982.278513</ele>
        <time>2026-10-02T18:13:45.398Z</time>
      </trkpt>
      <trkpt lat="20.546606" lon="-100.383371">
        <ele>1982.263055</ele>
        <time>2026-10-02T18:13:45.665Z</time>
      </trkpt>
      <trkpt lat="20.546609" lon="-100.383370">
        <ele>1982.258359</ele>
        <time>2026-10-02T18:13:45.747Z</time>
      </trkpt>
      <trkpt lat="20.546607" lon="-100.383366">
        <ele>1982.252014</ele>
        <time>2026-10-02T18:13:45.856Z</time>
      </trkpt>
      <trkpt lat="20.546604" lon="-100.383364">
        <ele>1982.246730</ele>
        <time>2026-10-02T18:13:45.948Z</time>
      </trkpt>
      <trkpt lat="20.546605" lon="-100.383362">
        <ele>1982.243557</ele>
        <time>2026-10-02T18:13:46.003Z</time>
      </trkpt>
      <trkpt lat="20.546604" lon="-100.383365">
        <ele>1982.239102</ele>
        <time>2026-10-02T18:13:46.080Z</time>
      </trkpt>
      <trkpt lat="20.546606" lon="-100.383368">
        <ele>1982.233949</ele>
        <time>2026-10-02T18:13:46.169Z</time>
      </trkpt>
      <trkpt lat="20.546602" lon="-100.383368">
        <ele>1982.227972</ele>
        <time>2026-10-02T18:13:46.273Z</time>
      </trkpt>
      <trkpt lat="20.546603" lon="-100.383370">
        <ele>1982.224800</ele>
        <time>2026-10-02T18:13:46.327Z</time>
      </trkpt>
      <trkpt lat="20.546598" lon="-100.383374">
        <ele>1982.215464</ele>
        <time>2026-10-02T18:13:46.489Z</time>
      </trkpt>
      <trkpt lat="20.546600" lon="-100.383369">
        <ele>1982.207857</ele>
        <time>2026-10-02T18:13:46.621Z</time>
      </trkpt>
      <trkpt lat="20.546603" lon="-100.383369">
        <ele>1982.203374</ele>
        <time>2026-10-02T18:13:46.698Z</time>
      </trkpt>
      <trkpt lat="20.546602" lon="-100.383346">
        <ele>1982.171158</ele>
        <time>2026-10-02T18:13:47.256Z</time>
      </trkpt>
      <trkpt lat="20.546607" lon="-100.383340">
        <ele>1982.159920</ele>
        <time>2026-10-02T18:13:47.450Z</time>
      </trkpt>
      <trkpt lat="20.546606" lon="-100.383338">
        <ele>1982.156747</ele>
        <time>2026-10-02T18:13:47.505Z</time>
      </trkpt>
      <trkpt lat="20.546612" lon="-100.383306">
        <ele>1982.111084</ele>
        <time>2026-10-02T18:13:48.295Z</time>
      </trkpt>
      <trkpt lat="20.546612" lon="-100.383298">
        <ele>1982.099891</ele>
        <time>2026-10-02T18:13:48.489Z</time>
      </trkpt>
      <trkpt lat="20.546610" lon="-100.383295">
        <ele>1982.094738</ele>
        <time>2026-10-02T18:13:48.578Z</time>
      </trkpt>
      <trkpt lat="20.546627" lon="-100.383311">
        <ele>1982.060879</ele>
        <time>2026-10-02T18:13:49.164Z</time>
      </trkpt>
      <trkpt lat="20.546615" lon="-100.383309">
        <ele>1982.042731</ele>
        <time>2026-10-02T18:13:49.478Z</time>
      </trkpt>
      <trkpt lat="20.546619" lon="-100.383310">
        <ele>1982.036592</ele>
        <time>2026-10-02T18:13:49.585Z</time>
      </trkpt>
      <trkpt lat="20.546620" lon="-100.383300">
        <ele>1982.022521</ele>
        <time>2026-10-02T18:13:49.828Z</time>
      </trkpt>
      <trkpt lat="20.546626" lon="-100.383291">
        <ele>1982.007062</ele>
        <time>2026-10-02T18:13:50.096Z</time>
      </trkpt>
      <trkpt lat="20.546618" lon="-100.383281">
        <ele>1981.988659</ele>
        <time>2026-10-02T18:13:50.414Z</time>
      </trkpt>
      <trkpt lat="20.546611" lon="-100.383283">
        <ele>1981.977832</ele>
        <time>2026-10-02T18:13:50.602Z</time>
      </trkpt>
      <trkpt lat="20.546615" lon="-100.383281">
        <ele>1981.971232</ele>
        <time>2026-10-02T18:13:50.716Z</time>
      </trkpt>
      <trkpt lat="20.546631" lon="-100.383289">
        <ele>1981.944833</ele>
        <time>2026-10-02T18:13:51.173Z</time>
      </trkpt>
      <trkpt lat="20.546640" lon="-100.383278">
        <ele>1981.924395</ele>
        <time>2026-10-02T18:13:51.527Z</time>
      </trkpt>
      <trkpt lat="20.546647" lon="-100.383274">
        <ele>1981.912532</ele>
        <time>2026-10-02T18:13:51.732Z</time>
      </trkpt>
      <trkpt lat="20.546657" lon="-100.383263">
        <ele>1981.891080</ele>
        <time>2026-10-02T18:13:52.103Z</time>
      </trkpt>
      <trkpt lat="20.546647" lon="-100.383271">
        <ele>1981.872410</ele>
        <time>2026-10-02T18:13:52.426Z</time>
      </trkpt>
      <trkpt lat="20.546654" lon="-100.383272">
        <ele>1981.861857</ele>
        <time>2026-10-02T18:13:52.609Z</time>
      </trkpt>
      <trkpt lat="20.546648" lon="-100.383266">
        <ele>1981.849575</ele>
        <time>2026-10-02T18:13:52.821Z</time>
      </trkpt>
      <trkpt lat="20.546646" lon="-100.383268">
        <ele>1981.845481</ele>
        <time>2026-10-02T18:13:52.892Z</time>
      </trkpt>
      <trkpt lat="20.546647" lon="-100.383261">
        <ele>1981.835573</ele>
        <time>2026-10-02T18:13:53.064Z</time>
      </trkpt>
      <trkpt lat="20.546652" lon="-100.383259">
        <ele>1981.827595</ele>
        <time>2026-10-02T18:13:53.202Z</time>
      </trkpt>
      <trkpt lat="20.546657" lon="-100.383260">
        <ele>1981.819994</ele>
        <time>2026-10-02T18:13:53.333Z</time>
      </trkpt>
      <trkpt lat="20.546654" lon="-100.383257">
        <ele>1981.813852</ele>
        <time>2026-10-02T18:13:53.440Z</time>
      </trkpt>
      <trkpt lat="20.546654" lon="-100.383273">
        <ele>1981.791465</ele>
        <time>2026-10-02T18:13:53.827Z</time>
      </trkpt>
      <trkpt lat="20.546656" lon="-100.383277">
        <ele>1981.785121</ele>
        <time>2026-10-02T18:13:53.937Z</time>
      </trkpt>
      <trkpt lat="20.546653" lon="-100.383309">
        <ele>1981.740122</ele>
        <time>2026-10-02T18:13:54.716Z</time>
      </trkpt>
      <trkpt lat="20.546650" lon="-100.383306">
        <ele>1981.733981</ele>
        <time>2026-10-02T18:13:54.822Z</time>
      </trkpt>
      <trkpt lat="20.546639" lon="-100.383311">
        <ele>1981.716118</ele>
        <time>2026-10-02T18:13:55.131Z</time>
      </trkpt>
      <trkpt lat="20.546637" lon="-100.383317">
        <ele>1981.707206</ele>
        <time>2026-10-02T18:13:55.285Z</time>
      </trkpt>
      <trkpt lat="20.546627" lon="-100.383315">
        <ele>1981.692004</ele>
        <time>2026-10-02T18:13:55.549Z</time>
      </trkpt>
      <trkpt lat="20.546643" lon="-100.383322">
        <ele>1981.666168</ele>
        <time>2026-10-02T18:13:55.996Z</time>
      </trkpt>
      <trkpt lat="20.546625" lon="-100.383314">
        <ele>1981.637035</ele>
        <time>2026-10-02T18:13:56.500Z</time>
      </trkpt>
      <trkpt lat="20.546622" lon="-100.383317">
        <ele>1981.630894</ele>
        <time>2026-10-02T18:13:56.606Z</time>
      </trkpt>
      <trkpt lat="20.546609" lon="-100.383318">
        <ele>1981.611418</ele>
        <time>2026-10-02T18:13:56.943Z</time>
      </trkpt>
      <trkpt lat="20.546602" lon="-100.383315">
        <ele>1981.600148</ele>
        <time>2026-10-02T18:13:57.138Z</time>
      </trkpt>
      <trkpt lat="20.546593" lon="-100.383316">
        <ele>1981.586627</ele>
        <time>2026-10-02T18:13:57.372Z</time>
      </trkpt>
      <trkpt lat="20.546567" lon="-100.383331">
        <ele>1981.542470</ele>
        <time>2026-10-02T18:13:58.136Z</time>
      </trkpt>
      <trkpt lat="20.546584" lon="-100.383342">
        <ele>1981.512768</ele>
        <time>2026-10-02T18:13:58.650Z</time>
      </trkpt>
      <trkpt lat="20.546597" lon="-100.383360">
        <ele>1981.480962</ele>
        <time>2026-10-02T18:13:59.201Z</time>
      </trkpt>
      <trkpt lat="20.546596" lon="-100.383362">
        <ele>1981.477790</ele>
        <time>2026-10-02T18:13:59.256Z</time>
      </trkpt>
      <trkpt lat="20.546585" lon="-100.383357">
        <ele>1981.459926</ele>
        <time>2026-10-02T18:13:59.565Z</time>
      </trkpt>
      <trkpt lat="20.546586" lon="-100.383360">
        <ele>1981.455470</ele>
        <time>2026-10-02T18:13:59.642Z</time>
      </trkpt>
      <trkpt lat="20.546567" lon="-100.383326">
        <ele>1981.428862</ele>
        <time>2026-10-02T18:14:00.601Z</time>
      </trkpt>
      <trkpt lat="20.546571" lon="-100.383318">
        <ele>1981.429897</ele>
        <time>2026-10-02T18:14:00.821Z</time>
      </trkpt>
      <trkpt lat="20.546583" lon="-100.383320">
        <ele>1981.431377</ele>
        <time>2026-10-02T18:14:01.135Z</time>
      </trkpt>
      <trkpt lat="20.546605" lon="-100.383304">
        <ele>1981.434621</ele>
        <time>2026-10-02T18:14:01.823Z</time>
      </trkpt>
      <trkpt lat="20.546624" lon="-100.383280">
        <ele>1981.438207</ele>
        <time>2026-10-02T18:14:02.584Z</time>
      </trkpt>
      <trkpt lat="20.546642" lon="-100.383277">
        <ele>1981.440427</ele>
        <time>2026-10-02T18:14:03.055Z</time>
      </trkpt>
      <trkpt lat="20.546637" lon="-100.383262">
        <ele>1981.442244</ele>
        <time>2026-10-02T18:14:03.441Z</time>
      </trkpt>
      <trkpt lat="20.546643" lon="-100.383263">
        <ele>1981.442984</ele>
        <time>2026-10-02T18:14:03.598Z</time>
      </trkpt>
      <trkpt lat="20.546636" lon="-100.383275">
        <ele>1981.444597</ele>
        <time>2026-10-02T18:14:03.940Z</time>
      </trkpt>
      <trkpt lat="20.546636" lon="-100.383290">
        <ele>1981.446308</ele>
        <time>2026-10-02T18:14:04.303Z</time>
      </trkpt>
      <trkpt lat="20.546638" lon="-100.383291">
        <ele>1981.446578</ele>
        <time>2026-10-02T18:14:04.360Z</time>
      </trkpt>
      <trkpt lat="20.546609" lon="-100.383294">
        <ele>1981.450128</ele>
        <time>2026-10-02T18:14:05.114Z</time>
      </trkpt>
      <trkpt lat="20.546618" lon="-100.383298">
        <ele>1981.451316</ele>
        <time>2026-10-02T18:14:05.366Z</time>
      </trkpt>
      <trkpt lat="20.546635" lon="-100.383302">
        <ele>1981.453437</ele>
        <time>2026-10-02T18:14:05.816Z</time>
      </trkpt>
      <trkpt lat="20.546631" lon="-100.383304">
        <ele>1981.453975</ele>
        <time>2026-10-02T18:14:05.930Z</time>
      </trkpt>
      <trkpt lat="20.546627" lon="-100.383303">
        <ele>1981.454476</ele>
        <time>2026-10-02T18:14:06.037Z</time>
      </trkpt>
      <trkpt lat="20.546624" lon="-100.383300">
        <ele>1981.454977</ele>
        <time>2026-10-02T18:14:06.143Z</time>
      </trkpt>
      <trkpt lat="20.546597" lon="-100.383295">
        <ele>1981.458316</ele>
        <time>2026-10-02T18:14:06.852Z</time>
      </trkpt>
      <trkpt lat="20.546592" lon="-100.383297">
        <ele>1981.458967</ele>
        <time>2026-10-02T18:14:06.990Z</time>
      </trkpt>
      <trkpt lat="20.546593" lon="-100.383291">
        <ele>1981.459662</ele>
        <time>2026-10-02T18:14:07.137Z</time>
      </trkpt>
      <trkpt lat="20.546580" lon="-100.383287">
        <ele>1981.461311</ele>
        <time>2026-10-02T18:14:07.487Z</time>
      </trkpt>
      <trkpt lat="20.546551" lon="-100.383266">
        <ele>1981.465581</ele>
        <time>2026-10-02T18:14:08.393Z</time>
      </trkpt>
      <trkpt lat="20.546545" lon="-100.383261">
        <ele>1981.466508</ele>
        <time>2026-10-02T18:14:08.590Z</time>
      </trkpt>
      <trkpt lat="20.546541" lon="-100.383254">
        <ele>1981.467444</ele>
        <time>2026-10-02T18:14:08.789Z</time>
      </trkpt>
      <trkpt lat="20.546531" lon="-100.383245">
        <ele>1981.469037</ele>
        <time>2026-10-02T18:14:09.127Z</time>
      </trkpt>
      <trkpt lat="20.546511" lon="-100.383222">
        <ele>1981.472619</ele>
        <time>2026-10-02T18:14:09.887Z</time>
      </trkpt>
      <trkpt lat="20.546505" lon="-100.383218">
        <ele>1981.473481</ele>
        <time>2026-10-02T18:14:10.070Z</time>
      </trkpt>
      <trkpt lat="20.546501" lon="-100.383210">
        <ele>1981.474516</ele>
        <time>2026-10-02T18:14:10.289Z</time>
      </trkpt>
      <trkpt lat="20.546507" lon="-100.383208">
        <ele>1981.475282</ele>
        <time>2026-10-02T18:14:10.452Z</time>
      </trkpt>
      <trkpt lat="20.546508" lon="-100.383206">
        <ele>1981.475540</ele>
        <time>2026-10-02T18:14:10.507Z</time>
      </trkpt>
      <trkpt lat="20.546505" lon="-100.383205">
        <ele>1981.475923</ele>
        <time>2026-10-02T18:14:10.588Z</time>
      </trkpt>
      <trkpt lat="20.546511" lon="-100.383207">
        <ele>1981.476689</ele>
        <time>2026-10-02T18:14:10.751Z</time>
      </trkpt>
      <trkpt lat="20.546520" lon="-100.383213">
        <ele>1981.477982</ele>
        <time>2026-10-02T18:14:11.025Z</time>
      </trkpt>
      <trkpt lat="20.546512" lon="-100.383206">
        <ele>1981.479242</ele>
        <time>2026-10-02T18:14:11.293Z</time>
      </trkpt>
      <trkpt lat="20.546514" lon="-100.383204">
        <ele>1981.479576</ele>
        <time>2026-10-02T18:14:11.363Z</time>
      </trkpt>
      <trkpt lat="20.546506" lon="-100.383195">
        <ele>1981.480992</ele>
        <time>2026-10-02T18:14:11.664Z</time>
      </trkpt>
      <trkpt lat="20.546500" lon="-100.383191">
        <ele>1981.481854</ele>
        <time>2026-10-02T18:14:11.847Z</time>
      </trkpt>
      <trkpt lat="20.546526" lon="-100.383205">
        <ele>1981.485403</ele>
        <time>2026-10-02T18:14:12.600Z</time>
      </trkpt>
      <trkpt lat="20.546523" lon="-100.383202">
        <ele>1981.485903</ele>
        <time>2026-10-02T18:14:12.706Z</time>
      </trkpt>
      <trkpt lat="20.546531" lon="-100.383205">
        <ele>1981.486937</ele>
        <time>2026-10-02T18:14:12.925Z</time>
      </trkpt>
      <trkpt lat="20.546533" lon="-100.383203">
        <ele>1981.487270</ele>
        <time>2026-10-02T18:14:12.996Z</time>
      </trkpt>
      <trkpt lat="20.546533" lon="-100.383208">
        <ele>1981.487841</ele>
        <time>2026-10-02T18:14:13.117Z</time>
      </trkpt>
      <trkpt lat="20.546527" lon="-100.383216">
        <ele>1981.489011</ele>
        <time>2026-10-02T18:14:13.366Z</time>
      </trkpt>
      <trkpt lat="20.546560" lon="-100.383226">
        <ele>1981.493191</ele>
        <time>2026-10-02T18:14:14.253Z</time>
      </trkpt>
      <trkpt lat="20.546558" lon="-100.383227">
        <ele>1981.493460</ele>
        <time>2026-10-02T18:14:14.310Z</time>
      </trkpt>
      <trkpt lat="20.546536" lon="-100.383212">
        <ele>1981.496640</ele>
        <time>2026-10-02T18:14:14.985Z</time>
      </trkpt>
      <trkpt lat="20.546539" lon="-100.383210">
        <ele>1981.497071</ele>
        <time>2026-10-02T18:14:15.076Z</time>
      </trkpt>
      <trkpt lat="20.546533" lon="-100.383206">
        <ele>1981.497933</ele>
        <time>2026-10-02T18:14:15.259Z</time>
      </trkpt>
      <trkpt lat="20.546517" lon="-100.383215">
        <ele>1981.500137</ele>
        <time>2026-10-02T18:14:15.727Z</time>
      </trkpt>
      <trkpt lat="20.546519" lon="-100.383219">
        <ele>1981.500654</ele>
        <time>2026-10-02T18:14:15.837Z</time>
      </trkpt>
      <trkpt lat="20.546515" lon="-100.383221">
        <ele>1981.501193</ele>
        <time>2026-10-02T18:14:15.951Z</time>
      </trkpt>
      <trkpt lat="20.546508" lon="-100.383214">
        <ele>1981.502361</ele>
        <time>2026-10-02T18:14:16.199Z</time>
      </trkpt>
      <trkpt lat="20.546505" lon="-100.383214">
        <ele>1981.502727</ele>
        <time>2026-10-02T18:14:16.276Z</time>
      </trkpt>
      <trkpt lat="20.546506" lon="-100.383218">
        <ele>1981.503199</ele>
        <time>2026-10-02T18:14:16.377Z</time>
      </trkpt>
      <trkpt lat="20.546499" lon="-100.383225">
        <ele>1981.504368</ele>
        <time>2026-10-02T18:14:16.625Z</time>
      </trkpt>
      <trkpt lat="20.546502" lon="-100.383225">
        <ele>1981.504733</ele>
        <time>2026-10-02T18:14:16.702Z</time>
      </trkpt>
      <trkpt lat="20.546501" lon="-100.383223">
        <ele>1981.504992</ele>
        <time>2026-10-02T18:14:16.757Z</time>
      </trkpt>
      <trkpt lat="20.546524" lon="-100.383229">
        <ele>1981.507877</ele>
        <time>2026-10-02T18:14:17.370Z</time>
      </trkpt>
      <trkpt lat="20.546536" lon="-100.383230">
        <ele>1981.509344</ele>
        <time>2026-10-02T18:14:17.681Z</time>
      </trkpt>
      <trkpt lat="20.546561" lon="-100.383229">
        <ele>1981.512393</ele>
        <time>2026-10-02T18:14:18.328Z</time>
      </trkpt>
      <trkpt lat="20.546602" lon="-100.383224">
        <ele>1981.517421</ele>
        <time>2026-10-02T18:14:19.395Z</time>
      </trkpt>
      <trkpt lat="20.546603" lon="-100.383222">
        <ele>1981.517680</ele>
        <time>2026-10-02T18:14:19.450Z</time>
      </trkpt>
      <trkpt lat="20.546601" lon="-100.383234">
        <ele>1981.519071</ele>
        <time>2026-10-02T18:14:19.745Z</time>
      </trkpt>
      <trkpt lat="20.546604" lon="-100.383233">
        <ele>1981.519454</ele>
        <time>2026-10-02T18:14:19.826Z</time>
      </trkpt>
      <trkpt lat="20.546599" lon="-100.383243">
        <ele>1981.520747</ele>
        <time>2026-10-02T18:14:20.101Z</time>
      </trkpt>
      <trkpt lat="20.546583" lon="-100.383262">
        <ele>1981.523663</ele>
        <time>2026-10-02T18:14:20.720Z</time>
      </trkpt>
      <trkpt lat="20.546599" lon="-100.383287">
        <ele>1981.527119</ele>
        <time>2026-10-02T18:14:21.453Z</time>
      </trkpt>
      <trkpt lat="20.546590" lon="-100.383287">
        <ele>1981.528215</ele>
        <time>2026-10-02T18:14:21.686Z</time>
      </trkpt>
      <trkpt lat="20.546594" lon="-100.383307">
        <ele>1981.530549</ele>
        <time>2026-10-02T18:14:22.181Z</time>
      </trkpt>
      <trkpt lat="20.546589" lon="-100.383298">
        <ele>1981.531743</ele>
        <time>2026-10-02T18:14:22.434Z</time>
      </trkpt>
      <trkpt lat="20.546587" lon="-100.383297">
        <ele>1981.532012</ele>
        <time>2026-10-02T18:14:22.491Z</time>
      </trkpt>
      <trkpt lat="20.546584" lon="-100.383303">
        <ele>1981.532788</ele>
        <time>2026-10-02T18:14:22.656Z</time>
      </trkpt>
      <trkpt lat="20.546594" lon="-100.383311">
        <ele>1981.534311</ele>
        <time>2026-10-02T18:14:22.979Z</time>
      </trkpt>
      <trkpt lat="20.546592" lon="-100.383308">
        <ele>1981.534731</ele>
        <time>2026-10-02T18:14:23.069Z</time>
      </trkpt>
      <trkpt lat="20.546597" lon="-100.383310">
        <ele>1981.535382</ele>
        <time>2026-10-02T18:14:23.207Z</time>
      </trkpt>
      <trkpt lat="20.546609" lon="-100.383310">
        <ele>1981.536844</ele>
        <time>2026-10-02T18:14:23.517Z</time>
      </trkpt>
      <trkpt lat="20.546614" lon="-100.383308">
        <ele>1981.537495</ele>
        <time>2026-10-02T18:14:23.655Z</time>
      </trkpt>
      <trkpt lat="20.546633" lon="-100.383317">
        <ele>1981.540027</ele>
        <time>2026-10-02T18:14:24.193Z</time>
      </trkpt>
      <trkpt lat="20.546660" lon="-100.383300">
        <ele>1981.543847</ele>
        <time>2026-10-02T18:14:25.003Z</time>
      </trkpt>
      <trkpt lat="20.546658" lon="-100.383297">
        <ele>1981.544267</ele>
        <time>2026-10-02T18:14:25.092Z</time>
      </trkpt>
      <trkpt lat="20.546653" lon="-100.383299">
        <ele>1981.544918</ele>
        <time>2026-10-02T18:14:25.230Z</time>
      </trkpt>
      <trkpt lat="20.546640" lon="-100.383293">
        <ele>1981.546644</ele>
        <time>2026-10-02T18:14:25.597Z</time>
      </trkpt>
      <trkpt lat="20.546642" lon="-100.383289">
        <ele>1981.547161</ele>
        <time>2026-10-02T18:14:25.706Z</time>
      </trkpt>
      <trkpt lat="20.546655" lon="-100.383284">
        <ele>1981.548845</ele>
        <time>2026-10-02T18:14:26.064Z</time>
      </trkpt>
      <trkpt lat="20.546646" lon="-100.383294">
        <ele>1981.550427</ele>
        <time>2026-10-02T18:14:26.400Z</time>
      </trkpt>
      <trkpt lat="20.546610" lon="-100.383270">
        <ele>1981.555599</ele>
        <time>2026-10-02T18:14:27.497Z</time>
      </trkpt>
      <trkpt lat="20.546577" lon="-100.383276">
        <ele>1981.559678</ele>
        <time>2026-10-02T18:14:28.363Z</time>
      </trkpt>
      <trkpt lat="20.546579" lon="-100.383274">
        <ele>1981.560012</ele>
        <time>2026-10-02T18:14:28.434Z</time>
      </trkpt>
      <trkpt lat="20.546588" lon="-100.383290">
        <ele>1981.562142</ele>
        <time>2026-10-02T18:14:28.886Z</time>
      </trkpt>
      <trkpt lat="20.546595" lon="-100.383296">
        <ele>1981.563236</ele>
        <time>2026-10-02T18:14:29.118Z</time>
      </trkpt>
      <trkpt lat="20.546588" lon="-100.383304">
        <ele>1981.564485</ele>
        <time>2026-10-02T18:14:29.383Z</time>
      </trkpt>
      <trkpt lat="20.546555" lon="-100.383298">
        <ele>1981.568564</ele>
        <time>2026-10-02T18:14:30.249Z</time>
      </trkpt>
      <trkpt lat="20.546546" lon="-100.383301">
        <ele>1981.569713</ele>
        <time>2026-10-02T18:14:30.493Z</time>
      </trkpt>
      <trkpt lat="20.546548" lon="-100.383300">
        <ele>1981.569982</ele>
        <time>2026-10-02T18:14:30.550Z</time>
      </trkpt>
      <trkpt lat="20.546553" lon="-100.383306">
        <ele>1981.570899</ele>
        <time>2026-10-02T18:14:30.744Z</time>
      </trkpt>
      <trkpt lat="20.546550" lon="-100.383306">
        <ele>1981.571264</ele>
        <time>2026-10-02T18:14:30.822Z</time>
      </trkpt>
      <trkpt lat="20.546548" lon="-100.383309">
        <ele>1981.571685</ele>
        <time>2026-10-02T18:14:30.911Z</time>
      </trkpt>
      <trkpt lat="20.546546" lon="-100.383307">
        <ele>1981.572018</ele>
        <time>2026-10-02T18:14:30.982Z</time>
      </trkpt>
      <trkpt lat="20.546542" lon="-100.383307">
        <ele>1981.572506</ele>
        <time>2026-10-02T18:14:31.085Z</time>
      </trkpt>
      <trkpt lat="20.546546" lon="-100.383307">
        <ele>1981.572993</ele>
        <time>2026-10-02T18:14:31.189Z</time>
      </trkpt>
      <trkpt lat="20.546545" lon="-100.383308">
        <ele>1981.573160</ele>
        <time>2026-10-02T18:14:31.224Z</time>
      </trkpt>
      <trkpt lat="20.546558" lon="-100.383329">
        <ele>1981.576033</ele>
        <time>2026-10-02T18:14:31.834Z</time>
      </trkpt>
      <trkpt lat="20.546567" lon="-100.383330">
        <ele>1981.577136</ele>
        <time>2026-10-02T18:14:32.068Z</time>
      </trkpt>
      <trkpt lat="20.546557" lon="-100.383315">
        <ele>1981.579237</ele>
        <time>2026-10-02T18:14:32.514Z</time>
      </trkpt>
      <trkpt lat="20.546556" lon="-100.383319">
        <ele>1981.579709</ele>
        <time>2026-10-02T18:14:32.614Z</time>
      </trkpt>
      <trkpt lat="20.546549" lon="-100.383315">
        <ele>1981.580676</ele>
        <time>2026-10-02T18:14:32.819Z</time>
      </trkpt>
      <trkpt lat="20.546554" lon="-100.383317">
        <ele>1981.581327</ele>
        <time>2026-10-02T18:14:32.957Z</time>
      </trkpt>
      <trkpt lat="20.546565" lon="-100.383334">
        <ele>1981.583685</ele>
        <time>2026-10-02T18:14:33.458Z</time>
      </trkpt>
      <trkpt lat="20.546569" lon="-100.383336">
        <ele>1981.584223</ele>
        <time>2026-10-02T18:14:33.572Z</time>
      </trkpt>
      <trkpt lat="20.546569" lon="-100.383345">
        <ele>1981.585250</ele>
        <time>2026-10-02T18:14:33.790Z</time>
      </trkpt>
      <trkpt lat="20.546580" lon="-100.383350">
        <ele>1981.586707</ele>
        <time>2026-10-02T18:14:34.099Z</time>
      </trkpt>
      <trkpt lat="20.546575" lon="-100.383334">
        <ele>1981.588632</ele>
        <time>2026-10-02T18:14:34.508Z</time>
      </trkpt>
      <trkpt lat="20.546573" lon="-100.383338">
        <ele>1981.589149</ele>
        <time>2026-10-02T18:14:34.617Z</time>
      </trkpt>
      <trkpt lat="20.546574" lon="-100.383338">
        <ele>1981.589271</ele>
        <time>2026-10-02T18:14:34.643Z</time>
      </trkpt>
      <trkpt lat="20.546570" lon="-100.383329">
        <ele>1981.590408</ele>
        <time>2026-10-02T18:14:34.885Z</time>
      </trkpt>
      <trkpt lat="20.546571" lon="-100.383327">
        <ele>1981.590666</ele>
        <time>2026-10-02T18:14:34.939Z</time>
      </trkpt>
      <trkpt lat="20.546570" lon="-100.383301">
        <ele>1981.593636</ele>
        <time>2026-10-02T18:14:35.570Z</time>
      </trkpt>
      <trkpt lat="20.546554" lon="-100.383271">
        <ele>1981.597575</ele>
        <time>2026-10-02T18:14:36.406Z</time>
      </trkpt>
      <trkpt lat="20.546574" lon="-100.383248">
        <ele>1981.601157</ele>
        <time>2026-10-02T18:14:37.166Z</time>
      </trkpt>
      <trkpt lat="20.546577" lon="-100.383226">
        <ele>1981.603694</ele>
        <time>2026-10-02T18:14:37.704Z</time>
      </trkpt>
      <trkpt lat="20.546567" lon="-100.383235">
        <ele>1981.605287</ele>
        <time>2026-10-02T18:14:38.042Z</time>
      </trkpt>
      <trkpt lat="20.546549" lon="-100.383238">
        <ele>1981.607507</ele>
        <time>2026-10-02T18:14:38.513Z</time>
      </trkpt>
      <trkpt lat="20.546528" lon="-100.383237">
        <ele>1981.610069</ele>
        <time>2026-10-02T18:14:39.057Z</time>
      </trkpt>
      <trkpt lat="20.546496" lon="-100.383211">
        <ele>1981.614969</ele>
        <time>2026-10-02T18:14:40.097Z</time>
      </trkpt>
      <trkpt lat="20.546470" lon="-100.383193">
        <ele>1981.618745</ele>
        <time>2026-10-02T18:14:40.898Z</time>
      </trkpt>
      <trkpt lat="20.546488" lon="-100.383203">
        <ele>1981.621217</ele>
        <time>2026-10-02T18:14:41.423Z</time>
      </trkpt>
      <trkpt lat="20.546500" lon="-100.383204">
        <ele>1981.622684</ele>
        <time>2026-10-02T18:14:41.734Z</time>
      </trkpt>
      <trkpt lat="20.546500" lon="-100.383198">
        <ele>1981.623368</ele>
        <time>2026-10-02T18:14:41.880Z</time>
      </trkpt>
      <trkpt lat="20.546489" lon="-100.383199">
        <ele>1981.624714</ele>
        <time>2026-10-02T18:14:42.165Z</time>
      </trkpt>
      <trkpt lat="20.546487" lon="-100.383198">
        <ele>1981.624983</ele>
        <time>2026-10-02T18:14:42.222Z</time>
      </trkpt>
      <trkpt lat="20.546483" lon="-100.383256">
        <ele>1981.631619</ele>
        <time>2026-10-02T18:14:43.630Z</time>
      </trkpt>
      <trkpt lat="20.546502" lon="-100.383271">
        <ele>1981.634498</ele>
        <time>2026-10-02T18:14:44.241Z</time>
      </trkpt>
      <trkpt lat="20.546510" lon="-100.383268">
        <ele>1981.635532</ele>
        <time>2026-10-02T18:14:44.461Z</time>
      </trkpt>
      <trkpt lat="20.546521" lon="-100.383297">
        <ele>1981.639102</ele>
        <time>2026-10-02T18:14:45.219Z</time>
      </trkpt>
      <trkpt lat="20.546583" lon="-100.383335">
        <ele>1981.645189</ele>
        <time>2026-10-02T18:14:47.067Z</time>
      </trkpt>
      <trkpt lat="20.546573" lon="-100.383306">
        <ele>1981.643949</ele>
        <time>2026-10-02T18:14:47.816Z</time>
      </trkpt>
      <trkpt lat="20.546577" lon="-100.383309">
        <ele>1981.643740</ele>
        <time>2026-10-02T18:14:47.942Z</time>
      </trkpt>
      <trkpt lat="20.546574" lon="-100.383309">
        <ele>1981.643611</ele>
        <time>2026-10-02T18:14:48.020Z</time>
      </trkpt>
      <trkpt lat="20.546580" lon="-100.383321">
        <ele>1981.643065</ele>
        <time>2026-10-02T18:14:48.349Z</time>
      </trkpt>
      <trkpt lat="20.546574" lon="-100.383304">
        <ele>1981.642336</ele>
        <time>2026-10-02T18:14:48.789Z</time>
      </trkpt>
      <trkpt lat="20.546573" lon="-100.383291">
        <ele>1981.641812</ele>
        <time>2026-10-02T18:14:49.105Z</time>
      </trkpt>
      <trkpt lat="20.546599" lon="-100.383278">
        <ele>1981.640582</ele>
        <time>2026-10-02T18:14:49.847Z</time>
      </trkpt>
      <trkpt lat="20.546607" lon="-100.383263">
        <ele>1981.639889</ele>
        <time>2026-10-02T18:14:50.265Z</time>
      </trkpt>
      <trkpt lat="20.546598" lon="-100.383250">
        <ele>1981.639240</ele>
        <time>2026-10-02T18:14:50.657Z</time>
      </trkpt>
      <trkpt lat="20.546581" lon="-100.383237">
        <ele>1981.638344</ele>
        <time>2026-10-02T18:14:51.198Z</time>
      </trkpt>
      <trkpt lat="20.546582" lon="-100.383239">
        <ele>1981.638253</ele>
        <time>2026-10-02T18:14:51.252Z</time>
      </trkpt>
      <trkpt lat="20.546577" lon="-100.383220">
        <ele>1981.637460</ele>
        <time>2026-10-02T18:14:51.730Z</time>
      </trkpt>
      <trkpt lat="20.546580" lon="-100.383209">
        <ele>1981.637001</ele>
        <time>2026-10-02T18:14:52.008Z</time>
      </trkpt>
      <trkpt lat="20.546593" lon="-100.383205">
        <ele>1981.636421</ele>
        <time>2026-10-02T18:14:52.358Z</time>
      </trkpt>
      <trkpt lat="20.546599" lon="-100.383199">
        <ele>1981.636068</ele>
        <time>2026-10-02T18:14:52.570Z</time>
      </trkpt>
      <trkpt lat="20.546601" lon="-100.383192">
        <ele>1981.635775</ele>
        <time>2026-10-02T18:14:52.747Z</time>
      </trkpt>
      <trkpt lat="20.546612" lon="-100.383204">
        <ele>1981.635101</ele>
        <time>2026-10-02T18:14:53.154Z</time>
      </trkpt>
      <trkpt lat="20.546612" lon="-100.383200">
        <ele>1981.634940</ele>
        <time>2026-10-02T18:14:53.251Z</time>
      </trkpt>
      <trkpt lat="20.546633" lon="-100.383204">
        <ele>1981.634026</ele>
        <time>2026-10-02T18:14:53.803Z</time>
      </trkpt>
      <trkpt lat="20.546623" lon="-100.383203">
        <ele>1981.633595</ele>
        <time>2026-10-02T18:14:54.062Z</time>
      </trkpt>
      <trkpt lat="20.546620" lon="-100.383204">
        <ele>1981.633461</ele>
        <time>2026-10-02T18:14:54.144Z</time>
      </trkpt>
      <trkpt lat="20.546608" lon="-100.383202">
        <ele>1981.632940</ele>
        <time>2026-10-02T18:14:54.458Z</time>
      </trkpt>
      <trkpt lat="20.546586" lon="-100.383210">
        <ele>1981.631944</ele>
        <time>2026-10-02T18:14:55.059Z</time>
      </trkpt>
      <trkpt lat="20.546578" lon="-100.383217">
        <ele>1981.631500</ele>
        <time>2026-10-02T18:14:55.326Z</time>
      </trkpt>
      <trkpt lat="20.546580" lon="-100.383215">
        <ele>1981.631383</ele>
        <time>2026-10-02T18:14:55.397Z</time>
      </trkpt>
      <trkpt lat="20.546576" lon="-100.383211">
        <ele>1981.631148</ele>
        <time>2026-10-02T18:14:55.539Z</time>
      </trkpt>
      <trkpt lat="20.546571" lon="-100.383199">
        <ele>1981.630621</ele>
        <time>2026-10-02T18:14:55.857Z</time>
      </trkpt>
      <trkpt lat="20.546569" lon="-100.383181">
        <ele>1981.629893</ele>
        <time>2026-10-02T18:14:56.296Z</time>
      </trkpt>
      <trkpt lat="20.546620" lon="-100.383170">
        <ele>1981.627663</ele>
        <time>2026-10-02T18:14:57.641Z</time>
      </trkpt>
      <trkpt lat="20.546624" lon="-100.383181">
        <ele>1981.627190</ele>
        <time>2026-10-02T18:14:57.927Z</time>
      </trkpt>
      <trkpt lat="20.546629" lon="-100.383182">
        <ele>1981.626972</ele>
        <time>2026-10-02T18:14:58.059Z</time>
      </trkpt>
      <trkpt lat="20.546627" lon="-100.383189">
        <ele>1981.626678</ele>
        <time>2026-10-02T18:14:58.236Z</time>
      </trkpt>
      <trkpt lat="20.546621" lon="-100.383196">
        <ele>1981.626297</ele>
        <time>2026-10-02T18:14:58.466Z</time>
      </trkpt>
      <trkpt lat="20.546618" lon="-100.383197">
        <ele>1981.626162</ele>
        <time>2026-10-02T18:14:58.547Z</time>
      </trkpt>
      <trkpt lat="20.546620" lon="-100.383197">
        <ele>1981.626076</ele>
        <time>2026-10-02T18:14:58.599Z</time>
      </trkpt>
      <trkpt lat="20.546602" lon="-100.383197">
        <ele>1981.625305</ele>
        <time>2026-10-02T18:14:59.064Z</time>
      </trkpt>
      <trkpt lat="20.546605" lon="-100.383198">
        <ele>1981.625170</ele>
        <time>2026-10-02T18:14:59.145Z</time>
      </trkpt>
      <trkpt lat="20.546604" lon="-100.383200">
        <ele>1981.625079</ele>
        <time>2026-10-02T18:14:59.200Z</time>
      </trkpt>
      <trkpt lat="20.546605" lon="-100.383199">
        <ele>1981.625020</ele>
        <time>2026-10-02T18:14:59.236Z</time>
      </trkpt>
      <trkpt lat="20.546604" lon="-100.383196">
        <ele>1981.624893</ele>
        <time>2026-10-02T18:14:59.313Z</time>
      </trkpt>
      <trkpt lat="20.546615" lon="-100.383181">
        <ele>1981.624128</ele>
        <time>2026-10-02T18:14:59.774Z</time>
      </trkpt>
      <trkpt lat="20.546598" lon="-100.383195">
        <ele>1981.623208</ele>
        <time>2026-10-02T18:15:00.329Z</time>
      </trkpt>
      <trkpt lat="20.546589" lon="-100.383199">
        <ele>1981.622790</ele>
        <time>2026-10-02T18:15:00.582Z</time>
      </trkpt>
      <trkpt lat="20.546588" lon="-100.383201">
        <ele>1981.622699</ele>
        <time>2026-10-02T18:15:00.636Z</time>
      </trkpt>
      <trkpt lat="20.546585" lon="-100.383201">
        <ele>1981.622570</ele>
        <time>2026-10-02T18:15:00.714Z</time>
      </trkpt>
      <trkpt lat="20.546524" lon="-100.383229">
        <ele>1981.619724</ele>
        <time>2026-10-02T18:15:02.431Z</time>
      </trkpt>
      <trkpt lat="20.546517" lon="-100.383227">
        <ele>1981.619414</ele>
        <time>2026-10-02T18:15:02.618Z</time>
      </trkpt>
      <trkpt lat="20.546550" lon="-100.383216">
        <ele>1981.617932</ele>
        <time>2026-10-02T18:15:03.513Z</time>
      </trkpt>
      <trkpt lat="20.546573" lon="-100.383204">
        <ele>1981.616835</ele>
        <time>2026-10-02T18:15:04.174Z</time>
      </trkpt>
      <trkpt lat="20.546594" lon="-100.383196">
        <ele>1981.615879</ele>
        <time>2026-10-02T18:15:04.751Z</time>
      </trkpt>
      <trkpt lat="20.546610" lon="-100.383193">
        <ele>1981.615183</ele>
        <time>2026-10-02T18:15:05.171Z</time>
      </trkpt>
      <trkpt lat="20.546588" lon="-100.383195">
        <ele>1981.614236</ele>
        <time>2026-10-02T18:15:05.742Z</time>
      </trkpt>
      <trkpt lat="20.546579" lon="-100.383204">
        <ele>1981.613708</ele>
        <time>2026-10-02T18:15:06.061Z</time>
      </trkpt>
      <trkpt lat="20.546540" lon="-100.383224">
        <ele>1981.611853</ele>
        <time>2026-10-02T18:15:07.180Z</time>
      </trkpt>
      <trkpt lat="20.546565" lon="-100.383225">
        <ele>1981.610781</ele>
        <time>2026-10-02T18:15:07.827Z</time>
      </trkpt>
      <trkpt lat="20.546608" lon="-100.383216">
        <ele>1981.608903</ele>
        <time>2026-10-02T18:15:08.960Z</time>
      </trkpt>
      <trkpt lat="20.546607" lon="-100.383213">
        <ele>1981.608775</ele>
        <time>2026-10-02T18:15:09.037Z</time>
      </trkpt>
      <trkpt lat="20.546584" lon="-100.383226">
        <ele>1981.607660</ele>
        <time>2026-10-02T18:15:09.710Z</time>
      </trkpt>
      <trkpt lat="20.546546" lon="-100.383254">
        <ele>1981.605681</ele>
        <time>2026-10-02T18:15:10.904Z</time>
      </trkpt>
      <trkpt lat="20.546457" lon="-100.383340">
        <ele>1981.600536</ele>
        <time>2026-10-02T18:15:14.008Z</time>
      </trkpt>
      <trkpt lat="20.546414" lon="-100.383364">
        <ele>1981.598456</ele>
        <time>2026-10-02T18:15:15.262Z</time>
      </trkpt>
      <trkpt lat="20.546399" lon="-100.383366">
        <ele>1981.597808</ele>
        <time>2026-10-02T18:15:15.653Z</time>
      </trkpt>
      <trkpt lat="20.546404" lon="-100.383368">
        <ele>1981.597579</ele>
        <time>2026-10-02T18:15:15.791Z</time>
      </trkpt>
      <trkpt lat="20.546397" lon="-100.383370">
        <ele>1981.597269</ele>
        <time>2026-10-02T18:15:15.979Z</time>
      </trkpt>
      <trkpt lat="20.546399" lon="-100.383357">
        <ele>1981.596740</ele>
        <time>2026-10-02T18:15:16.298Z</time>
      </trkpt>
      <trkpt lat="20.546410" lon="-100.383345">
        <ele>1981.596066</ele>
        <time>2026-10-02T18:15:16.704Z</time>
      </trkpt>
      <trkpt lat="20.546401" lon="-100.383368">
        <ele>1981.595065</ele>
        <time>2026-10-02T18:15:17.308Z</time>
      </trkpt>
      <trkpt lat="20.546307" lon="-100.383500">
        <ele>1981.588409</ele>
        <time>2026-10-02T18:15:21.324Z</time>
      </trkpt>
      <trkpt lat="20.546300" lon="-100.383500">
        <ele>1981.588109</ele>
        <time>2026-10-02T18:15:21.505Z</time>
      </trkpt>
      <trkpt lat="20.546284" lon="-100.383510">
        <ele>1981.587315</ele>
        <time>2026-10-02T18:15:21.984Z</time>
      </trkpt>
      <trkpt lat="20.546296" lon="-100.383418">
        <ele>1981.583586</ele>
        <time>2026-10-02T18:15:24.233Z</time>
      </trkpt>
      <trkpt lat="20.546313" lon="-100.383320">
        <ele>1981.579586</ele>
        <time>2026-10-02T18:15:26.647Z</time>
      </trkpt>
      <trkpt lat="20.546350" lon="-100.383289">
        <ele>1981.577570</ele>
        <time>2026-10-02T18:15:27.863Z</time>
      </trkpt>
      <trkpt lat="20.546369" lon="-100.383282">
        <ele>1981.576709</ele>
        <time>2026-10-02T18:15:28.383Z</time>
      </trkpt>
      <trkpt lat="20.546399" lon="-100.383275">
        <ele>1981.575392</ele>
        <time>2026-10-02T18:15:29.177Z</time>
      </trkpt>
      <trkpt lat="20.546437" lon="-100.383270">
        <ele>1981.573751</ele>
        <time>2026-10-02T18:15:30.167Z</time>
      </trkpt>
      <trkpt lat="20.546657" lon="-100.383171">
        <ele>1981.552506</ele>
        <time>2026-10-02T18:15:36.340Z</time>
      </trkpt>
      <trkpt lat="20.546671" lon="-100.383170">
        <ele>1981.550644</ele>
        <time>2026-10-02T18:15:36.703Z</time>
      </trkpt>
      <trkpt lat="20.546678" lon="-100.383172">
        <ele>1981.549683</ele>
        <time>2026-10-02T18:15:36.890Z</time>
      </trkpt>
      <trkpt lat="20.546642" lon="-100.383189">
        <ele>1981.544462</ele>
        <time>2026-10-02T18:15:37.908Z</time>
      </trkpt>
      <trkpt lat="20.546618" lon="-100.383209">
        <ele>1981.540423</ele>
        <time>2026-10-02T18:15:38.696Z</time>
      </trkpt>
      <trkpt lat="20.546599" lon="-100.383234">
        <ele>1981.536424</ele>
        <time>2026-10-02T18:15:39.475Z</time>
      </trkpt>
      <trkpt lat="20.546601" lon="-100.383237">
        <ele>1981.535966</ele>
        <time>2026-10-02T18:15:39.564Z</time>
      </trkpt>
      <trkpt lat="20.546584" lon="-100.383262">
        <ele>1981.532129</ele>
        <time>2026-10-02T18:15:40.313Z</time>
      </trkpt>
      <trkpt lat="20.546608" lon="-100.383257">
        <ele>1981.528885</ele>
        <time>2026-10-02T18:15:40.945Z</time>
      </trkpt>
      <trkpt lat="20.546607" lon="-100.383252">
        <ele>1981.528250</ele>
        <time>2026-10-02T18:15:41.069Z</time>
      </trkpt>
      <trkpt lat="20.546562" lon="-100.383239">
        <ele>1981.522066</ele>
        <time>2026-10-02T18:15:42.274Z</time>
      </trkpt>
      <trkpt lat="20.546544" lon="-100.383264">
        <ele>1981.518149</ele>
        <time>2026-10-02T18:15:43.038Z</time>
      </trkpt>
      <trkpt lat="20.546564" lon="-100.383271">
        <ele>1981.515357</ele>
        <time>2026-10-02T18:15:43.582Z</time>
      </trkpt>
      <trkpt lat="20.546558" lon="-100.383290">
        <ele>1981.512866</ele>
        <time>2026-10-02T18:15:44.068Z</time>
      </trkpt>
      <trkpt lat="20.546562" lon="-100.383289">
        <ele>1981.512321</ele>
        <time>2026-10-02T18:15:44.174Z</time>
      </trkpt>
      <trkpt lat="20.546564" lon="-100.383286">
        <ele>1981.511864</ele>
        <time>2026-10-02T18:15:44.263Z</time>
      </trkpt>
      <trkpt lat="20.546563" lon="-100.383286">
        <ele>1981.511731</ele>
        <time>2026-10-02T18:15:44.289Z</time>
      </trkpt>
      <trkpt lat="20.546566" lon="-100.383266">
        <ele>1981.509215</ele>
        <time>2026-10-02T18:15:44.779Z</time>
      </trkpt>
      <trkpt lat="20.546571" lon="-100.383265">
        <ele>1981.508540</ele>
        <time>2026-10-02T18:15:44.911Z</time>
      </trkpt>
      <trkpt lat="20.546563" lon="-100.383271">
        <ele>1981.507243</ele>
        <time>2026-10-02T18:15:45.164Z</time>
      </trkpt>
      <trkpt lat="20.546545" lon="-100.383291">
        <ele>1981.503798</ele>
        <time>2026-10-02T18:15:45.835Z</time>
      </trkpt>
      <trkpt lat="20.546597" lon="-100.383316">
        <ele>1981.496233</ele>
        <time>2026-10-02T18:15:47.310Z</time>
      </trkpt>
      <trkpt lat="20.546662" lon="-100.383340">
        <ele>1981.487110</ele>
        <time>2026-10-02T18:15:49.089Z</time>
      </trkpt>
      <trkpt lat="20.546670" lon="-100.383376">
        <ele>1981.482514</ele>
        <time>2026-10-02T18:15:49.985Z</time>
      </trkpt>
      <trkpt lat="20.546599" lon="-100.383355">
        <ele>1981.472741</ele>
        <time>2026-10-02T18:15:51.890Z</time>
      </trkpt>
      <trkpt lat="20.546570" lon="-100.383351">
        <ele>1981.468862</ele>
        <time>2026-10-02T18:15:52.646Z</time>
      </trkpt>
      <trkpt lat="20.546633" lon="-100.383366">
        <ele>1981.460299</ele>
        <time>2026-10-02T18:15:54.315Z</time>
      </trkpt>
      <trkpt lat="20.546621" lon="-100.383381">
        <ele>1981.457849</ele>
        <time>2026-10-02T18:15:54.793Z</time>
      </trkpt>
      <trkpt lat="20.546621" lon="-100.383375">
        <ele>1981.457104</ele>
        <time>2026-10-02T18:15:54.938Z</time>
      </trkpt>
      <trkpt lat="20.546604" lon="-100.383297">
        <ele>1981.447156</ele>
        <time>2026-10-02T18:15:56.877Z</time>
      </trkpt>
      <trkpt lat="20.546617" lon="-100.383281">
        <ele>1981.444524</ele>
        <time>2026-10-02T18:15:57.390Z</time>
      </trkpt>
      <trkpt lat="20.546614" lon="-100.383273">
        <ele>1981.443454</ele>
        <time>2026-10-02T18:15:57.599Z</time>
      </trkpt>
      <trkpt lat="20.546638" lon="-100.383279">
        <ele>1981.440184</ele>
        <time>2026-10-02T18:15:58.236Z</time>
      </trkpt>
      <trkpt lat="20.546686" lon="-100.383297">
        <ele>1981.433436</ele>
        <time>2026-10-02T18:15:59.552Z</time>
      </trkpt>
      <trkpt lat="20.546658" lon="-100.383289">
        <ele>1981.429591</ele>
        <time>2026-10-02T18:16:00.301Z</time>
      </trkpt>
      <trkpt lat="20.546636" lon="-100.383287">
        <ele>1981.426662</ele>
        <time>2026-10-02T18:16:00.872Z</time>
      </trkpt>
      <trkpt lat="20.546625" lon="-100.383293">
        <ele>1981.425023</ele>
        <time>2026-10-02T18:16:01.192Z</time>
      </trkpt>
      <trkpt lat="20.546602" lon="-100.383284">
        <ele>1981.421774</ele>
        <time>2026-10-02T18:16:01.825Z</time>
      </trkpt>
      <trkpt lat="20.546609" lon="-100.383284">
        <ele>1981.420845</ele>
        <time>2026-10-02T18:16:02.006Z</time>
      </trkpt>
      <trkpt lat="20.546605" lon="-100.383258">
        <ele>1981.417573</ele>
        <time>2026-10-02T18:16:02.644Z</time>
      </trkpt>
      <trkpt lat="20.546607" lon="-100.383244">
        <ele>1981.415813</ele>
        <time>2026-10-02T18:16:02.987Z</time>
      </trkpt>
      <trkpt lat="20.546605" lon="-100.383234">
        <ele>1981.414543</ele>
        <time>2026-10-02T18:16:03.235Z</time>
      </trkpt>
      <trkpt lat="20.546628" lon="-100.383219">
        <ele>1981.410968</ele>
        <time>2026-10-02T18:16:03.932Z</time>
      </trkpt>
      <trkpt lat="20.546659" lon="-100.383230">
        <ele>1981.406635</ele>
        <time>2026-10-02T18:16:04.776Z</time>
      </trkpt>
      <trkpt lat="20.546662" lon="-100.383223">
        <ele>1981.405679</ele>
        <time>2026-10-02T18:16:04.963Z</time>
      </trkpt>
      <trkpt lat="20.546679" lon="-100.383222">
        <ele>1981.403420</ele>
        <time>2026-10-02T18:16:05.403Z</time>
      </trkpt>
      <trkpt lat="20.546742" lon="-100.383240">
        <ele>1981.394769</ele>
        <time>2026-10-02T18:16:07.090Z</time>
      </trkpt>
      <trkpt lat="20.546761" lon="-100.383244">
        <ele>1981.392200</ele>
        <time>2026-10-02T18:16:07.590Z</time>
      </trkpt>
      <trkpt lat="20.546723" lon="-100.383266">
        <ele>1981.386466</ele>
        <time>2026-10-02T18:16:08.708Z</time>
      </trkpt>
      <trkpt lat="20.546678" lon="-100.383272">
        <ele>1981.380450</ele>
        <time>2026-10-02T18:16:09.881Z</time>
      </trkpt>
      <trkpt lat="20.546687" lon="-100.383276">
        <ele>1981.379157</ele>
        <time>2026-10-02T18:16:10.133Z</time>
      </trkpt>
      <trkpt lat="20.546604" lon="-100.383401">
        <ele>1981.360123</ele>
        <time>2026-10-02T18:16:13.843Z</time>
      </trkpt>
      <trkpt lat="20.546587" lon="-100.383396">
        <ele>1981.357784</ele>
        <time>2026-10-02T18:16:14.299Z</time>
      </trkpt>
      <trkpt lat="20.546573" lon="-100.383399">
        <ele>1981.355890</ele>
        <time>2026-10-02T18:16:14.669Z</time>
      </trkpt>
      <trkpt lat="20.546571" lon="-100.383398">
        <ele>1981.355597</ele>
        <time>2026-10-02T18:16:14.726Z</time>
      </trkpt>
      <trkpt lat="20.546574" lon="-100.383393">
        <ele>1981.354859</ele>
        <time>2026-10-02T18:16:14.870Z</time>
      </trkpt>
      <trkpt lat="20.546577" lon="-100.383398">
        <ele>1981.354121</ele>
        <time>2026-10-02T18:16:15.013Z</time>
      </trkpt>
      <trkpt lat="20.546570" lon="-100.383382">
        <ele>1981.351928</ele>
        <time>2026-10-02T18:16:15.441Z</time>
      </trkpt>
      <trkpt lat="20.546560" lon="-100.383371">
        <ele>1981.350023</ele>
        <time>2026-10-02T18:16:15.812Z</time>
      </trkpt>
      <trkpt lat="20.546528" lon="-100.383362">
        <ele>1981.345634</ele>
        <time>2026-10-02T18:16:16.668Z</time>
      </trkpt>
      <trkpt lat="20.546528" lon="-100.383360">
        <ele>1981.345385</ele>
        <time>2026-10-02T18:16:16.716Z</time>
      </trkpt>
      <trkpt lat="20.546516" lon="-100.383369">
        <ele>1981.343440</ele>
        <time>2026-10-02T18:16:17.096Z</time>
      </trkpt>
      <trkpt lat="20.546547" lon="-100.383371">
        <ele>1981.339320</ele>
        <time>2026-10-02T18:16:17.899Z</time>
      </trkpt>
      <trkpt lat="20.546545" lon="-100.383356">
        <ele>1981.337438</ele>
        <time>2026-10-02T18:16:18.266Z</time>
      </trkpt>
      <trkpt lat="20.546523" lon="-100.383269">
        <ele>1981.296075</ele>
        <time>2026-10-02T18:16:20.448Z</time>
      </trkpt>
      <trkpt lat="20.546532" lon="-100.383250">
        <ele>1981.273149</ele>
        <time>2026-10-02T18:16:20.963Z</time>
      </trkpt>
      <trkpt lat="20.546567" lon="-100.383122">
        <ele>1981.129576</ele>
        <time>2026-10-02T18:16:24.192Z</time>
      </trkpt>
      <trkpt lat="20.546548" lon="-100.383100">
        <ele>1981.097352</ele>
        <time>2026-10-02T18:16:24.917Z</time>
      </trkpt>
      <trkpt lat="20.546541" lon="-100.383094">
        <ele>1981.087031</ele>
        <time>2026-10-02T18:16:25.149Z</time>
      </trkpt>
      <trkpt lat="20.546538" lon="-100.383089">
        <ele>1981.080638</ele>
        <time>2026-10-02T18:16:25.293Z</time>
      </trkpt>
      <trkpt lat="20.546532" lon="-100.383084">
        <ele>1981.071887</ele>
        <time>2026-10-02T18:16:25.490Z</time>
      </trkpt>
      <trkpt lat="20.546529" lon="-100.383079">
        <ele>1981.065493</ele>
        <time>2026-10-02T18:16:25.633Z</time>
      </trkpt>
      <trkpt lat="20.546522" lon="-100.383073">
        <ele>1981.055172</ele>
        <time>2026-10-02T18:16:25.866Z</time>
      </trkpt>
      <trkpt lat="20.546519" lon="-100.383068">
        <ele>1981.048778</ele>
        <time>2026-10-02T18:16:26.009Z</time>
      </trkpt>
      <trkpt lat="20.546513" lon="-100.383063">
        <ele>1981.040027</ele>
        <time>2026-10-02T18:16:26.206Z</time>
      </trkpt>
      <trkpt lat="20.546509" lon="-100.383057">
        <ele>1981.032097</ele>
        <time>2026-10-02T18:16:26.385Z</time>
      </trkpt>
      <trkpt lat="20.546503" lon="-100.383051">
        <ele>1981.022646</ele>
        <time>2026-10-02T18:16:26.597Z</time>
      </trkpt>
      <trkpt lat="20.546501" lon="-100.383053">
        <ele>1981.019495</ele>
        <time>2026-10-02T18:16:26.668Z</time>
      </trkpt>
      <trkpt lat="20.546532" lon="-100.383078">
        <ele>1980.974828</ele>
        <time>2026-10-02T18:16:27.672Z</time>
      </trkpt>
      <trkpt lat="20.546546" lon="-100.383092">
        <ele>1980.952775</ele>
        <time>2026-10-02T18:16:28.168Z</time>
      </trkpt>
      <trkpt lat="20.546558" lon="-100.383083">
        <ele>1980.935914</ele>
        <time>2026-10-02T18:16:28.548Z</time>
      </trkpt>
      <trkpt lat="20.546567" lon="-100.383083">
        <ele>1980.925565</ele>
        <time>2026-10-02T18:16:28.780Z</time>
      </trkpt>
      <trkpt lat="20.546574" lon="-100.383086">
        <ele>1980.916892</ele>
        <time>2026-10-02T18:16:28.975Z</time>
      </trkpt>
      <trkpt lat="20.546580" lon="-100.383097">
        <ele>1980.903186</ele>
        <time>2026-10-02T18:16:29.284Z</time>
      </trkpt>
      <trkpt lat="20.546570" lon="-100.383079">
        <ele>1980.880651</ele>
        <time>2026-10-02T18:16:29.791Z</time>
      </trkpt>
      <trkpt lat="20.546574" lon="-100.383067">
        <ele>1980.866936</ele>
        <time>2026-10-02T18:16:30.099Z</time>
      </trkpt>
      <trkpt lat="20.546573" lon="-100.383070">
        <ele>1980.863508</ele>
        <time>2026-10-02T18:16:30.176Z</time>
      </trkpt>
      <trkpt lat="20.546573" lon="-100.383068">
        <ele>1980.861354</ele>
        <time>2026-10-02T18:16:30.224Z</time>
      </trkpt>
      <trkpt lat="20.546570" lon="-100.383068">
        <ele>1980.857905</ele>
        <time>2026-10-02T18:16:30.302Z</time>
      </trkpt>
      <trkpt lat="20.546566" lon="-100.383063">
        <ele>1980.850824</ele>
        <time>2026-10-02T18:16:30.461Z</time>
      </trkpt>
      <trkpt lat="20.546536" lon="-100.383061">
        <ele>1980.816262</ele>
        <time>2026-10-02T18:16:31.239Z</time>
      </trkpt>
      <trkpt lat="20.546538" lon="-100.383059">
        <ele>1980.813111</ele>
        <time>2026-10-02T18:16:31.309Z</time>
      </trkpt>
      <trkpt lat="20.546546" lon="-100.383068">
        <ele>1980.799750</ele>
        <time>2026-10-02T18:16:31.610Z</time>
      </trkpt>
      <trkpt lat="20.546543" lon="-100.383067">
        <ele>1980.796137</ele>
        <time>2026-10-02T18:16:31.691Z</time>
      </trkpt>
      <trkpt lat="20.546555" lon="-100.383057">
        <ele>1980.778635</ele>
        <time>2026-10-02T18:16:32.085Z</time>
      </trkpt>
      <trkpt lat="20.546573" lon="-100.383047">
        <ele>1980.755304</ele>
        <time>2026-10-02T18:16:32.610Z</time>
      </trkpt>
      <trkpt lat="20.546602" lon="-100.383021">
        <ele>1980.711766</ele>
        <time>2026-10-02T18:16:33.589Z</time>
      </trkpt>
      <trkpt lat="20.546616" lon="-100.383007">
        <ele>1980.689713</ele>
        <time>2026-10-02T18:16:34.085Z</time>
      </trkpt>
      <trkpt lat="20.546616" lon="-100.383005">
        <ele>1980.687559</ele>
        <time>2026-10-02T18:16:34.133Z</time>
      </trkpt>
      <trkpt lat="20.546614" lon="-100.383010">
        <ele>1980.681705</ele>
        <time>2026-10-02T18:16:34.265Z</time>
      </trkpt>
      <trkpt lat="20.546627" lon="-100.383034">
        <ele>1980.651852</ele>
        <time>2026-10-02T18:16:34.936Z</time>
      </trkpt>
      <trkpt lat="20.546653" lon="-100.383070">
        <ele>1980.602902</ele>
        <time>2026-10-02T18:16:36.037Z</time>
      </trkpt>
      <trkpt lat="20.546675" lon="-100.383351">
        <ele>1980.299294</ele>
        <time>2026-10-02T18:16:42.865Z</time>
      </trkpt>
      <trkpt lat="20.546675" lon="-100.383354">
        <ele>1980.296064</ele>
        <time>2026-10-02T18:16:42.938Z</time>
      </trkpt>
      <trkpt lat="20.546671" lon="-100.383352">
        <ele>1980.290986</ele>
        <time>2026-10-02T18:16:43.052Z</time>
      </trkpt>
      <trkpt lat="20.546671" lon="-100.383354">
        <ele>1980.288832</ele>
        <time>2026-10-02T18:16:43.100Z</time>
      </trkpt>
      <trkpt lat="20.546677" lon="-100.383362">
        <ele>1980.277796</ele>
        <time>2026-10-02T18:16:43.349Z</time>
      </trkpt>
      <trkpt lat="20.546685" lon="-100.383366">
        <ele>1980.267639</ele>
        <time>2026-10-02T18:16:43.577Z</time>
      </trkpt>
      <trkpt lat="20.546697" lon="-100.383375">
        <ele>1980.250778</ele>
        <time>2026-10-02T18:16:43.956Z</time>
      </trkpt>
      <trkpt lat="20.546705" lon="-100.383391">
        <ele>1980.231249</ele>
        <time>2026-10-02T18:16:44.396Z</time>
      </trkpt>
      <trkpt lat="20.546722" lon="-100.383434">
        <ele>1980.180994</ele>
        <time>2026-10-02T18:16:45.526Z</time>
      </trkpt>
      <trkpt lat="20.546725" lon="-100.383435">
        <ele>1980.177380</ele>
        <time>2026-10-02T18:16:45.607Z</time>
      </trkpt>
      <trkpt lat="20.546711" lon="-100.383430">
        <ele>1980.160406</ele>
        <time>2026-10-02T18:16:45.989Z</time>
      </trkpt>
      <trkpt lat="20.546696" lon="-100.383420">
        <ele>1980.140074</ele>
        <time>2026-10-02T18:16:46.446Z</time>
      </trkpt>
      <trkpt lat="20.546685" lon="-100.383406">
        <ele>1980.120396</ele>
        <time>2026-10-02T18:16:46.889Z</time>
      </trkpt>
      <trkpt lat="20.546697" lon="-100.383400">
        <ele>1980.105161</ele>
        <time>2026-10-02T18:16:47.231Z</time>
      </trkpt>
      <trkpt lat="20.546715" lon="-100.383395">
        <ele>1980.083775</ele>
        <time>2026-10-02T18:16:47.712Z</time>
      </trkpt>
      <trkpt lat="20.546713" lon="-100.383393">
        <ele>1980.080625</ele>
        <time>2026-10-02T18:16:47.783Z</time>
      </trkpt>
      <trkpt lat="20.546706" lon="-100.383391">
        <ele>1980.072293</ele>
        <time>2026-10-02T18:16:47.971Z</time>
      </trkpt>
      <trkpt lat="20.546707" lon="-100.383391">
        <ele>1980.071143</ele>
        <time>2026-10-02T18:16:47.997Z</time>
      </trkpt>
      <trkpt lat="20.546705" lon="-100.383396">
        <ele>1980.065289</ele>
        <time>2026-10-02T18:16:48.128Z</time>
      </trkpt>
      <trkpt lat="20.546708" lon="-100.383408">
        <ele>1980.051916</ele>
        <time>2026-10-02T18:16:48.429Z</time>
      </trkpt>
      <trkpt lat="20.546723" lon="-100.383416">
        <ele>1980.032637</ele>
        <time>2026-10-02T18:16:48.858Z</time>
      </trkpt>
      <trkpt lat="20.546872" lon="-100.383089">
        <ele>1979.641085</ele>
        <time>2026-10-02T18:16:54.924Z</time>
      </trkpt>
      <trkpt lat="20.547053" lon="-100.382696">
        <ele>1979.050270</ele>
        <time>2026-10-02T18:17:02.046Z</time>
      </trkpt>
      <trkpt lat="20.547231" lon="-100.382311">
        <ele>1977.991864</ele>
        <time>2026-10-02T18:17:09.015Z</time>
      </trkpt>
      <trkpt lat="20.547423" lon="-100.381894">
        <ele>1976.846413</ele>
        <time>2026-10-02T18:17:16.435Z</time>
      </trkpt>
      <trkpt lat="20.547600" lon="-100.381513">
        <ele>1975.798014</ele>
        <time>2026-10-02T18:17:23.074Z</time>
      </trkpt>
      <trkpt lat="20.547915" lon="-100.380830">
        <ele>1973.806975</ele>
        <time>2026-10-02T18:17:34.695Z</time>
      </trkpt>
      <trkpt lat="20.548417" lon="-100.379742">
        <ele>1970.253049</ele>
        <time>2026-10-02T18:17:53.224Z</time>
      </trkpt>
      <trkpt lat="20.548454" lon="-100.379663">
        <ele>1969.994233</ele>
        <time>2026-10-02T18:17:54.569Z</time>
      </trkpt>
      <trkpt lat="20.548700" lon="-100.379130">
        <ele>1968.341795</ele>
        <time>2026-10-02T18:18:03.718Z</time>
      </trkpt>
      <trkpt lat="20.548877" lon="-100.378746">
        <ele>1967.259954</ele>
        <time>2026-10-02T18:18:10.384Z</time>
      </trkpt>
      <trkpt lat="20.548985" lon="-100.378513">
        <ele>1966.602806</ele>
        <time>2026-10-02T18:18:14.510Z</time>
      </trkpt>
      <trkpt lat="20.549246" lon="-100.377947">
        <ele>1965.008090</ele>
        <time>2026-10-02T18:18:24.488Z</time>
      </trkpt>
      <trkpt lat="20.549296" lon="-100.377838">
        <ele>1964.701294</ele>
        <time>2026-10-02T18:18:26.402Z</time>
      </trkpt>
      <trkpt lat="20.549505" lon="-100.377387">
        <ele>1963.416738</ele>
        <time>2026-10-02T18:18:34.347Z</time>
      </trkpt>
      <trkpt lat="20.549556" lon="-100.377264">
        <ele>1963.069734</ele>
        <time>2026-10-02T18:18:36.476Z</time>
      </trkpt>
      <trkpt lat="20.549795" lon="-100.376865">
        <ele>1961.847903</ele>
        <time>2026-10-02T18:18:50.041Z</time>
      </trkpt>
      <trkpt lat="20.550345" lon="-100.376063">
        <ele>1959.283573</ele>
        <time>2026-10-02T18:19:18.058Z</time>
      </trkpt>
      <trkpt lat="20.550418" lon="-100.375981">
        <ele>1958.973848</ele>
        <time>2026-10-02T18:19:21.214Z</time>
      </trkpt>
      <trkpt lat="20.550760" lon="-100.375618">
        <ele>1957.400686</ele>
        <time>2026-10-02T18:19:35.407Z</time>
      </trkpt>
      <trkpt lat="20.550980" lon="-100.375406">
        <ele>1956.433907</ele>
        <time>2026-10-02T18:19:40.157Z</time>
      </trkpt>
      <trkpt lat="20.551290" lon="-100.375058">
        <ele>1954.966527</ele>
        <time>2026-10-02T18:19:47.700Z</time>
      </trkpt>
      <trkpt lat="20.551632" lon="-100.374724">
        <ele>1953.454515</ele>
        <time>2026-10-02T18:19:55.435Z</time>
      </trkpt>
      <trkpt lat="20.552809" lon="-100.373514">
        <ele>1949.976064</ele>
        <time>2026-10-02T18:20:24.387Z</time>
      </trkpt>
      <trkpt lat="20.553392" lon="-100.372874">
        <ele>1950.264041</ele>
        <time>2026-10-02T18:20:44.899Z</time>
      </trkpt>
      <trkpt lat="20.554353" lon="-100.371819">
        <ele>1952.287836</ele>
        <time>2026-10-02T18:21:28.332Z</time>
      </trkpt>
      <trkpt lat="20.555251" lon="-100.370832">
        <ele>1955.628070</ele>
        <time>2026-10-02T18:22:10.553Z</time>
      </trkpt>
      <trkpt lat="20.556187" lon="-100.369805">
        <ele>1958.653982</ele>
        <time>2026-10-02T18:22:55.855Z</time>
      </trkpt>
      <trkpt lat="20.556328" lon="-100.369622">
        <ele>1959.129827</ele>
        <time>2026-10-02T18:23:02.633Z</time>
      </trkpt>
      <trkpt lat="20.556357" lon="-100.369584">
        <ele>1959.228258</ele>
        <time>2026-10-02T18:23:03.979Z</time>
      </trkpt>
      <trkpt lat="20.556704" lon="-100.369135">
        <ele>1960.310961</ele>
        <time>2026-10-02T18:23:19.237Z</time>
      </trkpt>
      <trkpt lat="20.557046" lon="-100.368692">
        <ele>1959.612307</ele>
        <time>2026-10-02T18:23:31.798Z</time>
      </trkpt>
      <trkpt lat="20.557082" lon="-100.368645">
        <ele>1959.538418</ele>
        <time>2026-10-02T18:23:32.921Z</time>
      </trkpt>
      <trkpt lat="20.557525" lon="-100.368071">
        <ele>1958.633277</ele>
        <time>2026-10-02T18:23:45.418Z</time>
      </trkpt>
      <trkpt lat="20.557556" lon="-100.368032">
        <ele>1958.571026</ele>
        <time>2026-10-02T18:23:46.247Z</time>
      </trkpt>
      <trkpt lat="20.557710" lon="-100.368184">
        <ele>1958.298515</ele>
        <time>2026-10-02T18:23:49.762Z</time>
      </trkpt>
      <trkpt lat="20.558121" lon="-100.367652">
        <ele>1956.158006</ele>
        <time>2026-10-02T18:24:00.309Z</time>
      </trkpt>
      <trkpt lat="20.558418" lon="-100.367268">
        <ele>1954.109604</ele>
        <time>2026-10-02T18:24:07.455Z</time>
      </trkpt>
      <trkpt lat="20.558621" lon="-100.367009">
        <ele>1952.720475</ele>
        <time>2026-10-02T18:24:12.270Z</time>
      </trkpt>
      <trkpt lat="20.558674" lon="-100.367281">
        <ele>1951.577858</ele>
        <time>2026-10-02T18:24:30.378Z</time>
      </trkpt>
      <trkpt lat="20.558737" lon="-100.367620">
        <ele>1950.156463</ele>
        <time>2026-10-02T18:24:52.879Z</time>
      </trkpt>
      <trkpt lat="20.558737" lon="-100.367620">
        <ele>1950.156463</ele>
        <time>2026-10-02T18:24:52.891Z</time>
      </trkpt>
      <trkpt lat="20.558804" lon="-100.367606">
        <ele>1949.840928</ele>
        <time>2026-10-02T18:24:54.659Z</time>
      </trkpt>
      <trkpt lat="20.558826" lon="-100.367661">
        <ele>1949.579483</ele>
        <time>2026-10-02T18:24:56.109Z</time>
      </trkpt>
      <trkpt lat="20.558854" lon="-100.367718">
        <ele>1949.298107</ele>
        <time>2026-10-02T18:24:57.669Z</time>
      </trkpt>
      <trkpt lat="20.558880" lon="-100.367778">
        <ele>1949.009099</ele>
        <time>2026-10-02T18:24:59.272Z</time>
      </trkpt>
      <trkpt lat="20.558903" lon="-100.367837">
        <ele>1948.729730</ele>
        <time>2026-10-02T18:25:00.821Z</time>
      </trkpt>
      <trkpt lat="20.558917" lon="-100.367898">
        <ele>1948.455184</ele>
        <time>2026-10-02T18:25:02.344Z</time>
      </trkpt>
      <trkpt lat="20.558928" lon="-100.367957">
        <ele>1948.192212</ele>
        <time>2026-10-02T18:25:03.802Z</time>
      </trkpt>
      <trkpt lat="20.558943" lon="-100.368077">
        <ele>1947.662997</ele>
        <time>2026-10-02T18:25:06.738Z</time>
      </trkpt>
      <trkpt lat="20.558956" lon="-100.368143">
        <ele>1947.368174</ele>
        <time>2026-10-02T18:25:08.373Z</time>
      </trkpt>
      <trkpt lat="20.558974" lon="-100.368209">
        <ele>1947.067675</ele>
        <time>2026-10-02T18:25:10.040Z</time>
      </trkpt>
      <trkpt lat="20.559010" lon="-100.368325">
        <ele>1946.533472</ele>
        <time>2026-10-02T18:25:13.002Z</time>
      </trkpt>
      <trkpt lat="20.559042" lon="-100.368453">
        <ele>1945.954339</ele>
        <time>2026-10-02T18:25:16.213Z</time>
      </trkpt>
      <trkpt lat="20.559056" lon="-100.368491">
        <ele>1945.775831</ele>
        <time>2026-10-02T18:25:17.203Z</time>
      </trkpt>
      <trkpt lat="20.559082" lon="-100.368515">
        <ele>1945.615391</ele>
        <time>2026-10-02T18:25:18.092Z</time>
      </trkpt>
      <trkpt lat="20.559112" lon="-100.368520">
        <ele>1945.473636</ele>
        <time>2026-10-02T18:25:18.878Z</time>
      </trkpt>
      <trkpt lat="20.559141" lon="-100.368511">
        <ele>1945.332644</ele>
        <time>2026-10-02T18:25:19.660Z</time>
      </trkpt>
      <trkpt lat="20.559167" lon="-100.368492">
        <ele>1945.185563</ele>
        <time>2026-10-02T18:25:20.475Z</time>
      </trkpt>
      <trkpt lat="20.559190" lon="-100.368467">
        <ele>1945.032353</ele>
        <time>2026-10-02T18:25:21.324Z</time>
      </trkpt>
      <trkpt lat="20.559207" lon="-100.368444">
        <ele>1944.904261</ele>
        <time>2026-10-02T18:25:22.034Z</time>
      </trkpt>
      <trkpt lat="20.559215" lon="-100.368426">
        <ele>1944.817163</ele>
        <time>2026-10-02T18:25:22.517Z</time>
      </trkpt>
      <trkpt lat="20.559226" lon="-100.368382">
        <ele>1944.618086</ele>
        <time>2026-10-02T18:25:23.621Z</time>
      </trkpt>
      <trkpt lat="20.559225" lon="-100.368365">
        <ele>1944.543627</ele>
        <time>2026-10-02T18:25:24.034Z</time>
      </trkpt>
      <trkpt lat="20.559222" lon="-100.368351">
        <ele>1944.480846</ele>
        <time>2026-10-02T18:25:24.382Z</time>
      </trkpt>
      <trkpt lat="20.559225" lon="-100.368340">
        <ele>1944.430763</ele>
        <time>2026-10-02T18:25:24.659Z</time>
      </trkpt>
      <trkpt lat="20.559228" lon="-100.368316">
        <ele>1944.324920</ele>
        <time>2026-10-02T18:25:25.246Z</time>
      </trkpt>
      <trkpt lat="20.559229" lon="-100.368304">
        <ele>1944.272257</ele>
        <time>2026-10-02T18:25:25.538Z</time>
      </trkpt>
      <trkpt lat="20.559227" lon="-100.368292">
        <ele>1944.218976</ele>
        <time>2026-10-02T18:25:25.833Z</time>
      </trkpt>
      <trkpt lat="20.559228" lon="-100.368281">
        <ele>1944.170665</ele>
        <time>2026-10-02T18:25:26.101Z</time>
      </trkpt>
      <trkpt lat="20.559234" lon="-100.368268">
        <ele>1944.107309</ele>
        <time>2026-10-02T18:25:26.452Z</time>
      </trkpt>
      <trkpt lat="20.559243" lon="-100.368260">
        <ele>1944.052642</ele>
        <time>2026-10-02T18:25:26.755Z</time>
      </trkpt>
      <trkpt lat="20.559259" lon="-100.368257">
        <ele>1943.976801</ele>
        <time>2026-10-02T18:25:27.176Z</time>
      </trkpt>
      <trkpt lat="20.559295" lon="-100.368255">
        <ele>1943.808501</ele>
        <time>2026-10-02T18:25:28.109Z</time>
      </trkpt>
      <trkpt lat="20.559318" lon="-100.368245">
        <ele>1943.692565</ele>
        <time>2026-10-02T18:25:28.752Z</time>
      </trkpt>
      <trkpt lat="20.559340" lon="-100.368226">
        <ele>1943.560475</ele>
        <time>2026-10-02T18:25:29.484Z</time>
      </trkpt>
      <trkpt lat="20.559376" lon="-100.368190">
        <ele>1943.330229</ele>
        <time>2026-10-02T18:25:30.760Z</time>
      </trkpt>
      <trkpt lat="20.559390" lon="-100.368182">
        <ele>1943.256101</ele>
        <time>2026-10-02T18:25:31.171Z</time>
      </trkpt>
      <trkpt lat="20.559413" lon="-100.368178">
        <ele>1943.147307</ele>
        <time>2026-10-02T18:25:31.774Z</time>
      </trkpt>
      <trkpt lat="20.559465" lon="-100.368173">
        <ele>1942.903553</ele>
        <time>2026-10-02T18:25:33.124Z</time>
      </trkpt>
      <trkpt lat="20.559498" lon="-100.368164">
        <ele>1942.744543</ele>
        <time>2026-10-02T18:25:34.006Z</time>
      </trkpt>
      <trkpt lat="20.559523" lon="-100.368144">
        <ele>1942.598714</ele>
        <time>2026-10-02T18:25:34.814Z</time>
      </trkpt>
      <trkpt lat="20.559543" lon="-100.368117">
        <ele>1942.448219</ele>
        <time>2026-10-02T18:25:35.648Z</time>
      </trkpt>
      <trkpt lat="20.559554" lon="-100.368086">
        <ele>1942.303303</ele>
        <time>2026-10-02T18:25:36.451Z</time>
      </trkpt>
      <trkpt lat="20.559558" lon="-100.368060">
        <ele>1942.188124</ele>
        <time>2026-10-02T18:25:37.089Z</time>
      </trkpt>
      <trkpt lat="20.559564" lon="-100.368039">
        <ele>1942.092148</ele>
        <time>2026-10-02T18:25:37.621Z</time>
      </trkpt>
      <trkpt lat="20.559596" lon="-100.367964">
        <ele>1941.731864</ele>
        <time>2026-10-02T18:25:39.618Z</time>
      </trkpt>
      <trkpt lat="20.559623" lon="-100.367922">
        <ele>1941.708344</ele>
        <time>2026-10-02T18:25:40.852Z</time>
      </trkpt>
      <trkpt lat="20.559646" lon="-100.367879">
        <ele>1941.708344</ele>
        <time>2026-10-02T18:25:42.051Z</time>
      </trkpt>
      <trkpt lat="20.559681" lon="-100.367826">
        <ele>1941.708344</ele>
        <time>2026-10-02T18:25:43.623Z</time>
      </trkpt>
      <trkpt lat="20.559698" lon="-100.367801">
        <ele>1941.708344</ele>
        <time>2026-10-02T18:25:44.371Z</time>
      </trkpt>
      <trkpt lat="20.559752" lon="-100.367734">
        <ele>1941.708344</ele>
        <time>2026-10-02T18:25:46.512Z</time>
      </trkpt>
      <trkpt lat="20.559769" lon="-100.367708">
        <ele>1941.708344</ele>
        <time>2026-10-02T18:25:47.280Z</time>
      </trkpt>
      <trkpt lat="20.559788" lon="-100.367677">
        <ele>1941.708344</ele>
        <time>2026-10-02T18:25:48.178Z</time>
      </trkpt>
      <trkpt lat="20.559811" lon="-100.367630">
        <ele>1941.708344</ele>
        <time>2026-10-02T18:25:49.462Z</time>
      </trkpt>
      <trkpt lat="20.559826" lon="-100.367616">
        <ele>1941.708344</ele>
        <time>2026-10-02T18:25:49.977Z</time>
      </trkpt>
      <trkpt lat="20.559846" lon="-100.367610">
        <ele>1941.708344</ele>
        <time>2026-10-02T18:25:50.514Z</time>
      </trkpt>
      <trkpt lat="20.559866" lon="-100.367611">
        <ele>1941.708344</ele>
        <time>2026-10-02T18:25:51.032Z</time>
      </trkpt>
      <trkpt lat="20.559905" lon="-100.367625">
        <ele>1941.708344</ele>
        <time>2026-10-02T18:25:52.097Z</time>
      </trkpt>
      <trkpt lat="20.559944" lon="-100.367632">
        <ele>1941.708344</ele>
        <time>2026-10-02T18:25:53.120Z</time>
      </trkpt>
      <trkpt lat="20.559966" lon="-100.367632">
        <ele>1941.708344</ele>
        <time>2026-10-02T18:25:53.689Z</time>
      </trkpt>
      <trkpt lat="20.559996" lon="-100.367626">
        <ele>1941.708344</ele>
        <time>2026-10-02T18:25:54.478Z</time>
      </trkpt>
      <trkpt lat="20.560009" lon="-100.367627">
        <ele>1941.708344</ele>
        <time>2026-10-02T18:25:54.815Z</time>
      </trkpt>
      <trkpt lat="20.560028" lon="-100.367633">
        <ele>1941.708344</ele>
        <time>2026-10-02T18:25:55.328Z</time>
      </trkpt>
      <trkpt lat="20.560043" lon="-100.367634">
        <ele>1941.708344</ele>
        <time>2026-10-02T18:25:55.717Z</time>
      </trkpt>
      <trkpt lat="20.560056" lon="-100.367631">
        <ele>1941.708344</ele>
        <time>2026-10-02T18:25:56.061Z</time>
      </trkpt>
      <trkpt lat="20.560066" lon="-100.367624">
        <ele>1941.708344</ele>
        <time>2026-10-02T18:25:56.370Z</time>
      </trkpt>
      <trkpt lat="20.560072" lon="-100.367614">
        <ele>1941.708344</ele>
        <time>2026-10-02T18:25:56.658Z</time>
      </trkpt>
      <trkpt lat="20.560073" lon="-100.367601">
        <ele>1941.708344</ele>
        <time>2026-10-02T18:25:56.974Z</time>
      </trkpt>
      <trkpt lat="20.560079" lon="-100.367588">
        <ele>1941.708344</ele>
        <time>2026-10-02T18:25:57.325Z</time>
      </trkpt>
      <trkpt lat="20.560095" lon="-100.367536">
        <ele>1941.708344</ele>
        <time>2026-10-02T18:25:58.651Z</time>
      </trkpt>
      <trkpt lat="20.560106" lon="-100.367484">
        <ele>1941.708344</ele>
        <time>2026-10-02T18:25:59.942Z</time>
      </trkpt>
      <trkpt lat="20.560108" lon="-100.367460">
        <ele>1941.708344</ele>
        <time>2026-10-02T18:26:00.526Z</time>
      </trkpt>
      <trkpt lat="20.560114" lon="-100.367439">
        <ele>1941.708344</ele>
        <time>2026-10-02T18:26:01.058Z</time>
      </trkpt>
      <trkpt lat="20.560126" lon="-100.367401">
        <ele>1941.708344</ele>
        <time>2026-10-02T18:26:02.029Z</time>
      </trkpt>
      <trkpt lat="20.560143" lon="-100.367360">
        <ele>1941.708344</ele>
        <time>2026-10-02T18:26:03.115Z</time>
      </trkpt>
      <trkpt lat="20.560169" lon="-100.367288">
        <ele>1941.708344</ele>
        <time>2026-10-02T18:26:04.985Z</time>
      </trkpt>
      <trkpt lat="20.560184" lon="-100.367238">
        <ele>1941.708344</ele>
        <time>2026-10-02T18:26:06.257Z</time>
      </trkpt>
      <trkpt lat="20.560201" lon="-100.367244">
        <ele>1941.708344</ele>
        <time>2026-10-02T18:26:06.715Z</time>
      </trkpt>
      <trkpt lat="20.560050" lon="-100.367723">
        <ele>1941.708344</ele>
        <time>2026-10-02T18:26:14.246Z</time>
      </trkpt>
      <trkpt lat="20.560142" lon="-100.367844">
        <ele>1941.708344</ele>
        <time>2026-10-02T18:26:16.720Z</time>
      </trkpt>
      <trkpt lat="20.560278" lon="-100.367961">
        <ele>1941.708344</ele>
        <time>2026-10-02T18:26:19.774Z</time>
      </trkpt>
      <trkpt lat="20.560526" lon="-100.368079">
        <ele>1941.708344</ele>
        <time>2026-10-02T18:26:24.467Z</time>
      </trkpt>
    </trkseg>
  </trk>
</gpx>